source_row,name,city,state,country,type,should_write,written_raw,written_status,drew_one_raw,drew_status,wrote_thank_feb2020,website,instagram,twitter,existing_site_match,existing_site_id,existing_site_path,candidate_site_names
2,Ale Spike,Apo,AE,,Micro,,2019-08-29T00:00:00,confirmed_date,,not_recorded,,,,,unmatched,,,
3,49th State Brewing Co,Anchorage,AK,,Brewpub,,2019-11-03T00:00:00,confirmed_date,,not_recorded,,,,,unmatched,,,
4,49th State Brewing Co - Anchorage,Anchorage,AK,,Brewpub,,2019-11-03T00:00:00,confirmed_date,,not_recorded,,,,,unmatched,,,
5,Anchorage Brewing Co,Anchorage,AK,,Micro,,2019-11-03T00:00:00,confirmed_date,,not_recorded,,,,,unmatched,,,
6,Broken Tooth Brewing Co,Anchorage,AK,,Micro,,2019-11-03T00:00:00,confirmed_date,,not_recorded,,,,,unmatched,,,
7,Cynosure Brewing,Anchorage,AK,,Taproom,,2019-11-03T00:00:00,confirmed_date,,not_recorded,,,,,unmatched,,,
8,Glacier Brewhouse,Anchorage,AK,,Brewpub,,2019-11-03T00:00:00,confirmed_date,,not_recorded,,,,,unmatched,,,
9,Humpy’s Great Alaskan Alehouse,Anchorage,AK,,Contract,,2019-11-03T00:00:00,confirmed_date,,not_recorded,,,,,unmatched,,,
10,King Street Brewing Co,Anchorage,AK,,Micro,,2019-11-03T00:00:00,confirmed_date,,not_recorded,,,,,unmatched,,,
11,Midnight Sun Brewing Co,Anchorage,AK,,Micro,,2019-11-03T00:00:00,confirmed_date,,not_recorded,,,,,unmatched,,,
12,"Resolution Brewing Company, LLC",Anchorage,AK,,Taproom,,2019-11-03T00:00:00,confirmed_date,,not_recorded,,,,,unmatched,,,
13,Turnagain Brewing,Anchorage,AK,,Taproom,,2019-11-03T00:00:00,confirmed_date,,not_recorded,,,,,unmatched,,,
14,"Cooper Landing Brewing Company, LLC.",Cooper Landing,AK,,Micro,,2019-11-03T00:00:00,confirmed_date,,not_recorded,,,,,unmatched,,,
15,Odd Man Rush,Eagle River,AK,,Micro,,2019-11-03T00:00:00,confirmed_date,,not_recorded,,,,,unmatched,,,
16,Black Spruce Brewing Company,Fairbanks,AK,,Taproom,,2019-11-03T00:00:00,confirmed_date,yes,confirmed_yes,yes,,,,unmatched,,,
17,HooDoo Brewing Co,Fairbanks,AK,,Micro,,2019-11-03T00:00:00,confirmed_date,yes,confirmed_yes,yes,,,,exact,hoodoo-brewing-co,content/breweries/hoodoo-brewing-co.md,
18,Midnite Mine Brewpub,Fairbanks,AK,,Taproom,,2019-11-03T00:00:00,confirmed_date,,not_recorded,,,,,unmatched,,,
19,Silver Gulch Brewing Co,Fairbanks,AK,,Micro,,2019-12-08T00:00:00,confirmed_date,,not_recorded,,,,,unmatched,,,
20,Gakona Brewing Company,Gakona,AK,,Micro,,2019-11-03T00:00:00,confirmed_date,,not_recorded,,,,,unmatched,,,
21,Girdwood Brewing Company,Girdwood,AK,,Taproom,,2019-11-03T00:00:00,confirmed_date,,not_recorded,,,,,unmatched,,,
22,Haines Brewing Co,Haines,AK,,Taproom,,2019-11-03T00:00:00,confirmed_date,,not_recorded,,,,,unmatched,,,
23,"Grace Ridge Brewing, Inc.",Homer,AK,,Taproom,,2019-11-03T00:00:00,confirmed_date,,not_recorded,,,,,unmatched,,,
24,Homer Brewing Co,Homer,AK,,Taproom,,2019-11-03T00:00:00,confirmed_date,,not_recorded,,,,,unmatched,,,
25,Alaskan Brewing Co.,Juneau,AK,,Regional,,2019-08-29T00:00:00,confirmed_date,yes,confirmed_yes,yes,,,,exact,alaskan-brewing-co,content/breweries/alaskan-brewing-co.md,
26,Barnaby Brewing Company,Juneau,AK,,Taproom,,2019-11-03T00:00:00,confirmed_date,,not_recorded,,,,,unmatched,,,
27,Devil’s Club Brewing,Juneau,AK,,Brewpub,,2019-11-03T00:00:00,confirmed_date,,not_recorded,,,,,unmatched,,,
28,Kassik’s Brewery,Kenai,AK,,Micro,,2019-11-03T00:00:00,confirmed_date,,not_recorded,,,,,unmatched,,,
29,Baleen Brewing Co.,Ketchikan,AK,,Micro,,2019-11-03T00:00:00,confirmed_date,,not_recorded,,,,,unmatched,,,
30,Bawden Street Brewing Co,Ketchikan,AK,,Taproom,,2019-11-03T00:00:00,confirmed_date,,not_recorded,,,,,unmatched,,,
31,"Kodiak Island Brewing Co, LLC",Kodiak,AK,,Taproom,,2019-11-03T00:00:00,confirmed_date,,not_recorded,,,,,unmatched,,,
32,Arkose Brewery,Palmer,AK,,Taproom,,2019-11-03T00:00:00,confirmed_date,,not_recorded,,,,,unmatched,,,
33,Bleeding Heart Brewery,Palmer,AK,,Taproom,,2019-11-03T00:00:00,confirmed_date,,not_recorded,,,,,unmatched,,,
34,Matanuska Brewing Company,Palmer,AK,,Micro,,2019-11-03T00:00:00,confirmed_date,,not_recorded,,,,,unmatched,,,
35,Seward Brewing,Seward,AK,,Brewpub,,2019-04-20T00:00:00,confirmed_date,,not_recorded,,,,,unmatched,,,
36,Baranof Island Brewing Co,Sitka,AK,,Micro,,2019-11-03T00:00:00,confirmed_date,,not_recorded,,,,,unmatched,,,
37,Klondike Brewing Company,Skagway,AK,,Brewpub,,2019-11-03T00:00:00,confirmed_date,,not_recorded,,,,,unmatched,,,
38,Skagway Brewing Co,Skagway,AK,,Brewpub,,2019-11-03T00:00:00,confirmed_date,,not_recorded,,,,,unmatched,,,
39,Kenai River Brewing Co,Soldotna,AK,,Micro,,2019-11-03T00:00:00,confirmed_date,,not_recorded,,,,,unmatched,,,
40,St Elias Brewing Co,Soldotna,AK,,Brewpub,,2019-11-03T00:00:00,confirmed_date,,not_recorded,,,,,unmatched,,,
41,Denali Brewing Company,Talkeetna,AK,,Micro,,2019-11-03T00:00:00,confirmed_date,,not_recorded,,,,,exact,denali-brewing-company,content/breweries/denali-brewing-company.md,
42,Bearpaw River Brewing Co,Wasilla,AK,,Micro,,2019-11-03T00:00:00,confirmed_date,yes,confirmed_yes,yes,,,,unmatched,,,
43,Last Frontier Brewing Company,Wasilla,AK,,Brewpub,,2019-11-03T00:00:00,confirmed_date,,not_recorded,,,,,unmatched,,,
44,Siluria Brewing Company,Alabaster,AL,,Taproom,,2020-03-03T00:00:00,confirmed_date,,not_recorded,,,,,unmatched,,,
45,Birmingham District Brewing,Birmingham,AL,,Taproom,,2020-03-03T00:00:00,confirmed_date,,not_recorded,,,,,unmatched,,,
46,Good People Brewing Co,Birmingham,AL,,Micro,,2020-03-03T00:00:00,confirmed_date,,not_recorded,,,,,unmatched,,,
47,True Story Brewing Company,Birmingham,AL,,Brewpub,,2020-03-03T00:00:00,confirmed_date,,not_recorded,,,,,unmatched,,,
48,Avondale Brewing Co,Birmingham,AL,,Micro,,,not_recorded,,not_recorded,,,,,unmatched,,,
49,Back Forty Beer Company - Birmingham,Birmingham,AL,,Micro,,,not_recorded,,not_recorded,,,,,unmatched,,,
50,Cahaba Brewing Co,Birmingham,AL,,Micro,,,not_recorded,,not_recorded,,,,,unmatched,,,
51,Ghost Train Brewing Co,Birmingham,AL,,Micro,,,not_recorded,,not_recorded,,,,,unmatched,,,
52,The Grocery Brewpub,Birmingham,AL,,Brewpub,,,not_recorded,,not_recorded,,,,,unmatched,,,
53,Trim Tab Brewing,Birmingham,AL,,Micro,,,not_recorded,,not_recorded,,,,,unmatched,,,
54,Goat Island Brewing,Cullman,AL,,Micro,,yes,confirmed_yes,,not_recorded,,,,,unmatched,,,
55,Cross-Eyed Owl Brewing Co.,Decatur,AL,,Taproom,,2019-10-26T00:00:00,confirmed_date,yes,confirmed_yes,yes,,,,unmatched,,,
56,Folklore Brewing & Meadery,Dothan,AL,,Micro,,2020-04-11T00:00:00,confirmed_date,,not_recorded,,,,,unmatched,,,
57,Fairhope Brewing Co,Fairhope,AL,,Micro,,,not_recorded,,not_recorded,,,,,unmatched,,,
58,"Singin’ River Brewing Company, LLC",Florence,AL,,Micro,,,not_recorded,,not_recorded,,,,,unmatched,,,
59,Back Forty Beer Co,Gadsden,AL,,Micro,,2020-04-11T00:00:00,confirmed_date,,not_recorded,,,,,unmatched,,,
60,Big Beach Brewing Company,Gulf Shores,AL,,Taproom,,2020-03-03T00:00:00,confirmed_date,,not_recorded,,,,,unmatched,,,
61,Main Channel Brewing Company,Guntersville,AL,,Taproom,,2020-03-03T00:00:00,confirmed_date,,not_recorded,,,,,unmatched,,,
62,Oversoul Brewing,Helena,AL,,Taproom,,,not_recorded,,not_recorded,,,,,unmatched,,,
63,Below the Radar Brewing Co,Huntsville,AL,,Brewpub,,2020-03-03T00:00:00,confirmed_date,,not_recorded,,,,,unmatched,,,
64,Garr’s Beer Co.,Huntsville,AL,,Contract,,2020-03-03T00:00:00,confirmed_date,,not_recorded,,,,,unmatched,,,
65,InnerSpace Brewing Company,Huntsville,AL,,Taproom,,2020-03-03T00:00:00,confirmed_date,,not_recorded,,,,,unmatched,,,
66,Mad Malts Brewery & Tap Room,Huntsville,AL,,Taproom,,2020-03-03T00:00:00,confirmed_date,,not_recorded,,,,,unmatched,,,
67,Straight to Ale,Huntsville,AL,,Micro,,2020-03-03T00:00:00,confirmed_date,,not_recorded,,,,,unmatched,,,
68,Green Bus Brewing,Huntsville,AL,,Brewpub,,2020-04-11T00:00:00,confirmed_date,,not_recorded,,,,,unmatched,,,
69,Salty Nut Brewery,Huntsville,AL,,Taproom,,2020-04-11T00:00:00,confirmed_date,,not_recorded,,,,,unmatched,,,
70,Yellowhammer Brewery,Huntsville,AL,,Micro,,,not_recorded,,not_recorded,,,,,unmatched,,,
71,Twisted Barley Brewing Company,Jasper,AL,,Taproom,,2020-03-03T00:00:00,confirmed_date,yes,confirmed_yes,,,,,unmatched,,,
72,Tallulah Brewing Company,Jasper,AL,,Taproom,,,not_recorded,,not_recorded,,,,,unmatched,,,
73,Rocket Republic Brewing Company,Madison,AL,,Micro,,2020-04-11T00:00:00,confirmed_date,,not_recorded,,,,,unmatched,,,
74,Old Black Bear Brewing,Madison,AL,,Brewpub,,,not_recorded,,not_recorded,,,,,unmatched,,,
75,"Iron Hand Brewing, LLC",Mobile,AL,,Brewpub,,2020-03-03T00:00:00,confirmed_date,,not_recorded,,,,,unmatched,,,
76,Serda Brewing Company,Mobile,AL,,Taproom,,2020-03-03T00:00:00,confirmed_date,,not_recorded,,,,,unmatched,,,
77,Haint Blue Brewing Company,Mobile,AL,,Micro,,,not_recorded,,not_recorded,,,,,unmatched,,,
78,"Common Bond Brewers, LLC",Montgomery,AL,,Taproom,,2020-03-03T00:00:00,confirmed_date,,not_recorded,,,,,unmatched,,,
79,The Railyard Brewing Co,Montgomery,AL,,Brewpub,,,not_recorded,,not_recorded,,,,,unmatched,,,
80,Red Clay Brewing Company,Opelika,AL,,Brewpub,,2020-03-03T00:00:00,confirmed_date,,not_recorded,,,,,unmatched,,,
81,Resting Pulse Brewing Company,Opelika,AL,,Taproom,,2020-03-03T00:00:00,confirmed_date,,not_recorded,,,,,unmatched,,,
82,GTs On the Bay,Orange Beach,AL,,Brewpub,,2020-04-11T00:00:00,confirmed_date,,not_recorded,,,,,unmatched,,,
83,Chattahoochee Brewing Co,Phenix City,AL,,Taproom,,2020-03-03T00:00:00,confirmed_date,,not_recorded,,,,,unmatched,,,
84,Slag Heap Brewing Company,Trussville,AL,,Taproom,,,not_recorded,,not_recorded,,,,,unmatched,,,
85,Black Warrior Brewing Co.,Tuscaloosa,AL,,Taproom,,2020-03-03T00:00:00,confirmed_date,,not_recorded,,,,,unmatched,,,
86,Druid City Brewing,Tuscaloosa,AL,,Micro,,2020-03-03T00:00:00,confirmed_date,,not_recorded,,,,,unmatched,,,
87,Slate Rock Brewing Company,Amity,AR,,Taproom,,2020-04-11T00:00:00,confirmed_date,,not_recorded,,,,,unmatched,,,
88,Bike Rack Brewing Co - 8th Street Market,Bentonville,AR,,Micro,,2020-04-11T00:00:00,confirmed_date,,not_recorded,,,,,unmatched,,,
89,Bike Rack Brewing Co,Bentonville,AR,,Micro,,,not_recorded,,not_recorded,,,,,unmatched,,,
90,Gravity Brew Works,Big Flat,AR,,Taproom,,,not_recorded,,not_recorded,,,,,unmatched,,,
91,Bubba Brew’s Brewing Company,Bonnerdale,AR,,Brewpub,,2020-03-03T00:00:00,confirmed_date,,not_recorded,,,,,unmatched,,,
92,Columbus House Brewery,Fayetteville,AR,,Taproom,,2020-03-03T00:00:00,confirmed_date,,not_recorded,,,,,unmatched,,,
93,Fossil Cove Brewing Co,Fayetteville,AR,,Micro,,2020-03-03T00:00:00,confirmed_date,,not_recorded,,,,,exact,fossil-cove-brewing-co,content/breweries/fossil-cove-brewing-co.md,
94,JJs Brewing Company,fayetteville,AR,,Brewpub,,2020-03-03T00:00:00,confirmed_date,,not_recorded,,,,,unmatched,,,
95,Puritan Brew Company,Fayetteville,AR,,Contract,,2020-03-03T00:00:00,confirmed_date,,not_recorded,,,,,unmatched,,,
96,Tiny Tim’s Pizza /West Mountain Brewery,Fayetteville,AR,,Brewpub,,2020-03-03T00:00:00,confirmed_date,,not_recorded,,,,,unmatched,,,
97,Boston Mountain Brewing,Fayetteville,AR,,Taproom,,2020-04-11T00:00:00,confirmed_date,,not_recorded,,,,,unmatched,,,
98,Crisis Brewing LLC,Fayetteville,AR,,Taproom,,2020-04-11T00:00:00,confirmed_date,,not_recorded,,,,,unmatched,,,
99,Apple Blossom Brewing Co,Fayetteville,AR,,Brewpub,,,not_recorded,,not_recorded,,,,,unmatched,,,
100,Fort Smith Brewing Company,Fort Smith,AR,,Taproom,,,not_recorded,,not_recorded,,,,,unmatched,,,
101,Brick Oven Pizza Co / Brick & Forge Brew Works,Harrison,AR,,Brewpub,,2020-04-11T00:00:00,confirmed_date,,not_recorded,,,,,unmatched,,,
102,SQZBX Brewery,Hot Springs,AR,,Brewpub,,,not_recorded,,not_recorded,,,,,unmatched,,,
103,Superior Bathhouse Brewery,Hot Springs National Park,AR,,Brewpub,,2019-04-20T00:00:00,confirmed_date,,not_recorded,,,,,unmatched,,,
104,Stone’s Throw Brewing,Little Rock,AR,,Taproom,,yes,confirmed_yes,yes,confirmed_yes,yes,,,,unmatched,,,
105,Vanness Pens,Little Rock,AR,,Pens,,yes,confirmed_yes,yes,confirmed_yes,yes,,https://www.instagram.com/justvanness/,,unmatched,,,
106,Lost Forty Brewing,Little Rock,AR,,Regional,,2020-03-03T00:00:00,confirmed_date,,not_recorded,,,,,unmatched,,,
107,Buffalo Brewing Company At The Water Buffalo,Little Rock,AR,,Taproom,,,not_recorded,,not_recorded,,,,,unmatched,,,
108,Damgoode Pies,Little Rock,AR,,Brewpub,,,not_recorded,,not_recorded,,,,,unmatched,,,
109,Rebel Kettle Brewing Company,Little Rock,AR,,Brewpub,,,not_recorded,,not_recorded,,,,,unmatched,,,
110,Refined Ale Brewery,Little Rock,AR,,Taproom,,,not_recorded,,not_recorded,,,,,unmatched,,,
111,Vino’s Brewpub,Little Rock,AR,,Brewpub,,,not_recorded,,not_recorded,,,,,unmatched,,,
112,Rapp’s Barren Brewing Company,Mountain Home,AR,,Brewpub,,2020-04-11T00:00:00,confirmed_date,,not_recorded,,,,,unmatched,,,
113,Norfork Brewing Company,Norfork,AR,,Taproom,,,not_recorded,,not_recorded,,,,,unmatched,,,
114,Diamond Bear Brewing Co,North Little Rock,AR,,Micro,,,not_recorded,,not_recorded,,,,,unmatched,,,
115,Flyway Brewing Co,North Little Rock,AR,,Brewpub,,,not_recorded,,not_recorded,,,,,unmatched,,,
116,Six Mile Brewery,Ozark,AR,,Taproom,,,not_recorded,,not_recorded,,,,,unmatched,,,
117,Brick Oven Pizza Co / Brick & Forge Brewing,Paragould,AR,,Brewpub,,2020-03-03T00:00:00,confirmed_date,,not_recorded,,,,,unmatched,,,
118,Prestonrose Farm and Brewing Co.,Paris,AR,,Brewpub,,2020-03-03T00:00:00,confirmed_date,,not_recorded,,,,,unmatched,,,
119,Bentonville Brewing Co,Rogers,AR,,Micro,,2020-03-03T00:00:00,confirmed_date,,not_recorded,,,,,unmatched,,,
120,Hawk Moth Brewing Co,Rogers,AR,,Taproom,,2020-03-03T00:00:00,confirmed_date,,not_recorded,,,,,unmatched,,,
121,Ozark Beer Company,Rogers,AR,,Micro,,2020-04-11T00:00:00,confirmed_date,,not_recorded,,,,,unmatched,,,
122,New Province Brewing Company,Rogers,AR,,Micro,,,not_recorded,,not_recorded,,,,,unmatched,,,
123,Rendezvous Junction Brewing Company,Rogers,AR,,Micro,,,not_recorded,,not_recorded,,,,,unmatched,,,
124,Ivory Bill Brewing Co,Siloam Springs,AR,,Taproom,,2020-04-11T00:00:00,confirmed_date,,not_recorded,,,,,unmatched,,,
125,Core Brewing & Distilling Co,Springdale,AR,,Micro,,,not_recorded,,not_recorded,,,,,unmatched,,,
126,Saddlebock Brewery,Springdale,AR,,Micro,,,not_recorded,,not_recorded,,,,,unmatched,,,
127,Country Monks Brewing,Subiaco,AR,,Taproom,,,not_recorded,,not_recorded,,,,,unmatched,,,
128,8-Bit Aleworks,Avondale,AZ,,Taproom,,2019-08-29T00:00:00,confirmed_date,,not_recorded,,,,,unmatched,,,
129,Old Bisbee Brewing,Bisbee,AZ,,Taproom,,,not_recorded,,not_recorded,,,,,unmatched,,,
130,Verde Brewing Company,Camp Verde,AZ,,Brewpub,,2020-03-03T00:00:00,confirmed_date,,not_recorded,,,,,exact,verde-brewing-company,content/breweries/verde-brewing-company.md,
131,Cave Creek Beer Co,Cave Creek,AZ,,Brewpub,,2020-04-11T00:00:00,confirmed_date,,not_recorded,,,,,unmatched,,,
132,Flix Brewhouse,Chandler,AZ,,Brewpub,,2019-11-13T00:00:00,confirmed_date,,not_recorded,,,,,unmatched,,,
133,HOP Central Brewery and Taproom,Chandler,AZ,,Contract,,2020-03-03T00:00:00,confirmed_date,,not_recorded,,,,,unmatched,,,
134,SanTan Brewing Co,Chandler,AZ,,Regional,,2020-03-03T00:00:00,confirmed_date,,not_recorded,,,,,unmatched,,,
135,Helluva Brewing Company,Chandler,AZ,,Brewpub,,2020-04-11T00:00:00,confirmed_date,,not_recorded,,,,,unmatched,,,
136,SanTan Brewing Co - Uptown Chandler,Chandler,AZ,,Brewpub,,2020-04-11T00:00:00,confirmed_date,,not_recorded,,,,,unmatched,,,
137,BJs Restaurant & Brewery - Chandler,Chandler,AZ,,Brewpub,,,not_recorded,,not_recorded,,,,,unmatched,,,
138,The Perch Pub & Brewery,Chandler,AZ,,Brewpub,,,not_recorded,,not_recorded,,,,,unmatched,,,
139,Insurgent Brewing Co. LLC,Chino Valley,AZ,,Brewpub,,2020-03-03T00:00:00,confirmed_date,,not_recorded,,,,,unmatched,,,
140,Edge Of The World Brewery,Colorado City,AZ,,Brewpub,,2020-03-03T00:00:00,confirmed_date,,not_recorded,,,,,unmatched,,,
141,THAT Brewery - Cottonwood,Cottonwood,AZ,,Micro,,2020-02-07T00:00:00,confirmed_date,yes,confirmed_yes,,http://thatbrewery.com/,https://www.instagram.com/thatbrewery/,,unmatched,,,
142,Copper Hop Brewing Co/Copper Hop Ranch,Elgin,AZ,,Taproom,,2020-03-03T00:00:00,confirmed_date,,not_recorded,,,,,unmatched,,,
143,Beaver Street Brewery,Flagstaff,AZ,,Brewpub,,2020-03-03T00:00:00,confirmed_date,,not_recorded,,,,,unmatched,,,
144,Mother Road Brewing Co,Flagstaff,AZ,,Micro,,2020-03-03T00:00:00,confirmed_date,,not_recorded,,,,,unmatched,,,
145,Wanderlust Brewing Company,Flagstaff,AZ,,Taproom,,2020-03-03T00:00:00,confirmed_date,,not_recorded,,,,,unmatched,,,
146,Mother Road Brewery and Taproom,Flagstaff,AZ,,Micro,,2020-04-11T00:00:00,confirmed_date,,not_recorded,,,,,unmatched,,,
147,Dark Sky Brewing Co.,Flagstaff,AZ,,Brewpub,,,not_recorded,,not_recorded,,,,,unmatched,,,
148,Flagstaff Brewing Co,Flagstaff,AZ,,Brewpub,,,not_recorded,,not_recorded,,,,,unmatched,,,
149,Historic Brewing Company,Flagstaff,AZ,,Micro,,,not_recorded,,not_recorded,,,,,unmatched,,,
150,Lumberyard Brewing Co Taproom and Grille,Flagstaff,AZ,,Micro,,,not_recorded,,not_recorded,,,,,unmatched,,,
151,Bone Haus Brewing,Fountain Hills,AZ,,Taproom,,2020-03-03T00:00:00,confirmed_date,,not_recorded,,,,,unmatched,,,
152,12 West Brewing Company,Gilbert,AZ,,Taproom,,2019-08-29T00:00:00,confirmed_date,,not_recorded,,,,,unmatched,,,
153,Arizona Wilderness Brewing,Gilbert,AZ,,Brewpub,,2019-11-13T00:00:00,confirmed_date,,not_recorded,,,,,unmatched,,,
154,Flying Basset Brewing,Gilbert,AZ,,Brewpub,,2020-03-03T00:00:00,confirmed_date,,not_recorded,,,,,unmatched,,,
155,O.H.S.O. Brewery - Gilbert,Gilbert,AZ,,Brewpub,,2020-03-03T00:00:00,confirmed_date,,not_recorded,,,,,unmatched,,,
156,Uncle Bear’s Brewery,Gilbert,AZ,,Brewpub,,2020-03-03T00:00:00,confirmed_date,,not_recorded,,,,,unmatched,,,
157,Desert Monks Brewing Co.,Gilbert,AZ,,Taproom,,,not_recorded,,not_recorded,,,,,unmatched,,,
158,Dubina Brewing,Glendale,AZ,,Brewpub,,,not_recorded,,not_recorded,,,,,unmatched,,,
159,Gordon Biersch Brewery Restaurant - Glendale,Glendale,AZ,,Brewpub,,,not_recorded,,not_recorded,,,,,unmatched,,,
160,Saddle Mountain Brewing Company,Goodyear,AZ,,Brewpub,,,not_recorded,,not_recorded,,,,,unmatched,,,
161,Black Bridge Brewery,Kingman,AZ,,Taproom,,2020-03-03T00:00:00,confirmed_date,,not_recorded,,,,,unmatched,,,
162,Rickety Cricket Brewing,Kingman,AZ,,Micro,,,not_recorded,,not_recorded,,,,,unmatched,,,
163,Hangar 24 Craft Brewing - Lake Havasu City,Lake Havasu City,AZ,,Brewpub,,2020-02-07T00:00:00,confirmed_date,yes,confirmed_yes,,https://hangar24brewing.com/,https://www.instagram.com/hangar24brewing/,https://twitter.com/Hangar24Brewing,unmatched,,,
164,Mudshark Brewing Co,Lake Havasu City,AZ,,Micro,,2020-02-07T00:00:00,confirmed_date,,not_recorded,,,,,unmatched,,,
165,Barley Brothers Brewery,Lake Havasu City,AZ,,Brewpub,,,not_recorded,,not_recorded,,,,,unmatched,,,
166,College Street Brewhouse and Pub,Lake Havasu City,AZ,,Micro,,,not_recorded,,not_recorded,,,,,unmatched,,,
167,Pinetop Brewing Company,Lakeside,AZ,,Brewpub,,,not_recorded,,not_recorded,,,,,unmatched,,,
168,Transplant City Beer Co,Litchfield Park,AZ,,Taproom,,2019-10-21T00:00:00,confirmed_date,,not_recorded,,,,,unmatched,,,
169,12 West Brewing Company - Production Facility,Mesa,AZ,,Micro,,2019-08-29T00:00:00,confirmed_date,,not_recorded,,,,,unmatched,,,
170,"Beer Research Institute, The",Mesa,AZ,,Brewpub,,2020-03-03T00:00:00,confirmed_date,,not_recorded,,,,,unmatched,,,
171,Desert Eagle Brewing Company,Mesa,AZ,,Brewpub,,2020-03-03T00:00:00,confirmed_date,,not_recorded,,,,,unmatched,,,
172,Oro Brewing Company,Mesa,AZ,,Taproom,,2020-04-11T00:00:00,confirmed_date,,not_recorded,,,,,unmatched,,,
173,Lochiel Brewing,Mesa,AZ,,Taproom,,,not_recorded,,not_recorded,,,,,unmatched,,,
174,Ranch House Brewery,Oracle,AZ,,Brewpub,,2020-02-07T00:00:00,confirmed_date,,not_recorded,,,,,unmatched,,,
175,Peoria Artisan Brewery,Peoria,AZ,,Brewpub,,2020-03-03T00:00:00,confirmed_date,,not_recorded,,,,,unmatched,,,
176,Freak’N Brewing Company,Peoria,AZ,,Taproom,,,not_recorded,,not_recorded,,,,,unmatched,,,
177,Richter Aleworks,Peoria,AZ,,Taproom,,,not_recorded,,not_recorded,,,,,unmatched,,,
178,Helio Basin Brewing Company,Phoenix,AZ,,Brewpub,,2020-02-07T00:00:00,confirmed_date,,not_recorded,,,,,unmatched,,,
179,State 48 Brewery,Phoenix,AZ,,Micro,,2020-02-07T00:00:00,confirmed_date,,not_recorded,,,,,unmatched,,,
180,Greenwood Brewing LLC,Phoenix,AZ,,Contract,,2020-03-03T00:00:00,confirmed_date,,not_recorded,,,,,unmatched,,,
181,Helton Brewing Company,Phoenix,AZ,,Brewpub,,2020-03-03T00:00:00,confirmed_date,,not_recorded,,,,,unmatched,,,
182,"Mother Bunch Brewing, Inc.",Phoenix,AZ,,Brewpub,,2020-03-03T00:00:00,confirmed_date,,not_recorded,,,,,unmatched,,,
183,SanTan Brewing and Distilling - Uptown Phoenix,Phoenix,AZ,,Brewpub,,2020-03-03T00:00:00,confirmed_date,,not_recorded,,,,,unmatched,,,
184,Sonoran Brewing,Phoenix,AZ,,Contract,,2020-03-03T00:00:00,confirmed_date,,not_recorded,,,,,unmatched,,,
185,O.H.S.O. Brewery,Phoenix,AZ,,Brewpub,,2020-04-11T00:00:00,confirmed_date,,not_recorded,,,,,unmatched,,,
186,PHX Beer Co.,Phoenix,AZ,,Brewpub,,2020-04-11T00:00:00,confirmed_date,,not_recorded,,,,,unmatched,,,
187,Sun Up Brewing Co.,Phoenix,AZ,,Brewpub,,2020-04-11T00:00:00,confirmed_date,,not_recorded,,,,,unmatched,,,
188,Walter Station Brewery,Phoenix,AZ,,Brewpub,,2020-04-11T00:00:00,confirmed_date,,not_recorded,,,,,unmatched,,,
189,Wren House Brewing Company,Phoenix,AZ,,Micro,,2020-04-11T00:00:00,confirmed_date,,not_recorded,,,,,unmatched,,,
190,Black Canyon Beer Company,Phoenix,AZ,,Taproom,,,not_recorded,,not_recorded,,,,,unmatched,,,
191,Grand Avenue Brewing Company,Phoenix,AZ,,Taproom,,,not_recorded,,not_recorded,,,,,unmatched,,,
192,North Mountain Brewing Co,Phoenix,AZ,,Brewpub,,,not_recorded,,not_recorded,,,,,unmatched,,,
193,O.H.S.O. Eatery + NanoBrewery,Phoenix,AZ,,Brewpub,,,not_recorded,,not_recorded,,,,,unmatched,,,
194,THAT Brewery & Pub - Pine,Pine,AZ,,Brewpub,,2020-02-07T00:00:00,confirmed_date,,not_recorded,,,,,unmatched,,,
195,Granite Mountain Brewing,Prescott,AZ,,Taproom,,2020-03-03T00:00:00,confirmed_date,,not_recorded,,,,,unmatched,,,
196,LazyG Brewhouse,Prescott,AZ,,Micro,,2020-03-03T00:00:00,confirmed_date,,not_recorded,,,,,unmatched,,,
197,Coppertop Alehouse and Still Works,Prescott,AZ,,Brewpub,,,not_recorded,,not_recorded,,,,,unmatched,,,
198,Prescott Brewing Co,Prescott,AZ,,Brewpub,,,not_recorded,,not_recorded,,,,,unmatched,,,
199,Prescott Brewing Co - Production Facility,Prescott,AZ,,Micro,,,not_recorded,,not_recorded,,,,,unmatched,,,
200,Lonesome Valley Brewing,Prescott Valley,AZ,,Brewpub,,,not_recorded,,not_recorded,,,,,unmatched,,,
201,Old Ellsworth Brewing Company,Queen Creek,AZ,,Brewpub,,,not_recorded,,not_recorded,,,,,unmatched,,,
202,CRAFT 64,Scottsdale,AZ,,Contract,,2020-02-07T00:00:00,confirmed_date,,not_recorded,,,,,unmatched,,,
203,Fate Tap + Barrel,Scottsdale,AZ,,Brewpub,,2020-02-07T00:00:00,confirmed_date,,not_recorded,,,,,unmatched,,,
204,"Arizona Brewing Company, LLC",SCOTTSDALE,AZ,,Proprietor,,2020-03-03T00:00:00,confirmed_date,,not_recorded,,,,,unmatched,,,
205,Bad Water Brewing,Scottsdale,AZ,,Contract,,2020-03-03T00:00:00,confirmed_date,,not_recorded,,,,,unmatched,,,
206,Goldwater Brewing Co,Scottsdale,AZ,,Taproom,,2020-03-03T00:00:00,confirmed_date,,not_recorded,,,,,unmatched,,,
207,Loco Patron Mexican Brewery,Scottsdale,AZ,,Brewpub,,2020-03-03T00:00:00,confirmed_date,,not_recorded,,,,,unmatched,,,
208,Fate Brewing Company,Scottsdale,AZ,,Brewpub,,,not_recorded,,not_recorded,,,,,unmatched,,,
209,Scottsdale Beer Company,Scottsdale,AZ,,Brewpub,,,not_recorded,,not_recorded,,,,,unmatched,,,
210,Oak Creek Brewery & Grill,Sedona,AZ,,Brewpub,,,not_recorded,,not_recorded,,,,,unmatched,,,
211,Oak Creek Brewing Co,Sedona,AZ,,Brewpub,,,not_recorded,,not_recorded,,,,,unmatched,,,
212,Sedona Beer Company,Sedona,AZ,,Brewpub,,,not_recorded,,not_recorded,,,,,unmatched,,,
213,Black Horse Brewery,Show Low,AZ,,Taproom,,,not_recorded,,not_recorded,,,,,unmatched,,,
214,Barnstar Brewing,Skull Valley,AZ,,Taproom,,2020-03-03T00:00:00,confirmed_date,,not_recorded,,,,,unmatched,,,
215,Copper Brothel Brewery,Sonoita,AZ,,Brewpub,,2020-03-03T00:00:00,confirmed_date,,not_recorded,,,,,unmatched,,,
216,State 48 Brewery,Surprise,AZ,,Brewpub,,2020-03-03T00:00:00,confirmed_date,,not_recorded,,,,,unmatched,,,
217,Elevate Your Passion Brewing,Tempe,AZ,,Contract,,2020-03-03T00:00:00,confirmed_date,,not_recorded,,,,,unmatched,,,
218,Four Peaks Brewery & Taproom,Tempe,AZ,,Largge,,2020-03-03T00:00:00,confirmed_date,,not_recorded,,,,,unmatched,,,
219,Four Peaks Brewing Co,Tempe,AZ,,Largge,,2020-03-03T00:00:00,confirmed_date,,not_recorded,,,,,unmatched,,,
220,Huss Brewing,Tempe,AZ,,Regional,,2020-03-03T00:00:00,confirmed_date,,not_recorded,,,,,unmatched,,,
221,Pedal Haus Brewery,Tempe,AZ,,Brewpub,,2020-03-03T00:00:00,confirmed_date,,not_recorded,,,,,unmatched,,,
222,Fate Brewing Company,Tempe,AZ,,Brewpub,,2020-04-11T00:00:00,confirmed_date,,not_recorded,,,,,unmatched,,,
223,Sleepy Dog Brewing Co,Tempe,AZ,,Micro,,,not_recorded,,not_recorded,,,,,unmatched,,,
224,The Shop Beer Co.,Tempe,AZ,,Brewpub,yes crispy crippled anatomy,,not_recorded,,not_recorded,,,,,unmatched,,,
225,Tombstone Brewing Company,Tombstone,AZ,,Micro,,2020-03-03T00:00:00,confirmed_date,,not_recorded,,,,,unmatched,,,
226,Whiskey del Bac,Tucson,AZ,,Distillery,,Yes,confirmed_yes,Yes,confirmed_yes,yes,,,,unmatched,,,
227,Barrio Brewing Co,Tucson,AZ,,Micro,,2020-02-07T00:00:00,confirmed_date,,not_recorded,,,,,unmatched,,,
228,Copper Mine Brewing Co,Tucson,AZ,,Taproom,,2020-03-03T00:00:00,confirmed_date,,not_recorded,,,,,unmatched,,,
229,Dillinger Brewing Company,Tucson,AZ,,Micro,,2020-03-03T00:00:00,confirmed_date,,not_recorded,,,,,unmatched,,,
230,Iron John’s Brewing Company,Tucson,AZ,,Taproom,,2020-03-03T00:00:00,confirmed_date,,not_recorded,,,,,unmatched,,,
231,MotoSonora Brewing Company,Tucson,AZ,,Contract,,2020-03-03T00:00:00,confirmed_date,,not_recorded,,,,,unmatched,,,
232,Public Brewhouse,Tucson,AZ,,Taproom,,2020-03-03T00:00:00,confirmed_date,,not_recorded,,,,,unmatched,,,
233,Ten Fifty Five Brewing,Tucson,AZ,,Brewpub,,2020-03-03T00:00:00,confirmed_date,,not_recorded,,,,,unmatched,,,
234,BlackRock Brewers,Tucson,AZ,,Taproom,,2020-04-11T00:00:00,confirmed_date,,not_recorded,,,,,unmatched,,,
235,Corbett Brewing Company,Tucson,AZ,,Taproom,,2020-04-11T00:00:00,confirmed_date,,not_recorded,,,,,unmatched,,,
236,Green Feet Brewing,Tucson,AZ,,Taproom,,2020-04-11T00:00:00,confirmed_date,,not_recorded,,,,,unmatched,,,
237,Thunder Canyon Brewery,Tucson,AZ,,Brewpub,,2020-04-11T00:00:00,confirmed_date,,not_recorded,,,,,unmatched,,,
238,1912 Brewing,Tucson,AZ,,Taproom,,,not_recorded,,not_recorded,,,,,unmatched,,,
239,Borderlands Brewing Co,Tucson,AZ,,Micro,,,not_recorded,,not_recorded,,,,,unmatched,,,
240,"Button Brew House, LLC",Tucson,AZ,,Taproom,,,not_recorded,,not_recorded,,,,,unmatched,,,
241,Catalina Brewing Company,Tucson,AZ,,Taproom,,,not_recorded,,not_recorded,,,,,unmatched,,,
242,Crooked Tooth Brewing Co.,Tucson,AZ,,Taproom,,,not_recorded,,not_recorded,,,,,unmatched,,,
243,Dragoon Brewing Co,Tucson,AZ,,Micro,,,not_recorded,,not_recorded,,,,,unmatched,,,
244,Harbottle Brewing Company,Tucson,AZ,,Taproom,,,not_recorded,,not_recorded,,,,,unmatched,,,
245,Pueblo Vida Brewing Co,Tucson,AZ,,Taproom,,,not_recorded,,not_recorded,,,,,unmatched,,,
246,Sentinel Peak Brewing Company,Tucson,AZ,,Micro,,,not_recorded,,not_recorded,,,,,unmatched,,,
247,Ten 55 Brewing and Sausage House,Tucson,AZ,,Brewpub,,,not_recorded,,not_recorded,,,,,unmatched,,,
248,The Address Brewing / 1702 Beer & Pizza,Tucson,AZ,,Brewpub,,,not_recorded,,not_recorded,,,,,unmatched,,,
249,Grand Canyon Brewing Company,Williams,AZ,,Micro,,2020-04-11T00:00:00,confirmed_date,,not_recorded,,,,,unmatched,,,
250,Grand Canyon Brewing,Williams,AZ,,Brewpub,,,not_recorded,,not_recorded,,,,,unmatched,,,
251,Prison Hill Brewing Co,Yuma,AZ,,Brewpub,,2019-10-26T00:00:00,confirmed_date,,not_recorded,,,,,unmatched,,,
252,Phillips Brewing Company,Victoria,BC,CA,,yes,,not_recorded,,not_recorded,,,,,unmatched,,,
253,LAB Brewing Co / Twisted Oak Tavern,Agoura Hills,CA,,Brewpub,,,not_recorded,,not_recorded,,,,,unmatched,,,
254,Ladyface Ale Companie,Agoura Hills,CA,,Brewpub,,,not_recorded,,not_recorded,,,,,unmatched,,,
255,Alameda Island Brewing Company,Alameda,CA,,Micro,,2019-08-29T00:00:00,confirmed_date,,not_recorded,,,,,unmatched,,,
256,Almanac Beer Company,Alameda,CA,,Micro,,2020-04-11T00:00:00,confirmed_date,,not_recorded,,,,,unmatched,,,
257,Faction Brewing Co,Alameda,CA,,Taproom,,,not_recorded,,not_recorded,,,,,unmatched,,,
258,Ocean View Brew Works,Albany,CA,,Taproom,,2020-03-03T00:00:00,confirmed_date,,not_recorded,,,,,unmatched,,,
259,Stadium Brewing Co,Aliso Viejo,CA,,Brewpub,,2020-03-03T00:00:00,confirmed_date,,not_recorded,,,,,unmatched,,,
260,Alpine Beer Company,Alpine,CA,,Brewpub,,,not_recorded,,not_recorded,,,,,unmatched,,,
261,Junction Brewery & Grill,American Canyon,CA,,Brewpub,,,not_recorded,,not_recorded,,,,,unmatched,,,
262,All-American Brew Works,Anaheim,CA,,Taproom,,2019-08-29T00:00:00,confirmed_date,,not_recorded,,,,,unmatched,,,
263,Bottle Logic Brewing,Anaheim,CA,,Taproom,,2019-11-27T00:00:00,confirmed_date,,not_recorded,,,,,unmatched,,,
264,Legends Craft Brewery,Anaheim,CA,,Micro,,2020-02-07T00:00:00,confirmed_date,,not_recorded,,,,,unmatched,,,
265,Phantom Ales,Anaheim,CA,,Brewpub,,2020-02-07T00:00:00,confirmed_date,,not_recorded,,,,,unmatched,,,
266,Ballast Point Brewing Company,Anaheim,CA,,Brewpub,,2020-03-03T00:00:00,confirmed_date,,not_recorded,,,,,unmatched,,,
267,Golden Road Brewing,Anaheim,CA,,Largge,,2020-03-03T00:00:00,confirmed_date,,not_recorded,,,,,unmatched,,,
268,JT Schmids Restaurant & Brewery,Anaheim,CA,,Brewpub,,2020-03-03T00:00:00,confirmed_date,,not_recorded,,,,,unmatched,,,
269,Karl Strauss Brewing Co - Anaheim,Anaheim,CA,,Brewpub,,2020-03-03T00:00:00,confirmed_date,,not_recorded,,,,,unmatched,,,
270,Towne Park Brew Co,Anaheim,CA,,Micro,,2020-03-03T00:00:00,confirmed_date,,not_recorded,,,,,unmatched,,,
271,Unsung Brewing Company- Taproom,Anaheim,CA,,Micro,,2020-03-03T00:00:00,confirmed_date,,not_recorded,,,,,unmatched,,,
272,Hoparazzi Brewing Co,Anaheim,CA,,Taproom,,2020-04-11T00:00:00,confirmed_date,,not_recorded,,,,,unmatched,,,
273,Noble Ale Works,Anaheim,CA,,Micro,,2020-04-11T00:00:00,confirmed_date,,not_recorded,,,,,unmatched,,,
274,Anaheim Brewery,Anaheim,CA,,Taproom,,,not_recorded,,not_recorded,,,,,unmatched,,,
275,Asylum Brewing,Anaheim,CA,,Taproom,,,not_recorded,,not_recorded,,,,,unmatched,,,
276,Back Street Brewery & Tasting Room,Anaheim,CA,,Micro,,,not_recorded,,not_recorded,,,,,unmatched,,,
277,Brewheim Brewing Company,Anaheim,CA,,Taproom,,,not_recorded,,not_recorded,,,,,unmatched,,,
278,Bruery Terreux,Anaheim,CA,,Micro,,,not_recorded,,not_recorded,,,,,unmatched,,,
279,Divine Science Brewing,Anaheim,CA,,Micro,,,not_recorded,,not_recorded,,,,,unmatched,,,
280,Oggi’s Sports Brewhouse Pizza - Apple Valley,Apple Valley,CA,,Brewpub,,2020-03-03T00:00:00,confirmed_date,,not_recorded,,,,,unmatched,,,
281,Off the Grid Brewing Co,Apple Valley,CA,,Taproom,,2020-04-11T00:00:00,confirmed_date,,not_recorded,,,,,unmatched,,,
282,Mt Lowe Brewing Company,Arcadia,CA,,Taproom,,,not_recorded,,not_recorded,,,,,unmatched,,,
283,Redwood Curtain Brewing Co,Arcata,CA,,Micro,,,not_recorded,,not_recorded,,,,,unmatched,,,
284,Snowshoe Brewing Co,Arnold,CA,,Brewpub,,,not_recorded,,not_recorded,,,,,unmatched,,,
285,Figueroa Mountain Brewing - Arroyo Grande,Arroyo Grande,CA,,Brewpub,,2020-04-11T00:00:00,confirmed_date,,not_recorded,,,,,unmatched,,,
286,Tent City Beer Company,Atascadero,CA,,Taproom,,2020-03-03T00:00:00,confirmed_date,,not_recorded,,,,,unmatched,,,
287,Dead Oak Brewing Company,Atascadero,CA,,Taproom,,,not_recorded,,not_recorded,,,,,unmatched,,,
288,Moonraker Brewing Co.,Auburn,CA,,Taproom,,2019-11-27T00:00:00,confirmed_date,,not_recorded,,,,,unmatched,,,
289,Moonraker Brewing Company (Production Facility),Auburn,CA,,Micro,,2019-11-27T00:00:00,confirmed_date,,not_recorded,,,,,unmatched,,,
290,Knee Deep Brewing Co.,Auburn,CA,,Regional,,2020-03-03T00:00:00,confirmed_date,,not_recorded,,,,,unmatched,,,
291,Auburn Alehouse,Auburn,CA,,Brewpub,,2020-04-11T00:00:00,confirmed_date,,not_recorded,,,,,unmatched,,,
292,Crooked Lane Brewing Co,Auburn,CA,,Taproom,,,not_recorded,,not_recorded,,,,,unmatched,,,
293,Dingus McGee’s Roadhouse,Auburn,CA,,Brewpub,,,not_recorded,,not_recorded,,,,,unmatched,,,
294,Tap and Vine,Auburn,CA,,Brewpub,,,not_recorded,,not_recorded,,,,,unmatched,,,
295,Catalina Island Brew House,Avalon,CA,,Brewpub,,,not_recorded,,not_recorded,,,,,unmatched,,,
296,Congregation Ales,Azusa,CA,,Brewpub,,,not_recorded,,not_recorded,,,,,unmatched,,,
297,Great Change Brewing,Bakersfield,CA,,Taproom,,2020-04-11T00:00:00,confirmed_date,,not_recorded,,,,,unmatched,,,
298,Lengthwise Brewing Co,Bakersfield,CA,,Brewpub,,2020-04-11T00:00:00,confirmed_date,,not_recorded,,,,,unmatched,,,
299,Temblor Brewing Company,Bakersfield,CA,,Brewpub,,2020-04-11T00:00:00,confirmed_date,,not_recorded,,,,,unmatched,,,
300,Dionysus Brewing Co.,Bakersfield,CA,,Taproom,,,not_recorded,,not_recorded,,,,,unmatched,,,
301,Brew Rebellion,Banning,CA,,Taproom,,,not_recorded,,not_recorded,,,,,unmatched,,,
302,Alpha Acid Brewing Co,Belmont,CA,,Taproom,,2020-03-03T00:00:00,confirmed_date,,not_recorded,,,,,unmatched,,,
303,Bruehol Brewing LLC,Benicia,CA,,Taproom,,,not_recorded,,not_recorded,,,,,unmatched,,,
304,Gilman Brewing Company,Berkeley,CA,,Brewpub,,2020-02-07T00:00:00,confirmed_date,,not_recorded,,,,,unmatched,,,
305,Hoi Polloi Brewing - Taproom,Berkeley,CA,,Taproom,,2020-03-03T00:00:00,confirmed_date,,not_recorded,,,,,unmatched,,,
306,Lucky Devil Brewing,Berkeley,CA,,Contract,,2020-03-03T00:00:00,confirmed_date,,not_recorded,,,,,unmatched,,,
307,Triple Rock Brewery and Alehouse,Berkeley,CA,,Brewpub,,2020-03-03T00:00:00,confirmed_date,,not_recorded,,,,,unmatched,,,
308,Trumer Brewery,Berkeley,CA,,Regional,,2020-03-03T00:00:00,confirmed_date,,not_recorded,,,,,unmatched,,,
309,Fieldwork Brewing Co,Berkeley,CA,,Taproom,,,not_recorded,,not_recorded,,,,,unmatched,,,
310,Jupiter,Berkeley,CA,,Brewpub,,,not_recorded,,not_recorded,,,,,unmatched,,,
311,The Rare Barrel,Berkeley,CA,,Micro,,,not_recorded,,not_recorded,,,,,unmatched,,,
312,Big Bear Lake Brewing Co,Big Bear Lake,CA,,Brewpub,,2020-03-03T00:00:00,confirmed_date,,not_recorded,,,,,unmatched,,,
313,Big Bear Mountain Brewery,Big Bear Lake,CA,,Brewpub,,,not_recorded,,not_recorded,,,,,unmatched,,,
314,Mountain Rambler Brewery,Bishop,CA,,Brewpub,,2020-03-03T00:00:00,confirmed_date,,not_recorded,,,,,unmatched,,,
315,Eureka Peak Brewing Co,Blairsden-Graeagle,CA,,Taproom,,2020-03-03T00:00:00,confirmed_date,,not_recorded,,,,,unmatched,,,
316,The Brewing Lair,Blairsden-Graeagle,CA,,Taproom,,,not_recorded,,not_recorded,,,,,unmatched,,,
317,Mad River Brewing Co,Blue Lake,CA,,Micro,,2020-03-03T00:00:00,confirmed_date,,not_recorded,,,,,unmatched,,,
318,Anderson Valley Brewing Co,Boonville,CA,,Regional,,2020-03-03T00:00:00,confirmed_date,,not_recorded,,,,,unmatched,,,
319,TAPS Fish House and Brewery - Brea,Brea,CA,,Brewpub,,yes,confirmed_yes,yes,confirmed_yes,,,,,unmatched,,,
320,BJs Restaurant & Brewery - Brea,Brea,CA,,Brewpub,,2020-04-11T00:00:00,confirmed_date,,not_recorded,,,,,unmatched,,,
321,Big Meadow Brewing Co,Bridgeport,CA,,Taproom,,,not_recorded,,not_recorded,,,,,unmatched,,,
322,Figueroa Mountain Brewing,Buellton,CA,,Regional,,2020-02-07T00:00:00,confirmed_date,,not_recorded,,,,,unmatched,,,
323,Firestone Walker Barrelworks,Buellton,CA,,Micro,,,not_recorded,,not_recorded,,,,,unmatched,,,
324,Brewery At Simmzys Burbank,Burbank,CA,,Brewpub,,2020-02-07T00:00:00,confirmed_date,,not_recorded,,,,,unmatched,,,
325,Trustworthy Brewing Co,Burbank,CA,,Micro,,2020-02-07T00:00:00,confirmed_date,,not_recorded,,,,,exact,trustworthy-brewing-co,content/breweries/trustworthy-brewing-co.md,
326,Gordon Biersch Brewery Restaurant - Burbank,Burbank,CA,,Brewpub,,2020-03-03T00:00:00,confirmed_date,,not_recorded,,,,,unmatched,,,
327,Lincoln Beer Company,Burbank,CA,,Taproom,,,not_recorded,,not_recorded,,,,,unmatched,,,
328,Steelhead Brewing Co - Burlingame Station,Burlingame,CA,,Brewpub,,2020-04-11T00:00:00,confirmed_date,,not_recorded,,,,,unmatched,,,
329,Calexico Brewing Company,Calexico,CA,,Taproom,,,not_recorded,,not_recorded,,,,,unmatched,,,
330,Napa Valley Brewing Co/ Calistoga Inn,Calistoga,CA,,Brewpub,,2020-03-03T00:00:00,confirmed_date,,not_recorded,,,,,unmatched,,,
331,Sam’s Social Club At Indian Springs Resort,Calistoga,CA,,Brewpub,,2020-03-03T00:00:00,confirmed_date,,not_recorded,,,,,unmatched,,,
332,Johnny’s Calistoga / Mud City Brews,Calistoga,CA,,Brewpub,,,not_recorded,,not_recorded,,,,,unmatched,,,
333,Flat Fish Brewing,Camarillo,CA,,Taproom,,2020-03-03T00:00:00,confirmed_date,,not_recorded,,,,,unmatched,,,
334,Institution Ale Company,Camarillo,CA,,Taproom,,,not_recorded,,not_recorded,,,,,unmatched,,,
335,927 Beer Company,Cambria,CA,,Taproom,,2019-08-29T00:00:00,confirmed_date,,not_recorded,,,,,unmatched,,,
336,Jack Russell Farm Ales,Camino,CA,,Brewpub,,2020-03-03T00:00:00,confirmed_date,,not_recorded,,,,,unmatched,,,
337,HWY 50 Brewery,Camino,CA,,Brewpub,,,not_recorded,,not_recorded,,,,,unmatched,,,
338,Campbell Brewing Co,Campbell,CA,,Brewpub,,,not_recorded,,not_recorded,,,,,unmatched,,,
339,Rock Bottom Brewery - San Jose,Campbell,CA,,Brewpub,,,not_recorded,,not_recorded,,,,,unmatched,,,
340,"8one8 Brewing, LLC",Canoga Park,CA,,Taproom,,2019-08-29T00:00:00,confirmed_date,,not_recorded,,,,,unmatched,,,
341,Sante Adairius Rustic Ales,Capitola,CA,,Micro,,2019-11-13T00:00:00,confirmed_date,,not_recorded,,,,,unmatched,,,
342,Pizza Port - Bressi Ranch,Carlsbad,CA,,Regional,,2020-02-07T00:00:00,confirmed_date,,not_recorded,,,,,unmatched,,,
343,Culver Beer Company,Carlsbad,CA,,Taproom,,2020-03-03T00:00:00,confirmed_date,,not_recorded,,,,,unmatched,,,
344,Papa Marce’s Cerveceria,Carlsbad,CA,,Taproom,,2020-03-03T00:00:00,confirmed_date,,not_recorded,,,,,unmatched,,,
345,Pizza Port Carlsbad,Carlsbad,CA,,Regional,,2020-03-03T00:00:00,confirmed_date,,not_recorded,,,,,unmatched,,,
346,Arcana Brewing Company,Carlsbad,CA,,Taproom,,2020-04-11T00:00:00,confirmed_date,,not_recorded,,,,,unmatched,,,
347,Burgeon Beer Company,Carlsbad,CA,,Taproom,,2020-04-11T00:00:00,confirmed_date,,not_recorded,,,,,unmatched,,,
348,Karl Strauss Brewing Co - Carlsbad,Carlsbad,CA,,Brewpub,,2020-04-11T00:00:00,confirmed_date,,not_recorded,,,,,unmatched,,,
349,Guadalupe Brewery,Carlsbad,CA,,Taproom,,,not_recorded,,not_recorded,,,,,unmatched,,,
350,Rouleur Brewing Company,Carlsbad,CA,,Micro,,,not_recorded,,not_recorded,,,,,unmatched,,,
351,Carmel Craft Brewing Co,Carmel,CA,,Micro,,,not_recorded,,not_recorded,,,,,unmatched,,,
352,Yeast of Eden,Carmel-By-The-Sea,CA,,Brewpub,,,not_recorded,,not_recorded,,,,,unmatched,,,
353,BrewLAB,Carpinteria,CA,,Taproom,,,not_recorded,,not_recorded,,,,,unmatched,,,
354,Island Brewing Co,Carpinteria,CA,,Taproom,,,not_recorded,,not_recorded,,,,,unmatched,,,
355,Rincon Brewery,Carpinteria,CA,,Brewpub,,,not_recorded,,not_recorded,,,,,unmatched,,,
356,Blaker Brewing,Ceres,CA,,Taproom,,2020-03-03T00:00:00,confirmed_date,,not_recorded,,,,,unmatched,,,
357,Great Beer Co,Chatsworth,CA,,Contract,,2020-03-03T00:00:00,confirmed_date,,not_recorded,,,,,unmatched,,,
358,Hand-Brewed Beer,Chatsworth,CA,,Taproom,,,not_recorded,,not_recorded,,,,,unmatched,,,
359,Eckert Malting and Brewing Co,Chico,CA,,Micro,,2020-02-07T00:00:00,confirmed_date,,not_recorded,,,,,unmatched,,,
360,British Bulldog Brewery,Chico,CA,,Micro,,2020-03-03T00:00:00,confirmed_date,,not_recorded,,,,,unmatched,,,
361,Nor Cal Brewing Co,Chico,CA,,Taproom,,2020-03-03T00:00:00,confirmed_date,,not_recorded,,,,,unmatched,,,
362,"Secret Trail Brewing Company, LLC",Chico,CA,,Taproom,,2020-03-03T00:00:00,confirmed_date,,not_recorded,,,,,unmatched,,,
363,Sierra Nevada Brewing Co,Chico,CA,,Regional,,2020-03-03T00:00:00,confirmed_date,,not_recorded,,,,,unmatched,,,
364,I & I Brewing,Chino,CA,,Taproom,,,not_recorded,,not_recorded,,,,,unmatched,,,
365,Novo Brazil Brewing Company,Chula Vista,CA,,Micro,,2020-03-03T00:00:00,confirmed_date,,not_recorded,,,,,unmatched,,,
366,Thr3e Punk Ales,Chula Vista,CA,,Taproom,,2020-03-03T00:00:00,confirmed_date,,not_recorded,,,,,unmatched,,,
367,Bay Bridge Brewing Co,Chula Vista,CA,,Taproom,,,not_recorded,,not_recorded,,,,,unmatched,,,
368,Chula Vista Brewery,Chula Vista,CA,,Taproom,,,not_recorded,,not_recorded,,,,,unmatched,,,
369,Claremont Craft Ales,Claremont,CA,,Taproom,,,not_recorded,,not_recorded,,,,,unmatched,,,
370,Bear Republic Brewing Co - Production facility,Cloverdale,CA,,Regional,,2020-03-03T00:00:00,confirmed_date,,not_recorded,,,,,unmatched,,,
371,Cloverdale Ale Company’s Ruth McGowan’s Brewpub,Cloverdale,CA,,Brewpub,,,not_recorded,,not_recorded,,,,,unmatched,,,
372,559 Local Brewing,Clovis,CA,,Micro,,2020-03-03T00:00:00,confirmed_date,,not_recorded,,,,,unmatched,,,
373,Riley’s Brew Pub,Clovis,CA,,Brewpub,,,not_recorded,,not_recorded,,,,,unmatched,,,
374,Zone 9 Brewing Company,Clovis,CA,,Taproom,,,not_recorded,,not_recorded,,,,,unmatched,,,
375,3 Iron Brewing Company,Colton,CA,,Taproom,,,not_recorded,,not_recorded,,,,,unmatched,,,
376,Epidemic Ales,Concord,CA,,Micro,,2020-02-07T00:00:00,confirmed_date,,not_recorded,,,,,unmatched,,,
377,Perching Bird Brewing Company,Concord,CA,,Micro,,2020-02-07T00:00:00,confirmed_date,,not_recorded,,,,,unmatched,,,
378,E.J. Phair Brewing Co,Concord,CA,,Micro,,,not_recorded,,not_recorded,,,,,unmatched,,,
379,Cool Beerwerks,Cool,CA,,Brewpub,,2020-02-07T00:00:00,confirmed_date,,not_recorded,,,,,unmatched,,,
380,Lake Bottom Distillery and Brewery,Corcoran,CA,,Brewpub,,2020-04-11T00:00:00,confirmed_date,,not_recorded,,,,,unmatched,,,
381,TAPS Fish House and Brewery - Corona,Corona,CA,,Brewpub,,2020-02-07T00:00:00,confirmed_date,,not_recorded,,,,,unmatched,,,
382,Main Street Brewery,Corona,CA,,Brewpub,,2020-04-11T00:00:00,confirmed_date,,not_recorded,,,,,unmatched,,,
383,"Storytellers Brewery and Meet House, LLC",Corona,CA,,Taproom,,2020-04-11T00:00:00,confirmed_date,,not_recorded,,,,,unmatched,,,
384,Skyland Ale Works,Corona,CA,,Taproom,,,not_recorded,,not_recorded,,,,,unmatched,,,
385,Stone Church Brewing,Corona,CA,,Micro,,,not_recorded,,not_recorded,,,,,unmatched,,,
386,Coronado Brewing Co,Coronado,CA,,Regional,,2019-11-03T00:00:00,confirmed_date,,not_recorded,,,,,unmatched,,,
387,Bootlegger’s Brewery Costa Mesa,Costa Mesa,CA,,Micro,,2020-03-03T00:00:00,confirmed_date,,not_recorded,,,,,unmatched,,,
388,Bravus Brewing Company,Costa Mesa,CA,,Contract,,2020-03-03T00:00:00,confirmed_date,,not_recorded,,,,,unmatched,,,
389,Brewing Reserve of California,Costa Mesa,CA,,Taproom,,2020-03-03T00:00:00,confirmed_date,,not_recorded,,,,,unmatched,,,
390,Salty Bear Brewing Co.,Costa Mesa,CA,,Taproom,,2020-03-03T00:00:00,confirmed_date,,not_recorded,,,,,unmatched,,,
391,Barley Forge Brewing,Costa Mesa,CA,,Micro,,2020-04-11T00:00:00,confirmed_date,,not_recorded,,,,,unmatched,,,
392,Gunwhale Ales,Costa Mesa,CA,,Micro,,,not_recorded,,not_recorded,,,,,unmatched,,,
393,Karl Strauss Brewing Co - Costa Mesa,Costa Mesa,CA,,Brewpub,,,not_recorded,,not_recorded,,,,,unmatched,,,
394,GravSouth Brewing Co.,Cotati,CA,,Brewpub,,2020-02-07T00:00:00,confirmed_date,,not_recorded,,,,,unmatched,,,
395,Arrow Lodge Brewing,Covina,CA,,Micro,,2020-03-03T00:00:00,confirmed_date,,not_recorded,,,,,unmatched,,,
396,REV Brewing Co,Covina,CA,,Taproom,,2020-04-11T00:00:00,confirmed_date,,not_recorded,,,,,unmatched,,,
397,Alosta Brewing Co,Covina,CA,,Micro,,,not_recorded,,not_recorded,,,,,unmatched,,,
398,Port O’Pints Brewing Co.,Crescent City,CA,,Brewpub,,,not_recorded,,not_recorded,,,,,unmatched,,,
399,Seaquake Brewing,Crescent City,CA,,Taproom,,,not_recorded,,not_recorded,,,,,unmatched,,,
400,Brewery in Planning - Culver City,Culver City,CA,,Contract,,2020-03-03T00:00:00,confirmed_date,,not_recorded,,,,,unmatched,,,
401,Danville Brewing Company,Danville,CA,,Brewpub,,2020-04-11T00:00:00,confirmed_date,,not_recorded,,,,,unmatched,,,
402,Super Owl Brewing,Davis,CA,,Taproom,,2019-10-26T00:00:00,confirmed_date,,not_recorded,,,,,unmatched,,,
403,Sudwerk Brewing Co,Davis,CA,,Micro,,2020-03-03T00:00:00,confirmed_date,,not_recorded,,,,,unmatched,,,
404,Three Mile Brewing Co,Davis,CA,,Taproom,,2020-03-03T00:00:00,confirmed_date,,not_recorded,,,,,unmatched,,,
405,Dunloe Brewing LLC,Davis,CA,,Taproom,,2020-04-11T00:00:00,confirmed_date,,not_recorded,,,,,unmatched,,,
406,Viewpoint Brewing Co,del Mar,CA,,Brewpub,,2020-04-11T00:00:00,confirmed_date,,not_recorded,,,,,unmatched,,,
407,El Dorado Brewing Co,Diamond Springs,CA,,Taproom,,2020-03-03T00:00:00,confirmed_date,,not_recorded,,,,,unmatched,,,
408,Solid Ground Brewing,Diamond Springs,CA,,Brewpub,,2020-04-11T00:00:00,confirmed_date,,not_recorded,,,,,unmatched,,,
409,Ruhstaller Beer,Dixon,CA,,Micro,,2020-02-07T00:00:00,confirmed_date,,not_recorded,,,,,unmatched,,,
410,Inc 82 Brewing,Dublin,CA,,Brewpub,,2020-04-11T00:00:00,confirmed_date,,not_recorded,,,,,unmatched,,,
411,Dunsmuir Brewery Works,Dunsmuir,CA,,Brewpub,,2020-03-03T00:00:00,confirmed_date,,not_recorded,,,,,unmatched,,,
412,Creative Creature Brewing Company,El Cajon,CA,,Taproom,,2020-04-11T00:00:00,confirmed_date,,not_recorded,,,,,unmatched,,,
413,Burning Beard Brewing,El Cajon,CA,,Taproom,,,not_recorded,,not_recorded,,,,,unmatched,,,
414,Elevation 66 Brewing Co,El Cerrito,CA,,Brewpub,,2020-02-07T00:00:00,confirmed_date,,not_recorded,,,,,unmatched,,,
415,Mraz Brewing Company,El Dorado Hills,CA,,Micro,,,not_recorded,,not_recorded,,,,,unmatched,,,
416,El Segundo Brewing Co,El Segundo,CA,,Micro,,,not_recorded,,not_recorded,,,,,unmatched,,,
417,Flatland Brewing Company,Elk Grove,CA,,Taproom,,2020-03-03T00:00:00,confirmed_date,,not_recorded,,,,,unmatched,,,
418,Tilted Mash Brewery,Elk Grove,CA,,Taproom,,2020-03-03T00:00:00,confirmed_date,,not_recorded,,,,,unmatched,,,
419,Waterman Brewing Company,Elk Grove,CA,,Taproom,,2020-04-11T00:00:00,confirmed_date,,not_recorded,,,,,unmatched,,,
420,Dreaming Dog Brewery,Elk Grove,CA,,Taproom,,,not_recorded,,not_recorded,,,,,unmatched,,,
421,Escondido Brewing Company,Escondido,CA,,Taproom,,2020-03-03T00:00:00,confirmed_date,,not_recorded,,,,,unmatched,,,
422,Jacked Up Brewery,Escondido,CA,,Taproom,,2020-04-11T00:00:00,confirmed_date,,not_recorded,,,,,exact,jacked-up-brewery,content/breweries/jacked-up-brewery.md,
423,Plan 9 Alehouse,Escondido,CA,,Brewpub,,,not_recorded,,not_recorded,,,,,unmatched,,,
424,Etna Brewing Co.,Etna,CA,,Taproom,,2020-03-03T00:00:00,confirmed_date,,not_recorded,,,,,unmatched,,,
425,Paystreak Brewing,Etna,CA,,Brewpub,,,not_recorded,,not_recorded,,,,,unmatched,,,
426,The Booth Brewing Co.,Eureka,CA,,Micro,,2020-02-07T00:00:00,confirmed_date,,not_recorded,,,,,unmatched,,,
427,Lost Coast Brew House,Eureka,CA,,Brewpub,,2020-03-03T00:00:00,confirmed_date,,not_recorded,,,,,unmatched,,,
428,"Lost Coast Brewery and Cafe - Table Bluff Brewing, Inc.",Eureka,CA,,Regional,,2020-03-03T00:00:00,confirmed_date,,not_recorded,,,,,unmatched,,,
429,Rocky Hill Brewing,Exeter,CA,,Taproom,,2020-03-03T00:00:00,confirmed_date,,not_recorded,,,,,unmatched,,,
430,BellCraft Brew Co.,Exeter,CA,,Micro,,,not_recorded,,not_recorded,,,,,unmatched,,,
431,Fair Oaks Brew Pub,Fair Oaks,CA,,Brewpub,,,not_recorded,,not_recorded,,,,,unmatched,,,
432,Iron Springs Pub & Brewery,Fairfax,CA,,Brewpub,,,not_recorded,,not_recorded,,,,,unmatched,,,
433,Anheuser-Busch Inc – Fairfield,Fairfield,CA,,Largge,,2020-03-03T00:00:00,confirmed_date,,not_recorded,,,,,unmatched,,,
434,Blue Frog Brewing Company,Fairfield,CA,,Micro,,2020-04-11T00:00:00,confirmed_date,,not_recorded,,,,,unmatched,,,
435,Heretic Brewing Company,Fairfield,CA,,Micro,,2020-04-11T00:00:00,confirmed_date,,not_recorded,,,,,unmatched,,,
436,Red Bus Brewing Company,Folsom,CA,,Taproom,,2019-10-26T00:00:00,confirmed_date,,not_recorded,,,,,unmatched,,,
437,North Coast Brewing Co Inc.,Fort Bragg,CA,,Regional,,2020-03-03T00:00:00,confirmed_date,,not_recorded,,,,,unmatched,,,
438,Overtime Brewing,Fort Bragg,CA,,Brewpub,,,not_recorded,,not_recorded,,,,,unmatched,,,
439,Eel River Brewing Co,Fortuna,CA,,Micro,,,not_recorded,,not_recorded,,,,,unmatched,,,
440,Jack’s Brewing Co,Fremont,CA,,Brewpub,,2020-04-11T00:00:00,confirmed_date,,not_recorded,,,,,exact,jack-s-brewing-co,content/breweries/jack-s-brewing-co.md,
441,Fossil Fuels Brewing Co,Fremont,CA,,Micro,,,not_recorded,,not_recorded,,,,,unmatched,,,
442,JP DasBrew,Fremont,CA,,Taproom,,,not_recorded,,not_recorded,,,,,unmatched,,,
443,Mad Duck Craft Brewing Company - Marks and Herndon,Fresno,CA,,Brewpub,,2020-03-03T00:00:00,confirmed_date,,not_recorded,,,,,unmatched,,,
444,Pine and Palm Brewing,Fresno,CA,,Taproom,,2020-03-03T00:00:00,confirmed_date,,not_recorded,,,,,unmatched,,,
445,Tactical OPS Brewing Inc.,Fresno,CA,,Proprietor,,2020-03-03T00:00:00,confirmed_date,,not_recorded,,,,,unmatched,,,
446,Sequoia Brewing Co - Tower District,Fresno,CA,,Brewpub,,2020-04-11T00:00:00,confirmed_date,,not_recorded,,,,,unmatched,,,
447,Full Circle Brewing Co,Fresno,CA,,Micro,,,not_recorded,,not_recorded,,,,,unmatched,,,
448,Mad Duck Craft Brewing Company,Fresno,CA,,Brewpub,,,not_recorded,,not_recorded,,,,,unmatched,,,
449,Sackbut Brewing and Barrelwerks,Fresno,CA,,Micro,,,not_recorded,,not_recorded,,,,,unmatched,,,
450,Tioga-Sequoia Brewing Co,Fresno,CA,,Micro,,,not_recorded,,not_recorded,,,,,unmatched,,,
451,Zack’s Brewing Company,Fresno,CA,,Taproom,,,not_recorded,,not_recorded,,,,,unmatched,,,
452,Bootleggers Brewery,Fullerton,CA,,Micro,,,not_recorded,,not_recorded,,,,,unmatched,,,
453,Bootleggers Brewery,Fullerton,CA,,Micro,,,not_recorded,,not_recorded,,,,,unmatched,,,
454,River Rock Brewery,Galt,CA,,Taproom,,2020-04-11T00:00:00,confirmed_date,,not_recorded,,,,,unmatched,,,
455,BarmHaus Brewing Co.,Garden Valley,CA,,Micro,,,not_recorded,,not_recorded,,,,,unmatched,,,
456,Ximix Craft Exploration,Gardena,CA,,Taproom,,2020-02-01T00:00:00,confirmed_date,,not_recorded,,,,,unmatched,,,
457,Phantom Carriage Brewery,Gardena,CA,,Brewpub,,2020-02-07T00:00:00,confirmed_date,,not_recorded,,,,,unmatched,,,
458,Two Coast Brewing Co.,Gardena,CA,,Contract,,2020-02-07T00:00:00,confirmed_date,,not_recorded,,,,,unmatched,,,
459,State Brewing Co LLC,Gardena,CA,,Taproom,,,not_recorded,,not_recorded,,,,,unmatched,,,
460,Golden State Brew and Grill,Gilroy,CA,,Brewpub,,2020-04-11T00:00:00,confirmed_date,,not_recorded,,,,,unmatched,,,
461,Brewyard Beer Company LLC,Glendale,CA,,Taproom,,2020-03-03T00:00:00,confirmed_date,,not_recorded,,,,,unmatched,,,
462,Hollister Brewing Co,Goleta,CA,,Brewpub,,2020-03-03T00:00:00,confirmed_date,,not_recorded,,,,,unmatched,,,
463,Captain Fatty’s,Goleta,CA,,Micro,,,not_recorded,,not_recorded,,,,,unmatched,,,
464,Draughtsmen Aleworks,Goleta,CA,,Taproom,,,not_recorded,,not_recorded,,,,,unmatched,,,
465,M.Special Brewing Company,Goleta,CA,,Micro,,,not_recorded,,not_recorded,,,,,unmatched,,,
466,1849 Brewing Company,Grass Valley,CA,,Brewpub,,2019-08-29T00:00:00,confirmed_date,yes,confirmed_yes,yes,,,,unmatched,,,
467,Grass Valley Brewing Co.,Grass Valley,CA,,Brewpub,,,not_recorded,,not_recorded,,,,,unmatched,,,
468,"Bittersweet Brewing Company, LLC",Grover Beach,CA,,Taproom,,,not_recorded,,not_recorded,,,,,unmatched,,,
469,ManRock Brewing,Grover Beach,CA,,Brewpub,,,not_recorded,,not_recorded,,,,,unmatched,,,
470,Stumptown Brewery,Guerneville,CA,,Brewpub,,,not_recorded,,not_recorded,,,,,unmatched,,,
471,Sacrilege Brewing Project,Half Moon Bay,CA,,Brewpub,,2020-02-07T00:00:00,confirmed_date,,not_recorded,,,,,unmatched,,,
472,Half Moon Bay Brewing Co,Half Moon Bay,CA,,Brewpub,,2020-04-11T00:00:00,confirmed_date,,not_recorded,,,,,unmatched,,,
473,Hop Dogma Brewing Company,Half Moon Bay,CA,,Micro,,,not_recorded,,not_recorded,,,,,unmatched,,,
474,Hop Forged Brewing Company,Hanford,CA,,Taproom,,,not_recorded,,not_recorded,,,,,unmatched,,,
475,Common Space Brewery,Hawthorne,CA,,Taproom,,2020-03-03T00:00:00,confirmed_date,,not_recorded,,,,,unmatched,,,
476,Los Angeles Ale Works,Hawthorne,CA,,Taproom,,2020-03-03T00:00:00,confirmed_date,,not_recorded,,,,,unmatched,,,
477,Buffalo Bills Brewery,Hayward,CA,,Brewpub,,2020-03-03T00:00:00,confirmed_date,,not_recorded,,,,,unmatched,,,
478,Bear Republic Brewing Co,Healdsburg,CA,,Regional,,2020-03-03T00:00:00,confirmed_date,,not_recorded,,,,,unmatched,,,
479,Brewery At Abigaile,Hermosa Beach,CA,,Brewpub,,,not_recorded,,not_recorded,,,,,unmatched,,,
480,Desert Barn Brewing Co.,Hesperia,CA,,Brewpub,,2020-03-03T00:00:00,confirmed_date,,not_recorded,,,,,unmatched,,,
481,Oak Hills Brewing,Hesperia,CA,,Taproom,,,not_recorded,,not_recorded,,,,,unmatched,,,
482,Brewery Twenty Five,Hollister,CA,,Taproom,,2020-03-03T00:00:00,confirmed_date,,not_recorded,,,,,unmatched,,,
483,Grillin & Chillin Alehouse,Hollister,CA,,Brewpub,,,not_recorded,,not_recorded,,,,,unmatched,,,
484,"Humble Farmer Brewing Co., Inc.",Holtville,CA,,Taproom,,2020-03-03T00:00:00,confirmed_date,,not_recorded,,,,,unmatched,,,
485,Four Sons Brewing,Huntington Beach,CA,,Micro,,2020-03-03T00:00:00,confirmed_date,,not_recorded,,,,,unmatched,,,
486,Four Sons Brewing - Production,Huntington Beach,CA,,Micro,,2020-04-11T00:00:00,confirmed_date,,not_recorded,,,,,unmatched,,,
487,Beachwood Brewing,Huntington Beach,CA,,Micro,,,not_recorded,,not_recorded,,,,,unmatched,,,
488,Huntington Beach Beer Co,Huntington Beach,CA,,Brewpub,,,not_recorded,,not_recorded,,,,,unmatched,,,
489,Riip Beer Company,Huntington Beach,CA,,Taproom,,,not_recorded,,not_recorded,,,,,unmatched,,,
490,Idyllwild Brewpub,Idyllwild,CA,,Brewpub,,,not_recorded,,not_recorded,,,,,unmatched,,,
491,Humble Farmer Brewing Co.,Imperial,CA,,Brewpub,,2020-04-11T00:00:00,confirmed_date,,not_recorded,,,,,unmatched,,,
492,Pentagonal Brewing Co,Imperial,CA,,Taproom,,2020-04-11T00:00:00,confirmed_date,,not_recorded,,,,,unmatched,,,
493,Coronado Brewing Company Imperial Beach,Imperial Beach,CA,,Brewpub,,2019-04-20T00:00:00,confirmed_date,,not_recorded,,,,,unmatched,,,
494,Tortugo Brewing Company,Inglewood,CA,,Taproom,,2020-03-03T00:00:00,confirmed_date,,not_recorded,,,,,unmatched,,,
495,Three Weavers Brewing Company,Inglewood,CA,,Micro,,2020-04-11T00:00:00,confirmed_date,,not_recorded,,,,,unmatched,,,
496,Indian Wells Brewing Co,Inyokern,CA,,Micro,,,not_recorded,,not_recorded,,,,,unmatched,,,
497,Evans Brewing Co / Bayhawk Ales,Irvine,CA,,Micro,,2020-03-03T00:00:00,confirmed_date,,not_recorded,,,,,unmatched,,,
498,Left Coast Brewing Co. Tasting Room Smokehouse Distillery,Irvine,CA,,Brewpub,,,not_recorded,,not_recorded,,,,,unmatched,,,
499,MillerCoors Brewing Co - Irwindale,Irwindale,CA,,Largge,,2020-02-07T00:00:00,confirmed_date,,not_recorded,,,,,unmatched,,,
500,Bear Tent Brewing Co,Jamestown,CA,,Micro,,,not_recorded,,not_recorded,,,,,unmatched,,,
501,Jamul Brewing Co. - Production Only,Jamul,CA,,Micro,,,not_recorded,,not_recorded,,,,,unmatched,,,
502,Julian Beer Co,Julian,CA,,Brewpub,,,not_recorded,,not_recorded,,,,,unmatched,,,
503,Nickel Beer Company,Julian,CA,,Taproom,,,not_recorded,,not_recorded,,,,,unmatched,,,
504,June Lake Brewing,June Lake,CA,,Taproom,,,not_recorded,,not_recorded,,,,,unmatched,,,
505,Kelsey Creek Brewing,Kelseyville,CA,,Taproom,,,not_recorded,,not_recorded,,,,,unmatched,,,
506,TIPS Roadside,Kenwood,CA,,Brewpub,,2020-02-07T00:00:00,confirmed_date,,not_recorded,,,,,unmatched,,,
507,Palooza Brewery and Gastropub,Kenwood,CA,,Proprietor,,2020-03-03T00:00:00,confirmed_date,,not_recorded,,,,,unmatched,,,
508,The Den Smokehouse and Brewery,Kerman,CA,,Brewpub,,2020-03-03T00:00:00,confirmed_date,,not_recorded,,,,,unmatched,,,
509,Kern River Brewing Co,Kernville,CA,,Brewpub,,2020-03-03T00:00:00,confirmed_date,,not_recorded,,,,,unmatched,,,
510,Kern River Brewing Company Backyard,Kernville,CA,,Brewpub,,,not_recorded,,not_recorded,,,,,unmatched,,,
511,CAVU Brewery and Restaurant,La Jolla,CA,,Brewpub,,2020-02-07T00:00:00,confirmed_date,,not_recorded,,,,,unmatched,,,
512,Karl Strauss Brewing Co - La Jolla,La Jolla,CA,,Brewpub,,2020-02-07T00:00:00,confirmed_date,,not_recorded,,,,,unmatched,,,
513,The Fat Cat Beer Co,La Jolla,CA,,Contract,,2020-02-07T00:00:00,confirmed_date,,not_recorded,,,,,unmatched,,,
514,Rock Bottom Brewery - La Jolla,La Jolla,CA,,Brewpub,,2020-03-03T00:00:00,confirmed_date,,not_recorded,,,,,unmatched,,,
515,CAVU Brewing,La Jolla,CA,,Brewpub,,,not_recorded,,not_recorded,,,,,unmatched,,,
516,Bolt Brewery,La Mesa,CA,,Brewpub,,2020-04-11T00:00:00,confirmed_date,,not_recorded,,,,,unmatched,,,
517,Fourpenny House,La Mesa,CA,,Brewpub,,,not_recorded,,not_recorded,,,,,unmatched,,,
518,Helix Brewing Co,La Mesa,CA,,Taproom,,,not_recorded,,not_recorded,,,,,unmatched,,,
519,La Verne Brewing,La Verne,CA,,Taproom,,,not_recorded,,not_recorded,,,,,unmatched,,,
520,Laguna Beach Brewery and Grille,Laguna Beach,CA,,Brewpub,,2020-02-07T00:00:00,confirmed_date,,not_recorded,,,,,unmatched,,,
521,GameCraft Brewing,Laguna Hills,CA,,Brewpub,,2020-02-07T00:00:00,confirmed_date,,not_recorded,,,,,unmatched,,,
522,Waganupa Brewing,Lake Almanor,CA,,Taproom,,,not_recorded,,not_recorded,,,,,unmatched,,,
523,Craft Brewing Company,Lake Elsinore,CA,,Micro,,,not_recorded,,not_recorded,,,,,unmatched,,,
524,Stadium Pizza Main ST,Lake Elsinore,CA,,Brewpub,,,not_recorded,,not_recorded,,,,,unmatched,,,
525,O’Meara Bros. Brewing Company,Lakeport,CA,,Brewpub,,2020-04-11T00:00:00,confirmed_date,,not_recorded,,,,,unmatched,,,
526,Timeless Pints Brewing Co,Lakewood,CA,,Taproom,,2020-03-03T00:00:00,confirmed_date,,not_recorded,,,,,unmatched,,,
527,SHE Beverage company,Lancaster,CA,,Micro,,2020-03-03T00:00:00,confirmed_date,,not_recorded,,,,,unmatched,,,
528,Bravery Brewing,Lancaster,CA,,Micro,,,not_recorded,,not_recorded,,,,,unmatched,,,
529,Marin Brewing Co,Larkspur,CA,,Brewpub,,2020-03-03T00:00:00,confirmed_date,,not_recorded,,,,,exact,marin-brewing-co,content/breweries/marin-brewing-co.md,
530,13 Point Brewing,Lemon Grove,CA,,Taproom,,,not_recorded,,not_recorded,,,,,unmatched,,,
531,Bird Street Brewing,Lemoore,CA,,Taproom,,2020-03-03T00:00:00,confirmed_date,,not_recorded,,,,,unmatched,,,
532,GoatHouse Brewing Co.,Lincoln,CA,,Taproom,,2020-02-01T00:00:00,confirmed_date,,not_recorded,,,,,unmatched,,,
533,Buonarroti Ristorante,Lincoln,CA,,Brewpub,,,not_recorded,,not_recorded,,,,,unmatched,,,
534,Dueling Dogs Brewing Company,Lincoln,CA,,Taproom,,,not_recorded,,not_recorded,,,,,unmatched,,,
535,Working Man Brewing Co,Livermore,CA,,Micro,,2020-02-01T00:00:00,confirmed_date,,not_recorded,,,,,unmatched,,,
536,Sauced BBQ & Spirits,Livermore,CA,,Contract,,2020-02-07T00:00:00,confirmed_date,,not_recorded,,,,,unmatched,,,
537,Eight Bridges Brewing,Livermore,CA,,Micro,,2020-03-03T00:00:00,confirmed_date,,not_recorded,,,,,unmatched,,,
538,Gridlock Brewing Co,Livermore,CA,,Contract,,2020-03-03T00:00:00,confirmed_date,,not_recorded,,,,,unmatched,,,
539,Altamont Beer Works,Livermore,CA,,Micro,,,not_recorded,,not_recorded,,,,,unmatched,,,
540,Shadow Puppet Brewing Company,Livermore,CA,,Taproom,,,not_recorded,,not_recorded,,,,,unmatched,,,
541,Five Window Beer Co,Lodi,CA,,Brewpub,,2020-03-03T00:00:00,confirmed_date,,not_recorded,,,,,unmatched,,,
542,Idol Beer Works,Lodi,CA,,Micro,,2020-04-11T00:00:00,confirmed_date,,not_recorded,,,,,unmatched,,,
543,Lodi Beer Company,Lodi,CA,,Brewpub,,2020-04-11T00:00:00,confirmed_date,,not_recorded,,,,,unmatched,,,
544,The Dancing Fox,Lodi,CA,,Brewpub,,,not_recorded,,not_recorded,,,,,unmatched,,,
545,Brewhouse At Bear River,Loleta,CA,,Taproom,,,not_recorded,,not_recorded,,,,,unmatched,,,
546,Burnin Daylight Brewing Company,Lomita,CA,,Brewpub,,2020-03-03T00:00:00,confirmed_date,,not_recorded,,,,,unmatched,,,
547,Project Barley Brewery,Lomita,CA,,Taproom,,,not_recorded,,not_recorded,,,,,unmatched,,,
548,Solvang Brewing Company - Lompoc,Lompoc,CA,,Brewpub,,,not_recorded,,not_recorded,,,,,unmatched,,,
549,Trademark Brewing,Long Beach,CA,,Taproom,,2019-10-21T00:00:00,confirmed_date,,not_recorded,,,,,unmatched,,,
550,Beachwood BBQ & Brewing,Long Beach,CA,,Brewpub,,2019-11-13T00:00:00,confirmed_date,,not_recorded,,,,,unmatched,,,
551,Ballast Point Brewing Company,Long Beach,CA,,Largge,,2020-03-03T00:00:00,confirmed_date,,not_recorded,,,,,unmatched,,,
552,Beachwood Blendery,Long Beach,CA,,Micro,,2020-04-11T00:00:00,confirmed_date,,not_recorded,,,,,unmatched,,,
553,Ambitious Ales,Long Beach,CA,,Micro,,,not_recorded,,not_recorded,,,,,unmatched,,,
554,Belmont Brewing Co,Long Beach,CA,,Brewpub,,,not_recorded,,not_recorded,,,,,unmatched,,,
555,Dutch’s BrewHouse,Long Beach,CA,,Brewpub,,,not_recorded,,not_recorded,,,,,unmatched,,,
556,Liberation Brewing,Long Beach,CA,,Taproom,,,not_recorded,,not_recorded,,,,,unmatched,,,
557,Long Beach Beer Lab,Long Beach,CA,,Brewpub,,,not_recorded,,not_recorded,,,,,unmatched,,,
558,Rock Bottom Brewery - Long Beach,Long Beach,CA,,Brewpub,,,not_recorded,,not_recorded,,,,,unmatched,,,
559,Steady Brewing,Long Beach,CA,,Taproom,,,not_recorded,,not_recorded,,,,,unmatched,,,
560,Loomis Basin Brewing Co,Loomis,CA,,Micro,,2020-02-07T00:00:00,confirmed_date,,not_recorded,,,,,unmatched,,,
561,Dry River Brewing,Los Angeles,CA,,Micro,,2019-04-20T00:00:00,confirmed_date,yes,confirmed_yes,yes,https://www.dryriverbrewing.com/,https://www.instagram.com/dryriverbrewing/?hl=en,https://twitter.com/dryriverbrewing?lang=en,exact,dry-river-brewing,content/breweries/dry-river-brewing.md,
562,Modern Times - The Dankness Dojo,Los Angeles,CA,,Brewpub,,2019-11-27T00:00:00,confirmed_date,,not_recorded,,,,,unmatched,,,
563,Rho X,Los Angeles,ca,,,,2019-12-08T00:00:00,confirmed_date,,not_recorded,,,,,unmatched,,,
564,6th and La Brea,Los Angeles,CA,,Brewpub,,2020-02-07T00:00:00,confirmed_date,,not_recorded,,,,,unmatched,,,
565,MBF Brewing Co,Los Angeles,CA,,Contract,,2020-02-07T00:00:00,confirmed_date,,not_recorded,,,,,unmatched,,,
566,Sage Vegan Bistro and Brewery,Los Angeles,CA,,Brewpub,,2020-02-07T00:00:00,confirmed_date,,not_recorded,,,,,unmatched,,,
567,Boomtown Brewery,Los Angeles,CA,,Taproom,,2020-03-03T00:00:00,confirmed_date,,not_recorded,,,,,unmatched,,,
568,Einstok Beer Company,Los Angeles,CA,,Contract,,2020-03-03T00:00:00,confirmed_date,,not_recorded,,,,,unmatched,,,
569,Frogtown Brewery,Los Angeles,CA,,Taproom,,2020-03-03T00:00:00,confirmed_date,,not_recorded,,,,,unmatched,,,
570,Golden Road Brewing,Los Angeles,CA,,Largge,,2020-03-03T00:00:00,confirmed_date,,not_recorded,,,,,unmatched,,,
571,Imperial Western Beer Company,Los Angeles,CA,,Brewpub,,2020-03-03T00:00:00,confirmed_date,,not_recorded,,,,,unmatched,,,
572,Indie Brewing Company,Los Angeles,CA,,Taproom,,2020-03-03T00:00:00,confirmed_date,,not_recorded,,,,,unmatched,,,
573,Iron Triangle Brewing Company,Los Angeles,CA,,Micro,,2020-03-03T00:00:00,confirmed_date,,not_recorded,,,,,unmatched,,,
574,Karl Strauss Brewing Co - Downtown Los Angeles,Los Angeles,CA,,Brewpub,,2020-03-03T00:00:00,confirmed_date,,not_recorded,,,,,unmatched,,,
575,Reel Brew Co.,Los Angeles,CA,,Contract,,2020-03-03T00:00:00,confirmed_date,,not_recorded,,,,,unmatched,,,
576,Solarc Brewing,Los Angeles,CA,,Contract,,2020-03-03T00:00:00,confirmed_date,,not_recorded,,,,,unmatched,,,
577,The Stalking Horse,Los Angeles,CA,,Brewpub,,2020-03-03T00:00:00,confirmed_date,,not_recorded,,,,,unmatched,,,
578,Angel City Brewery,Los Angeles,CA,,Micro,,2020-04-11T00:00:00,confirmed_date,,not_recorded,,,,,unmatched,,,
579,Broxton,Los Angeles,CA,,Brewpub,,2020-04-11T00:00:00,confirmed_date,,not_recorded,,,,,unmatched,,,
580,Eagle Rock Brewery,Los Angeles,CA,,Micro,,2020-04-11T00:00:00,confirmed_date,,not_recorded,,,,,unmatched,,,
581,Highland Park Brewery,Los Angeles,CA,,Brewpub,,2020-04-11T00:00:00,confirmed_date,,not_recorded,,,,,unmatched,,,
582,Mumford Brewing Company,Los Angeles,CA,,Taproom,,2020-04-11T00:00:00,confirmed_date,,not_recorded,,,,,unmatched,,,
583,Ohana Brewing Co,Los Angeles,CA,,Micro,,2020-04-11T00:00:00,confirmed_date,,not_recorded,,,,,unmatched,,,
584,Arts District Brewing Company,Los Angeles,CA,,Brewpub,,,not_recorded,,not_recorded,,,,,unmatched,,,
585,Bonaventure Brewing Co,Los Angeles,CA,,Brewpub,,,not_recorded,,not_recorded,,,,,unmatched,,,
586,Highland Park Brewery,Los Angeles,CA,,Brewpub,,,not_recorded,,not_recorded,,,,,unmatched,,,
587,Tirebiter Brewery,Los Angeles,CA,,Brewpub,,,not_recorded,,not_recorded,,,,,unmatched,,,
588,Paraiso Brewery,Los Banos,CA,,Brewpub,,2020-03-03T00:00:00,confirmed_date,,not_recorded,,,,,unmatched,,,
589,Loma Brewing Company,Los Gatos,CA,,Brewpub,,2020-02-07T00:00:00,confirmed_date,,not_recorded,,,,,unmatched,,,
590,Riley’s Brewing Co,Madera,CA,,Micro,,2020-03-03T00:00:00,confirmed_date,,not_recorded,,,,,unmatched,,,
591,Three Monkeys Brewing Co,Madera,CA,,Contract,,2020-03-03T00:00:00,confirmed_date,,not_recorded,,,,,unmatched,,,
592,Second Son Brews,Madera,CA,,Taproom,,2020-04-11T00:00:00,confirmed_date,,not_recorded,,,,,unmatched,,,
593,Shelter Distilling,Mammoth Lakes,CA,,Brewpub,,2020-03-03T00:00:00,confirmed_date,,not_recorded,,,,,unmatched,,,
594,Black Doubt Brewing Company,Mammoth Lakes,CA,,Taproom,,,not_recorded,,not_recorded,,,,,unmatched,,,
595,Mammoth Brewing Company,Mammoth Lakes,CA,,Micro,,,not_recorded,,not_recorded,,,,,unmatched,,,
596,English Ales Brewery,Marina,CA,,Micro,,2020-04-11T00:00:00,confirmed_date,,not_recorded,,,,,unmatched,,,
597,Firestone Walker Brewing Co,Marina del Rey,CA,,Brewpub,,,not_recorded,,not_recorded,,,,,unmatched,,,
598,1850 Brewing Company,Mariposa,CA,,Micro,,2019-08-29T00:00:00,confirmed_date,,not_recorded,,,,,unmatched,,,
599,Rocksteady Brewing Co.,Martinez,CA,,Brewpub,,2020-04-11T00:00:00,confirmed_date,,not_recorded,,,,,unmatched,,,
600,Black Tusk Brewing,Martinez,CA,,Micro,,,not_recorded,,not_recorded,,,,,unmatched,,,
601,Del Cielo Brewing Co.,Martinez,CA,,Micro,,,not_recorded,,not_recorded,,,,,unmatched,,,
602,Five Suns Brewing,Martinez,CA,,Taproom,,,not_recorded,,not_recorded,,,,,unmatched,,,
603,Siskiyou Brew Works,Mccloud,CA,,Brewpub,,,not_recorded,,not_recorded,,,,,unmatched,,,
604,Humboldt Regeneration,McKinleyville,CA,,Taproom,,2020-04-11T00:00:00,confirmed_date,,not_recorded,,,,,unmatched,,,
605,Six Rivers Brewery,McKinleyville,CA,,Brewpub,,,not_recorded,,not_recorded,,,,,unmatched,,,
606,The Mason Jar Brewing Company,Menifee,CA,,Taproom,,2020-03-03T00:00:00,confirmed_date,,not_recorded,,,,,unmatched,,,
607,Mill Valley Beer Works,Mill Valley,CA,,Brewpub,,2020-02-07T00:00:00,confirmed_date,,not_recorded,,,,,unmatched,,,
608,Contentment Brewing Company,Modesto,CA,,Taproom,,2020-03-03T00:00:00,confirmed_date,,not_recorded,,,,,unmatched,,,
609,Stanislaus Brewing Co,Modesto,CA,,Brewpub,,2020-03-03T00:00:00,confirmed_date,,not_recorded,,,,,unmatched,,,
610,Persuasion Brewing Co,Modesto,CA,,Taproom,,,not_recorded,,not_recorded,,,,,unmatched,,,
611,Trader Joes - West Coast Office,Monrovia,CA,,Contract,,2019-10-21T00:00:00,confirmed_date,,not_recorded,,,,,unmatched,,,
612,Hop Secret Brewing Co,Monrovia,CA,,Taproom,,2020-03-03T00:00:00,confirmed_date,,not_recorded,,,,,unmatched,,,
613,Over Town Brewing Company,Monrovia,CA,,Micro,,2020-04-11T00:00:00,confirmed_date,,not_recorded,,,,,unmatched,,,
614,Pacific Plate Brewing Co,Monrovia,CA,,Taproom,,2020-04-11T00:00:00,confirmed_date,,not_recorded,,,,,unmatched,,,
615,Wingwalker Brewing,Monrovia,CA,,Taproom,,,not_recorded,,not_recorded,,,,,unmatched,,,
616,Revolt Brewing Company,Montclair,CA,,Taproom,,2020-03-03T00:00:00,confirmed_date,,not_recorded,,,,,unmatched,,,
617,Dragon’s Tale Brewery,Montclair,CA,,Taproom,,2020-04-11T00:00:00,confirmed_date,,not_recorded,,,,,unmatched,,,
618,Sandbox Brewing Company,Montclair,CA,,Micro,,2020-04-11T00:00:00,confirmed_date,,not_recorded,,,,,unmatched,,,
619,Angry Horse Brewing,Montebello,CA,,Taproom,,2020-03-03T00:00:00,confirmed_date,,not_recorded,,,,,unmatched,,,
620,Alvarado Street Brewery & Grill,Monterey,CA,,Brewpub,,2020-02-07T00:00:00,confirmed_date,,not_recorded,,,,,unmatched,,,
621,Peter B’s Brewpub,Monterey,CA,,Brewpub,,2020-04-11T00:00:00,confirmed_date,,not_recorded,,,,,unmatched,,,
622,Pacific Grove Brewing Company,Monterey,CA,,Micro,,,not_recorded,,not_recorded,,,,,unmatched,,,
623,Enegren Brewing Co,Moorpark,CA,,Taproom,,,not_recorded,,not_recorded,,,,,unmatched,,,
624,Canyon Club Brewery,Moraga,CA,,Brewpub,,2020-02-07T00:00:00,confirmed_date,,not_recorded,,,,,unmatched,,,
625,Woody’s Moreno Valley,Moreno Valley,CA,,Brewpub,,2020-02-01T00:00:00,confirmed_date,,not_recorded,,,,,unmatched,,,
626,Kelly Brewing Company,Morgan Hill,CA,,Taproom,,2020-03-03T00:00:00,confirmed_date,,not_recorded,,,,,unmatched,,,
627,Three Stacks and A Rock Brewing Co,Morro Bay,CA,,Brewpub,,,not_recorded,,not_recorded,,,,,unmatched,,,
628,Palo Alto Brewing Co,Mountain View,CA,,Contract,,2020-03-03T00:00:00,confirmed_date,,not_recorded,,,,,unmatched,,,
629,8 Bit Brewing Company,Murrieta,CA,,Brewpub,,2019-08-29T00:00:00,confirmed_date,,not_recorded,,,,,unmatched,,,
630,Inland Wharf Brewing Company,Murrieta,CA,,Taproom,,2020-04-11T00:00:00,confirmed_date,,not_recorded,,,,,unmatched,,,
631,Garage Brewing Company,Murrieta,CA,,Micro,,12/20.2019,date_needs_review,,not_recorded,,,,,unmatched,,,
632,Electric Brewing Co,Murrieta,CA,,Micro,,,not_recorded,,not_recorded,,,,,unmatched,,,
633,Napa Palisades Beer Company,Napa,CA,,Proprietor,,2020-02-07T00:00:00,confirmed_date,yes,confirmed_yes,,,,,unmatched,,,
634,Trade Brewing,Napa,CA,,Taproom,,2019-10-21T00:00:00,confirmed_date,,not_recorded,,,,,unmatched,,,
635,Hop Creek Pub,Napa,CA,,Brewpub,,2020-02-07T00:00:00,confirmed_date,,not_recorded,,,,,unmatched,,,
636,Tannery Bend Beerworks,Napa,CA,,Micro,,2020-02-07T00:00:00,confirmed_date,,not_recorded,,,,,unmatched,,,
637,Stone Brewing Napa,Napa,CA,,Brewpub,,2020-03-03T00:00:00,confirmed_date,,not_recorded,,,,,unmatched,,,
638,Tarla Mediterranean Bar and Grill,Napa,CA,,Brewpub,,2020-03-03T00:00:00,confirmed_date,,not_recorded,,,,,unmatched,,,
639,Carpe Diem Brewing Company,Napa,CA,,Brewpub,,2020-04-11T00:00:00,confirmed_date,,not_recorded,,,,,unmatched,,,
640,Downtown Joes Brewery and Restaurant,Napa,CA,,Brewpub,,2020-04-11T00:00:00,confirmed_date,,not_recorded,,,,,unmatched,,,
641,St Clair Brown Winery & Brewery,Napa,CA,,Taproom,,2020-04-11T00:00:00,confirmed_date,,not_recorded,,,,,unmatched,,,
642,The Runway By Patrick,Napa,CA,,Brewpub,,2020-04-11T00:00:00,confirmed_date,,not_recorded,,,,,unmatched,,,
643,Blue Note Napa,Napa,CA,,Brewpub,,,not_recorded,,not_recorded,,,,,unmatched,,,
644,Charlie Palmer Steak Napa,Napa,CA,,Brewpub,,,not_recorded,,not_recorded,,,,,unmatched,,,
645,Embarcadero Brewing Company,National City,CA,,Taproom,,2020-04-11T00:00:00,confirmed_date,,not_recorded,,,,,unmatched,,,
646,Three Forks Bakery & Brewing Company,Nevada City,CA,,Brewpub,,2020-02-07T00:00:00,confirmed_date,,not_recorded,,,,,unmatched,,,
647,Ol’ Republic Brewery,Nevada City,CA,,Micro,,2020-03-03T00:00:00,confirmed_date,,not_recorded,,,,,unmatched,,,
648,Hillenbrand Farmhaus Brewery,Newcastle,CA,,Taproom,,2020-04-11T00:00:00,confirmed_date,,not_recorded,,,,,unmatched,,,
649,Brewery Draconum,Newhall,CA,,Brewpub,,,not_recorded,,not_recorded,,,,,unmatched,,,
650,Helmsman Alehouse,Newport Beach,CA,,Brewpub,,2020-03-03T00:00:00,confirmed_date,,not_recorded,,,,,unmatched,,,
651,Cellador Ales,North Hills,CA,,Micro,,2020-03-03T00:00:00,confirmed_date,,not_recorded,,,,,unmatched,,,
652,Adobe Creek Brewing Company,Novato,CA,,Taproom,,2019-08-29T00:00:00,confirmed_date,,not_recorded,,,,,unmatched,,,
653,Indian Valley Brewing,Novato,CA,,Taproom,,2020-03-03T00:00:00,confirmed_date,,not_recorded,,,,,unmatched,,,
654,Moylan’s Brewery & Restaurant,Novato,CA,,Brewpub,,2020-04-11T00:00:00,confirmed_date,,not_recorded,,,,,unmatched,,,
655,Last Call Brewing Company,Oakdale,CA,,Taproom,,2020-03-03T00:00:00,confirmed_date,,not_recorded,,,,,unmatched,,,
656,South Gate Brewing Co,Oakhurst,CA,,Brewpub,,,not_recorded,,not_recorded,,,,,unmatched,,,
657,Aisle 5,Oakland,CA,,Brewpub,,2019-08-29T00:00:00,confirmed_date,,not_recorded,,,,,unmatched,,,
658,Ale Industries,Oakland,CA,,Micro,,2019-08-29T00:00:00,confirmed_date,,not_recorded,,,,,unmatched,,,
659,Oakland United Beerworks,Oakland,CA,,Micro,,2020-02-07T00:00:00,confirmed_date,,not_recorded,,,,,unmatched,,,
660,Federation Brewing,Oakland,CA,,Micro,,2020-03-03T00:00:00,confirmed_date,,not_recorded,,,,,unmatched,,,
661,Hoi Polloi Brewing - Production Facility,Oakland,CA,,Taproom,,2020-03-03T00:00:00,confirmed_date,,not_recorded,,,,,unmatched,,,
662,Woods Bar & Brewery,Oakland,CA,,Taproom,,2020-03-03T00:00:00,confirmed_date,,not_recorded,,,,,unmatched,,,
663,Ghost Town Brewing,Oakland,CA,,Micro,,2020-04-11T00:00:00,confirmed_date,,not_recorded,,,,,unmatched,,,
664,Old Kan Beer & Co,Oakland,CA,,Brewpub,,2020-04-11T00:00:00,confirmed_date,,not_recorded,,,,,unmatched,,,
665,Woods Beer Company,Oakland,CA,,Taproom,,2020-04-11T00:00:00,confirmed_date,,not_recorded,,,,,unmatched,,,
666,Independent Brewing Co,Oakland,CA,,Taproom,,,not_recorded,,not_recorded,,,,,unmatched,,,
667,Novel Brewing Company,Oakland,CA,,Taproom,,,not_recorded,,not_recorded,,,,,unmatched,,,
668,Original Pattern Brewing Company,Oakland,CA,,Micro,,,not_recorded,,not_recorded,,,,,unmatched,,,
669,Roses’ Taproom,Oakland,CA,,Taproom,,,not_recorded,,not_recorded,,,,,unmatched,,,
670,Temescal Brewing,Oakland,CA,,Micro,,,not_recorded,,not_recorded,,,,,unmatched,,,
671,Temescal Brewing,Oakland,CA,,Taproom,,,not_recorded,,not_recorded,,,,,unmatched,,,
672,Belching Beaver Brewery,Oceanside,CA,,Regional,,2020-02-07T00:00:00,confirmed_date,,not_recorded,,,,,unmatched,,,
673,Bagby Beer Company,Oceanside,CA,,Brewpub,,2020-03-03T00:00:00,confirmed_date,,not_recorded,,,,,unmatched,,,
674,Horus Aged Ales,Oceanside,CA,,Micro,,2020-03-03T00:00:00,confirmed_date,,not_recorded,,,,,unmatched,,,
675,Legacy Brewing Company,Oceanside,CA,,Micro,,2020-03-03T00:00:00,confirmed_date,,not_recorded,,,,,unmatched,,,
676,Oceanside Brewing Company,Oceanside,CA,,Taproom,,2020-03-03T00:00:00,confirmed_date,,not_recorded,,,,,unmatched,,,
677,Black Plague Brewing,Oceanside,CA,,Taproom,,2020-04-11T00:00:00,confirmed_date,,not_recorded,,,,,unmatched,,,
678,Breakwater Brewing Co,Oceanside,CA,,Brewpub,,,not_recorded,,not_recorded,,,,,unmatched,,,
679,Mason Ale Works,Oceanside,CA,,Micro,,,not_recorded,,not_recorded,,,,,unmatched,,,
680,Northern Pine Brewing,Oceanside,CA,,Taproom,,,not_recorded,,not_recorded,,,,,unmatched,,,
681,Ojai Valley Brewery,Ojai,CA,,Micro,,,not_recorded,,not_recorded,,,,,unmatched,,,
682,Chino Valley Brewery,Ontario,CA,,Taproom,,2020-03-03T00:00:00,confirmed_date,,not_recorded,,,,,unmatched,,,
683,Strum Brewing Company,Ontario,CA,,Taproom,,2020-03-03T00:00:00,confirmed_date,,not_recorded,,,,,exact,strum-brewing-company,content/breweries/strum-brewing-company.md,
684,Green Cheek Beer Company,Orange,CA,,Micro,,2020-03-03T00:00:00,confirmed_date,,not_recorded,,,,,unmatched,,,
685,Black Cock Brewing Company,Orange,CA,,Taproom,,,not_recorded,,not_recorded,,,,,unmatched,,,
686,Chapman Crafted Beer,Orange,CA,,Micro,,,not_recorded,,not_recorded,,,,,unmatched,,,
687,Palm Tree Brewing Company,Orangevale,CA,,Taproom,,2020-03-03T00:00:00,confirmed_date,,not_recorded,,,,,unmatched,,,
688,Blast 825 Brewery,Orcutt,CA,,Brewpub,,2020-02-07T00:00:00,confirmed_date,,not_recorded,,,,,unmatched,,,
689,Naughty Oak Brewing Company,Orcutt,CA,,Taproom,,,not_recorded,,not_recorded,,,,,unmatched,,,
690,Feather Falls Brewing Co,Oroville,CA,,Brewpub,,2020-04-11T00:00:00,confirmed_date,,not_recorded,,,,,unmatched,,,
691,Miner’s Alley Brewing Company,Oroville,CA,,Brewpub,,,not_recorded,,not_recorded,,,,,unmatched,,,
692,Red Tandem Brewery,Oxnard,CA,,Taproom,,2020-03-03T00:00:00,confirmed_date,,not_recorded,,,,,unmatched,,,
693,Casa Agria Specialty Ales,Oxnard,CA,,Micro,,2020-04-11T00:00:00,confirmed_date,,not_recorded,,,,,unmatched,,,
694,Pedro Point Brewing,Pacifica,CA,,Taproom,,,not_recorded,,not_recorded,,,,,unmatched,,,
695,La Quinta Brewing Co,Palm Desert,CA,,Micro,,,not_recorded,,not_recorded,,,,,unmatched,,,
696,St. Arnulf’s Brewing At Bouchee,Palm Desert,CA,,Brewpub,,,not_recorded,,not_recorded,,,,,unmatched,,,
697,Transplants Brewing Company,Palmdale,CA,,Micro,,2020-02-07T00:00:00,confirmed_date,,not_recorded,,,,,unmatched,,,
698,Lucky Luke Brewing Company,Palmdale,CA,,Taproom,,2020-03-03T00:00:00,confirmed_date,,not_recorded,,,,,unmatched,,,
699,Dan Gordon’s,Palo Alto,CA,,Brewpub,,,not_recorded,,not_recorded,,,,,unmatched,,,
700,Dr Jekyll’s Craft Beer,Pasadena,CA,,Contract,,2020-03-03T00:00:00,confirmed_date,,not_recorded,,,,,unmatched,,,
701,Craftsman Brewing Co,Pasadena,CA,,Micro,,,not_recorded,,not_recorded,,,,,unmatched,,,
702,Firestone Walker Brewing Co,Paso Robles,CA,,Regional,,2019-11-13T00:00:00,confirmed_date,,not_recorded,,,,,unmatched,,,
703,Kilokilo Brewing Company,Paso Robles,CA,,Brewpub,,2020-02-07T00:00:00,confirmed_date,,not_recorded,,,,,unmatched,,,
704,Earth And Fire Brewing Company,Paso Robles,CA,,Taproom,,2020-03-03T00:00:00,confirmed_date,,not_recorded,,,,,unmatched,,,
705,Paso Robles Casino / Craft Paso Bar,Paso Robles,CA,,Brewpub,,2020-03-03T00:00:00,confirmed_date,,not_recorded,,,,,unmatched,,,
706,Silva Brewing,Paso Robles,CA,,Micro,,2020-04-11T00:00:00,confirmed_date,,not_recorded,,,,,unmatched,,,
707,Barrelhouse Brewing,Paso Robles,CA,,Micro,,,not_recorded,,not_recorded,,,,,unmatched,,,
708,Toro Creek Brewing Co,Paso Robles,CA,,Taproom,,,not_recorded,,not_recorded,,,,,unmatched,,,
709,Highway 1 Brewing Company,Pescadero,CA,,Brewpub,,,not_recorded,,not_recorded,,,,,unmatched,,,
710,Henhouse Brewing Company Palace of Barrels,Petaluma,CA,,Micro,,2020-03-03T00:00:00,confirmed_date,,not_recorded,,,,,unmatched,,,
711,Lagunitas Brewing Co,Petaluma,CA,,Largge,,12/20.2019,date_needs_review,,not_recorded,,,,,unmatched,,,
712,101 North Brewing Company,Petaluma,CA,,Micro,,,not_recorded,,not_recorded,,,,,unmatched,,,
713,256 North Restaurant,Petaluma,CA,,Brewpub,,,not_recorded,,not_recorded,,,,,unmatched,,,
714,Dempsey’s Restaurant And Brewery,Petaluma,CA,,Brewpub,,,not_recorded,,not_recorded,,,,,unmatched,,,
715,Pismo Brewing Co,Pismo Beach,CA,,Brewpub,,,not_recorded,,not_recorded,,,,,unmatched,,,
716,E.J. Phair Brewing Co.,Pittsburg,CA,,Micro,,,not_recorded,,not_recorded,,,,,unmatched,,,
717,"Bruery, The",Placentia,CA,,Micro,,2020-04-11T00:00:00,confirmed_date,,not_recorded,,,,,unmatched,,,
718,Stereo Brewing Co,Placentia,CA,,Taproom,,,not_recorded,,not_recorded,,,,,unmatched,,,
719,Old Hangtown Beer Works,Placerville,CA,,Micro,,2020-02-07T00:00:00,confirmed_date,,not_recorded,,,,,unmatched,,,
720,Gold Hill Brewery,Placerville,CA,,Taproom,,2020-03-03T00:00:00,confirmed_date,,not_recorded,,,,,unmatched,,,
721,Placerville Brewing Co,Placerville,CA,,Brewpub,,2020-03-03T00:00:00,confirmed_date,,not_recorded,,,,,unmatched,,,
722,Outbreak Brewing Co.,Placerville,CA,,Taproom,,,not_recorded,,not_recorded,,,,,unmatched,,,
723,Mount Diablo Brewing Company,Pleasanton,CA,,Micro,,2020-02-07T00:00:00,confirmed_date,,not_recorded,,,,,unmatched,,,
724,Pleasanton Main St Brewery,Pleasanton,CA,,Brewpub,,,not_recorded,,not_recorded,,,,,unmatched,,,
725,Amador Brewing Company,Plymouth,CA,,Taproom,,2020-03-03T00:00:00,confirmed_date,,not_recorded,,,,,unmatched,,,
726,Old Stump Brewery,Pomona,CA,,Taproom,,2020-03-03T00:00:00,confirmed_date,,not_recorded,,,,,unmatched,,,
727,Homage Brewing,Pomona,CA,,Taproom,,,not_recorded,,not_recorded,,,,,unmatched,,,
728,Innovation Brew Works,Pomona,CA,,Brewpub,,,not_recorded,,not_recorded,,,,,unmatched,,,
729,Sanctum Brewing Co,Pomona,CA,,Taproom,,,not_recorded,,not_recorded,,,,,unmatched,,,
730,Hare In the Forest,Potter Valley,CA,,Micro,,,not_recorded,,not_recorded,,,,,unmatched,,,
731,Lightning Brewery,Poway,CA,,Micro,,2020-04-11T00:00:00,confirmed_date,,not_recorded,,,,,unmatched,,,
732,Farmers Brewing Co,Princeton,CA,,Micro,,2020-04-11T00:00:00,confirmed_date,,not_recorded,,,,,unmatched,,,
733,Quintopia Brewing Co,Quincy,CA,,Brewpub,,2020-04-11T00:00:00,confirmed_date,,not_recorded,,,,,unmatched,,,
734,Smoking Cannon Brewery,Ramona,CA,,Taproom,,2020-03-03T00:00:00,confirmed_date,,not_recorded,,,,,unmatched,,,
735,Burning Barrel Brewing Company,Rancho Cordova,CA,,Taproom,,2020-03-03T00:00:00,confirmed_date,,not_recorded,,,,,unmatched,,,
736,Claimstake Brewing Company,Rancho Cordova,CA,,Taproom,,2020-03-03T00:00:00,confirmed_date,,not_recorded,,,,,exact,claimstake-brewing-company,content/breweries/claimstake-brewing-company.md,
737,Fort Rock Brewing,Rancho Cordova,CA,,Taproom,,,not_recorded,,not_recorded,,,,,unmatched,,,
738,Thin Line Brewing Co,Rancho Cordova,CA,,Taproom,,,not_recorded,,not_recorded,,,,,unmatched,,,
739,No Clue Craft Brewery,Rancho Cucamonga,CA,,Micro,,2019-11-03T00:00:00,confirmed_date,,not_recorded,,,,,unmatched,,,
740,Hamilton Family Brewery,Rancho Cucamonga,CA,,Taproom,,2020-03-03T00:00:00,confirmed_date,,not_recorded,,,,,unmatched,,,
741,Solorio Brewing Co,Rancho Cucamonga,CA,,Taproom,,2020-03-03T00:00:00,confirmed_date,,not_recorded,,,,,unmatched,,,
742,Kings Brewing Company,Rancho Cucamonga,CA,,Taproom,,,not_recorded,,not_recorded,,,,,unmatched,,,
743,Rowdy’s Brewing Company,Rancho Cucamonga,CA,,Taproom,,,not_recorded,,not_recorded,,,,,unmatched,,,
744,Babe’s Bar-B-Que and Brewhouse,Rancho Mirage,CA,,Brewpub,,2020-04-11T00:00:00,confirmed_date,,not_recorded,,,,,unmatched,,,
745,Laguna Beach Beer Co,Rancho Santa Margarita,CA,,Brewpub,,2020-03-03T00:00:00,confirmed_date,,not_recorded,,,,,unmatched,,,
746,Cedar Crest Brewing and Wine Bar,Red Bluff,CA,,Brewpub,,2020-04-11T00:00:00,confirmed_date,,not_recorded,,,,,unmatched,,,
747,Fall River Brewing Company,Redding,CA,,Micro,,,not_recorded,,not_recorded,,,,,unmatched,,,
748,Final Draft Brewing Company,Redding,CA,,Brewpub,,,not_recorded,,not_recorded,,,,,unmatched,,,
749,Woody’s Brewery,Redding,CA,,Brewpub,,,not_recorded,,not_recorded,,,,,unmatched,,,
750,Hangar 24 Craft Brewery,Redlands,CA,,Regional,,2020-03-03T00:00:00,confirmed_date,yes,confirmed_yes,,https://hangar24brewing.com/,https://www.instagram.com/hangar24brewing/,https://twitter.com/Hangar24Brewing,unmatched,,,
751,Bootlegger’s Brewery Redlands,Redlands,CA,,Micro,,2020-04-11T00:00:00,confirmed_date,,not_recorded,,,,,unmatched,,,
752,Escape Craft Brewery,Redlands,CA,,Micro,,,not_recorded,,not_recorded,,,,,unmatched,,,
753,Ritual Brewing Co,Redlands,CA,,Micro,,,not_recorded,,not_recorded,,,,,unmatched,,,
754,Extralegal Brewing,Redondo Beach,CA,,Micro,,2020-02-07T00:00:00,confirmed_date,,not_recorded,,,,,unmatched,,,
755,Shaft Brewery,Redondo Beach,CA,,Micro,,2020-02-07T00:00:00,confirmed_date,,not_recorded,,,,,unmatched,,,
756,King Harbor Brewing Co,Redondo Beach,CA,,Micro,,,not_recorded,,not_recorded,,,,,unmatched,,,
757,FreeWheel Brewing Co,Redwood City,CA,,Taproom,,,not_recorded,,not_recorded,,,,,unmatched,,,
758,Ghostwood Beer Company,Redwood City,CA,,Taproom,,,not_recorded,,not_recorded,,,,,unmatched,,,
759,Benoit-Casper Brewing,Richmond,CA,,Taproom,,2020-03-03T00:00:00,confirmed_date,,not_recorded,,,,,unmatched,,,
760,East Brother Beer Company,Richmond,CA,,Micro,,2020-03-03T00:00:00,confirmed_date,,not_recorded,,,,,unmatched,,,
761,Armistice Brewing Company,Richmond,CA,,Taproom,,2020-04-11T00:00:00,confirmed_date,,not_recorded,,,,,unmatched,,,
762,Delicious Science Brewing,Riverside,CA,,Micro,,2020-02-07T00:00:00,confirmed_date,,not_recorded,,,,,unmatched,,,
763,Thompson Brewing Co,Riverside,CA,,Brewpub,,2020-02-07T00:00:00,confirmed_date,,not_recorded,,,,,unmatched,,,
764,Inland Empire Brewing Co,Riverside,CA,,Proprietor,,2020-03-03T00:00:00,confirmed_date,,not_recorded,,,,,unmatched,,,
765,Route 30 Brewing Company,Riverside,CA,,Taproom,,2020-03-03T00:00:00,confirmed_date,,not_recorded,,,,,unmatched,,,
766,Wicks Brewing Company LLC,Riverside,CA,,Brewpub,,2020-03-03T00:00:00,confirmed_date,,not_recorded,,,,,unmatched,,,
767,Euryale Brewing Co,Riverside,CA,,Taproom,,2020-04-11T00:00:00,confirmed_date,,not_recorded,,,,,unmatched,,,
768,Heroes Restaurant and Brewery,Riverside,CA,,Brewpub,,,not_recorded,,not_recorded,,,,,unmatched,,,
769,"Packinghouse Brewing Co, The",Riverside,CA,,Taproom,,,not_recorded,,not_recorded,,,,,unmatched,,,
770,5150 Brewery At The Brass Tap Rocklin,Rocklin,CA,,Brewpub,,2020-03-03T00:00:00,confirmed_date,,not_recorded,,,,,unmatched,,,
771,Moksa Brewing Co,Rocklin,CA,,Micro,,2020-04-11T00:00:00,confirmed_date,,not_recorded,,,,,unmatched,,,
772,Skipolini’s Pizza,Rocklin,CA,,Brewpub,,2020-04-11T00:00:00,confirmed_date,,not_recorded,,,,,unmatched,,,
773,Kathrin’s Biergarten,Rocklin,CA,,Brewpub,,,not_recorded,,not_recorded,,,,,unmatched,,,
774,Out of Bounds Brewing Company,Rocklin,CA,,Micro,,,not_recorded,,not_recorded,,,,,unmatched,,,
775,Bear Republic Brewing Co Pub & Restaurant - Lakeside,Rohnert Park,CA,,Brewpub,,,not_recorded,,not_recorded,,,,,unmatched,,,
776,Old Caz Beer,Rohnert Park,CA,,Taproom,,,not_recorded,,not_recorded,,,,,unmatched,,,
777,La Provence Restaurant,Roseville,CA,,Brewpub,,2020-02-07T00:00:00,confirmed_date,,not_recorded,,,,,unmatched,,,
778,Carmelita’s Mexican Restaurant,Roseville,CA,,Brewpub,,2020-03-03T00:00:00,confirmed_date,,not_recorded,,,,,unmatched,,,
779,Monk’s Cellar,Roseville,CA,,Taproom,,,not_recorded,,not_recorded,,,,,unmatched,,,
780,New Helvetia Brewing Company,Sacramento,CA,,Taproom,,2019-04-20T00:00:00,confirmed_date,yes,confirmed_yes,yes,https://www.newhelvetiabrew.com/,https://www.instagram.com/newhelvetiabrew/?hl=en,https://twitter.com/newhelvetiabrew?lang=en,unmatched,,,
781,Tower Brewing,Sacramento,CA,,Taproom,,2019-04-20T00:00:00,confirmed_date,yes,confirmed_yes,yes,https://www.towerbrewingcompany.com/,https://www.instagram.com/towerbrewingco/,,exact,tower-brewing,content/breweries/tower-brewing.md,
782,Big Sexy Brewing Company,Sacramento,CA,,Taproom,,2019-04-20T00:00:00,confirmed_date,,not_recorded,,,,,unmatched,,,
783,Alaro Craft Brewery,Sacramento,CA,,Brewpub,,2019-08-29T00:00:00,confirmed_date,,not_recorded,,,,,unmatched,,,
784,Track 7 Brewing Co - Curtis Park,Sacramento,CA,,Regional,,2019-10-21T00:00:00,confirmed_date,,not_recorded,,,,,unmatched,,,
785,Track 7 Brewing Co - Natomas,Sacramento,CA,,Micro,,2019-10-21T00:00:00,confirmed_date,,not_recorded,,,,,unmatched,,,
786,River City Brewing Co,Sacramento,CA,,Brewpub,,2020-02-07T00:00:00,confirmed_date,,not_recorded,,,,,unmatched,,,
787,Urban Roots Brewing,Sacramento,CA,,Brewpub,,2020-02-07T00:00:00,confirmed_date,,not_recorded,,,,,unmatched,,,
788,DarkHeart Brewing,Sacramento,CA,,Taproom,,2020-03-03T00:00:00,confirmed_date,,not_recorded,,,,,unmatched,,,
789,Golden Road Brewing Co,Sacramento,CA,,Largge,,2020-03-03T00:00:00,confirmed_date,,not_recorded,,,,,unmatched,,,
790,New Glory Craft Brewery,Sacramento,CA,,Taproom,,2020-03-03T00:00:00,confirmed_date,,not_recorded,,,,,unmatched,,,
791,Big Stump Brewing Company,Sacramento,CA,,Taproom,,2020-04-11T00:00:00,confirmed_date,,not_recorded,,,,,unmatched,,,
792,Device Brewing Company,Sacramento,CA,,Taproom,,2020-04-11T00:00:00,confirmed_date,,not_recorded,,,,,exact,device-brewing-company,content/breweries/device-brewing-company.md,
793,King Cong Brewing Company,Sacramento,CA,,Brewpub,,2020-04-11T00:00:00,confirmed_date,,not_recorded,,,,,unmatched,,,
794,Ruhstaller Beer,Sacramento,CA,,Taproom,,2020-04-11T00:00:00,confirmed_date,,not_recorded,,,,,unmatched,,,
795,Asian Brothers Brewing Company,Sacramento,CA,,Brewpub,,,not_recorded,,not_recorded,,,,,unmatched,,,
796,At Ease Brewing,Sacramento,CA,,Taproom,,,not_recorded,,not_recorded,,,,,unmatched,,,
797,Fountainhead Brewing Co,Sacramento,CA,,Taproom,,,not_recorded,,not_recorded,,,,,unmatched,,,
798,Hoppy Brewing Co,Sacramento,CA,,Micro,,,not_recorded,,not_recorded,,,,,unmatched,,,
799,Oak Park Brewing Co.,Sacramento,CA,,Brewpub,,,not_recorded,,not_recorded,,,,,unmatched,,,
800,Porchlight Brewing Company,Sacramento,CA,,Taproom,,,not_recorded,,not_recorded,,,,,unmatched,,,
801,Sacrament Brewing,Sacramento,CA,,Taproom,,,not_recorded,,not_recorded,,,,,unmatched,,,
802,Mad Fritz,Saint Helena,CA,,Taproom,,,not_recorded,,not_recorded,,,,,unmatched,,,
803,Monterey Coast Brewing,Salinas,CA,,Brewpub,,2020-02-07T00:00:00,confirmed_date,,not_recorded,,,,,unmatched,,,
804,Alvarado Street Brewery,Salinas,CA,,Micro,,2020-03-03T00:00:00,confirmed_date,,not_recorded,,,,,unmatched,,,
805,Devil’s Canyon Brewing Company,San Carlos,CA,,Micro,,2020-02-07T00:00:00,confirmed_date,,not_recorded,,,,,unmatched,,,
806,Blue Oak Brewing Co,San Carlos,CA,,Taproom,,2020-03-03T00:00:00,confirmed_date,,not_recorded,,,,,unmatched,,,
807,Artifex Brewing Company,San Clemente,CA,,Micro,,2019-11-27T00:00:00,confirmed_date,,not_recorded,,,,,unmatched,,,
808,Lost Winds Brewing Company,San Clemente,CA,,Taproom,,2020-04-11T00:00:00,confirmed_date,,not_recorded,,,,,unmatched,,,
809,Pizza Port San Clemente,San Clemente,CA,,Brewpub,,2020-04-11T00:00:00,confirmed_date,,not_recorded,,,,,unmatched,,,
810,Left Coast Brewing Co.,San Clemente,CA,,Micro,,,not_recorded,,not_recorded,,,,,unmatched,,,
811,Mike Hess Brewing,San Diego,CA,,Micro,,2019-04-20T00:00:00,confirmed_date,yes,confirmed_yes,yes,https://www.mikehessbrewing.com/,https://www.instagram.com/mikehessbrewing/?hl=en,https://twitter.com/MikeHessBrewing,exact,mike-hess-brewing,content/breweries/mike-hess-brewing.md,
812,Abnormal Beer Company,San Diego,CA,,Micro,,2019-08-29T00:00:00,confirmed_date,yes,confirmed_yes,yes,,,,unmatched,,,
813,Bivuoac Ciderworks,San Diego,CA,,Micro,,yes,confirmed_yes,yes,confirmed_yes,yes,,,,unmatched,,,
814,AleSmith Brewing Co,San Diego,CA,,Regional,,2019-08-29T00:00:00,confirmed_date,,not_recorded,,,,,unmatched,,,
815,Align Brewing Co,San Diego,CA,,Taproom,,2019-08-29T00:00:00,confirmed_date,,not_recorded,,,,,unmatched,,,
816,Melvin Brewing San Diego Brewpub,San Diego,CA,,Brewpub,,2019-10-26T00:00:00,confirmed_date,,not_recorded,,,,,unmatched,,,
817,Coronado Brewing Co - Production Facility,San Diego,CA,,Regional,,2019-11-03T00:00:00,confirmed_date,,not_recorded,,,,,unmatched,,,
818,Mike Hess Brewing - Miramar,San Diego,CA,,Micro,,2019-11-03T00:00:00,confirmed_date,,not_recorded,,,,,unmatched,,,
819,Mikkeller Brewing San Diego,San Diego,CA,,Micro,,2019-11-03T00:00:00,confirmed_date,,not_recorded,,,,,unmatched,,,
820,Modern Times Barrel House,San Diego,CA,,Micro,,2019-11-27T00:00:00,confirmed_date,,not_recorded,,,,,unmatched,,,
821,Modern Times Beer,San Diego,CA,,Regional,,2019-11-27T00:00:00,confirmed_date,,not_recorded,,,,,unmatched,,,
822,Attitude Brewing Company,San Diego,CA,,Brewpub,,2020-02-07T00:00:00,confirmed_date,,not_recorded,,,,,unmatched,,,
823,Automatic Brewing Co. / Blind Lady Alehouse,San Diego,CA,,Brewpub,,2020-02-07T00:00:00,confirmed_date,,not_recorded,,,,,unmatched,,,
824,Hillcrest Brewing Company,San Diego,CA,,Brewpub,,2020-02-07T00:00:00,confirmed_date,,not_recorded,,,,,unmatched,,,
825,Karl Strauss Brewing Co,San Diego,CA,,Regional,,2020-02-07T00:00:00,confirmed_date,,not_recorded,,,,,unmatched,,,
826,Oggis Pizza & Brewing Co - Carmel Mountain Ranch,San Diego,CA,,Brewpub,,2020-02-07T00:00:00,confirmed_date,,not_recorded,,,,,unmatched,,,
827,Pacific Beach Ale House,San Diego,CA,,Brewpub,,2020-02-07T00:00:00,confirmed_date,,not_recorded,,,,,unmatched,,,
828,Pariah Brewing Company,San Diego,CA,,Micro,,2020-02-07T00:00:00,confirmed_date,,not_recorded,,,,,candidate,,,Parish Brewing Company
829,10 Barrel Brewing Co,San Diego,CA,,Largge,,2020-03-03T00:00:00,confirmed_date,,not_recorded,,,,,exact,10-barrel-brewing-co,content/breweries/10-barrel-brewing-co.md,
830,Amplified Ale Works Miramar Studio,San Diego,CA,,Brewpub,,2020-03-03T00:00:00,confirmed_date,,not_recorded,,,,,unmatched,,,
831,Ballast Point Brewing Co / Home Brew Mart,San Diego,CA,,Largge,,2020-03-03T00:00:00,confirmed_date,,not_recorded,,,,,unmatched,,,
832,Ballast Point Brewing Company,San Diego,CA,,Largge,,2020-03-03T00:00:00,confirmed_date,,not_recorded,,,,,unmatched,,,
833,Ballast Point Brewing Company - Little Italy,San Diego,CA,,Largge,,2020-03-03T00:00:00,confirmed_date,,not_recorded,,,,,unmatched,,,
834,Bitter Brothers Brewing Co.,San Diego,CA,,Taproom,,2020-03-03T00:00:00,confirmed_date,,not_recorded,,,,,unmatched,,,
835,Border X Logan,San Diego,CA,,Brewpub,,2020-03-03T00:00:00,confirmed_date,,not_recorded,,,,,unmatched,,,
836,Constellation Brands,San Diego,CA,,Large,,2020-03-03T00:00:00,confirmed_date,,not_recorded,,,,,unmatched,,,
837,Deft Brewing,San Diego,CA,,Taproom,,2020-03-03T00:00:00,confirmed_date,,not_recorded,,,,,unmatched,,,
838,Green Flash Brewing Co,San Diego,CA,,Regional,,2020-03-03T00:00:00,confirmed_date,,not_recorded,,,,,unmatched,,,
839,Half Door Brewing Company,San Diego,CA,,Brewpub,,2020-03-03T00:00:00,confirmed_date,,not_recorded,,,,,unmatched,,,
840,Kairoa Brewing Company,San Diego,CA,,Brewpub,,2020-03-03T00:00:00,confirmed_date,,not_recorded,,,,,unmatched,,,
841,Knotty Brewing Co.,San Diego,CA,,Taproom,,2020-03-03T00:00:00,confirmed_date,,not_recorded,,,,,unmatched,,,
842,Mission Brewery,San Diego,CA,,Regional,,2020-03-03T00:00:00,confirmed_date,,not_recorded,,,,,exact,mission-brewery,content/breweries/mission-brewery.md,
843,Ocean Beach Brewery,San Diego,CA,,Brewpub,,2020-03-03T00:00:00,confirmed_date,,not_recorded,,,,,unmatched,,,
844,Poor House Brewing,San Diego,CA,,Taproom,,2020-03-03T00:00:00,confirmed_date,,not_recorded,,,,,unmatched,,,
845,Protector Brewery LLC,San Diego,CA,,Taproom,,2020-03-03T00:00:00,confirmed_date,,not_recorded,,,,,unmatched,,,
846,Rough Draft Brewing,San Diego,CA,,Micro,,2020-03-03T00:00:00,confirmed_date,,not_recorded,,,,,unmatched,,,
847,The Original 40 Brewing Company,SAN DIEGO,CA,,Brewpub,,2020-03-03T00:00:00,confirmed_date,,not_recorded,,,,,unmatched,,,
848,Thorn Brewing Co,San Diego,CA,,Micro,,2020-03-03T00:00:00,confirmed_date,,not_recorded,,,,,unmatched,,,
849,2Kids Brewing Company,San Diego,CA,,Taproom,,2020-04-11T00:00:00,confirmed_date,,not_recorded,,,,,unmatched,,,
850,Border X Brewing,San Diego,CA,,Brewpub,,2020-04-11T00:00:00,confirmed_date,,not_recorded,,,,,unmatched,,,
851,Citizen Brewers,San Diego,CA,,Taproom,,2020-04-11T00:00:00,confirmed_date,,not_recorded,,,,,unmatched,,,
852,Harland Brewing Company,San Diego,CA,,Micro,,2020-04-11T00:00:00,confirmed_date,,not_recorded,,,,,unmatched,,,
853,Ketch Brewing,San Diego,CA,,Micro,,2020-04-11T00:00:00,confirmed_date,,not_recorded,,,,,unmatched,,,
854,Kilowatt Brewing,San Diego,CA,,Taproom,,2020-04-11T00:00:00,confirmed_date,,not_recorded,,,,,unmatched,,,
855,Latchkey Brewing Company,San Diego,CA,,Taproom,,2020-04-11T00:00:00,confirmed_date,,not_recorded,,,,,unmatched,,,
856,Quantum Brewing Co,San Diego,CA,,Brewpub,,2020-04-11T00:00:00,confirmed_date,,not_recorded,,,,,unmatched,,,
857,Rip Current Brewing North Park,San Diego,CA,,Brewpub,,2020-04-11T00:00:00,confirmed_date,,not_recorded,,,,,unmatched,,,
858,Savagewood Brewing Company,San Diego,CA,,Taproom,,2020-04-11T00:00:00,confirmed_date,,not_recorded,,,,,unmatched,,,
859,Thunderhawk Alements,San Diego,CA,,Taproom,,2020-04-11T00:00:00,confirmed_date,,not_recorded,,,,,unmatched,,,
860,Pure Project,San Diego,CA,,Taproom,,12/20.2019,date_needs_review,,not_recorded,,,,,unmatched,,,
861,Saint Archer Brewing Company,San Diego,CA,,Largge,,12/20.2019,date_needs_review,,not_recorded,,,,,unmatched,,,
862,32 North Brewing Co,San Diego,CA,,Micro,,,not_recorded,,not_recorded,,,,,unmatched,,,
863,Alta Brewing Company,San Diego,CA,,Taproom,,,not_recorded,,not_recorded,,,,,unmatched,,,
864,Amplified Ale Works,San Diego,CA,,Brewpub,,,not_recorded,,not_recorded,,,,,unmatched,,,
865,Barn Brewery,San Diego,CA,,Brewpub,,,not_recorded,,not_recorded,,,,,unmatched,,,
866,Bay City Brewing Co.,San Diego,CA,,Micro,,,not_recorded,,not_recorded,,,,,unmatched,,,
867,Black Market Brewing Co - SDSU,San Diego,CA,,Brewpub,,,not_recorded,,not_recorded,,,,,unmatched,,,
868,California Wild Ales,San Diego,CA,,Taproom,,,not_recorded,,not_recorded,,,,,unmatched,,,
869,Circle 9 Brewing,San Diego,CA,,Taproom,,,not_recorded,,not_recorded,,,,,unmatched,,,
870,Division 23 Brewing,San Diego,CA,,Taproom,,,not_recorded,,not_recorded,,,,,unmatched,,,
871,Duck Foot Brewing Co.,San Diego,CA,,Micro,,,not_recorded,,not_recorded,,,,,unmatched,,,
872,Eppig Brewing,San Diego,CA,,Taproom,,,not_recorded,,not_recorded,,,,,unmatched,,,
873,Fall Brewing Company,San Diego,CA,,Micro,,,not_recorded,,not_recorded,,,,,unmatched,,,
874,Gravity Heights,San Diego,CA,,Brewpub,,,not_recorded,,not_recorded,,,,,unmatched,,,
875,Hodad’s Brewing Company,San Diego,CA,,Micro,,,not_recorded,,not_recorded,,,,,unmatched,,,
876,Home Brewing Co.,San Diego,CA,,Taproom,,,not_recorded,,not_recorded,,,,,unmatched,,,
877,Karl Strauss Brewing Co  - Sorrento Mesa,San Diego,CA,,Brewpub,,,not_recorded,,not_recorded,,,,,unmatched,,,
878,Karl Strauss Brewing Co - 4S Ranch,San Diego,CA,,Brewpub,,,not_recorded,,not_recorded,,,,,unmatched,,,
879,Karl Strauss Brewing Co - Downtown,San Diego,CA,,Brewpub,,,not_recorded,,not_recorded,,,,,unmatched,,,
880,Little Miss Brewing,San Diego,CA,,Micro,,,not_recorded,,not_recorded,,,,,unmatched,,,
881,Longship Brewery,San Diego,CA,,Taproom,,,not_recorded,,not_recorded,,,,,unmatched,,,
882,New English Brewing Co Inc,San Diego,CA,,Micro,,,not_recorded,,not_recorded,,,,,unmatched,,,
883,North Park Beer Co.,San Diego,CA,,Taproom,,,not_recorded,,not_recorded,,,,,unmatched,,,
884,Oggis Pizza & Brewing Co - Mission Valley,San Diego,CA,,Brewpub,,,not_recorded,,not_recorded,,,,,unmatched,,,
885,Pizza Port Ocean Beach,San Diego,CA,,Brewpub,,,not_recorded,,not_recorded,,,,,unmatched,,,
886,Resident Brewing,San Diego,CA,,Micro,,,not_recorded,,not_recorded,,,,,unmatched,,,
887,San Diego Brewing Co,San Diego,CA,,Brewpub,,,not_recorded,,not_recorded,,,,,unmatched,,,
888,Second Chance Beer Company,San Diego,CA,,Brewpub,,,not_recorded,,not_recorded,,,,,unmatched,,,
889,Societe Brewing Company,San Diego,CA,,Micro,,,not_recorded,,not_recorded,,,,,unmatched,,,
890,South Park Brewing,San Diego,CA,,Brewpub,,,not_recorded,,not_recorded,,,,,unmatched,,,
891,Stone Brewing World Bistro & Gardens- Liberty Station,San Diego,CA,,Brewpub,,,not_recorded,,not_recorded,,,,,unmatched,,,
892,Thorn Street Brewery,San Diego,CA,,Micro,,,not_recorded,,not_recorded,,,,,unmatched,,,
893,Two Roots Brewing Co,San Diego,CA,,Micro,,,not_recorded,,not_recorded,,,,,unmatched,,,
894,White Labs Tasting Room,San Diego,CA,,Taproom,,,not_recorded,,not_recorded,,,,,unmatched,,,
895,Highpoint Brewing Company,San Dimas,CA,,Taproom,,2020-03-03T00:00:00,confirmed_date,,not_recorded,,,,,unmatched,,,
896,Stubboron Mule Ale House,San Dimas,CA,,Contract,,2020-03-03T00:00:00,confirmed_date,,not_recorded,,,,,unmatched,,,
897,San Fernando Brewing Co.,San Fernando,CA,,Micro,,2020-02-07T00:00:00,confirmed_date,,not_recorded,,,,,unmatched,,,
898,San Francisco Brewing Co,San Francisco,CA,,Proprietor,,2019-04-20T00:00:00,confirmed_date,,not_recorded,,,,,unmatched,,,
899,Admiral Maltings,San Francisco,CA,,Proprietor,,2019-08-29T00:00:00,confirmed_date,,not_recorded,,,,,unmatched,,,
900,Toy Soldier,San Francisco,CA,,Brewpub,,2019-10-21T00:00:00,confirmed_date,,not_recorded,,,,,unmatched,,,
901,Cellarmaker Brewing Company,San Francisco,CA,,Micro,,2019-11-13T00:00:00,confirmed_date,,not_recorded,,,,,unmatched,,,
902,Cellarmaker House of Pizza,San Francisco,CA,,Brewpub,,2019-11-13T00:00:00,confirmed_date,,not_recorded,,,,,unmatched,,,
903,Beach Chalet Brewing Co,San Francisco,CA,,Brewpub,,2020-02-07T00:00:00,confirmed_date,,not_recorded,,,,,unmatched,,,
904,Black Hammer Brewing,San Francisco,CA,,Taproom,,2020-03-03T00:00:00,confirmed_date,,not_recorded,,,,,unmatched,,,
905,Black Sands Brewery,San Francisco,CA,,Micro,,2020-03-03T00:00:00,confirmed_date,,not_recorded,,,,,unmatched,,,
906,Fort Point Beer Company,San Francisco,CA,,Regional,,2020-03-03T00:00:00,confirmed_date,,not_recorded,,,,,unmatched,,,
907,Harmonic Brewing,San Francisco,CA,,Taproom,,2020-03-03T00:00:00,confirmed_date,,not_recorded,,,,,unmatched,,,
908,Holy Craft Brewing Co,San Francisco,CA,,Micro,,2020-03-03T00:00:00,confirmed_date,,not_recorded,,,,,unmatched,,,
909,Little Creatures Brewing,San Francisco,CA,,Brewpub,,2020-03-03T00:00:00,confirmed_date,,not_recorded,,,,,unmatched,,,
910,Palmia,San Francisco,CA,,Proprietor,,2020-03-03T00:00:00,confirmed_date,,not_recorded,,,,,unmatched,,,
911,Speakeasy Ales and Lagers,San Francisco,CA,,Micro,,2020-03-03T00:00:00,confirmed_date,,not_recorded,,,,,unmatched,,,
912,Standard Deviant Brewing,San Francisco,CA,,Micro,,2020-03-03T00:00:00,confirmed_date,,not_recorded,,,,,unmatched,,,
913,Two Pitchers Brewing Company,San Francisco,CA,,Proprietor,,2020-03-03T00:00:00,confirmed_date,,not_recorded,,,,,unmatched,,,
914,21st Amendment Brewery Cafe,San Francisco,CA,,Brewpub,,2020-04-11T00:00:00,confirmed_date,,not_recorded,,,,,unmatched,,,
915,Bartlett Hall,San Francisco,CA,,Brewpub,,2020-04-11T00:00:00,confirmed_date,,not_recorded,,,,,unmatched,,,
916,K-Oz Restaurant Brewery,San Francisco,CA,,Brewpub,,2020-04-11T00:00:00,confirmed_date,,not_recorded,,,,,unmatched,,,
917,Magnolia Dogpatch,San Francisco,CA,,Micro,,2020-04-11T00:00:00,confirmed_date,,not_recorded,,,,,unmatched,,,
918,Southern Pacific Brewing,San Francisco,CA,,Brewpub,,2020-04-11T00:00:00,confirmed_date,,not_recorded,,,,,unmatched,,,
919,Tank18,San Francisco,CA,,Brewpub,,2020-04-11T00:00:00,confirmed_date,,not_recorded,,,,,unmatched,,,
920,Topsy’s / Fog Hog Brewhouse,San Francisco,CA,,Brewpub,,2020-04-11T00:00:00,confirmed_date,,not_recorded,,,,,unmatched,,,
921,Triple Voodoo Brewing Co,San Francisco,CA,,Taproom,,2020-04-11T00:00:00,confirmed_date,,not_recorded,,,,,unmatched,,,
922,Woods Cervecería,San Francisco,CA,,Brewpub,,2020-04-11T00:00:00,confirmed_date,,not_recorded,,,,,unmatched,,,
923,Appa the dancing elephant,San Francisco,CA,,,,2020-07-31T00:00:00,confirmed_date,,not_recorded,,,,,unmatched,,,
924,Anchor Brewing Co.,San Francisco,CA,,Largge,,12/20.2019,date_needs_review,,not_recorded,,,,,unmatched,,,
925,Barebottle Brewing Company,San Francisco,CA,,Micro,,,not_recorded,,not_recorded,,,,,unmatched,,,
926,Barrel Head Brewhouse,San Francisco,CA,,Brewpub,,,not_recorded,,not_recorded,,,,,unmatched,,,
927,Ferment.Drink.Repeat,San Francisco,CA,,Taproom,,,not_recorded,,not_recorded,,,,,unmatched,,,
928,Hardwood Bar and Smokery,San Francisco,CA,,Brewpub,,,not_recorded,,not_recorded,,,,,unmatched,,,
929,Headlands Brewing Company,San Francisco,CA,,Micro,,,not_recorded,,not_recorded,,,,,unmatched,,,
930,Hop Oast Pub & Brewery,San Francisco,CA,,Brewpub,,,not_recorded,,not_recorded,,,,,unmatched,,,
931,Laughing Monk Brewing,San Francisco,CA,,Micro,,,not_recorded,,not_recorded,,,,,unmatched,,,
932,Local Brewing Co,San Francisco,CA,,Brewpub,,,not_recorded,,not_recorded,,,,,unmatched,,,
933,Magnolia Brewing Company,San Francisco,CA,,Brewpub,,,not_recorded,,not_recorded,,,,,unmatched,,,
934,Oda Restaurant,San Francisco,CA,,Brewpub,,,not_recorded,,not_recorded,,,,,unmatched,,,
935,Seven Stills,San Francisco,CA,,Micro,,,not_recorded,,not_recorded,,,,,unmatched,,,
936,Social Kitchen & Brewery,San Francisco,CA,,Brewpub,,,not_recorded,,not_recorded,,,,,unmatched,,,
937,Sunset Reservoir Brewing Company,San Francisco,CA,,Brewpub,,,not_recorded,,not_recorded,,,,,unmatched,,,
938,ThirstyBear Organic Brewery,San Francisco,CA,,Brewpub,,,not_recorded,,not_recorded,,,,,unmatched,,,
939,Ogopogo Brewing,San Gabriel,CA,,Taproom,,,not_recorded,,not_recorded,,,,,unmatched,,,
940,Strike Brewing Co,San Jose,CA,,Micro,,2020-02-07T00:00:00,confirmed_date,yes,confirmed_yes,,,,,exact,strike-brewing-co,content/breweries/strike-brewing-co.md,
941,Bison Brewing Co,San Jose,CA,,Contract,,2020-03-03T00:00:00,confirmed_date,,not_recorded,,,,,unmatched,,,
942,Brewtality,San Jose,CA,,Contract,,2020-03-03T00:00:00,confirmed_date,,not_recorded,,,,,unmatched,,,
943,Camino Brewing Co LLC,San Jose,CA,,Micro,,2020-03-03T00:00:00,confirmed_date,,not_recorded,,,,,unmatched,,,
944,DTSJ Brewing Company,San Jose,CA,,Taproom,,2020-03-03T00:00:00,confirmed_date,,not_recorded,,,,,unmatched,,,
945,Gordon Biersch Brewing Co,San Jose,CA,,Regional,,2020-03-03T00:00:00,confirmed_date,,not_recorded,,,,,unmatched,,,
946,Hapa’s Brewing Company,San Jose,CA,,Taproom,,2020-03-03T00:00:00,confirmed_date,,not_recorded,,,,,unmatched,,,
947,Lazy Duck Brewing,San Jose,CA,,Taproom,,2020-03-03T00:00:00,confirmed_date,,not_recorded,,,,,unmatched,,,
948,Santa Clara Valley Brewing,San Jose,CA,,Micro,,2020-03-03T00:00:00,confirmed_date,,not_recorded,,,,,unmatched,,,
949,South Bay Brewco,San Jose,CA,,Contract,,2020-03-03T00:00:00,confirmed_date,,not_recorded,,,,,unmatched,,,
950,Clandestine Brewing,San Jose,CA,,Taproom,,,not_recorded,,not_recorded,,,,,unmatched,,,
951,Geartooth AleWerks,San Jose,CA,,Micro,,,not_recorded,,not_recorded,,,,,unmatched,,,
952,Hermitage Brewing Company,San Jose,CA,,Micro,,,not_recorded,,not_recorded,,,,,unmatched,,,
953,Uproar Brewing,San Jose,CA,,Brewpub,,,not_recorded,,not_recorded,,,,,unmatched,,,
954,Whole Foods Market Brewing Company- Floodcraft Brewing,San Jose,CA,,Brewpub,,,not_recorded,,not_recorded,,,,,unmatched,,,
955,Docent Brewing,San Juan Capistrano,CA,,Taproom,,2020-04-11T00:00:00,confirmed_date,,not_recorded,,,,,unmatched,,,
956,21st Amendment Brewery,San Leandro,CA,,Regional,,2020-03-03T00:00:00,confirmed_date,,not_recorded,,,,,unmatched,,,
957,Drake’s Brewing Co,San Leandro,CA,,Regional,,2020-03-03T00:00:00,confirmed_date,,not_recorded,,,,,unmatched,,,
958,Cleophus Quealy Beer Company,San Leandro,CA,,Taproom,,,not_recorded,,not_recorded,,,,,unmatched,,,
959,Central Coast Brewing Co - Monterey St.,San Luis Obispo,CA,,Micro,,2020-02-07T00:00:00,confirmed_date,,not_recorded,,,,,unmatched,,,
960,Bang the Drum Brewery,San Luis Obispo,CA,,Taproom,,2020-03-03T00:00:00,confirmed_date,,not_recorded,,,,,unmatched,,,
961,Central Coast Brewing Co - Higuera St.,San Luis Obispo,CA,,Brewpub,,2020-03-03T00:00:00,confirmed_date,,not_recorded,,,,,unmatched,,,
962,SLO Brewing Co,San Luis Obispo,CA,,Micro,,2020-03-03T00:00:00,confirmed_date,,not_recorded,,,,,unmatched,,,
963,SLO Brewing Co - The Rock,San Luis Obispo,CA,,Brewpub,,2020-03-03T00:00:00,confirmed_date,,not_recorded,,,,,unmatched,,,
964,7 Sisters Brewing Co,San Luis Obispo,CA,,Brewpub,,,not_recorded,,not_recorded,,,,,unmatched,,,
965,Libertine Brewing Company,San Luis Obispo,CA,,Brewpub,,,not_recorded,,not_recorded,,,,,unmatched,,,
966,Santa Maria Brewing Co - San Luis Obispo Brewery and Taproom,San Luis Obispo,CA,,Micro,,,not_recorded,,not_recorded,,,,,unmatched,,,
967,There Does Not Exist,San Luis Obispo,CA,,Taproom,,,not_recorded,,not_recorded,,,,,unmatched,,,
968,Port Brewing Co / The Lost Abbey,San Marcos,CA,,Micro,,2020-03-03T00:00:00,confirmed_date,yes,confirmed_yes,,,,,unmatched,,,
969,Double Peak Brewing Company,San Marcos,CA,,Taproom,,2020-03-03T00:00:00,confirmed_date,,not_recorded,,,,,unmatched,,,
970,Prodigy Brewing Company,San Marcos,CA,,Contract,,2020-03-03T00:00:00,confirmed_date,,not_recorded,,,,,unmatched,,,
971,Stave and Nail Brewing Co,San Marcos,CA,,Taproom,,2020-03-03T00:00:00,confirmed_date,,not_recorded,,,,,unmatched,,,
972,Wild Barrel Brewing Company,San Marcos,CA,,Taproom,,2020-03-03T00:00:00,confirmed_date,,not_recorded,,,,,unmatched,,,
973,Dos Desperados Brewery,San Marcos,CA,,Micro,,,not_recorded,,not_recorded,,,,,unmatched,,,
974,My Yard Live,San Marcos,CA,,Brewpub,,,not_recorded,,not_recorded,,,,,unmatched,,,
975,Rip Current Brewing,San Marcos,CA,,Taproom,,,not_recorded,,not_recorded,,,,,unmatched,,,
976,San Marcos Brewery and Grill,San Marcos,CA,,Brewpub,,,not_recorded,,not_recorded,,,,,unmatched,,,
977,Stumblefoot Brewing,San Marcos,CA,,Taproom,,,not_recorded,,not_recorded,,,,,unmatched,,,
978,Urge Gastropub & Common House/Mason Ale Works,San Marcos,CA,,Brewpub,,,not_recorded,,not_recorded,,,,,unmatched,,,
979,Port Town Brewing Co,San Pedro,CA,,Proprietor,,2020-03-03T00:00:00,confirmed_date,,not_recorded,,,,,unmatched,,,
980,Brouwerij West,San Pedro,CA,,Micro,,12/20.2019,date_needs_review,,not_recorded,,,,,unmatched,,,
981,San Pedro Brewing Co,San Pedro,CA,,Brewpub,,,not_recorded,,not_recorded,,,,,unmatched,,,
982,Pond Farm Brewing Company,SAN RAFAEL,CA,,Taproom,,2020-03-03T00:00:00,confirmed_date,,not_recorded,,,,,unmatched,,,
983,State Room Brewery,San Rafael,CA,,Brewpub,,2020-04-11T00:00:00,confirmed_date,,not_recorded,,,,,unmatched,,,
984,Canyon Lakes Golf Course & Brewery,San Ramon,CA,,Brewpub,,,not_recorded,,not_recorded,,,,,unmatched,,,
985,House Of Pendragon Brewing Co,Sanger,CA,,Taproom,,,not_recorded,,not_recorded,,,,,unmatched,,,
986,The Good Beer Company,Santa Ana,CA,,Taproom,,2020-03-03T00:00:00,confirmed_date,,not_recorded,,,,,unmatched,,,
987,Cismontane Brewing Co,Santa Ana,CA,,Micro,,,not_recorded,,not_recorded,,,,,unmatched,,,
988,Network Brewery,Santa Ana,CA,,Micro,,,not_recorded,,not_recorded,,,,,unmatched,,,
989,Third Window Brewing,Santa Barbara,CA,,Brewpub,,2020-02-07T00:00:00,confirmed_date,,not_recorded,,,,,unmatched,,,
990,Mucho Aloha Beer Company,Santa Barbara,CA,,Contract,,2020-03-03T00:00:00,confirmed_date,,not_recorded,,,,,unmatched,,,
991,Pure Order Brewing Co,Santa Barbara,CA,,Taproom,,2020-03-03T00:00:00,confirmed_date,,not_recorded,,,,,unmatched,,,
992,Figueroa Mountain Brewing - Santa Barbara,Santa Barbara,CA,,Micro,,2020-04-11T00:00:00,confirmed_date,,not_recorded,,,,,unmatched,,,
993,Night Lizard Brewing Company,Santa Barbara,CA,,Taproom,,2020-04-11T00:00:00,confirmed_date,,not_recorded,,,,,unmatched,,,
994,Telegraph Brewing Co,Santa Barbara,CA,,Micro,,2020-04-11T00:00:00,confirmed_date,,not_recorded,,,,,unmatched,,,
995,The Brewhouse,Santa Barbara,CA,,Brewpub,,2020-04-11T00:00:00,confirmed_date,,not_recorded,,,,,unmatched,,,
996,The Cruisery,Santa Barbara,CA,,Brewpub,,,not_recorded,,not_recorded,,,,,unmatched,,,
997,Topa Topa Brewing Co - Santa Barbara Tasting Room,Santa Barbara,CA,,Taproom,,,not_recorded,,not_recorded,,,,,unmatched,,,
998,Taplands Brewery,Santa Clara,CA,,Brewpub,,2020-03-03T00:00:00,confirmed_date,,not_recorded,,,,,unmatched,,,
999,Golden State Brewery,Santa Clara,CA,,Taproom,,,not_recorded,,not_recorded,,,,,unmatched,,,
1000,Pocock Brewing Company,Santa Clarita,CA,,Taproom,,,not_recorded,,not_recorded,,,,,unmatched,,,
1001,Seabright Brewery,Santa Cruz,CA,,Brewpub,,2020-03-03T00:00:00,confirmed_date,,not_recorded,,,,,unmatched,,,
1002,Shanty Shack Brewing,Santa Cruz,CA,,Taproom,,2020-03-03T00:00:00,confirmed_date,,not_recorded,,,,,unmatched,,,
1003,Uncommon Brewers,Santa Cruz,CA,,Micro,,2020-04-11T00:00:00,confirmed_date,,not_recorded,,,,,unmatched,,,
1004,East Cliff Brewing Company,Santa Cruz,CA,,Taproom,,,not_recorded,,not_recorded,,,,,unmatched,,,
1005,Humble Sea Brewing Co,Santa Cruz,CA,,Taproom,,,not_recorded,,not_recorded,,,,,unmatched,,,
1006,New Bohemia Brewing Co,Santa Cruz,CA,,Brewpub,,,not_recorded,,not_recorded,,,,,unmatched,,,
1007,Santa Cruz Mountain Brewing,Santa Cruz,CA,,Taproom,,,not_recorded,,not_recorded,,,,,unmatched,,,
1008,Woodhouse Blending & Brewing,Santa Cruz,CA,,Micro,,,not_recorded,,not_recorded,,,,,unmatched,,,
1009,Dunbar Brewing,Santa Margarita,CA,,Taproom,,,not_recorded,,not_recorded,,,,,unmatched,,,
1010,Santa Maria Brewing Co,Santa Maria,CA,,Micro,,,not_recorded,,not_recorded,,,,,unmatched,,,
1011,Santa Monica Brew Works,Santa Monica,CA,,Micro,,,not_recorded,,not_recorded,,,,,unmatched,,,
1012,Yeti Restaurant,Santa Rosa,CA,,Brewpub,,2020-02-01T00:00:00,confirmed_date,,not_recorded,,,,,unmatched,,,
1013,3 Disciples Brewing,Santa Rosa,CA,,Proprietor,,2020-03-03T00:00:00,confirmed_date,,not_recorded,,,,,unmatched,,,
1014,Moonlight Brewing Co,Santa Rosa,CA,,Largge,,2020-03-03T00:00:00,confirmed_date,,not_recorded,,,,,unmatched,,,
1015,Rugged Coast Brewing,Santa Rosa,CA,,Micro,,2020-03-03T00:00:00,confirmed_date,,not_recorded,,,,,unmatched,,,
1016,Russian River Brewing Co - Santa Rosa,Santa Rosa,CA,,Regional,,2020-03-03T00:00:00,confirmed_date,,not_recorded,,,,,unmatched,,,
1017,Seismic Brewing Co,Santa Rosa,CA,,Micro,,2020-03-03T00:00:00,confirmed_date,,not_recorded,,,,,unmatched,,,
1018,Cooperage Brewing Co.,Santa Rosa,CA,,Micro,,,not_recorded,,not_recorded,,,,,unmatched,,,
1019,Fogbelt Brewing Co,Santa Rosa,CA,,Brewpub,,,not_recorded,,not_recorded,,,,,unmatched,,,
1020,HenHouse Brewing,Santa Rosa,CA,,Micro,,,not_recorded,,not_recorded,,,,,unmatched,,,
1021,Old Possum Brewing Company,Santa Rosa,CA,,Brewpub,,,not_recorded,,not_recorded,,,,,unmatched,,,
1022,Plow Brewing Company,Santa Rosa,CA,,Taproom,,,not_recorded,,not_recorded,,,,,unmatched,,,
1023,Shady Oak Barrel House,Santa Rosa,CA,,Micro,,,not_recorded,,not_recorded,,,,,unmatched,,,
1024,Steele and Hops Public House,Santa Rosa,CA,,Brewpub,,,not_recorded,,not_recorded,,,,,unmatched,,,
1025,Sweet Spot Pub and Grill,Santa Rosa,CA,,Brewpub,,,not_recorded,,not_recorded,,,,,unmatched,,,
1026,Third Street Aleworks,Santa Rosa,CA,,Brewpub,,,not_recorded,,not_recorded,,,,,unmatched,,,
1027,Pacific Islander Beer Company,Santee,CA,,Micro,,2020-03-03T00:00:00,confirmed_date,,not_recorded,,,,,unmatched,,,
1028,BNS Brewing & Distilling Co.,Santee,CA,,Taproom,,,not_recorded,,not_recorded,,,,,unmatched,,,
1029,Groundswell Brewing Co,Santee,CA,,Micro,,,not_recorded,,not_recorded,,,,,unmatched,,,
1030,Eel River Brewing Co - Facility and Warehouse,Scotia,CA,,Micro,,,not_recorded,,not_recorded,,,,,unmatched,,,
1031,Steel Bonnet Brewing Co,Scotts Valley,CA,,Taproom,,2020-03-03T00:00:00,confirmed_date,,not_recorded,,,,,unmatched,,,
1032,Other Brother Beer Co.,Seaside,CA,,Micro,,2020-02-07T00:00:00,confirmed_date,,not_recorded,,,,,unmatched,,,
1033,Crooked Goat Brewing,Sebastopol,CA,,Taproom,,2020-02-01T00:00:00,confirmed_date,,not_recorded,,,,,unmatched,,,
1034,Woodfour Brewing Company,Sebastopol,CA,,Brewpub,,,not_recorded,,not_recorded,,,,,unmatched,,,
1035,Bluebird Brasserie,Sherman Oaks,CA,,Brewpub,,2020-03-03T00:00:00,confirmed_date,,not_recorded,,,,,unmatched,,,
1036,RT Rogers Brewing Co,Sierra Madre,CA,,Taproom,,,not_recorded,,not_recorded,,,,,unmatched,,,
1037,Ten Mile Brewing,Signal Hill,CA,,Taproom,,2020-04-11T00:00:00,confirmed_date,,not_recorded,,,,,unmatched,,,
1038,Culture Brewing Co,Solana Beach,CA,,Micro,,2020-03-03T00:00:00,confirmed_date,,not_recorded,,,,,unmatched,,,
1039,Pizza Port Solana Beach,Solana Beach,CA,,Brewpub,,,not_recorded,,not_recorded,,,,,unmatched,,,
1040,Solvang Brewing Co,Solvang,CA,,Taproom,,2020-03-03T00:00:00,confirmed_date,,not_recorded,,,,,unmatched,,,
1041,Dudes’ Brewing Co,Somis,CA,,Micro,,2020-04-11T00:00:00,confirmed_date,,not_recorded,,,,,unmatched,,,
1042,Sonoma Grille,Sonoma,CA,,Brewpub,,,not_recorded,,not_recorded,,,,,unmatched,,,
1043,Sonoma Springs Brewing Co,Sonoma,CA,,Micro,,,not_recorded,,not_recorded,,,,,unmatched,,,
1044,Discretion Brewing,Soquel,CA,,Micro,,2020-04-11T00:00:00,confirmed_date,,not_recorded,,,,,unmatched,,,
1045,Progress Brewing,South El Monte,CA,,Taproom,,2020-04-11T00:00:00,confirmed_date,,not_recorded,,,,,unmatched,,,
1046,Brewery At Lake Tahoe,South Lake Tahoe,CA,,Brewpub,,2020-03-03T00:00:00,confirmed_date,yes,confirmed_yes,,,,,unmatched,,,
1047,Cold Water Brewery and Grill,South Lake Tahoe,CA,,Brewpub,,2020-02-07T00:00:00,confirmed_date,,not_recorded,,,,,unmatched,,,
1048,South Of North Brewing Company,South Lake Tahoe,CA,,Brewpub,,2020-03-03T00:00:00,confirmed_date,,not_recorded,,,,,unmatched,,,
1049,Lake Tahoe AleWorX,South Lake Tahoe,CA,,Brewpub,,,not_recorded,,not_recorded,,,,,unmatched,,,
1050,Sidellis Lake Tahoe,South Lake Tahoe,CA,,Brewpub,,,not_recorded,,not_recorded,,,,,unmatched,,,
1051,South Lake Brewing Company,South Lake Tahoe,CA,,Taproom,,,not_recorded,,not_recorded,,,,,unmatched,,,
1052,Stateline Brewery,South Lake Tahoe,CA,,Brewpub,,,not_recorded,,not_recorded,,,,,unmatched,,,
1053,47 Hills Brewing Co,South San Francisco,CA,,Brewpub,,2020-02-07T00:00:00,confirmed_date,,not_recorded,,,,,unmatched,,,
1054,Armstrong Brewing Co,South San Francisco,CA,,Brewpub,,2020-03-03T00:00:00,confirmed_date,,not_recorded,,,,,unmatched,,,
1055,Valley Brewing Co,Stockton,CA,,Brewpub,,2020-03-03T00:00:00,confirmed_date,,not_recorded,,,,,exact,valley-brewing-co,content/breweries/valley-brewing-co.md,
1056,Channel Brewing Co.,Stockton,CA,,Taproom,,2020-04-11T00:00:00,confirmed_date,,not_recorded,,,,,exact,channel-brewing-co,content/breweries/channel-brewing-co.md,
1057,True Symmetry Brewing Company,Suisun City,CA,,Taproom,,2020-04-11T00:00:00,confirmed_date,,not_recorded,,,,,unmatched,,,
1058,Artisanal Brewers Collective,Sun Valley,CA,,Proprietor,,2020-03-03T00:00:00,confirmed_date,,not_recorded,,,,,unmatched,,,
1059,Red Branch Brewing Company / Rabbits Foot Meadery,Sunnyvale,CA,,Taproom,,2019-11-27T00:00:00,confirmed_date,,not_recorded,,,,,unmatched,,,
1060,Faultline Brewing Co,Sunnyvale,CA,,Brewpub,,2020-03-03T00:00:00,confirmed_date,,not_recorded,,,,,unmatched,,,
1061,Off The Rails Brewing Company,Sunnyvale,CA,,Brewpub,,,not_recorded,,not_recorded,,,,,unmatched,,,
1062,Diamond Mountain Brewery,Susanville,CA,,Brewpub,,,not_recorded,,not_recorded,,,,,unmatched,,,
1063,Lassen Ale Works @ The Pioneer Saloon,Susanville,CA,,Brewpub,,,not_recorded,,not_recorded,,,,,unmatched,,,
1064,Black Gold Brewing Co,Taft,CA,,Brewpub,,2020-02-07T00:00:00,confirmed_date,,not_recorded,,,,,unmatched,,,
1065,Tecopa Brewing Company,Tecopa,CA,,Brewpub,,2020-02-07T00:00:00,confirmed_date,,not_recorded,,,,,unmatched,,,
1066,Death Valley Brewing,Tecopa,CA,,Taproom,,,not_recorded,,not_recorded,,,,,unmatched,,,
1067,"Local Craft Beer, Tehachapi",Tehachapi,CA,,Micro,,,not_recorded,,not_recorded,,,,,unmatched,,,
1068,Westlane Brewing,Tehachapi,CA,,Taproom,,,not_recorded,,not_recorded,,,,,unmatched,,,
1069,Aftershock Brewing Company,Temecula,CA,,Taproom,,2019-08-29T00:00:00,confirmed_date,,not_recorded,,,,,unmatched,,,
1070,Stone Church Brewing,Temecula,CA,,Micro,,2020-02-07T00:00:00,confirmed_date,,not_recorded,,,,,unmatched,,,
1071,Black Market Brewing Co,Temecula,CA,,Brewpub,,2020-03-03T00:00:00,confirmed_date,,not_recorded,,,,,unmatched,,,
1072,Ironfire Brewing Company,Temecula,CA,,Micro,,2020-04-11T00:00:00,confirmed_date,,not_recorded,,,,,unmatched,,,
1073,"Refuge Brewery, Inc.",Temecula,CA,,Micro,,2020-04-11T00:00:00,confirmed_date,,not_recorded,,,,,unmatched,,,
1074,Garage Brewing Company,Temecula,CA,,Brewpub,,12/20.2019,date_needs_review,,not_recorded,,,,,unmatched,,,
1075,Karl Strauss Brewing Co,Temecula,CA,,Brewpub,,,not_recorded,,not_recorded,,,,,unmatched,,,
1076,Relentless Brewing Co,Temecula,CA,,Taproom,,,not_recorded,,not_recorded,,,,,unmatched,,,
1077,Wiens Brewing Co,Temecula,CA,,Micro,,,not_recorded,,not_recorded,,,,,unmatched,,,
1078,Tarantula Hill Brewing Co.,Thousand Oaks,CA,,Micro,,2020-02-07T00:00:00,confirmed_date,,not_recorded,,,,,unmatched,,,
1079,Coachella Valley Brewing Co,Thousand Palms,CA,,Micro,,2020-03-03T00:00:00,confirmed_date,,not_recorded,,,,,unmatched,,,
1080,Three Rivers Brewing Co,Three Rivers,CA,,Taproom,,,not_recorded,,not_recorded,,,,,unmatched,,,
1081,Smog City Brewing,Torrance,CA,,Micro,,2020-03-03T00:00:00,confirmed_date,yes,confirmed_yes,,,,,unmatched,,,
1082,Absolution Brewing Co,Torrance,CA,,Micro,,2019-08-29T00:00:00,confirmed_date,,not_recorded,,,,,unmatched,,,
1083,HopSaint Brewing Company,Torrance,CA,,Brewpub,,2020-02-07T00:00:00,confirmed_date,,not_recorded,,,,,unmatched,,,
1084,Smog City Brewing Wood Cellar,Torrance,CA,,Micro,,2020-02-07T00:00:00,confirmed_date,,not_recorded,,,,,unmatched,,,
1085,Cosmic Brewery,Torrance,CA,,Taproom,,2020-03-03T00:00:00,confirmed_date,,not_recorded,,,,,unmatched,,,
1086,Monkish Brewing Co,Torrance,CA,,Taproom,,2020-03-03T00:00:00,confirmed_date,,not_recorded,,,,,unmatched,,,
1087,Red Car Brewery and Restaurant,Torrance,CA,,Brewpub,,2020-03-03T00:00:00,confirmed_date,,not_recorded,,,,,unmatched,,,
1088,Yorkshire Square Brewing Co.,Torrance,CA,,Taproom,,2020-03-03T00:00:00,confirmed_date,,not_recorded,,,,,unmatched,,,
1089,Zymurgy Brew Works,Torrance,CA,,Taproom,,2020-03-03T00:00:00,confirmed_date,,not_recorded,,,,,unmatched,,,
1090,Scholb Premium Ales,Torrance,CA,,Taproom,,,not_recorded,,not_recorded,,,,,unmatched,,,
1091,Strand Brewing Co,Torrance,CA,,Micro,,,not_recorded,,not_recorded,,,,,unmatched,,,
1092,Morgan Territory Brewing,Tracy,CA,,Micro,,,not_recorded,,not_recorded,,,,,unmatched,,,
1093,Alibi Ale Works - Truckee,Truckee,CA,,Brewpub,,2019-08-29T00:00:00,confirmed_date,,not_recorded,,,,,unmatched,,,
1094,Tahoe Mountain Brewing Company,Truckee,CA,,Micro,,2020-02-07T00:00:00,confirmed_date,,not_recorded,,,,,unmatched,,,
1095,Truckee Brewing Company,Truckee,CA,,Taproom,,2020-03-03T00:00:00,confirmed_date,,not_recorded,,,,,unmatched,,,
1096,FiftyFifty Brewing Co,Truckee,CA,,Micro,,,not_recorded,,not_recorded,,,,,unmatched,,,
1097,FiftyFifty Brewing Production Facility,Truckee,CA,,Micro,,,not_recorded,,not_recorded,,,,,unmatched,,,
1098,Kaweah Brewing Co.,Tulare,CA,,Micro,,2020-03-03T00:00:00,confirmed_date,,not_recorded,,,,,unmatched,,,
1099,Dust Bowl Brewing Co,Turlock,CA,,Micro,,2020-03-03T00:00:00,confirmed_date,,not_recorded,,,,,unmatched,,,
1100,Tustin Brewing Co,Tustin,CA,,Brewpub,,2020-02-07T00:00:00,confirmed_date,,not_recorded,,,,,unmatched,,,
1101,Archaic Craft Brewery At Centro,Tustin,CA,,Brewpub,,,not_recorded,,not_recorded,,,,,unmatched,,,
1102,TAPS Brewery and Barrel Room,Tustin,CA,,Brewpub,,,not_recorded,,not_recorded,,,,,unmatched,,,
1103,Unsung Brewing Company,Tustin,CA,,Micro,,,not_recorded,,not_recorded,,,,,unmatched,,,
1104,Ukiah Brewing Co,Ukiah,CA,,Brewpub,,,not_recorded,,not_recorded,,,,,unmatched,,,
1105,Karl Strauss Brewing Co - Universal CityWalk,Universal City,CA,,Brewpub,,2020-04-11T00:00:00,confirmed_date,,not_recorded,,,,,unmatched,,,
1106,Last Name Brewing,Upland,CA,,Micro,,2020-03-03T00:00:00,confirmed_date,,not_recorded,,,,,unmatched,,,
1107,Rescue Brewing Co,Upland,CA,,Taproom,,,not_recorded,,not_recorded,,,,,unmatched,,,
1108,"Rok House Brewing Co., LLC",Upland,CA,,Taproom,,,not_recorded,,not_recorded,,,,,unmatched,,,
1109,Solano Brewing Company,Vacaville,CA,,Taproom,,,not_recorded,,not_recorded,,,,,unmatched,,,
1110,Telco Brewery,Valencia,CA,,Taproom,,2020-03-03T00:00:00,confirmed_date,,not_recorded,,,,,unmatched,,,
1111,Wolf Creek Brewery,Valencia,CA,,Taproom,,,not_recorded,,not_recorded,,,,,unmatched,,,
1112,Mare Island Brewing Co. - Coal Shed Brewery,Vallejo,CA,,Micro,,2020-02-07T00:00:00,confirmed_date,,not_recorded,,,,,unmatched,,,
1113,Napa Smith Brewery,Vallejo,CA,,Micro,,2020-03-03T00:00:00,confirmed_date,,not_recorded,,,,,unmatched,,,
1114,Mare Island Brewing Co. - Ferry Taproom,Vallejo,CA,,Brewpub,,,not_recorded,,not_recorded,,,,,unmatched,,,
1115,Redco Brewery,Valley Center,CA,,Taproom,,2020-03-03T00:00:00,confirmed_date,,not_recorded,,,,,unmatched,,,
1116,Anheuser-Busch Inc - Los Angeles,Van Nuys,CA,,Largge,,2020-03-03T00:00:00,confirmed_date,,not_recorded,,,,,unmatched,,,
1117,"MacLeod Ale Brewing Company, LLC",Van Nuys,CA,,Brewpub,,,not_recorded,,not_recorded,,,,,unmatched,,,
1118,House Beer,Venice,CA,,Proprietor,,2020-03-03T00:00:00,confirmed_date,,not_recorded,,,,,unmatched,,,
1119,Venice Ale House Brewing Co,Venice,CA,,Contract,,2020-03-03T00:00:00,confirmed_date,,not_recorded,,,,,unmatched,,,
1120,Madewest Brewing Company,Ventura,CA,,Micro,,2020-02-07T00:00:00,confirmed_date,,not_recorded,,,,,unmatched,,,
1121,Smoke Mountain Brewery,Ventura,CA,,Micro,,2020-03-03T00:00:00,confirmed_date,,not_recorded,,,,,unmatched,,,
1122,Anacapa Brewing Co,Ventura,CA,,Brewpub,,2020-04-11T00:00:00,confirmed_date,,not_recorded,,,,,unmatched,,,
1123,Concrete Jungle Brewing Project,Ventura,CA,,Micro,,2020-04-11T00:00:00,confirmed_date,,not_recorded,,,,,unmatched,,,
1124,Poseidon Brewing Company,Ventura,CA,,Taproom,,2020-04-11T00:00:00,confirmed_date,,not_recorded,,,,,unmatched,,,
1125,Seaward Brewing,Ventura,CA,,Micro,,2020-04-11T00:00:00,confirmed_date,,not_recorded,,,,,unmatched,,,
1126,Leashless Brewing,Ventura,CA,,Taproom,,,not_recorded,,not_recorded,,,,,unmatched,,,
1127,Rincon Brewery - Ventura,Ventura,CA,,Brewpub,,,not_recorded,,not_recorded,,,,,unmatched,,,
1128,Topa Topa Brewing Co,Ventura,CA,,Taproom,,,not_recorded,,not_recorded,,,,,unmatched,,,
1129,Ventura Coast Brewing Company,Ventura,CA,,Taproom,,,not_recorded,,not_recorded,,,,,unmatched,,,
1130,Brewbakers Brewing Co,Visalia,CA,,Brewpub,,,not_recorded,,not_recorded,,,,,unmatched,,,
1131,Barrel Harbor Brewing Co.,Vista,CA,,Taproom,,2020-03-03T00:00:00,confirmed_date,,not_recorded,,,,,unmatched,,,
1132,Belching Beaver Brewery Vista,Vista,CA,,Micro,,2020-03-03T00:00:00,confirmed_date,,not_recorded,,,,,unmatched,,,
1133,Latitude 33 Brewing Co,Vista,CA,,Regional,,2020-03-03T00:00:00,confirmed_date,,not_recorded,,,,,unmatched,,,
1134,Prohibition Brewing,Vista,CA,,Brewpub,,2020-03-03T00:00:00,confirmed_date,,not_recorded,,,,,unmatched,,,
1135,Stone Brewing,Vista,CA,,Regional,,2020-03-03T00:00:00,confirmed_date,,not_recorded,,,,,unmatched,,,
1136,Wavelength Brewing Company,Vista,CA,,Taproom,,2020-03-03T00:00:00,confirmed_date,,not_recorded,,,,,unmatched,,,
1137,Aztec Brewing Company,Vista,CA,,Taproom,,2020-04-11T00:00:00,confirmed_date,,not_recorded,,,,,unmatched,,,
1138,Mother Earth Brew Co LLC,Vista,CA,,Regional,,12/20.2019,date_needs_review,,not_recorded,,,,,unmatched,,,
1139,Battlemage Brewing Co,Vista,CA,,Taproom,,,not_recorded,,not_recorded,,,,,unmatched,,,
1140,Beach Grease Beer Company,Vista,CA,,Micro,,,not_recorded,,not_recorded,,,,,unmatched,,,
1141,Bear Roots Brewing Company,Vista,CA,,Taproom,,,not_recorded,,not_recorded,,,,,unmatched,,,
1142,Belching Beaver Brewery Tavern & Grill,Vista,CA,,Brewpub,,,not_recorded,,not_recorded,,,,,unmatched,,,
1143,Booze Brothers Brewing Co.,Vista,CA,,Brewpub,,,not_recorded,,not_recorded,,,,,unmatched,,,
1144,Ebullition Brew Works,Vista,CA,,Taproom,,,not_recorded,,not_recorded,,,,,unmatched,,,
1145,Helia Brewing Company,Vista,CA,,Taproom,,,not_recorded,,not_recorded,,,,,unmatched,,,
1146,Indian Joe Brewing,Vista,CA,,Micro,,,not_recorded,,not_recorded,,,,,unmatched,,,
1147,Iron Fist Brewing Co,Vista,CA,,Micro,,,not_recorded,,not_recorded,,,,,unmatched,,,
1148,Calicraft Brewing Co,Walnut Creek,CA,,Micro,,,not_recorded,,not_recorded,,,,,unmatched,,,
1149,Fruition Brewing,Watsonville,CA,,Taproom,,2020-04-11T00:00:00,confirmed_date,,not_recorded,,,,,unmatched,,,
1150,Corralitos Brewing Co,Watsonville,CA,,Taproom,,,not_recorded,,not_recorded,,,,,unmatched,,,
1151,Elkhorn Slough Brewing Company,Watsonville,CA,,Taproom,,,not_recorded,,not_recorded,,,,,unmatched,,,
1152,Mount Shasta Brewing Co,Weed,CA,,Micro,,2020-02-07T00:00:00,confirmed_date,,not_recorded,,,,,unmatched,,,
1153,BJs Restaurant & Brewery - West Covina,West Covina,CA,,Brewpub,,,not_recorded,,not_recorded,,,,,unmatched,,,
1154,Yolo Brewing Co,West Sacramento,CA,,Taproom,,2019-04-20T00:00:00,confirmed_date,yes,confirmed_yes,yes,CLOSED,,,unmatched,,,
1155,Bike Dog Brewing Co,West Sacramento,CA,,Micro,,,not_recorded,,not_recorded,,,,,unmatched,,,
1156,Jackrabbit Brewing Co,West Sacramento,CA,,Micro,,,not_recorded,,not_recorded,,,,,unmatched,,,
1157,14 Cannons Brewing Company,Westlake Village,CA,,Taproom,,2019-08-29T00:00:00,confirmed_date,,not_recorded,,,,,unmatched,,,
1158,Figueroa Mountain Brewing - Westlake Village,Westlake Village,CA,,Micro,,2020-03-03T00:00:00,confirmed_date,,not_recorded,,,,,unmatched,,,
1159,Sundowner Brewing Co.,Westlake Village,CA,,Micro,,2020-03-03T00:00:00,confirmed_date,,not_recorded,,,,,unmatched,,,
1160,Five Threads Brewing Company,Westlake Village,CA,,Taproom,,2020-04-11T00:00:00,confirmed_date,,not_recorded,,,,,unmatched,,,
1161,Stadium Pizza - Murrieta,Wildomar,CA,,Brewpub,,,not_recorded,,not_recorded,,,,,unmatched,,,
1162,Russian River Brewing - Windsor,Windsor,CA,,Brewpub,,2019-11-13T00:00:00,confirmed_date,,not_recorded,,,,,unmatched,,,
1163,Mountain Mike’s Pizza,Windsor,CA,,Brewpub,,2020-02-07T00:00:00,confirmed_date,,not_recorded,,,,,unmatched,,,
1164,"Barrel Brothers Brewing Company, LLC",Windsor,CA,,Micro,,2020-03-03T00:00:00,confirmed_date,,not_recorded,,,,,unmatched,,,
1165,St. Florian’s Brewery,Windsor,CA,,Taproom,,2020-03-03T00:00:00,confirmed_date,,not_recorded,,,,,unmatched,,,
1166,Berryessa Brewing Co,Winters,CA,,Micro,,2020-04-11T00:00:00,confirmed_date,,not_recorded,,,,,unmatched,,,
1167,Hooby’s Brewing,Winters,CA,,Brewpub,,,not_recorded,,not_recorded,,,,,unmatched,,,
1168,Blue Note Brewing Company,Woodland,CA,,Taproom,,2020-03-03T00:00:00,confirmed_date,,not_recorded,,,,,unmatched,,,
1169,Fireman’s Brew,Woodland Hills,CA,,Contract,,2020-03-03T00:00:00,confirmed_date,,not_recorded,,,,,unmatched,,,
1170,Sutter Buttes Brewing,Yuba City,CA,,Brewpub,,2020-03-03T00:00:00,confirmed_date,,not_recorded,,,,,unmatched,,,
1171,Brewcaipa Brewing Co.,Yucaipa,CA,,Taproom,,2020-04-11T00:00:00,confirmed_date,,not_recorded,,,,,unmatched,,,
1172,San Luis Valley Brewing Co,Alamosa,CO,,Brewpub,,2020-04-11T00:00:00,confirmed_date,,not_recorded,,,,,unmatched,,,
1173,Colorado Farm Brewery,Alamosa,CO,,Taproom,,,not_recorded,,not_recorded,,,,,unmatched,,,
1174,Square Peg Brewerks,Alamosa,CO,,Taproom,,,not_recorded,,not_recorded,,,,,unmatched,,,
1175,Denver Beer Co Olde Town Arvada,Arvada,CO,,Micro,,2020-02-07T00:00:00,confirmed_date,,not_recorded,,,,,unmatched,,,
1176,Resolute Brewing Co,Arvada,CO,,Taproom,,2020-03-03T00:00:00,confirmed_date,,not_recorded,,,,,unmatched,,,
1177,SomePlace Else Brewery,Arvada,CO,,Taproom,,2020-03-03T00:00:00,confirmed_date,,not_recorded,,,,,unmatched,,,
1178,Spice Trade Brewing,Arvada,CO,,Brewpub,,2020-03-03T00:00:00,confirmed_date,,not_recorded,,,,,unmatched,,,
1179,New Image Brewing Co,Arvada,CO,,Brewpub,,2020-04-11T00:00:00,confirmed_date,,not_recorded,,,,,unmatched,,,
1180,Odyssey Beerwerks,Arvada,CO,,Micro,,,not_recorded,,not_recorded,,,,,unmatched,,,
1181,Aspen Brewing Company,Aspen,CO,,Micro,,2020-02-07T00:00:00,confirmed_date,,not_recorded,,,,,unmatched,,,
1182,Dad & Dudes Breweria,Aurora,CO,,Brewpub,,2020-02-01T00:00:00,confirmed_date,,not_recorded,,,,,unmatched,,,
1183,Dry Dock Brewing Co - North Dock,Aurora,CO,,Regional,,2020-03-03T00:00:00,confirmed_date,,not_recorded,,,,,unmatched,,,
1184,Dry Dock Brewing Co- South Dock,Aurora,CO,,Regional,,2020-03-03T00:00:00,confirmed_date,,not_recorded,,,,,unmatched,,,
1185,Launch Pad Brewery,Aurora,CO,,Taproom,,2020-04-11T00:00:00,confirmed_date,,not_recorded,,,,,unmatched,,,
1186,Ursula Brewery,Aurora,CO,,Taproom,,2020-04-11T00:00:00,confirmed_date,,not_recorded,,,,,unmatched,,,
1187,Bent Barley Brewing Company,Aurora,CO,,Taproom,,,not_recorded,,not_recorded,,,,,unmatched,,,
1188,Cheluna Brewing Company,Aurora,CO,,Taproom,,,not_recorded,,not_recorded,,,,,unmatched,,,
1189,Peak To Peak Brewery,Aurora,CO,,Brewpub,,,not_recorded,,not_recorded,,,,,unmatched,,,
1190,Peak To Peak Brewery,Aurora,CO,,Micro,,,not_recorded,,not_recorded,,,,,unmatched,,,
1191,Pilothouse Brewing Company,Aurora,CO,,Taproom,,,not_recorded,,not_recorded,,,,,unmatched,,,
1192,Mad Jack’s Mountain Brewery,Bailey,CO,,Taproom,,,not_recorded,,not_recorded,,,,,unmatched,,,
1193,Capitol Creek Brewery,Basalt,CO,,Brewpub,,,not_recorded,,not_recorded,,,,,unmatched,,,
1194,Bottom Shelf Brewery,Bayfield,CO,,Brewpub,,2020-02-07T00:00:00,confirmed_date,,not_recorded,,,,,unmatched,,,
1195,Berthoud Brewing Company,Berthoud,CO,,Taproom,,,not_recorded,,not_recorded,,,,,unmatched,,,
1196,City Star Brewing,Berthoud,CO,,Taproom,,,not_recorded,,not_recorded,,,,,unmatched,,,
1197,Adamant Brewing and Blending,Boulder,CO,,Micro,,2019-08-29T00:00:00,confirmed_date,,not_recorded,,,,,unmatched,,,
1198,Avery Brewing Co,Boulder,CO,,Regional,,2019-11-27T00:00:00,confirmed_date,,not_recorded,,,,,unmatched,,,
1199,BJs Restaurant & Brewery - Boulder,Boulder,CO,,Brewpub,,2020-02-01T00:00:00,confirmed_date,,not_recorded,,,,,unmatched,,,
1200,Finkel & Garf Brewing Co.,Boulder,CO,,Micro,,2020-02-01T00:00:00,confirmed_date,,not_recorded,,,,,unmatched,,,
1201,Gunbarrel Brewing Company,Boulder,CO,,Taproom,,2020-02-01T00:00:00,confirmed_date,,not_recorded,,,,,unmatched,,,
1202,BRU Handbuilt Ales and Eats,Boulder,CO,,Brewpub,,2020-02-07T00:00:00,confirmed_date,,not_recorded,,,,,unmatched,,,
1203,Asher Brewing Co,Boulder,CO,,Taproom,,2020-03-03T00:00:00,confirmed_date,,not_recorded,,,,,unmatched,,,
1204,Beyond The Mountain Brewing Company,Boulder,CO,,Taproom,,2020-03-03T00:00:00,confirmed_date,,not_recorded,,,,,unmatched,,,
1205,Boulder Beer Co,Boulder,CO,,Regional,,2020-03-03T00:00:00,confirmed_date,,not_recorded,,,,,unmatched,,,
1206,"Kettle and Spoke Brewery, LLC",Boulder,CO,,Taproom,,2020-03-03T00:00:00,confirmed_date,,not_recorded,,,,,unmatched,,,
1207,New Planet Beer Co,Boulder,CO,,Contract,,2020-03-03T00:00:00,confirmed_date,,not_recorded,,,,,unmatched,,,
1208,Southern Sun Pub and Brewery,Boulder,CO,,Brewpub,,2020-03-03T00:00:00,confirmed_date,,not_recorded,,,,,unmatched,,,
1209,Stein Brewing Company,Boulder,CO,,Taproom,,2020-03-03T00:00:00,confirmed_date,,not_recorded,,,,,exact,stein-brewing-company,content/breweries/stein-brewing-company.md,
1210,Twisted Pine Brewing Co,Boulder,CO,,Taproom,,2020-03-03T00:00:00,confirmed_date,,not_recorded,,,,,unmatched,,,
1211,"Unnamed Beer Company, LLC",Boulder,CO,,Taproom,,2020-03-03T00:00:00,confirmed_date,,not_recorded,,,,,unmatched,,,
1212,Upslope Brewing Company - Lee Hill,Boulder,CO,,Regional,,2020-03-03T00:00:00,confirmed_date,,not_recorded,,,,,unmatched,,,
1213,VisionQuest Brewing Company,Boulder,CO,,Taproom,,2020-03-03T00:00:00,confirmed_date,,not_recorded,,,,,unmatched,,,
1214,Wild Woods Brewery,Boulder,CO,,Taproom,,2020-03-03T00:00:00,confirmed_date,,not_recorded,,,,,unmatched,,,
1215,Mountain Sun Pub and Brewery,Boulder,CO,,Brewpub,,,not_recorded,,not_recorded,,,,,unmatched,,,
1216,Sanitas Brewing Co,Boulder,CO,,Taproom,,,not_recorded,,not_recorded,,,,,unmatched,,,
1217,The Post Brewing Co,Boulder,CO,,Brewpub,,,not_recorded,,not_recorded,,,,,exact,the-post-brewing-co,content/breweries/the-post-brewing-co.md,
1218,Upslope Brewing Company - Flatiron Park,Boulder,CO,,Micro,,,not_recorded,,not_recorded,,,,,unmatched,,,
1219,West Flanders Brewing Co,Boulder,CO,,Brewpub,,,not_recorded,,not_recorded,,,,,unmatched,,,
1220,Breckenridge Brewery & Pub,Breckenridge,CO,,Largge,,2020-03-03T00:00:00,confirmed_date,,not_recorded,,,,,unmatched,,,
1221,Broken Compass Brewing,Breckenridge,CO,,Taproom,,2020-03-03T00:00:00,confirmed_date,,not_recorded,,,,,unmatched,,,
1222,Floodstage Ale Works,Brighton,CO,,Brewpub,,2020-04-11T00:00:00,confirmed_date,,not_recorded,,,,,unmatched,,,
1223,Big Choice Brewing Co,Brighton,CO,,Micro,,,not_recorded,,not_recorded,,,,,unmatched,,,
1224,Something Brewery,Brighton,CO,,Taproom,,,not_recorded,,not_recorded,,,,,unmatched,,,
1225,4 Noses Brewing Company,Broomfield,CO,,Micro,,2020-03-03T00:00:00,confirmed_date,,not_recorded,,,,,unmatched,,,
1226,Gordon Biersch Brewery Restaurant - Broomfield,Broomfield,CO,,Brewpub,,,not_recorded,,not_recorded,,,,,unmatched,,,
1227,Rails End Beer Company,Broomfield,CO,,Taproom,,,not_recorded,,not_recorded,,,,,unmatched,,,
1228,Wonderland Brewing Co.,Broomfield,CO,,Brewpub,,,not_recorded,,not_recorded,,,,,unmatched,,,
1229,Eddyline Brewing LLC,Buena Vista,CO,,Micro,,,not_recorded,,not_recorded,,,,,unmatched,,,
1230,World’s End Brewing Company,Canon City,CO,,Micro,,,not_recorded,,not_recorded,,,,,unmatched,,,
1231,Carbondale Beer Works,Carbondale,CO,,Brewpub,,2020-02-07T00:00:00,confirmed_date,,not_recorded,,,,,unmatched,,,
1232,Roaring Fork Beer Company,Carbondale,CO,,Proprietor,,2020-03-03T00:00:00,confirmed_date,,not_recorded,,,,,unmatched,,,
1233,Idylwilde Brewing,Carbondale,CO,,Micro,,,not_recorded,,not_recorded,,,,,unmatched,,,
1234,105 West Brewing Co,Castle Rock,CO,,Taproom,,2019-08-29T00:00:00,confirmed_date,,not_recorded,,,,,unmatched,,,
1235,Rockyard Brewing Company,Castle Rock,CO,,Brewpub,,2020-02-07T00:00:00,confirmed_date,,not_recorded,,,,,unmatched,,,
1236,Wild Blue Yonder Brewing Co.,CASTLE ROCK,CO,,Brewpub,,2020-03-03T00:00:00,confirmed_date,,not_recorded,,,,,unmatched,,,
1237,"Burly Brewing Company, LLC",Castle Rock,CO,,Taproom,,,not_recorded,,not_recorded,,,,,unmatched,,,
1238,Iron Mule Brewery,Castle Rock,CO,,Taproom,,,not_recorded,,not_recorded,,,,,unmatched,,,
1239,Blue Spruce Brewing,Centennial,CO,,Brewpub,,2020-02-07T00:00:00,confirmed_date,,not_recorded,,,,,unmatched,,,
1240,Resolute Brewing Company,Centennial,CO,,Taproom,,2020-04-11T00:00:00,confirmed_date,,not_recorded,,,,,unmatched,,,
1241,Rock Bottom Brewery - Englewood,Centennial,CO,,Brewpub,,2020-04-11T00:00:00,confirmed_date,,not_recorded,,,,,unmatched,,,
1242,Halfpenny Brewing Company,Centennial,CO,,Taproom,,,not_recorded,,not_recorded,,,,,unmatched,,,
1243,Two22 Brew,Centennial,CO,,Taproom,,,not_recorded,,not_recorded,,,,,unmatched,,,
1244,Dostal Alley Brewing Co,Central City,CO,,Brewpub,,,not_recorded,,not_recorded,,,,,unmatched,,,
1245,Smiling Toad Brewery,Colorado Springs,CO,,Taproom,,2019-10-26T00:00:00,confirmed_date,,not_recorded,,,,,unmatched,,,
1246,Colorado Mountain Brewery At the Roundhouse,Colorado Springs,CO,,Brewpub,,2020-02-01T00:00:00,confirmed_date,,not_recorded,,,,,unmatched,,,
1247,Goat Patch Brewing Co.,Colorado Springs,CO,,Taproom,,2020-02-01T00:00:00,confirmed_date,,not_recorded,,,,,unmatched,,,
1248,Bristol Brewing Co,Colorado Springs,CO,,Micro,,2020-02-07T00:00:00,confirmed_date,,not_recorded,,,,,unmatched,,,
1249,Phantom Canyon Brewing Co,Colorado Springs,CO,,Brewpub,,2020-02-07T00:00:00,confirmed_date,,not_recorded,,,,,unmatched,,,
1250,Rock Bottom Brewery - Colorado Springs,Colorado Springs,CO,,Brewpub,,2020-02-07T00:00:00,confirmed_date,,not_recorded,,,,,unmatched,,,
1251,Atrevida Beer Company,Colorado Springs,CO,,Taproom,,2020-03-03T00:00:00,confirmed_date,,not_recorded,,,,,unmatched,,,
1252,Black Forest Brewing Company,Colorado Springs,CO,,Brewpub,,2020-03-03T00:00:00,confirmed_date,,not_recorded,,,,,unmatched,,,
1253,Fossil Craft Beer Co,Colorado Springs,CO,,Taproom,,2020-03-03T00:00:00,confirmed_date,,not_recorded,,,,,unmatched,,,
1254,Peaks N Pines Brewing Company,Colorado Springs,CO,,Taproom,,2020-03-03T00:00:00,confirmed_date,,not_recorded,,,,,unmatched,,,
1255,Cerberus Brewing Company,Colorado Springs,CO,,Brewpub,,2020-04-11T00:00:00,confirmed_date,,not_recorded,,,,,unmatched,,,
1256,Dueces Wild Brewery,Colorado Springs,CO,,Taproom,,2020-04-11T00:00:00,confirmed_date,,not_recorded,,,,,unmatched,,,
1257,Lost Friend Brewing Company,Colorado Springs,CO,,Taproom,,2020-04-11T00:00:00,confirmed_date,,not_recorded,,,,,unmatched,,,
1258,Metric Brewing Company,Colorado Springs,CO,,Taproom,,2020-04-11T00:00:00,confirmed_date,,not_recorded,,,,,exact,metric-brewing-company,content/breweries/metric-brewing-company.md,
1259,Rocky Mountain Brewery,Colorado Springs,CO,,Micro,,2020-04-11T00:00:00,confirmed_date,,not_recorded,,,,,unmatched,,,
1260,Trinity Brewing,Colorado Springs,CO,,Brewpub,,2020-04-11T00:00:00,confirmed_date,,not_recorded,,,,,unmatched,,,
1261,Brass Brewing Company,Colorado Springs,CO,,Taproom,,,not_recorded,,not_recorded,,,,,unmatched,,,
1262,Cogstone Brewing Co,Colorado Springs,CO,,Brewpub,,,not_recorded,,not_recorded,,,,,unmatched,,,
1263,Colorado Mountain Brewery,Colorado Springs,CO,,Brewpub,,,not_recorded,,not_recorded,,,,,unmatched,,,
1264,FH Beerworks,Colorado Springs,CO,,Brewpub,,,not_recorded,,not_recorded,,,,,unmatched,,,
1265,FH Beerworks East,Colorado Springs,CO,,Micro,,,not_recorded,,not_recorded,,,,,unmatched,,,
1266,Gold Camp Brewing Co,Colorado Springs,CO,,Taproom,,,not_recorded,,not_recorded,,,,,unmatched,,,
1267,Iron Bird Brewing Co.,Colorado Springs,CO,,Brewpub,,,not_recorded,,not_recorded,,,,,unmatched,,,
1268,Local Relic,Colorado Springs,CO,,Taproom,,,not_recorded,,not_recorded,,,,,unmatched,,,
1269,Nano 108 Brewing Co,Colorado Springs,CO,,Taproom,,,not_recorded,,not_recorded,,,,,unmatched,,,
1270,Red Leg Brewing Company,Colorado Springs,CO,,Taproom,,,not_recorded,,not_recorded,,,,,unmatched,,,
1271,Storybook Brewing,Colorado Springs,CO,,Taproom,,,not_recorded,,not_recorded,,,,,unmatched,,,
1272,Whistle Pig Brewing Company,Colorado Springs,CO,,Brewpub,,,not_recorded,,not_recorded,,,,,unmatched,,,
1273,J. Fargo’s Family Dining & Micro Brewery / Coyote J Brewing Co,Cortez,CO,,Brewpub,,2020-02-07T00:00:00,confirmed_date,,not_recorded,,,,,unmatched,,,
1274,Main Street Brewery/Four Corners,Cortez,CO,,Brewpub,,2020-03-03T00:00:00,confirmed_date,,not_recorded,,,,,unmatched,,,
1275,WildEdge Brewing Collective,Cortez,CO,,Brewpub,,2020-04-11T00:00:00,confirmed_date,,not_recorded,,,,,unmatched,,,
1276,Yampa Valley Brewing Company - Barrel Cathedral,Craig,CO,,Taproom,,2020-03-03T00:00:00,confirmed_date,,not_recorded,,,,,unmatched,,,
1277,Elk Avenue Brewing Company,Crested Butte,CO,,Brewpub,,2020-03-03T00:00:00,confirmed_date,,not_recorded,,,,,unmatched,,,
1278,Irwin Brewing Company,Crested Butte,CO,,Micro,,2020-04-11T00:00:00,confirmed_date,,not_recorded,,,,,unmatched,,,
1279,Crestone Brewing Company,Crestone,CO,,Brewpub,,2020-04-11T00:00:00,confirmed_date,,not_recorded,,,,,unmatched,,,
1280,Three Barrel Brewing Co,del Norte,CO,,Brewpub,,,not_recorded,,not_recorded,,,,,unmatched,,,
1281,Blue Moon Brewery,Denver,CO,,Large,,2020-02-01T00:00:00,confirmed_date,yes,confirmed_yes,yes,,,,unmatched,,,
1282,14er Brewing Company,Denver,CO,,Micro,,2019-08-29T00:00:00,confirmed_date,,not_recorded,,,,,unmatched,,,
1283,Crooked Stave Artisan Beer Project,Denver,CO,,Micro,,2019-11-13T00:00:00,confirmed_date,,not_recorded,,,,,unmatched,,,
1284,Our Mutual Friend Brewing,Denver,CO,,Micro,,2019-11-27T00:00:00,confirmed_date,,not_recorded,,,,,unmatched,,,
1285,Bierstadt Lagerhaus,Denver,CO,,Brewpub,,2020-02-01T00:00:00,confirmed_date,,not_recorded,,,,,unmatched,,,
1286,Crazy Mountain Brewing Co,Denver,CO,,Regional,,2020-02-01T00:00:00,confirmed_date,,not_recorded,,,,,unmatched,,,
1287,Factotum Brewhouse,Denver,CO,,Taproom,,2020-02-01T00:00:00,confirmed_date,,not_recorded,,,,,unmatched,,,
1288,Good River Beer Company,Denver,CO,,Micro,,2020-02-01T00:00:00,confirmed_date,,not_recorded,,,,,unmatched,,,
1289,Lowdown Brewery + Kitchen,Denver,CO,,Brewpub,,2020-02-07T00:00:00,confirmed_date,,not_recorded,,,,,unmatched,,,
1290,Odell Brewing Co - Denver,Denver,CO,,Micro,,2020-02-07T00:00:00,confirmed_date,,not_recorded,,,,,unmatched,,,
1291,Renegade Brewing Company,Denver,CO,,Micro,,2020-02-07T00:00:00,confirmed_date,,not_recorded,,,,,unmatched,,,
1292,TRVE Brewing Co,Denver,CO,,Micro,,2020-02-07T00:00:00,confirmed_date,,not_recorded,,,,,unmatched,,,
1293,Wynkoop Brewing Co,Denver,CO,,Brewpub,,2020-02-07T00:00:00,confirmed_date,,not_recorded,,,,,unmatched,,,
1294,10 Barrel Brewing Co - Denver,Denver,CO,,Largge,,2020-03-03T00:00:00,confirmed_date,,not_recorded,,,,,unmatched,,,
1295,Amalgam Brewing,Denver,CO,,Proprietor,,2020-03-03T00:00:00,confirmed_date,,not_recorded,,,,,unmatched,,,
1296,Blue Tile Brewing,Denver,CO,,Taproom,,2020-03-03T00:00:00,confirmed_date,,not_recorded,,,,,unmatched,,,
1297,Bull & Bush Brewery,Denver,CO,,Brewpub,,2020-03-03T00:00:00,confirmed_date,,not_recorded,,,,,unmatched,,,
1298,ChopHouse and Brewery - Denver,Denver,CO,,Brewpub,,2020-03-03T00:00:00,confirmed_date,,not_recorded,,,,,unmatched,,,
1299,Denver Beer Co,Denver,CO,,Regional,,2020-03-03T00:00:00,confirmed_date,,not_recorded,,,,,unmatched,,,
1300,Denver Beer Co Canworks,Denver,CO,,Micro,,2020-03-03T00:00:00,confirmed_date,,not_recorded,,,,,unmatched,,,
1301,Dos Luces Brewery,Denver,CO,,Taproom,,2020-03-03T00:00:00,confirmed_date,,not_recorded,,,,,unmatched,,,
1302,Grandma’s House,Denver,CO,,Taproom,,2020-03-03T00:00:00,confirmed_date,,not_recorded,,,,,unmatched,,,
1303,Great Divide Brewing Co,Denver,CO,,Regional,,2020-03-03T00:00:00,confirmed_date,,not_recorded,,,,,unmatched,,,
1304,Hogshead Brewery,Denver,CO,,Taproom,,2020-03-03T00:00:00,confirmed_date,,not_recorded,,,,,unmatched,,,
1305,Lady Justice Brewing Company,Denver,CO,,Taproom,,2020-03-03T00:00:00,confirmed_date,,not_recorded,,,,,unmatched,,,
1306,Long Table Brewing,Denver,CO,,Taproom,,2020-03-03T00:00:00,confirmed_date,,not_recorded,,,,,unmatched,,,
1307,Oasis Brewery,Denver,CO,,Taproom,,2020-03-03T00:00:00,confirmed_date,,not_recorded,,,,,unmatched,,,
1308,River North Brewery - RiNo,Denver,CO,,Taproom,,2020-03-03T00:00:00,confirmed_date,,not_recorded,,,,,unmatched,,,
1309,Sleeping Giant Brewing Company,Denver,CO,,Micro,,2020-03-03T00:00:00,confirmed_date,,not_recorded,,,,,unmatched,,,
1310,Station 26 Brewing Co,Denver,CO,,Taproom,,2020-03-03T00:00:00,confirmed_date,,not_recorded,,,,,unmatched,,,
1311,Strange Craft Beer Co,Denver,CO,,Taproom,,2020-03-03T00:00:00,confirmed_date,,not_recorded,,,,,unmatched,,,
1312,The Larimer Beer Company,Denver,CO,,Contract,,2020-03-03T00:00:00,confirmed_date,,not_recorded,,,,,unmatched,,,
1313,The Sandlot Brewery At Coors Field,Denver,CO,,Largge,,2020-03-03T00:00:00,confirmed_date,,not_recorded,,,,,unmatched,,,
1314,Thirsty Monk Pub Brewery,Denver,CO,,Micro,,2020-03-03T00:00:00,confirmed_date,,not_recorded,,,,,unmatched,,,
1315,TRVE Brewing Co. - The Acid Temple,Denver,CO,,Micro,,2020-03-03T00:00:00,confirmed_date,,not_recorded,,,,,unmatched,,,
1316,Vine Street Pub & Brewery,Denver,CO,,Brewpub,,2020-03-03T00:00:00,confirmed_date,,not_recorded,,,,,unmatched,,,
1317,Wit’s End Brewing Co,Denver,CO,,Taproom,,2020-03-03T00:00:00,confirmed_date,,not_recorded,,,,,unmatched,,,
1318,Woba Beer,Denver,CO,,Contract,,2020-03-03T00:00:00,confirmed_date,,not_recorded,,,,,unmatched,,,
1319,Banded Oak Brewing Company,Denver,CO,,Micro,,2020-04-11T00:00:00,confirmed_date,,not_recorded,,,,,unmatched,,,
1320,Bruz Beers,Denver,CO,,Taproom,,2020-04-11T00:00:00,confirmed_date,,not_recorded,,,,,unmatched,,,
1321,Burns Family Artisan Ales,Denver,CO,,Micro,,2020-04-11T00:00:00,confirmed_date,,not_recorded,,,,,unmatched,,,
1322,Diebolt Brewing,Denver,CO,,Micro,,2020-04-11T00:00:00,confirmed_date,,not_recorded,,,,,unmatched,,,
1323,"Epic Brewing Co., LLC",Denver,CO,,Micro,,2020-04-11T00:00:00,confirmed_date,,not_recorded,,,,,unmatched,,,
1324,Fiction Beer Company,Denver,CO,,Taproom,,2020-04-11T00:00:00,confirmed_date,,not_recorded,,,,,unmatched,,,
1325,Goldspot Brewing Co,Denver,CO,,Taproom,,2020-04-11T00:00:00,confirmed_date,,not_recorded,,,,,unmatched,,,
1326,Great Divide Brewing Co - RiNo Barrel Bar,Denver,CO,,Micro,,2020-04-11T00:00:00,confirmed_date,,not_recorded,,,,,unmatched,,,
1327,Jagged Mountain Brewery,Denver,CO,,Taproom,,2020-04-11T00:00:00,confirmed_date,,not_recorded,,,,,unmatched,,,
1328,Platt Park Brewing Co.,Denver,CO,,Taproom,,2020-04-11T00:00:00,confirmed_date,,not_recorded,,,,,unmatched,,,
1329,Prost Brewing,Denver,CO,,Micro,,2020-04-11T00:00:00,confirmed_date,,not_recorded,,,,,unmatched,,,
1330,The Empourium Brewing Company,Denver,CO,,Taproom,,2020-04-11T00:00:00,confirmed_date,,not_recorded,,,,,unmatched,,,
1331,Ironton Distillery,Denver,CO,,distillery,,2020-07-31T00:00:00,confirmed_date,,not_recorded,,,,,unmatched,,,
1332,Cerebral Brewing,Denver,CO,,Micro,,12/20.2019,date_needs_review,,not_recorded,,,,,unmatched,,,
1333,New Belgium Brewing - Denver Pilot At the Source,Denver,CO,,Micro,,12/20.2019,date_needs_review,,not_recorded,,,,,unmatched,,,
1334,Alpine Dog Brewing Co,Denver,CO,,Taproom,,,not_recorded,,not_recorded,,,,,unmatched,,,
1335,Alternation Brewing Company,Denver,CO,,Taproom,,,not_recorded,,not_recorded,,,,,unmatched,,,
1336,Baere Brewing Company,Denver,CO,,Taproom,,,not_recorded,,not_recorded,,,,,unmatched,,,
1337,Black Project Spontaneous & Wild Ales,Denver,CO,,Micro,,,not_recorded,,not_recorded,,,,,unmatched,,,
1338,Black Shirt Brewing Co,Denver,CO,,Brewpub,,,not_recorded,,not_recorded,,,,,unmatched,,,
1339,Black Sky Brewery,Denver,CO,,Brewpub,,,not_recorded,,not_recorded,,,,,unmatched,,,
1340,Briar Common Brewery,Denver,CO,,Brewpub,,,not_recorded,,not_recorded,,,,,unmatched,,,
1341,Burgundian Brewing Co.,Denver,CO,,Micro,,,not_recorded,,not_recorded,,,,,unmatched,,,
1342,Call To Arms Brewing Company,Denver,CO,,Taproom,,,not_recorded,,not_recorded,,,,,unmatched,,,
1343,Chain Reaction Brewing Company,Denver,CO,,Taproom,,,not_recorded,,not_recorded,,,,,unmatched,,,
1344,CO-Brew,Denver,CO,,Taproom,,,not_recorded,,not_recorded,,,,,unmatched,,,
1345,Comrade Brewing Company,Denver,CO,,Taproom,,,not_recorded,,not_recorded,,,,,unmatched,,,
1346,Copper Kettle Brewing Company,Denver,CO,,Taproom,,,not_recorded,,not_recorded,,,,,unmatched,,,
1347,Declaration Brewing Company,Denver,CO,,Micro,,,not_recorded,,not_recorded,,,,,unmatched,,,
1348,DeSteeg Brewing Co,Denver,CO,,Taproom,,,not_recorded,,not_recorded,,,,,unmatched,,,
1349,FlyteCo Brewing,Denver,CO,,Taproom,,,not_recorded,,not_recorded,,,,,unmatched,,,
1350,J Moe’s Brewing Company,Denver,CO,,Brewpub,,,not_recorded,,not_recorded,,,,,unmatched,,,
1351,Liberati Osteria and Oenobeers,Denver,CO,,Brewpub,,,not_recorded,,not_recorded,,,,,unmatched,,,
1352,Little Machine,Denver,CO,,Taproom,,,not_recorded,,not_recorded,,,,,unmatched,,,
1353,Mockery Brewing,Denver,CO,,Taproom,,,not_recorded,,not_recorded,,,,,unmatched,,,
1354,Novel Strand Brewing,Denver,CO,,Taproom,,,not_recorded,,not_recorded,,,,,unmatched,,,
1355,Pints Pub Brewery and Freehouse,Denver,CO,,Brewpub,,,not_recorded,,not_recorded,,,,,unmatched,,,
1356,Ratio Beerworks,Denver,CO,,Taproom,,,not_recorded,,not_recorded,,,,,unmatched,,,
1357,Renegade Brewing Company - Production,Denver,CO,,Micro,,,not_recorded,,not_recorded,,,,,unmatched,,,
1358,River North Brewery,Denver,CO,,Micro,,,not_recorded,,not_recorded,,,,,unmatched,,,
1359,Rock Bottom Brewery - Denver,Denver,CO,,Brewpub,,,not_recorded,,not_recorded,,,,,unmatched,,,
1360,Rustica Brewing Company,Denver,CO,,Micro,,,not_recorded,,not_recorded,,,,,unmatched,,,
1361,Seedstock Brewery,Denver,CO,,Taproom,,,not_recorded,,not_recorded,,,,,unmatched,,,
1362,Spangalang Brewery,Denver,CO,,Taproom,,,not_recorded,,not_recorded,,,,,unmatched,,,
1363,The Grateful Gnome Sandwich Shoppe and Brewery,Denver,CO,,Brewpub,,,not_recorded,,not_recorded,,,,,unmatched,,,
1364,The Intrepid Sojourner Beer Project,Denver,CO,,Taproom,,,not_recorded,,not_recorded,,,,,unmatched,,,
1365,Tivoli Brewing Company,Denver,CO,,Micro,,,not_recorded,,not_recorded,,,,,unmatched,,,
1366,Tom’s Urban Kitchen and Brewery,Denver,CO,,Brewpub,,,not_recorded,,not_recorded,,,,,unmatched,,,
1367,Woods Boss Brewing Company,Denver,CO,,Taproom,,,not_recorded,,not_recorded,,,,,unmatched,,,
1368,Zuni Street Brewing Company,Denver,CO,,Taproom,,,not_recorded,,not_recorded,,,,,unmatched,,,
1369,Dillon Dam Brewery,Dillon,CO,,Brewpub,,2020-03-03T00:00:00,confirmed_date,,not_recorded,,,,,unmatched,,,
1370,Pug Ryan’s Brewing Company,Dillon,CO,,Brewpub,,,not_recorded,,not_recorded,,,,,unmatched,,,
1371,Paradox Beer Co,Divide,CO,,Taproom,,2020-04-11T00:00:00,confirmed_date,,not_recorded,,,,,unmatched,,,
1372,Dolores River Brewery,Dolores,CO,,Brewpub,,2020-02-07T00:00:00,confirmed_date,,not_recorded,,,,,unmatched,,,
1373,SKA Brewing,Durango,CO,,Regional,,2020-02-07T00:00:00,confirmed_date,,not_recorded,,,,,unmatched,,,
1374,Carver Brewing Co,Durango,CO,,Brewpub,,2020-03-03T00:00:00,confirmed_date,,not_recorded,,,,,unmatched,,,
1375,Animas Brewing Co,Durango,CO,,Brewpub,,2020-04-11T00:00:00,confirmed_date,,not_recorded,,,,,unmatched,,,
1376,Steamworks Brewing Co,Durango,CO,,Brewpub,,2020-04-11T00:00:00,confirmed_date,,not_recorded,,,,,unmatched,,,
1377,Chainless Brewing,Durango,CO,,Brewpub,,,not_recorded,,not_recorded,,,,,unmatched,,,
1378,Bonfire Brewing,Eagle,CO,,Micro,,2020-02-07T00:00:00,confirmed_date,,not_recorded,,,,,unmatched,,,
1379,Bonfire Brewing Production,Eagle,CO,,Taproom,,2020-03-03T00:00:00,confirmed_date,,not_recorded,,,,,unmatched,,,
1380,7 Hermits Brewing Company,Eagle,CO,,Brewpub,,,not_recorded,,not_recorded,,,,,unmatched,,,
1381,Joyride Brewing Co,Edgewater,CO,,Taproom,,2020-03-03T00:00:00,confirmed_date,,not_recorded,,,,,unmatched,,,
1382,Gore Range Brewery,Edwards,CO,,Brewpub,,2020-03-03T00:00:00,confirmed_date,,not_recorded,,,,,unmatched,,,
1383,The Elizabeth Brewing Company,Elizabeth,CO,,Taproom,,,not_recorded,,not_recorded,,,,,unmatched,,,
1384,C.B. and Potts/Big Horn Brewery - Englewood,Englewood,CO,,Brewpub,,,not_recorded,,not_recorded,,,,,unmatched,,,
1385,Echo Brewing Co.,Erie,CO,,Brewpub,,2020-04-11T00:00:00,confirmed_date,,not_recorded,,,,,unmatched,,,
1386,Atom Brewing Company,Erie,CO,,Micro,,,not_recorded,,not_recorded,,,,,unmatched,,,
1387,Industrial Revolution Brewing Company,Erie,CO,,Taproom,,,not_recorded,,not_recorded,,,,,unmatched,,,
1388,Avant Garde Aleworks,Estes Park,CO,,Taproom,,2020-02-01T00:00:00,confirmed_date,,not_recorded,,,,,unmatched,,,
1389,Estes Park Brewery,Estes Park,CO,,Micro,,2020-03-03T00:00:00,confirmed_date,,not_recorded,,,,,unmatched,,,
1390,Lumpy Ridge Brewing Co,Estes Park,CO,,Taproom,,,not_recorded,,not_recorded,,,,,unmatched,,,
1391,Rock Cut Brewing Company,Estes Park,CO,,Taproom,,,not_recorded,,not_recorded,,,,,unmatched,,,
1392,El Rancho Brewing,Evergreen,CO,,Brewpub,,2020-02-01T00:00:00,confirmed_date,,not_recorded,,,,,unmatched,,,
1393,Evergreen Brewery,Evergreen,CO,,Brewpub,,2020-02-07T00:00:00,confirmed_date,,not_recorded,,,,,unmatched,,,
1394,Lariat Lodge Brewing,Evergreen,CO,,Brewpub,,,not_recorded,,not_recorded,,,,,unmatched,,,
1395,South Park Brewing,Fairplay,CO,,Brewpub,,,not_recorded,,not_recorded,,,,,unmatched,,,
1396,Florence Brewing Company,Florence,CO,,Micro,,,not_recorded,,not_recorded,,,,,unmatched,,,
1397,Funky Town Brewery / Iron Tree Tables and Taps,Florissant,CO,,Brewpub,,2020-02-01T00:00:00,confirmed_date,,not_recorded,,,,,unmatched,,,
1398,Gilded Goat Brewing Company,Fort Collins,CO,,Taproom,,2020-02-01T00:00:00,confirmed_date,,not_recorded,,,,,unmatched,,,
1399,Anheuser-Busch Inc - Fort Collins,Fort Collins,CO,,Largge,,2020-02-07T00:00:00,confirmed_date,,not_recorded,,,,,unmatched,,,
1400,Odell Brewing Co,Fort Collins,CO,,Regional,,2020-02-07T00:00:00,confirmed_date,,not_recorded,,,,,unmatched,,,
1401,Snowbank Brewing,Fort Collins,CO,,Micro,,2020-02-07T00:00:00,confirmed_date,,not_recorded,,,,,unmatched,,,
1402,CooperSmiths Pub and Brewing,Fort Collins,CO,,Brewpub,,2020-03-03T00:00:00,confirmed_date,,not_recorded,,,,,unmatched,,,
1403,Envy Brewing,Fort Collins,CO,,Micro,,2020-03-03T00:00:00,confirmed_date,,not_recorded,,,,,unmatched,,,
1404,Horse & Dragon Brewing Company,Fort Collins,CO,,Micro,,2020-03-03T00:00:00,confirmed_date,,not_recorded,,,,,unmatched,,,
1405,Intersect Brewing,Fort Collins,CO,,Taproom,,2020-03-03T00:00:00,confirmed_date,,not_recorded,,,,,unmatched,,,
1406,Pitchers Sports Restaurant and Brewery,Fort Collins,CO,,Brewpub,,2020-03-03T00:00:00,confirmed_date,,not_recorded,,,,,unmatched,,,
1407,Ramskeller,Fort Collins,CO,,Brewpub,,2020-03-03T00:00:00,confirmed_date,,not_recorded,,,,,unmatched,,,
1408,Soul Squared Brewing Co.,Fort Collins,CO,,Taproom,,2020-03-03T00:00:00,confirmed_date,,not_recorded,,,,,unmatched,,,
1409,Maxline Brewing,Fort Collins,CO,,Taproom,,2020-04-11T00:00:00,confirmed_date,,not_recorded,,,,,unmatched,,,
1410,The Marmot Fort Collins,Fort Collins,CO,,Brewpub,,2020-04-11T00:00:00,confirmed_date,,not_recorded,,,,,unmatched,,,
1411,Funkwerks,Fort Collins,CO,,Micro,,12/20.2019,date_needs_review,,not_recorded,,,,,unmatched,,,
1412,New Belgium Brewing Co,Fort Collins,CO,,Regional,,12/20.2019,date_needs_review,,not_recorded,,,,,unmatched,,,
1413,Black Bottle Brewery,Fort Collins,CO,,Brewpub,,,not_recorded,,not_recorded,,,,,unmatched,,,
1414,D.C. Oakes Brewhouse and Eatery,Fort Collins,CO,,Brewpub,,,not_recorded,,not_recorded,,,,,unmatched,,,
1415,Equinox Brewing,Fort Collins,CO,,Micro,,,not_recorded,,not_recorded,,,,,unmatched,,,
1416,Jessup Farm Barrel House,Fort Collins,CO,,Taproom,,,not_recorded,,not_recorded,,,,,unmatched,,,
1417,McClellan’s Brewing Company,Fort Collins,CO,,Brewpub,,,not_recorded,,not_recorded,,,,,unmatched,,,
1418,Prost Brewing Fort Collins,Fort Collins,CO,,Micro,,,not_recorded,,not_recorded,,,,,unmatched,,,
1419,Purpose Brewing and Cellars,Fort Collins,CO,,Brewpub,,,not_recorded,,not_recorded,,,,,unmatched,,,
1420,Rally King Brewing,Fort Collins,CO,,Taproom,,,not_recorded,,not_recorded,,,,,unmatched,,,
1421,Red Truck Beer Company Ltd.,Fort Collins,CO,,Brewpub,,,not_recorded,,not_recorded,,,,,unmatched,,,
1422,Zwei Brewing Co,Fort Collins,CO,,Taproom,,,not_recorded,,not_recorded,,,,,unmatched,,,
1423,Gorilla Alchemy Brewery,Fort Lupton,CO,,Taproom,,2020-03-03T00:00:00,confirmed_date,,not_recorded,,,,,unmatched,,,
1424,Camber Brewing Company,Fraser,CO,,Taproom,,2020-03-03T00:00:00,confirmed_date,,not_recorded,,,,,unmatched,,,
1425,Fraser River Beer Company,Fraser,CO,,Taproom,,,not_recorded,,not_recorded,,,,,unmatched,,,
1426,Mirror Image Brewing Co.,Frederick,CO,,Brewpub,,2020-03-03T00:00:00,confirmed_date,,not_recorded,,,,,unmatched,,,
1427,Mountain Cowboy Brewing Company,Frederick,CO,,Taproom,,,not_recorded,,not_recorded,,,,,unmatched,,,
1428,HighSide Brewery,Frisco,CO,,Brewpub,,2020-03-03T00:00:00,confirmed_date,,not_recorded,,,,,unmatched,,,
1429,Outer Range Brewing Co,Frisco,CO,,Micro,,,not_recorded,,not_recorded,,,,,unmatched,,,
1430,Copper Club Brewing Co,Fruita,CO,,Taproom,,2020-03-03T00:00:00,confirmed_date,,not_recorded,,,,,unmatched,,,
1431,Suds Brothers Brewing Co,Fruita,CO,,Brewpub,,,not_recorded,,not_recorded,,,,,unmatched,,,
1432,"Guanella Pass Brewing Company, LLC",Georgetown,CO,,Taproom,,2020-03-03T00:00:00,confirmed_date,,not_recorded,,,,,unmatched,,,
1433,Casey Brewing and Blending,Glenwood Springs,CO,,Micro,,2019-11-27T00:00:00,confirmed_date,,not_recorded,,,,,unmatched,,,
1434,Glenwood Canyon Brewing Co,Glenwood Springs,CO,,Brewpub,,,not_recorded,,not_recorded,,,,,unmatched,,,
1435,Mountain Toad Brewing,Golden,CO,,Taproom,,2019-10-26T00:00:00,confirmed_date,yes,confirmed_yes,yes,,,,unmatched,,,
1436,MillerCoors Brewing Co - Golden,Golden,CO,,Largge,,2020-02-07T00:00:00,confirmed_date,,not_recorded,,,,,unmatched,,,
1437,Barrels & Bottles Brewery,Golden,CO,,Brewpub,,2020-03-03T00:00:00,confirmed_date,,not_recorded,,,,,unmatched,,,
1438,Cannonball Creek Brewing Co,Golden,CO,,Taproom,,2020-03-03T00:00:00,confirmed_date,,not_recorded,,,,,unmatched,,,
1439,Coda Brewing Company,Golden,CO,,Taproom,,2020-03-03T00:00:00,confirmed_date,,not_recorded,,,,,unmatched,,,
1440,Ohm Brewing Company,Golden,CO,,Taproom,,2020-03-03T00:00:00,confirmed_date,,not_recorded,,,,,unmatched,,,
1441,Holidaily Brewing Co,Golden,CO,,Taproom,,2020-04-11T00:00:00,confirmed_date,,not_recorded,,,,,unmatched,,,
1442,New Terrain Brewing Company,Golden,CO,,Taproom,,2020-04-11T00:00:00,confirmed_date,,not_recorded,,,,,unmatched,,,
1443,Golden City Brewery,Golden,CO,,Brewpub,,,not_recorded,,not_recorded,,,,,unmatched,,,
1444,Holidaily Production Facility,Golden,CO,,Micro,,,not_recorded,,not_recorded,,,,,unmatched,,,
1445,Over Yonder Brewing Company,Golden,CO,,Taproom,,,not_recorded,,not_recorded,,,,,unmatched,,,
1446,Never Summer Brewing Co,Granby,CO,,Taproom,,2020-03-03T00:00:00,confirmed_date,,not_recorded,,,,,unmatched,,,
1447,Kannah Creek Brewing Co,Grand Junction,CO,,Brewpub,,2020-04-11T00:00:00,confirmed_date,,not_recorded,,,,,unmatched,,,
1448,Edgewater Brewery,Grand Junction,CO,,Brewpub,,,not_recorded,,not_recorded,,,,,unmatched,,,
1449,Rockslide Brewing Co,Grand Junction,CO,,Brewpub,,,not_recorded,,not_recorded,,,,,unmatched,,,
1450,Wiley Roots Brewing Co,Greeley,CO,,Taproom,,12/20.2019,date_needs_review,yes,confirmed_yes,yes,,,,unmatched,,,
1451,Green Earth Brewing Company,Greeley,CO,,Taproom,,2020-02-01T00:00:00,confirmed_date,,not_recorded,,,,,unmatched,,,
1452,Crabtree Brewing,Greeley,CO,,Taproom,,2020-03-03T00:00:00,confirmed_date,,not_recorded,,,,,unmatched,,,
1453,Brix Taphouse and Brewery,Greeley,CO,,Brewpub,,2020-04-11T00:00:00,confirmed_date,,not_recorded,,,,,unmatched,,,
1454,Broken Plow Brewery,Greeley,CO,,Brewpub,,,not_recorded,,not_recorded,,,,,unmatched,,,
1455,Lonesome Buck Brewing Co,Greeley,CO,,Brewpub,,,not_recorded,,not_recorded,,,,,unmatched,,,
1456,"Rocky Mountain Taphouse, LLC",Greeley,CO,,Brewpub,,,not_recorded,,not_recorded,,,,,unmatched,,,
1457,WeldWerks Brewing Co.,Greeley,CO,,Taproom,,,not_recorded,,not_recorded,,,,,unmatched,,,
1458,Dive Bar Brewing Company,Greenwood Village,CO,,Contract,,2020-03-03T00:00:00,confirmed_date,,not_recorded,,,,,unmatched,,,
1459,Peak View Brewing Company,Greenwood Village,CO,,Taproom,,,not_recorded,,not_recorded,,,,,unmatched,,,
1460,High Alpine Brewing Company,Gunnison,CO,,Brewpub,,2020-04-11T00:00:00,confirmed_date,,not_recorded,,,,,unmatched,,,
1461,Yampa Valley Brewing Company,Hayden,CO,,Taproom,,2020-04-11T00:00:00,confirmed_date,,not_recorded,,,,,unmatched,,,
1462,Rock Bottom Brewery - Highlands Ranch,Highlands Ranch,CO,,Brewpub,,2020-03-03T00:00:00,confirmed_date,,not_recorded,,,,,unmatched,,,
1463,3 Freaks Brewing Co,Highlands Ranch,CO,,Taproom,,2020-04-11T00:00:00,confirmed_date,,not_recorded,,,,,unmatched,,,
1464,C.B. and Potts/Big Horn Brewery - Highlands Ranch,Highlands Ranch,CO,,Brewpub,,2020-04-11T00:00:00,confirmed_date,,not_recorded,,,,,unmatched,,,
1465,Grist Brewing Company,Highlands Ranch,CO,,Taproom,,,not_recorded,,not_recorded,,,,,unmatched,,,
1466,Tommyknocker Brewery & Pub,Idaho Springs,CO,,Micro,,,not_recorded,,not_recorded,,,,,unmatched,,,
1467,Westbound & Down Brewing Company,Idaho Springs,CO,,Brewpub,,,not_recorded,,not_recorded,,,,,unmatched,,,
1468,Veteran Brothers Brewing Company,Johnstown,CO,,Brewpub,,2020-02-07T00:00:00,confirmed_date,,not_recorded,,,,,unmatched,,,
1469,Grand Adventure Brewing Company,Kremmling,CO,,Brewpub,,,not_recorded,,not_recorded,,,,,unmatched,,,
1470,Dean and Co,La Junta,CO,,Micro,,,not_recorded,,not_recorded,,,,,unmatched,,,
1471,Endo Brewing Company,Lafayette,CO,,Taproom,,2020-02-01T00:00:00,confirmed_date,,not_recorded,,,,,unmatched,,,
1472,Odd13 Brewing Inc,Lafayette,CO,,Micro,,2020-02-07T00:00:00,confirmed_date,,not_recorded,,,,,unmatched,,,
1473,Front Range Brewing Co.,Lafayette,CO,,Brewpub,,2020-03-03T00:00:00,confirmed_date,,not_recorded,,,,,unmatched,,,
1474,Liquid Mechanics Brewing Company,Lafayette,CO,,Micro,,2020-03-03T00:00:00,confirmed_date,,not_recorded,,,,,unmatched,,,
1475,Odd13 Production Facility,Lafayette,CO,,Micro,,2020-03-03T00:00:00,confirmed_date,,not_recorded,,,,,unmatched,,,
1476,The Post Brewing Co,Lafayette,CO,,Brewpub,,2020-03-03T00:00:00,confirmed_date,,not_recorded,,,,,exact,the-post-brewing-co,content/breweries/the-post-brewing-co.md,
1477,Cellar West Artisan Ales,Lafayette,CO,,Taproom,,2020-04-11T00:00:00,confirmed_date,,not_recorded,,,,,unmatched,,,
1478,Lake City Brewing Company,Lake City,CO,,Brewpub,,,not_recorded,,not_recorded,,,,,unmatched,,,
1479,Green Mountain Beer Company,Lakewood,CO,,Micro,,2020-03-03T00:00:00,confirmed_date,,not_recorded,,,,,unmatched,,,
1480,WestFax Brewing Co.,Lakewood,CO,,Taproom,,2020-03-03T00:00:00,confirmed_date,,not_recorded,,,,,unmatched,,,
1481,Brewery 121 LLC dba Old 121 Brewhouse,Lakewood,CO,,Taproom,,,not_recorded,,not_recorded,,,,,unmatched,,,
1482,Great Frontier Brewing Company,Lakewood,CO,,Taproom,,,not_recorded,,not_recorded,,,,,unmatched,,,
1483,Landlocked Ales,Lakewood,CO,,Taproom,,,not_recorded,,not_recorded,,,,,unmatched,,,
1484,Periodic Brewing LLC,Leadville,CO,,Brewpub,,,not_recorded,,not_recorded,,,,,unmatched,,,
1485,Acidulous Brewing Company,Littleton,CO,,Contract,,2019-08-29T00:00:00,confirmed_date,,not_recorded,,,,,unmatched,,,
1486,Saint Patrick’s Brewing Company,Littleton,CO,,Contract,,2020-02-07T00:00:00,confirmed_date,,not_recorded,,,,,unmatched,,,
1487,Blue Spruce Brewing Littleton,Littleton,CO,,Brewpub,,2020-03-03T00:00:00,confirmed_date,,not_recorded,,,,,unmatched,,,
1488,Breckenridge Brewery,Littleton,CO,,Largge,,2020-03-03T00:00:00,confirmed_date,,not_recorded,,,,,unmatched,,,
1489,Living the Dream Brewing Co.,Littleton,CO,,Taproom,,2020-03-03T00:00:00,confirmed_date,,not_recorded,,,,,unmatched,,,
1490,Coal Mine Ave Brewing Company,Littleton,CO,,Taproom,,2020-04-11T00:00:00,confirmed_date,,not_recorded,,,,,unmatched,,,
1491,Lariat Lodge Brewing - Littleton,Littleton,CO,,Brewpub,,2020-04-11T00:00:00,confirmed_date,,not_recorded,,,,,unmatched,,,
1492,Blind Faith Brewing,Littleton,CO,,Taproom,,,not_recorded,,not_recorded,,,,,unmatched,,,
1493,Jackass Hill Brewery,Littleton,CO,,Micro,,,not_recorded,,not_recorded,,,,,unmatched,,,
1494,Locavore Beer Works,Littleton,CO,,Taproom,,,not_recorded,,not_recorded,,,,,unmatched,,,
1495,Grist Brewing Company - Lone Tree,Lone Tree,CO,,Micro,,2020-04-11T00:00:00,confirmed_date,,not_recorded,,,,,unmatched,,,
1496,Lone Tree Brewing Co,Lone Tree,CO,,Micro,,,not_recorded,,not_recorded,,,,,unmatched,,,
1497,Collision Brewing,Longmont,CO,,Brewpub,,2020-02-07T00:00:00,confirmed_date,,not_recorded,,,,,unmatched,,,
1498,300 Suns Brewing Company,Longmont,CO,,Brewpub,,2020-03-03T00:00:00,confirmed_date,,not_recorded,,,,,exact,300-suns-brewing-company,content/breweries/300-suns-brewing-company.md,
1499,Bootstrap Brewing,Longmont,CO,,Micro,,2020-03-03T00:00:00,confirmed_date,,not_recorded,,,,,unmatched,,,
1500,Grossen Bart Brewery,Longmont,CO,,Taproom,,2020-03-03T00:00:00,confirmed_date,,not_recorded,,,,,unmatched,,,
1501,Oskar Blues Brewery & Tasty Weasel Tap Room,Longmont,CO,,Regional,,2020-03-03T00:00:00,confirmed_date,,not_recorded,,,,,unmatched,,,
1502,Primitive Beer LLC,Longmont,CO,,Taproom,,2020-03-03T00:00:00,confirmed_date,,not_recorded,,,,,unmatched,,,
1503,Wibby Brewing,Longmont,CO,,Micro,,2020-03-03T00:00:00,confirmed_date,,not_recorded,,,,,unmatched,,,
1504,Pumphouse Brewery and Restaurant,Longmont,CO,,Brewpub,,2020-04-11T00:00:00,confirmed_date,,not_recorded,,,,,unmatched,,,
1505,Shoes & Brews,Longmont,CO,,Taproom,,2020-04-11T00:00:00,confirmed_date,,not_recorded,,,,,unmatched,,,
1506,Left Hand Brewing Company,Longmont,CO,,Regional,,12/20.2019,date_needs_review,,not_recorded,,,,,exact,left-hand-brewing-company,content/breweries/left-hand-brewing-company.md,
1507,12Degree Brewing,Louisville,CO,,Brewpub,,2019-08-29T00:00:00,confirmed_date,,not_recorded,,,,,unmatched,,,
1508,Crystal Springs Brewing Co,Louisville,CO,,Taproom,,2020-03-03T00:00:00,confirmed_date,,not_recorded,,,,,unmatched,,,
1509,Gravity Brewing,Louisville,CO,,Taproom,,2020-03-03T00:00:00,confirmed_date,,not_recorded,,,,,unmatched,,,
1510,Redgarden Brewery,Louisville,CO,,Brewpub,,,not_recorded,,not_recorded,,,,,unmatched,,,
1511,"Grimm Brothers Brewhouse, LLC",Loveland,CO,,Taproom,,2019-11-27T00:00:00,confirmed_date,,not_recorded,,,,,unmatched,,,
1512,Tilted Barrel Brew Pub,Loveland,CO,,Contract,,2020-03-03T00:00:00,confirmed_date,,not_recorded,,,,,unmatched,,,
1513,Verboten Brewing,Loveland,CO,,Taproom,,2020-03-03T00:00:00,confirmed_date,,not_recorded,,,,,unmatched,,,
1514,Big Thompson Brewery,Loveland,CO,,Taproom,,2020-04-11T00:00:00,confirmed_date,,not_recorded,,,,,unmatched,,,
1515,Buckhorn Brewers LLC,Loveland,CO,,Taproom,,2020-04-11T00:00:00,confirmed_date,,not_recorded,,,,,unmatched,,,
1516,Crow Hop Brewing Co. Ltd.,Loveland,CO,,Taproom,,2020-04-11T00:00:00,confirmed_date,,not_recorded,,,,,unmatched,,,
1517,Loveland Aleworks,Loveland,CO,,Micro,,2020-04-11T00:00:00,confirmed_date,,not_recorded,,,,,unmatched,,,
1518,Rock Coast Brewery,Loveland,CO,,Brewpub,,2020-04-11T00:00:00,confirmed_date,,not_recorded,,,,,unmatched,,,
1519,Berthoud Brewing Co - 5030 Local,Loveland,CO,,Brewpub,,,not_recorded,,not_recorded,,,,,unmatched,,,
1520,Big Beaver Brewing Co,Loveland,CO,,Taproom,,,not_recorded,,not_recorded,,,,,unmatched,,,
1521,Dratz Brewing Company,Loveland,CO,,Taproom,,,not_recorded,,not_recorded,,,,,unmatched,,,
1522,Rock Bottom Brewery - Centerra Promenade,Loveland,CO,,Brewpub,,,not_recorded,,not_recorded,,,,,unmatched,,,
1523,Oskar Blues Brewery - Lyons,Lyons,CO,,Brewpub,,2020-02-07T00:00:00,confirmed_date,,not_recorded,,,,,unmatched,,,
1524,Mancos Brewing Company,Mancos,CO,,Brewpub,,,not_recorded,,not_recorded,,,,,unmatched,,,
1525,Manitou Brewing Company,Manitou Springs,CO,,Brewpub,,2020-04-11T00:00:00,confirmed_date,,not_recorded,,,,,unmatched,,,
1526,Colorado Boy Pizzeria,Montrose,CO,,Brewpub,,2020-02-01T00:00:00,confirmed_date,,not_recorded,,,,,unmatched,,,
1527,Two Rascals Brewing Co,Montrose,CO,,Taproom,,2020-03-03T00:00:00,confirmed_date,,not_recorded,,,,,unmatched,,,
1528,Horsefly Brewing Co,Montrose,CO,,Brewpub,,,not_recorded,,not_recorded,,,,,unmatched,,,
1529,Pikes Peak Brewing,Monument,CO,,Micro,,2020-03-03T00:00:00,confirmed_date,,not_recorded,,,,,unmatched,,,
1530,James Peak Brewery,Nederland,CO,,Brewpub,,2020-02-07T00:00:00,confirmed_date,,not_recorded,,,,,unmatched,,,
1531,Knotted Root Brewing Company,Nederland,CO,,Taproom,,,not_recorded,,not_recorded,,,,,unmatched,,,
1532,Very Nice Brewing Co,Nederland,CO,,Taproom,,,not_recorded,,not_recorded,,,,,unmatched,,,
1533,Bootstrap Brewing Co,Niwot,CO,,Micro,,,not_recorded,,not_recorded,,,,,unmatched,,,
1534,Periodic Brewing Northglenn,Northglenn,CO,,Micro,,,not_recorded,,not_recorded,,,,,unmatched,,,
1535,Ouray Brewery,Ouray,CO,,Brewpub,,2020-02-07T00:00:00,confirmed_date,,not_recorded,,,,,unmatched,,,
1536,Red Mountain Brewing,Ouray,CO,,Brewpub,,2020-02-07T00:00:00,confirmed_date,,not_recorded,,,,,unmatched,,,
1537,Ourayle House Brewery / Mr. Grumpy Pants Brewing,Ouray,CO,,Taproom,,2020-03-03T00:00:00,confirmed_date,,not_recorded,,,,,unmatched,,,
1538,Riff Raff Brewing,Pagosa Springs,CO,,Brewpub,,2020-04-11T00:00:00,confirmed_date,,not_recorded,,,,,unmatched,,,
1539,Pagosa Brewing & Grill,Pagosa Springs,CO,,Brewpub,,,not_recorded,,not_recorded,,,,,unmatched,,,
1540,Palisade Brewing Company,Palisade,CO,,Brewpub,,,not_recorded,,not_recorded,,,,,unmatched,,,
1541,Chrysalis Barrel Aged Beer,Paonia,CO,,Taproom,,2020-03-03T00:00:00,confirmed_date,,not_recorded,,,,,unmatched,,,
1542,Paonia United Brewing Company,Paonia,CO,,Brewpub,,2020-04-11T00:00:00,confirmed_date,,not_recorded,,,,,unmatched,,,
1543,Barnett and Son Brewing Company,Parker,CO,,Taproom,,2020-03-03T00:00:00,confirmed_date,,not_recorded,,,,,unmatched,,,
1544,Los Dos Potrillos Mexican Restaurant y Cervecería,Parker,CO,,Brewpub,,2020-03-03T00:00:00,confirmed_date,,not_recorded,,,,,unmatched,,,
1545,Welcome Home Brewery,Parker,CO,,Taproom,,2020-04-11T00:00:00,confirmed_date,,not_recorded,,,,,unmatched,,,
1546,Downhill Brewing,Parker,CO,,Brewpub,,,not_recorded,,not_recorded,,,,,unmatched,,,
1547,JAKs Brewing Company,Peyton,CO,,Taproom,,,not_recorded,,not_recorded,,,,,candidate,,,Jack’s Brewing Co
1548,Elevation Beer Company,Poncha Springs,CO,,Micro,,,not_recorded,,not_recorded,,,,,unmatched,,,
1549,Reservoir Brewing Company,Pueblo,CO,,Brewpub,,2020-03-03T00:00:00,confirmed_date,,not_recorded,,,,,unmatched,,,
1550,Brues Alehouse Brewing Company,Pueblo,CO,,Brewpub,,,not_recorded,,not_recorded,,,,,unmatched,,,
1551,Shamrock Brewing Company,Pueblo,CO,,Brewpub,,,not_recorded,,not_recorded,,,,,unmatched,,,
1552,Walter’s Brewery & Taproom,Pueblo,CO,,Taproom,,,not_recorded,,not_recorded,,,,,unmatched,,,
1553,Colorado Boy Pub & Brewery,Ridgway,CO,,Brewpub,,2020-02-01T00:00:00,confirmed_date,,not_recorded,,,,,unmatched,,,
1554,Moonlight Pizza,Salida,CO,,Brewpub,,,not_recorded,,not_recorded,,,,,unmatched,,,
1555,Soulcraft Brewing,Salida,CO,,Micro,,,not_recorded,,not_recorded,,,,,unmatched,,,
1556,G5 Brewpub,Severance,CO,,Brewpub,,2020-03-03T00:00:00,confirmed_date,,not_recorded,,,,,unmatched,,,
1557,Dead Hippie Brewing,Sheridan,CO,,Taproom,,2020-02-01T00:00:00,confirmed_date,,not_recorded,,,,,unmatched,,,
1558,Boggy Draw Brewery,Sheridan,CO,,Taproom,,2020-03-03T00:00:00,confirmed_date,,not_recorded,,,,,unmatched,,,
1559,The Bakers’ Brewery,Silverthorne,CO,,Brewpub,,2020-03-03T00:00:00,confirmed_date,,not_recorded,,,,,unmatched,,,
1560,Angry James Brewing Co,Silverthorne,CO,,Taproom,,2020-04-11T00:00:00,confirmed_date,,not_recorded,,,,,unmatched,,,
1561,Syndicate Brewing Co,Silverthorne,CO,,Micro,,2020-04-11T00:00:00,confirmed_date,,not_recorded,,,,,unmatched,,,
1562,Avalanche Brewing Co,Silverton,CO,,Brewpub,,,not_recorded,,not_recorded,,,,,unmatched,,,
1563,Golden Block Brewery,Silverton,CO,,Micro,,,not_recorded,,not_recorded,,,,,unmatched,,,
1564,Mountain Tap Brewery,Steamboat Springs,CO,,Brewpub,,2020-03-03T00:00:00,confirmed_date,,not_recorded,,,,,unmatched,,,
1565,Butcherknife Brewing Company,Steamboat Springs,CO,,Micro,,,not_recorded,,not_recorded,,,,,unmatched,,,
1566,Mahogany Ridge Brewery & Grill,Steamboat Springs,CO,,Brewpub,,,not_recorded,,not_recorded,,,,,unmatched,,,
1567,Storm Peak Brewing Company,Steamboat Springs,CO,,Taproom,,,not_recorded,,not_recorded,,,,,unmatched,,,
1568,Parts & Labor Brewing Company,Sterling,CO,,Brewpub,,2020-03-03T00:00:00,confirmed_date,,not_recorded,,,,,unmatched,,,
1569,Smuggler-Union Restaurant and Brewery,Telluride,CO,,Brewpub,,,not_recorded,,not_recorded,,,,,unmatched,,,
1570,Telluride Brewing Co,Telluride,CO,,Micro,,,not_recorded,,not_recorded,,,,,unmatched,,,
1571,Beer By Design Brewery,Thornton,CO,,Contract,,2020-03-03T00:00:00,confirmed_date,,not_recorded,,,,,unmatched,,,
1572,Satire Brewing Company,Thornton,CO,,Brewpub,,2020-03-03T00:00:00,confirmed_date,,not_recorded,,,,,unmatched,,,
1573,Mother Tucker Brewery,Thornton,CO,,Taproom,,,not_recorded,,not_recorded,,,,,unmatched,,,
1574,Timnath Beerwerks,Timnath,CO,,Taproom,,,not_recorded,,not_recorded,,,,,unmatched,,,
1575,Dodgeton Creek Brewing Co.,Trinidad,CO,,Taproom,,2020-03-03T00:00:00,confirmed_date,,not_recorded,,,,,unmatched,,,
1576,Vail Brewing Company,Vail,CO,,Micro,,2020-04-11T00:00:00,confirmed_date,,not_recorded,,,,,unmatched,,,
1577,Vail Village Pilot and Tasting Room,Vail,CO,,Micro,,,not_recorded,,not_recorded,,,,,unmatched,,,
1578,Crafty Canary Brewery,Walsenburg,CO,,Brewpub,,2020-02-07T00:00:00,confirmed_date,,not_recorded,,,,,unmatched,,,
1579,Sparge Brewing,Wellington,CO,,Taproom,,2020-04-11T00:00:00,confirmed_date,,not_recorded,,,,,unmatched,,,
1580,Old Colorado Brewing Co,Wellington,CO,,Taproom,,,not_recorded,,not_recorded,,,,,unmatched,,,
1581,Gemini Beer Company,Westminster,CO,,Contract,,2020-03-03T00:00:00,confirmed_date,,not_recorded,,,,,unmatched,,,
1582,Kokopelli Beer Company,Westminster,CO,,Brewpub,,2020-03-03T00:00:00,confirmed_date,,not_recorded,,,,,unmatched,,,
1583,Frolic Brewing Company,Westminster,CO,,Brewpub,,2020-04-11T00:00:00,confirmed_date,,not_recorded,,,,,unmatched,,,
1584,C.B. and Potts/Big Horn Brewery - Westminster,Westminster,CO,,Brewpub,,,not_recorded,,not_recorded,,,,,unmatched,,,
1585,Rock Bottom Brewery - Orchard Cntr,Westminster,CO,,Brewpub,,,not_recorded,,not_recorded,,,,,unmatched,,,
1586,Rock Bottom Brewery - Westminster,Westminster,CO,,Brewpub,,,not_recorded,,not_recorded,,,,,unmatched,,,
1587,Westminster Brewing Co,Westminster,CO,,Micro,,,not_recorded,,not_recorded,,,,,unmatched,,,
1588,Sustainable Beverage Tech.,Wheat Ridge,CO,,Micro,,2020-02-07T00:00:00,confirmed_date,,not_recorded,,,,,unmatched,,,
1589,Brewery Rickoli,Wheat Ridge,CO,,Taproom,,2020-03-03T00:00:00,confirmed_date,,not_recorded,,,,,unmatched,,,
1590,Colorado Plus,Wheat Ridge,CO,,Brewpub,,,not_recorded,,not_recorded,,,,,unmatched,,,
1591,Mash Lab Brewing,Windsor,CO,,Taproom,,2020-03-03T00:00:00,confirmed_date,,not_recorded,,,,,unmatched,,,
1592,Mighty River Brewing Company,Windsor,CO,,Taproom,,2020-03-03T00:00:00,confirmed_date,,not_recorded,,,,,unmatched,,,
1593,High Hops Brewery,Windsor,CO,,Micro,,,not_recorded,,not_recorded,,,,,unmatched,,,
1594,Hideaway Park Brewery,Winter Park,CO,,Taproom,,2020-03-03T00:00:00,confirmed_date,,not_recorded,,,,,unmatched,,,
1595,The Peak Brewing Company,Winter Park,CO,,Brewpub,,,not_recorded,,not_recorded,,,,,unmatched,,,
1596,BierWerks,Woodland Park,CO,,Brewpub,,2020-04-11T00:00:00,confirmed_date,,not_recorded,,,,,unmatched,,,
1597,Tumbleweed Brewing and Wine Company,Yuma,CO,,Brewpub,,2020-02-07T00:00:00,confirmed_date,,not_recorded,,,,,unmatched,,,
1598,Broken Symmetry Gastro Brewery,Bethel,CT,,Brewpub,,,not_recorded,,not_recorded,,,,,unmatched,,,
1599,Back East Brewing,Bloomfield,CT,,Micro,,2020-02-07T00:00:00,confirmed_date,,not_recorded,,,,,unmatched,,,
1600,Thomas Hooker Brewing Co LLC,Bloomfield,CT,,Micro,,,not_recorded,,not_recorded,,,,,unmatched,,,
1601,Breakaway Brew Haus,Bolton,CT,,Taproom,,2020-03-03T00:00:00,confirmed_date,,not_recorded,,,,,unmatched,,,
1602,Stony Creek Brewery,Branford,CT,,Regional,,2020-02-07T00:00:00,confirmed_date,,not_recorded,,,,,unmatched,,,
1603,DuVig Brewing Co,Branford,CT,,Micro,,,not_recorded,,not_recorded,,,,,unmatched,,,
1604,Thimble Island Brewery,Branford,CT,,Micro,,,not_recorded,,not_recorded,,,,,unmatched,,,
1605,Aspetuck Brew Lab,Bridgeport,CT,,Taproom,,,not_recorded,,not_recorded,,,,,unmatched,,,
1606,Brewport Brewing Co,Bridgeport,CT,,Brewpub,,,not_recorded,,not_recorded,,,,,unmatched,,,
1607,Better Half Brewing,Bristol,CT,,Brewpub,,2020-03-03T00:00:00,confirmed_date,,not_recorded,,,,,unmatched,,,
1608,Firefly Hollow Brewing Co.,Bristol,CT,,Micro,,2020-03-03T00:00:00,confirmed_date,,not_recorded,,,,,unmatched,,,
1609,Little House Brewing Company,Chester,CT,,Taproom,,2020-02-01T00:00:00,confirmed_date,,not_recorded,,,,,unmatched,,,
1610,Hop Culture Farms and Brew Co,Colchester,CT,,Taproom,,2020-03-03T00:00:00,confirmed_date,,not_recorded,,,,,unmatched,,,
1611,Norbrook Farm Brewery,Colebrook,CT,,Taproom,,,not_recorded,,not_recorded,,,,,unmatched,,,
1612,Charter Oak Brewing Company LLC,Danbury,CT,,Proprietor,,2020-03-03T00:00:00,confirmed_date,,not_recorded,,,,,unmatched,,,
1613,Black Pond Brews,Danielson,CT,,Taproom,,2020-02-01T00:00:00,confirmed_date,,not_recorded,,,,,unmatched,,,
1614,BAD SONS Beer Co,Derby,CT,,Micro,,2020-03-03T00:00:00,confirmed_date,,not_recorded,,,,,unmatched,,,
1615,Armada Brewing,East Haven,CT,,Micro,,,not_recorded,,not_recorded,,,,,unmatched,,,
1616,Overshores Brewing Co,East Haven,CT,,Micro,,,not_recorded,,not_recorded,,,,,unmatched,,,
1617,Cold Creek Brewery,Ellington,CT,,Micro,,2020-02-07T00:00:00,confirmed_date,,not_recorded,,,,,unmatched,,,
1618,Powder Hollow Brewery,Enfield,CT,,Micro,,2020-04-11T00:00:00,confirmed_date,,not_recorded,,,,,unmatched,,,
1619,Cambridge House Brew Pub - Granby,Granby,CT,,Brewpub,,2020-02-07T00:00:00,confirmed_date,,not_recorded,,,,,unmatched,,,
1620,The Brewery At Maple View Farm,Granby,CT,,Taproom,,2020-04-11T00:00:00,confirmed_date,,not_recorded,,,,,unmatched,,,
1621,Outer Light Brewing Company,Groton,CT,,Micro,,2019-04-20T00:00:00,confirmed_date,yes,confirmed_yes,yes,http://www.outerlightbrewing.com/,https://www.instagram.com/outerlightbrewing/,https://twitter.com/outerlightbrews,unmatched,,,
1622,Steady Habit Brewing Company,Haddam,CT,,Taproom,,2020-03-03T00:00:00,confirmed_date,,not_recorded,,,,,unmatched,,,
1623,Counterweight Brewing Company,Hamden,CT,,Taproom,,2020-04-11T00:00:00,confirmed_date,,not_recorded,,,,,unmatched,,,
1624,No Worries Brewing Company,Hamden,CT,,Taproom,,,not_recorded,,not_recorded,,,,,unmatched,,,
1625,City Steam Brewery,Hartford,CT,,Brewpub,,2020-03-03T00:00:00,confirmed_date,,not_recorded,,,,,unmatched,,,
1626,Thomas Hooker Brewing At Colt,Hartford,CT,,Micro,,2020-03-03T00:00:00,confirmed_date,,not_recorded,,,,,unmatched,,,
1627,Hanging Hills Brewing Company,Hartford,CT,,Micro,,2020-04-11T00:00:00,confirmed_date,,not_recorded,,,,,unmatched,,,
1628,Hog River Brewing Co,Hartford,CT,,Taproom,,2020-04-11T00:00:00,confirmed_date,,not_recorded,,,,,unmatched,,,
1629,Kent Falls Brewing Company,Kent,CT,,Micro,,,not_recorded,,not_recorded,,,,,unmatched,,,
1630,2nd Bridge Brewing Co,Manchester,CT,,Taproom,,2020-03-03T00:00:00,confirmed_date,,not_recorded,,,,,unmatched,,,
1631,Labyrinth Brewing Company,Manchester,CT,,Taproom,,,not_recorded,,not_recorded,,,,,unmatched,,,
1632,Urban Lodge Brewing,Manchester,CT,,Taproom,,,not_recorded,,not_recorded,,,,,unmatched,,,
1633,Stony Creek Brewery At Foxwoods Resort Casino,Mashantucket,CT,,Brewpub,,,not_recorded,,not_recorded,,,,,unmatched,,,
1634,Pie & Pints Restaurant & Brewery,Middlebury,CT,,Contract,,2020-02-07T00:00:00,confirmed_date,,not_recorded,,,,,unmatched,,,
1635,Forest City Brewing,Middlefield,CT,,Taproom,,2020-03-03T00:00:00,confirmed_date,,not_recorded,,,,,unmatched,,,
1636,Stubborn Beauty Brewing,Middletown,CT,,Micro,,,not_recorded,,not_recorded,,,,,unmatched,,,
1637,Milford Point Brewing Company,Milford,CT,,Micro,,2020-02-07T00:00:00,confirmed_date,,not_recorded,,,,,unmatched,,,
1638,Tribus Beer Co.,Milford,CT,,Taproom,,2020-03-03T00:00:00,confirmed_date,,not_recorded,,,,,unmatched,,,
1639,Kinsmen Brewing,Milldale,CT,,Brewpub,,2020-03-03T00:00:00,confirmed_date,,not_recorded,,,,,unmatched,,,
1640,Veracious Brewing Company,Monroe,CT,,Taproom,,,not_recorded,,not_recorded,,,,,unmatched,,,
1641,Barley Head Brewery,Mystic,CT,,Taproom,,,not_recorded,,not_recorded,,,,,unmatched,,,
1642,Alvarium Beer Company,New Britain,CT,,Taproom,,2020-04-11T00:00:00,confirmed_date,,not_recorded,,,,,unmatched,,,
1643,Five Churches Brewing,New Britain,CT,,Brewpub,,2020-04-11T00:00:00,confirmed_date,,not_recorded,,,,,unmatched,,,
1644,Brewery Legitimus,New Hartford,CT,,Taproom,,,not_recorded,,not_recorded,,,,,unmatched,,,
1645,Rhythm Brewing Co,New Haven,CT,,Contract,,2020-02-07T00:00:00,confirmed_date,,not_recorded,,,,,unmatched,,,
1646,Nolo,New Haven,CT,,Brewpub,,2020-03-03T00:00:00,confirmed_date,,not_recorded,,,,,unmatched,,,
1647,Black Hog Brewing Co- The Stack,New Haven,CT,,Brewpub,,2020-04-11T00:00:00,confirmed_date,,not_recorded,,,,,unmatched,,,
1648,East Rock Brewing Company,New Haven,CT,,Micro,,2020-04-11T00:00:00,confirmed_date,,not_recorded,,,,,unmatched,,,
1649,BruRm At Bar,New Haven,CT,,Brewpub,,,not_recorded,,not_recorded,,,,,unmatched,,,
1650,Tox Brewing Company,New London,CT,,Taproom,,,not_recorded,,not_recorded,,,,,unmatched,,,
1651,Bad Dream Brewing,New Milford,CT,,Taproom,,2020-03-03T00:00:00,confirmed_date,,not_recorded,,,,,unmatched,,,
1652,Housatonic River Brewing,New Milford,CT,,Taproom,,,not_recorded,,not_recorded,,,,,unmatched,,,
1653,Reverie Brewing Company,Newtown,CT,,Micro,,,not_recorded,,not_recorded,,,,,unmatched,,,
1654,Niantic Public House and Brewery,Niantic,CT,,Taproom,,2019-11-03T00:00:00,confirmed_date,,not_recorded,,,,,unmatched,,,
1655,Noble Jay Brewing Company,Niantic,CT,,Taproom,,2020-03-03T00:00:00,confirmed_date,,not_recorded,,,,,unmatched,,,
1656,Great Falls Brewing Company,North Canaan,CT,,Taproom,,,not_recorded,,not_recorded,,,,,unmatched,,,
1657,Iron Brewing Company,Norwalk,CT,,Brewpub,,,not_recorded,,not_recorded,,,,,unmatched,,,
1658,These Guys Brewing Company,Norwich,CT,,Brewpub,,2020-02-07T00:00:00,confirmed_date,,not_recorded,,,,,exact,these-guys-brewing-company,content/breweries/these-guys-brewing-company.md,
1659,Epicure Brewing,Norwich,CT,,Taproom,,2020-03-03T00:00:00,confirmed_date,,not_recorded,,,,,unmatched,,,
1660,Lasting Brass Craft Brewing,Oakville,CT,,Taproom,,2020-03-03T00:00:00,confirmed_date,,not_recorded,,,,,unmatched,,,
1661,30 Mile Brewing Co.,Old Saybrook,CT,,Micro,,,not_recorded,,not_recorded,,,,,unmatched,,,
1662,Black Hog Brewing Co,Oxford,CT,,Micro,,,not_recorded,,not_recorded,,,,,unmatched,,,
1663,OEC Brewing,Oxford,CT,,Micro,,,not_recorded,,not_recorded,,,,,unmatched,,,
1664,Cottrell Brewing Co,Pawcatuck,CT,,Micro,,2020-03-03T00:00:00,confirmed_date,,not_recorded,,,,,unmatched,,,
1665,Relic Brewing,Plainville,CT,,Micro,,,not_recorded,,not_recorded,,,,,unmatched,,,
1666,The Crossings Restaurant and Brewpub,Putnam,CT,,Brewpub,,2020-04-11T00:00:00,confirmed_date,,not_recorded,,,,,unmatched,,,
1667,The Redding Beer Company,Redding,CT,,Brewpub,,,not_recorded,,not_recorded,,,,,unmatched,,,
1668,Nod Hill Brewery,Ridgefield,CT,,Taproom,,,not_recorded,,not_recorded,,,,,unmatched,,,
1669,Still HIll Brewery LLC,Rocky Hill,CT,,Taproom,,,not_recorded,,not_recorded,,,,,unmatched,,,
1670,Fox Farm Brewery,Salem,CT,,Micro,,,not_recorded,,not_recorded,,,,,unmatched,,,
1671,Hops On the Hill Farm Brewery,South Glastonbury,CT,,Taproom,,2020-03-03T00:00:00,confirmed_date,,not_recorded,,,,,unmatched,,,
1672,Connecticut Valley Brewing Company,South Windsor,CT,,Micro,,,not_recorded,,not_recorded,,,,,unmatched,,,
1673,Skygazer Brewing Company,Southington,CT,,Taproom,,2020-04-11T00:00:00,confirmed_date,,not_recorded,,,,,unmatched,,,
1674,Witchdoctor Brewing Company,Southington,CT,,Taproom,,2020-04-11T00:00:00,confirmed_date,,not_recorded,,,,,unmatched,,,
1675,Lock City Brewing,Stamford,CT,,Micro,,2020-03-03T00:00:00,confirmed_date,,not_recorded,,,,,unmatched,,,
1676,Half Full Brewery,Stamford,CT,,Micro,,,not_recorded,,not_recorded,,,,,unmatched,,,
1677,Beer’d Brewing Company,Stonington,CT,,Micro,,2020-04-11T00:00:00,confirmed_date,,not_recorded,,,,,unmatched,,,
1678,Athletic Brewing Company,Stratford,CT,,Micro,,12/20.2019,date_needs_review,,not_recorded,,,,,unmatched,,,
1679,Two Roads Brewing Co,Stratford,CT,,Regional,,12/20.2019,date_needs_review,,not_recorded,,,,,unmatched,,,
1680,Fairfield Craft Ales,Stratford,CT,,Taproom,,,not_recorded,,not_recorded,,,,,unmatched,,,
1681,Broad Brook Brewing Company,Suffield,CT,,Micro,,2020-02-07T00:00:00,confirmed_date,,not_recorded,,,,,unmatched,,,
1682,Cliffside Brewing,Wallingford,CT,,Taproom,,2020-04-11T00:00:00,confirmed_date,,not_recorded,,,,,unmatched,,,
1683,Center Street Brewing Company,Wallingford,CT,,Taproom,,,not_recorded,,not_recorded,,,,,unmatched,,,
1684,Front Porch Brewing,Wallingford,CT,,Taproom,,,not_recorded,,not_recorded,,,,,unmatched,,,
1685,Brass Works Brewing Company LLC,Waterbury,CT,,Taproom,,2020-03-03T00:00:00,confirmed_date,,not_recorded,,,,,unmatched,,,
1686,New Park Brewing,West Hartford,CT,,Micro,,2020-04-11T00:00:00,confirmed_date,,not_recorded,,,,,unmatched,,,
1687,Beaver Beer Co,Westport,CT,,Contract,,2020-03-03T00:00:00,confirmed_date,,not_recorded,,,,,unmatched,,,
1688,Boondoggle Brewing,Wethersfield,CT,,Contract,,2020-03-03T00:00:00,confirmed_date,,not_recorded,,,,,unmatched,,,
1689,Willimantic Brewing Co and Main Street Cafe,Willimantic,CT,,Brewpub,,,not_recorded,,not_recorded,,,,,unmatched,,,
1690,212 Brewing Company,Wilton,CT,,Contract,,2020-03-03T00:00:00,confirmed_date,,not_recorded,,,,,unmatched,,,
1691,Little Red Barn Brewing,Winsted,CT,,Taproom,,2020-04-11T00:00:00,confirmed_date,,not_recorded,,,,,unmatched,,,
1692,Shebeen Brewing Company,Wolcott,CT,,Micro,,2020-03-03T00:00:00,confirmed_date,,not_recorded,,,,,unmatched,,,
1693,New England Brewing Co,Woodbridge,CT,,Regional,,2019-11-13T00:00:00,confirmed_date,yes,confirmed_yes,yes,,,,unmatched,,,
1694,Woodbury Brewing Company,Woodbury,CT,,Brewpub,,2020-03-03T00:00:00,confirmed_date,,not_recorded,,,,,unmatched,,,
1695,Taylor Brooke Brewery,Woodstock,CT,,Micro,,2020-04-11T00:00:00,confirmed_date,,not_recorded,,,,,unmatched,,,
1696,AdMerk Corp. Inc.,Washington,DC,,Contract,,2019-08-29T00:00:00,confirmed_date,,not_recorded,,,,,unmatched,,,
1697,Bluejacket,Washington,DC,,Brewpub,,2020-02-07T00:00:00,confirmed_date,,not_recorded,,,,,unmatched,,,
1698,Hellbender Brewing Company,Washington,DC,,Micro,,2020-02-07T00:00:00,confirmed_date,,not_recorded,,,,,unmatched,,,
1699,Valor Brewpub,Washington,DC,,Brewpub,,2020-02-07T00:00:00,confirmed_date,,not_recorded,,,,,unmatched,,,
1700,Atlas Brew Works,Washington,DC,,Micro,,2020-03-03T00:00:00,confirmed_date,,not_recorded,,,,,unmatched,,,
1701,Bardo Brewpub,Washington,DC,,Taproom,,2020-03-03T00:00:00,confirmed_date,,not_recorded,,,,,unmatched,,,
1702,DC Brau Brewing Company,Washington,DC,,Regional,,2020-03-03T00:00:00,confirmed_date,,not_recorded,,,,,unmatched,,,
1703,The Public Option,Washington,DC,,Brewpub,,2020-03-03T00:00:00,confirmed_date,,not_recorded,,,,,unmatched,,,
1704,Right Proper Brewing Company,Washington,DC,,Brewpub,,2020-04-11T00:00:00,confirmed_date,,not_recorded,,,,,unmatched,,,
1705,3 Stars Brewing Co,Washington,DC,,Micro,,,not_recorded,,not_recorded,,,,,unmatched,,,
1706,District ChopHouse and Brewery,Washington,DC,,Brewpub,,,not_recorded,,not_recorded,,,,,unmatched,,,
1707,Gordon Biersch Brewery Restaurant - Navy  Yard,Washington,DC,,Brewpub,,,not_recorded,,not_recorded,,,,,unmatched,,,
1708,Red Bear Brewing Co,Washington,DC,,Micro,,,not_recorded,,not_recorded,,,,,unmatched,,,
1709,Right Proper Brewing Company,Washington,DC,,Micro,,,not_recorded,,not_recorded,,,,,unmatched,,,
1710,Stewart’s Brewing Co,Bear,DE,,Brewpub,,2020-03-03T00:00:00,confirmed_date,,not_recorded,,,,,unmatched,,,
1711,3rd Wave Brewing Co,Delmar,DE,,Taproom,,,not_recorded,,not_recorded,,,,,unmatched,,,
1712,Dewey Beer Co.,Dewey Beach,DE,,Brewpub,,,not_recorded,,not_recorded,,,,,unmatched,,,
1713,Fordham and Old Dominion Brewing Company,Dover,DE,,Regional,,2020-03-03T00:00:00,confirmed_date,,not_recorded,,,,,unmatched,,,
1714,Dogfish Inn,Lewes,DE,,Other,,yes,confirmed_yes,yes,confirmed_yes,yes,,,,exact,dogfish-inn,content/breweries/dogfish-inn.md,
1715,Crooked Hammock Brewery,Lewes,DE,,Brewpub,,,not_recorded,,not_recorded,,,,,unmatched,,,
1716,Volunteer Brewing Company,Middletown,DE,,Taproom,,2020-04-11T00:00:00,confirmed_date,,not_recorded,,,,,unmatched,,,
1717,Mispillion River Brewing,Milford,DE,,Micro,,2020-04-11T00:00:00,confirmed_date,,not_recorded,,,,,unmatched,,,
1718,Dogfish Head Craft Brewery,Milton,DE,,Regional,,2019-04-20T00:00:00,confirmed_date,yes,confirmed_yes,yes,https://www.dogfish.com/,https://www.instagram.com/dogfishhead/?hl=en,https://twitter.com/dogfishbeer,unmatched,,,
1719,Midnight Oil Brewing,Newark,DE,,Taproom,,2020-03-03T00:00:00,confirmed_date,,not_recorded,,,,,unmatched,,,
1720,Argilla Brewing Co @ Pietro’s Pizza,Newark,DE,,Brewpub,,2020-04-11T00:00:00,confirmed_date,,not_recorded,,,,,unmatched,,,
1721,Autumn Arch Beer Project,Newark,DE,,Taproom,,,not_recorded,,not_recorded,,,,,unmatched,,,
1722,Iron Hill Brewery & Restaurant - Newark,Newark,DE,,Brewpub,,,not_recorded,,not_recorded,,,,,unmatched,,,
1723,Dogfish Head Brewings & Eats,Rehoboth Beach,DE,,Brewpub,,2019-04-20T00:00:00,confirmed_date,,not_recorded,,,,,unmatched,,,
1724,Fins Big Oyster Brewery,Rehoboth Beach,DE,,Brewpub,,2020-02-07T00:00:00,confirmed_date,,not_recorded,,,,,unmatched,,,
1725,Iron Hill Brewery & Restaurant - Rehoboth Beach,Rehoboth Beach,DE,,Brewpub,,2020-04-11T00:00:00,confirmed_date,,not_recorded,,,,,unmatched,,,
1726,38°-75° Brewing,Rehoboth Beach,DE,,Brewpub,,,not_recorded,,not_recorded,,,,,unmatched,,,
1727,Revelation Craft Brewing Co,Rehoboth Beach,DE,,Taproom,,,not_recorded,,not_recorded,,,,,unmatched,,,
1728,Brick Works Brewing and Eats,Smyrna,DE,,Brewpub,,2020-03-03T00:00:00,confirmed_date,,not_recorded,,,,,unmatched,,,
1729,Blue Earl Brewing Company,Smyrna,DE,,Micro,,,not_recorded,,not_recorded,,,,,unmatched,,,
1730,Iron Hill Brewery & Restaurant - Wilmington,Wilmington,DE,,Brewpub,,2020-02-07T00:00:00,confirmed_date,,not_recorded,,,,,unmatched,,,
1731,Bellefonte Brewing Co,Wilmington,DE,,Taproom,,2020-03-03T00:00:00,confirmed_date,,not_recorded,,,,,unmatched,,,
1732,Twin Lakes Brewing Co,Wilmington,DE,,Micro,,2020-03-03T00:00:00,confirmed_date,,not_recorded,,,,,unmatched,,,
1733,Stitch House Brewery,Wilmington,DE,,Brewpub,,,not_recorded,,not_recorded,,,,,unmatched,,,
1734,Wilmington Brew Works,Wilmington,DE,,Taproom,,,not_recorded,,not_recorded,,,,,unmatched,,,
1735,Dew Point Brewing,Yorklyn,DE,,Taproom,,,not_recorded,,not_recorded,,,,,unmatched,,,
1736,Oyster City Brewing Company,Apalachicola,FL,,Micro,,,not_recorded,,not_recorded,,,,,unmatched,,,
1737,Four Stacks Brewing,Apollo Beach,FL,,Taproom,,,not_recorded,,not_recorded,,,,,unmatched,,,
1738,Atlantic Beach Brewing Company,Atlantic Beach,FL,,Micro,,2020-04-11T00:00:00,confirmed_date,,not_recorded,,,,,unmatched,,,
1739,Ragtime Tavern Seafood and Grill,Atlantic Beach,FL,,Brewpub,,,not_recorded,,not_recorded,,,,,unmatched,,,
1740,Reve Brewing,Atlantic Beach,FL,,Taproom,,,not_recorded,,not_recorded,,,,,unmatched,,,
1741,The Florida Brewery,Auburndale,FL,,Regional,,2020-03-03T00:00:00,confirmed_date,,not_recorded,,,,,unmatched,,,
1742,Robot Brewing Company,Boca Raton,FL,,Brewpub,,2020-03-03T00:00:00,confirmed_date,,not_recorded,,,,,unmatched,,,
1743,Barrel of Monks Brewing,Boca Raton,FL,,Taproom,,,not_recorded,,not_recorded,,,,,unmatched,,,
1744,Crazy Uncle Mike’s,Boca Raton,FL,,Brewpub,,,not_recorded,,not_recorded,,,,,unmatched,,,
1745,Momentum Brewhouse,Bonita Springs,FL,,Taproom,,,not_recorded,,not_recorded,,,,,unmatched,,,
1746,Devour Brewing Co,Boynton Beach,FL,,Micro,,2020-03-03T00:00:00,confirmed_date,,not_recorded,,,,,unmatched,,,
1747,Copperpoint Brewing Company,Boynton Beach,FL,,Micro,,2020-04-11T00:00:00,confirmed_date,,not_recorded,,,,,unmatched,,,
1748,Due South Brewing Co,Boynton Beach,FL,,Micro,,,not_recorded,,not_recorded,,,,,unmatched,,,
1749,NOBO Brewing Company,Boynton Beach,FL,,Taproom,,,not_recorded,,not_recorded,,,,,unmatched,,,
1750,"3 Keys Brewing Company, LLC",Bradenton,FL,,Brewpub,,,not_recorded,,not_recorded,,,,,unmatched,,,
1751,Darwin Brewing Co,Bradenton,FL,,Micro,,,not_recorded,,not_recorded,,,,,unmatched,,,
1752,Good Liquid Brewing Company,Bradenton,FL,,Brewpub,,,not_recorded,,not_recorded,,,,,unmatched,,,
1753,Motorworks Brewing,Bradenton,FL,,Micro,,,not_recorded,,not_recorded,,,,,unmatched,,,
1754,Naughty Monk Brewery L.L.C.,Bradenton,FL,,Taproom,,,not_recorded,,not_recorded,,,,,unmatched,,,
1755,Marker 48 Brewing LLC,Brooksville,FL,,Taproom,,2020-04-11T00:00:00,confirmed_date,,not_recorded,,,,,unmatched,,,
1756,Florida Beer Co,Cape Canaveral,FL,,Regional,,2020-03-03T00:00:00,confirmed_date,,not_recorded,,,,,unmatched,,,
1757,Big Blue Brewing,Cape Coral,FL,,Brewpub,,2020-02-07T00:00:00,confirmed_date,,not_recorded,,,,,unmatched,,,
1758,"Eight-Foot Brewing, LLC",Cape Coral,FL,,Brewpub,,2020-02-07T00:00:00,confirmed_date,,not_recorded,,,,,unmatched,,,
1759,Scotty’s Bierwerks,Cape Coral,FL,,Taproom,,2020-03-03T00:00:00,confirmed_date,,not_recorded,,,,,unmatched,,,
1760,Big Storm Brewing,Cape Coral,FL,,Micro,,,not_recorded,,not_recorded,,,,,unmatched,,,
1761,Bowigens Beer Company,Casselberry,FL,,Taproom,,,not_recorded,,not_recorded,,,,,unmatched,,,
1762,Big Storm Brewing Co.,Clearwater,FL,,Micro,,2020-02-07T00:00:00,confirmed_date,,not_recorded,,,,,unmatched,,,
1763,Clearwater Brewing Company,Clearwater,FL,,Taproom,,2020-03-03T00:00:00,confirmed_date,,not_recorded,,,,,unmatched,,,
1764,Grindhaus Brew Lab,Clearwater,FL,,Taproom,,2020-03-03T00:00:00,confirmed_date,,not_recorded,,,,,unmatched,,,
1765,Sea Dog Brewing Co - Clearwater,Clearwater,FL,,Micro,,2020-03-03T00:00:00,confirmed_date,,not_recorded,,,,,unmatched,,,
1766,Pair O’ Dice Brewing Company,Clearwater,FL,,Micro,,,not_recorded,,not_recorded,,,,,unmatched,,,
1767,Clermont Brewing Company,Clermont,FL,,Brewpub,,2020-03-03T00:00:00,confirmed_date,,not_recorded,,,,,unmatched,,,
1768,Suncreek Brewery,Clermont,FL,,Taproom,,,not_recorded,,not_recorded,,,,,unmatched,,,
1769,Bugnutty Brewing Company,Cocoa,FL,,Taproom,,2020-03-03T00:00:00,confirmed_date,,not_recorded,,,,,unmatched,,,
1770,Dirty Oar Beer Company,Cocoa,FL,,Taproom,,2020-03-03T00:00:00,confirmed_date,,not_recorded,,,,,unmatched,,,
1771,Cocoa Beach Brewing Co,Cocoa Beach,FL,,Brewpub,,2020-02-07T00:00:00,confirmed_date,,not_recorded,,,,,unmatched,,,
1772,Big Bear Brewing Co,Coral Springs,FL,,Brewpub,,2020-04-11T00:00:00,confirmed_date,,not_recorded,,,,,unmatched,,,
1773,Copp Brewery & Winery,Crystal River,FL,,Taproom,,2020-03-03T00:00:00,confirmed_date,,not_recorded,,,,,unmatched,,,
1774,3 Sons Brewing Co.,Dania Beach,FL,,Taproom,,2020-03-03T00:00:00,confirmed_date,,not_recorded,,,,,unmatched,,,
1775,The Mack House Brewpub,Davie,FL,,Brewpub,,,not_recorded,,not_recorded,,,,,unmatched,,,
1776,Daytona Beach Brewing Company,Daytona Beach,FL,,Micro,,2020-02-07T00:00:00,confirmed_date,,not_recorded,,,,,unmatched,,,
1777,Rock Bottom Brewery,Daytona Beach,FL,,Brewpub,,2020-02-07T00:00:00,confirmed_date,,not_recorded,,,,,unmatched,,,
1778,Central 28 Beer Company,Debary,FL,,Taproom,,2020-04-11T00:00:00,confirmed_date,,not_recorded,,,,,unmatched,,,
1779,Persimmon Hollow Brewing,Deland,FL,,Micro,,2020-03-03T00:00:00,confirmed_date,,not_recorded,,,,,unmatched,,,
1780,Saltwater Brewery,Delray Beach,FL,,Micro,,2020-02-07T00:00:00,confirmed_date,,not_recorded,,,,,unmatched,,,
1781,McGuire’s Irish Pub and Brewery - Destin,Destin,FL,,Brewpub,,2020-02-07T00:00:00,confirmed_date,,not_recorded,,,,,unmatched,,,
1782,Destin Brewery,Destin,FL,,Micro,,,not_recorded,,not_recorded,,,,,unmatched,,,
1783,M.I.A. Beer Co,Doral,FL,,Micro,,2020-04-11T00:00:00,confirmed_date,,not_recorded,,,,,unmatched,,,
1784,Tripping Animals Brewing Company,Doral,FL,,Taproom,,,not_recorded,,not_recorded,,,,,unmatched,,,
1785,Caledonia Brewing,Dunedin,FL,,Taproom,,2020-03-03T00:00:00,confirmed_date,,not_recorded,,,,,unmatched,,,
1786,Cueni Brewing Co.,Dunedin,FL,,Taproom,,2020-03-03T00:00:00,confirmed_date,,not_recorded,,,,,unmatched,,,
1787,Dunedin Brewery,Dunedin,FL,,Brewpub,,2020-04-11T00:00:00,confirmed_date,,not_recorded,,,,,unmatched,,,
1788,Soggy Bottom Brewing Co.,Dunedin,FL,,Taproom,,,not_recorded,,not_recorded,,,,,unmatched,,,
1789,Woodwright Brewing Company,Dunedin,FL,,Taproom,,,not_recorded,,not_recorded,,,,,unmatched,,,
1790,Eastpoint Beer Company,Eastpoint,FL,,Taproom,,2020-03-03T00:00:00,confirmed_date,,not_recorded,,,,,unmatched,,,
1791,Wolf Branch Brewing Co.,Eustis,FL,,Taproom,,2019-11-27T00:00:00,confirmed_date,,not_recorded,,,,,unmatched,,,
1792,Amelia Island Brewing Company,Fernandina Beach,FL,,Brewpub,,2020-03-03T00:00:00,confirmed_date,,not_recorded,,,,,unmatched,,,
1793,LauderAle,Fort Lauderdale,FL,,Taproom,,2020-03-03T00:00:00,confirmed_date,,not_recorded,,,,,unmatched,,,
1794,Tarpon River Brewing,Fort Lauderdale,FL,,Taproom,,2020-03-03T00:00:00,confirmed_date,,not_recorded,,,,,unmatched,,,
1795,Yeasty Brews,Fort Lauderdale,FL,,Contract,,2020-03-03T00:00:00,confirmed_date,,not_recorded,,,,,unmatched,,,
1796,Gulf Stream Brewing,Fort Lauderdale,FL,,Taproom,,,not_recorded,,not_recorded,,,,,unmatched,,,
1797,Invasive Species Brewing,Fort Lauderdale,FL,,Taproom,,,not_recorded,,not_recorded,,,,,unmatched,,,
1798,Khoffner Brewery LTD,Fort Lauderdale,FL,,Taproom,,,not_recorded,,not_recorded,,,,,unmatched,,,
1799,Orchestrated Minds Brewing,Fort Lauderdale,FL,,Taproom,,,not_recorded,,not_recorded,,,,,unmatched,,,
1800,Coastal Dayz Brewery LLC,Fort Myers,FL,,Taproom,,2020-03-03T00:00:00,confirmed_date,,not_recorded,,,,,unmatched,,,
1801,Millennial Brewing Company,Fort Myers,FL,,Taproom,,2020-03-03T00:00:00,confirmed_date,,not_recorded,,,,,exact,millennial-brewing-company,content/breweries/millennial-brewing-company.md,
1802,Old Soul Brewing,Fort Myers,FL,,Taproom,,2020-03-03T00:00:00,confirmed_date,,not_recorded,,,,,unmatched,,,
1803,Point Ybel Brewing Company,Fort Myers,FL,,Taproom,,2020-03-03T00:00:00,confirmed_date,,not_recorded,,,,,unmatched,,,
1804,Crazy Dingo Brewing Company,Fort Myers,FL,,Brewpub,,,not_recorded,,not_recorded,,,,,unmatched,,,
1805,Fort Myers Brewing Co,Fort Myers,FL,,Micro,,,not_recorded,,not_recorded,,,,,unmatched,,,
1806,Palm City Brewing,Fort Myers,FL,,Taproom,,,not_recorded,,not_recorded,,,,,unmatched,,,
1807,"Sailfish Brewing Company, llc",Fort Pierce,FL,,Micro,,2020-04-11T00:00:00,confirmed_date,,not_recorded,,,,,unmatched,,,
1808,Islamorada Beer Company,Fort Pierce,FL,,Micro,,,not_recorded,,not_recorded,,,,,unmatched,,,
1809,Islamorada Beer Company,Fort Pierce,FL,,Micro,,,not_recorded,,not_recorded,,,,,unmatched,,,
1810,Props Brewery and Grill,Fort Walton Beach,FL,,Micro,,,not_recorded,,not_recorded,,,,,unmatched,,,
1811,Props Craft Brewery Taproom,Fort Walton Beach,FL,,Micro,,,not_recorded,,not_recorded,,,,,unmatched,,,
1812,Big Top Brewing Company Gainesville,Gainesville,FL,,Brewpub,,2020-03-03T00:00:00,confirmed_date,,not_recorded,,,,,unmatched,,,
1813,Blackadder Brewing Company,Gainesville,FL,,Taproom,,2020-03-03T00:00:00,confirmed_date,,not_recorded,,,,,unmatched,,,
1814,Cypress and Grove Brewing Company,Gainesville,FL,,Taproom,,,not_recorded,,not_recorded,,,,,unmatched,,,
1815,First Magnitude Brewing Company,Gainesville,FL,,Micro,,,not_recorded,,not_recorded,,,,,unmatched,,,
1816,Swamp Head Brewery,Gainesville,FL,,Micro,,,not_recorded,,not_recorded,,,,,unmatched,,,
1817,Department Coffee,Hollywood,FL,,Contract,,2020-03-03T00:00:00,confirmed_date,,not_recorded,,,,,unmatched,,,
1818,Hollywood Brewing Co,Hollywood,FL,,Brewpub,,2020-03-03T00:00:00,confirmed_date,,not_recorded,,,,,unmatched,,,
1819,Hollywood Brewing Co,Hollywood,FL,,Micro,,2020-03-03T00:00:00,confirmed_date,,not_recorded,,,,,unmatched,,,
1820,Miami Brewing Co,Homestead,FL,,Brewpub,,,not_recorded,,not_recorded,,,,,unmatched,,,
1821,BeachFly Brewing Company,Indian Harbour Beach,FL,,Brewpub,,2020-03-03T00:00:00,confirmed_date,,not_recorded,,,,,unmatched,,,
1822,Florida Keys Brewing Co.,Islamorada,FL,,Taproom,,2020-04-11T00:00:00,confirmed_date,,not_recorded,,,,,unmatched,,,
1823,Aardwolf Brewing Company,Jacksonville,FL,,Micro,,2019-08-29T00:00:00,confirmed_date,,not_recorded,,,,,unmatched,,,
1824,Veterans United Craft Brewery,Jacksonville,FL,,Micro,,2020-02-01T00:00:00,confirmed_date,,not_recorded,,,,,unmatched,,,
1825,Engine 15 Brewing Company,Jacksonville,FL,,Micro,,2020-02-07T00:00:00,confirmed_date,,not_recorded,,,,,unmatched,,,
1826,River City Brewing Co,Jacksonville,FL,,Brewpub,,2020-02-07T00:00:00,confirmed_date,,not_recorded,,,,,unmatched,,,
1827,Wicked Barley Brewing Co.,Jacksonville,FL,,Brewpub,,2020-02-07T00:00:00,confirmed_date,,not_recorded,,,,,unmatched,,,
1828,Anheuser-Busch Inc – Jacksonville,Jacksonville,FL,,Largge,,2020-03-03T00:00:00,confirmed_date,,not_recorded,,,,,unmatched,,,
1829,Bottlenose Brewing,Jacksonville,FL,,Brewpub,,2020-03-03T00:00:00,confirmed_date,,not_recorded,,,,,unmatched,,,
1830,Fishweir Brewing Company,Jacksonville,FL,,Taproom,,2020-03-03T00:00:00,confirmed_date,,not_recorded,,,,,candidate,,,Fisher Brewing Company
1831,Intuition Ale Works,Jacksonville,FL,,Micro,,2020-03-03T00:00:00,confirmed_date,,not_recorded,,,,,unmatched,,,
1832,Main & Six Brewing Company,Jacksonville,FL,,Taproom,,2020-03-03T00:00:00,confirmed_date,,not_recorded,,,,,unmatched,,,
1833,Seven Bridges Grille and Brewery,Jacksonville,FL,,Brewpub,,2020-03-03T00:00:00,confirmed_date,,not_recorded,,,,,unmatched,,,
1834,Bold City Brewery,Jacksonville,FL,,Micro,,2020-04-11T00:00:00,confirmed_date,,not_recorded,,,,,unmatched,,,
1835,Intuition Ale Works Production Facility,Jacksonville,FL,,Micro,,2020-04-11T00:00:00,confirmed_date,,not_recorded,,,,,unmatched,,,
1836,Strings Sports Brewery,Jacksonville,FL,,Brewpub,,2020-04-11T00:00:00,confirmed_date,,not_recorded,,,,,unmatched,,,
1837,Bold City Brewery,Jacksonville,FL,,Taproom,,,not_recorded,,not_recorded,,,,,unmatched,,,
1838,Hyperion Brewing,Jacksonville,FL,,Taproom,,,not_recorded,,not_recorded,,,,,unmatched,,,
1839,Legacy Ale Works,Jacksonville,FL,,Taproom,,,not_recorded,,not_recorded,,,,,unmatched,,,
1840,Tabula Rasa Brewing,Jacksonville,FL,,Taproom,,,not_recorded,,not_recorded,,,,,unmatched,,,
1841,Ruby Beach Brewing Company,Jacksonville Beach,FL,,Brewpub,,2020-04-11T00:00:00,confirmed_date,yes,confirmed_yes,,,,,exact,ruby-beach-brewing-company,content/breweries/ruby-beach-brewing-company.md,
1842,Engine 15 Brewing Company,Jacksonville Beach,FL,,Micro,,,not_recorded,,not_recorded,,,,,unmatched,,,
1843,Green Room Brewing,Jacksonville Beach,FL,,Micro,,,not_recorded,,not_recorded,,,,,unmatched,,,
1844,Southern Swells Brewing Company,Jacksonville Beach,FL,,Taproom,,,not_recorded,,not_recorded,,,,,unmatched,,,
1845,Inlet Brewing Co,Jupiter,FL,,Proprietor,,2020-03-03T00:00:00,confirmed_date,,not_recorded,,,,,unmatched,,,
1846,Civil Society Brewing Co,Jupiter,FL,,Micro,,,not_recorded,,not_recorded,,,,,unmatched,,,
1847,Waterfront Brewery LLC,Key West,FL,,Brewpub,,2020-02-01T00:00:00,confirmed_date,,not_recorded,,,,,unmatched,,,
1848,First Flight Island Restaurant & Brewery,Key West,FL,,Brewpub,,,not_recorded,,not_recorded,,,,,unmatched,,,
1849,Big River Grille & Brewing Works - Disney,Lake Buena Vista,FL,,Brewpub,,2020-02-07T00:00:00,confirmed_date,,not_recorded,,,,,unmatched,,,
1850,Halpatter Brewing Company,Lake City,FL,,Taproom,,,not_recorded,,not_recorded,,,,,unmatched,,,
1851,Mathews Brewing Company,Lake Worth,FL,,Taproom,,2020-03-03T00:00:00,confirmed_date,,not_recorded,,,,,unmatched,,,
1852,Island Coastal Lager,Lakeland,FL,,Contract,,2020-03-03T00:00:00,confirmed_date,,not_recorded,,,,,unmatched,,,
1853,Swan Brewing,Lakeland,FL,,Taproom,,2020-03-03T00:00:00,confirmed_date,,not_recorded,,,,,unmatched,,,
1854,"Brew Hub, LLC",Lakeland,FL,,Micro,,,not_recorded,,not_recorded,,,,,unmatched,,,
1855,Orange Blossom Brewing Company,Lakeland,FL,,Micro,,,not_recorded,,not_recorded,,,,,unmatched,,,
1856,Carleen,Lakewood Ranch,FL,,RAoC,,yes,confirmed_yes,yes,confirmed_yes,yes,,,,exact,carleen,content/breweries/carleen.md,
1857,Craft Life Brewing,Land O Lakes,FL,,Taproom,,,not_recorded,,not_recorded,,,,,unmatched,,,
1858,In the Loop Brewing,Land O Lakes,FL,,Taproom,,,not_recorded,,not_recorded,,,,,unmatched,,,
1859,Arkane Aleworks,Largo,FL,,Taproom,,2019-11-27T00:00:00,confirmed_date,,not_recorded,,,,,unmatched,,,
1860,Great Chicago Fire Brewery and Tap Room,Leesburg,FL,,Taproom,,,not_recorded,,not_recorded,,,,,unmatched,,,
1861,Hourglass Brewing,Longwood,FL,,Taproom,,,not_recorded,,not_recorded,,,,,unmatched,,,
1862,Crooked Rooster Brewery LLC.,Macclenny,FL,,Taproom,,2020-04-11T00:00:00,confirmed_date,,not_recorded,,,,,unmatched,,,
1863,Mad Beach Brewing,Madeira Beach,FL,,Brewpub,,2020-02-07T00:00:00,confirmed_date,,not_recorded,,,,,unmatched,,,
1864,Charlie and Jakes Brewery and Grille,Melbourne,FL,,Brewpub,,2020-02-07T00:00:00,confirmed_date,,not_recorded,,,,,unmatched,,,
1865,Brock’s Homebrew Supply,Melbourne,FL,,Taproom,,,not_recorded,,not_recorded,,,,,unmatched,,,
1866,Hell ‘n Blazes Brewing Company,Melbourne,FL,,Brewpub,,,not_recorded,,not_recorded,,,,,unmatched,,,
1867,Intracoastal Brewing Co.,Melbourne,FL,,Micro,,,not_recorded,,not_recorded,,,,,unmatched,,,
1868,Titanic Brewing Co,Miami,FL,,Brewpub,,2020-02-01T00:00:00,confirmed_date,,not_recorded,,,,,unmatched,,,
1869,Biscayne Bay Brewing Co,Miami,FL,,Micro,,2020-02-07T00:00:00,confirmed_date,,not_recorded,,,,,unmatched,,,
1870,Concrete Beach Brewery,Miami,FL,,Micro,,2020-02-07T00:00:00,confirmed_date,,not_recorded,,,,,unmatched,,,
1871,The Tank Brewing Company,Miami,FL,,Micro,,2020-02-07T00:00:00,confirmed_date,,not_recorded,,,,,unmatched,,,
1872,Wynwood Brewing Company,Miami,FL,,Regional,,2020-02-07T00:00:00,confirmed_date,,not_recorded,,,,,unmatched,,,
1873,NightLife Brewing Co,Miami,FL,,Micro,,2020-03-03T00:00:00,confirmed_date,,not_recorded,,,,,unmatched,,,
1874,Spanish Marie Brewery,Miami,FL,,Taproom,,2020-04-11T00:00:00,confirmed_date,,not_recorded,,,,,unmatched,,,
1875,J Wakefield Brewing,Miami,FL,,Micro,,12/20.2019,date_needs_review,,not_recorded,,,,,unmatched,,,
1876,Beat Culture,Miami,FL,,Brewpub,,,not_recorded,,not_recorded,,,,,unmatched,,,
1877,Bousa Brewing Company,Miami,FL,,Micro,,,not_recorded,,not_recorded,,,,,unmatched,,,
1878,Lincoln’s Beard Brewing Co.,Miami,FL,,Taproom,,,not_recorded,,not_recorded,,,,,unmatched,,,
1879,Strange Beast,Miami,FL,,Brewpub,,,not_recorded,,not_recorded,,,,,unmatched,,,
1880,Veza Sur Brewing Co,Miami,FL,,,,,not_recorded,,not_recorded,,,,,unmatched,,,
1881,Abbey Brewing Co,Miami Beach,FL,,Brewpub,,2019-08-29T00:00:00,confirmed_date,,not_recorded,,,,,exact,abbey-brewing-co,content/breweries/abbey-brewing-co.md,
1882,Gravity Brewlab,Miami Beach,FL,,Contract,,2020-03-03T00:00:00,confirmed_date,,not_recorded,,,,,unmatched,,,
1883,Beardless Brewhaus,Milton,FL,,Taproom,,2020-04-11T00:00:00,confirmed_date,,not_recorded,,,,,unmatched,,,
1884,Brew Angels LLC,Milton,FL,,Brewpub,,,not_recorded,,not_recorded,,,,,unmatched,,,
1885,Mount Dora Brewing Co,Mount Dora,FL,,Brewpub,,2020-04-11T00:00:00,confirmed_date,,not_recorded,,,,,unmatched,,,
1886,"Fantasy Brewmasters, LLC",Naples,FL,,Contract,,2020-03-03T00:00:00,confirmed_date,,not_recorded,,,,,unmatched,,,
1887,Naples Beach Brewery,Naples,FL,,Taproom,,2020-03-03T00:00:00,confirmed_date,,not_recorded,,,,,unmatched,,,
1888,South Cypress Brewing,Naples,FL,,Brewpub,,2020-04-11T00:00:00,confirmed_date,,not_recorded,,,,,unmatched,,,
1889,Ankrolab Brewing Company,Naples,FL,,Taproom,,,not_recorded,,not_recorded,,,,,unmatched,,,
1890,Bone Hook Brewing Company,Naples,FL,,Taproom,,,not_recorded,,not_recorded,,,,,unmatched,,,
1891,Riptide Brewing Company,Naples,FL,,Taproom,,,not_recorded,,not_recorded,,,,,unmatched,,,
1892,Ye Olde Brothers Brewery,Navarre,FL,,Brewpub,,,not_recorded,,not_recorded,,,,,unmatched,,,
1893,Cotee River Brewing Company,New Port Richey,FL,,Brewpub,,2020-04-11T00:00:00,confirmed_date,,not_recorded,,,,,unmatched,,,
1894,Infusion Brewing Company of Trinity,New Port Richey,FL,,Taproom,,,not_recorded,,not_recorded,,,,,unmatched,,,
1895,Half Wall Brewery,New Smyrna Beach,FL,,Brewpub,,2020-03-03T00:00:00,confirmed_date,,not_recorded,,,,,unmatched,,,
1896,New Smyrna Beach Brewing Co,New Smyrna Beach,FL,,Taproom,,2020-03-03T00:00:00,confirmed_date,,not_recorded,,,,,unmatched,,,
1897,3rd Planet Brewing,Niceville,FL,,Micro,,2020-02-07T00:00:00,confirmed_date,,not_recorded,,,,,unmatched,,,
1898,Strange Colt Brewery,Niceville,FL,,Brewpub,,2020-04-11T00:00:00,confirmed_date,,not_recorded,,,,,unmatched,,,
1899,3rd Planet Brewing,Niceville,FL,,Micro,yes,,not_recorded,,not_recorded,,,,,unmatched,,,
1900,Twisted Trunk Brewing Company,North Palm Beach,FL,,Micro,,2020-02-01T00:00:00,confirmed_date,,not_recorded,,,,,unmatched,,,
1901,Funky Buddha Brewery,Oakland Park,FL,,Largge,,2019-06-17T00:00:00,confirmed_date,,not_recorded,,,,,unmatched,,,
1902,Fishhawk Spirits,Ocala,FL,,Distillery,,yes,confirmed_yes,yes,confirmed_yes,yes,,,,unmatched,,,
1903,Infinite Ale Works,Ocala,FL,,Micro,,,not_recorded,,not_recorded,,,,,unmatched,,,
1904,Toll Road Brewing Company,Ocoee,FL,,Taproom,,,not_recorded,,not_recorded,,,,,unmatched,,,
1905,Big Storm Brewing,Odessa,FL,,Micro,,,not_recorded,,not_recorded,,,,,unmatched,,,
1906,Legacy Caribbean Craft Brewery,Opa Locka,FL,,Taproom,,2020-04-11T00:00:00,confirmed_date,,not_recorded,,,,,unmatched,,,
1907,Pinglehead Brewing Company / Brewer’s Pizza,Orange Park,FL,,Brewpub,,2020-03-03T00:00:00,confirmed_date,,not_recorded,,,,,unmatched,,,
1908,Castle Church Brewing Community,Orlando,FL,,Taproom,,2020-03-03T00:00:00,confirmed_date,,not_recorded,,,,,unmatched,,,
1909,Ivanhoe Park Brewing Company,Orlando,FL,,Taproom,,2020-03-03T00:00:00,confirmed_date,,not_recorded,,,,,unmatched,,,
1910,Ten 10 Brewing Co,Orlando,FL,,Brewpub,,2020-03-03T00:00:00,confirmed_date,,not_recorded,,,,,unmatched,,,
1911,Broken Strings Brewery,Orlando,FL,,Taproom,,2020-04-11T00:00:00,confirmed_date,,not_recorded,,,,,unmatched,,,
1912,Ellipsis Brewing,Orlando,FL,,Taproom,,2020-04-11T00:00:00,confirmed_date,,not_recorded,,,,,unmatched,,,
1913,"Orlando Brewing Partners, Inc.",Orlando,FL,,Micro,,2020-04-11T00:00:00,confirmed_date,,not_recorded,,,,,unmatched,,,
1914,Park Pizza & Brewing Company,Orlando,FL,,Brewpub,,2020-04-11T00:00:00,confirmed_date,,not_recorded,,,,,unmatched,,,
1915,Tactical Brewing Company,Orlando,FL,,Taproom,,2020-04-11T00:00:00,confirmed_date,,not_recorded,,,,,unmatched,,,
1916,Dead Lizard Brewing Company,Orlando,FL,,Micro,,,not_recorded,,not_recorded,,,,,unmatched,,,
1917,Half Barrel Beer Project,Orlando,FL,,Brewpub,,,not_recorded,,not_recorded,,,,,unmatched,,,
1918,Orange County Brewers,Orlando,FL,,Brewpub,,,not_recorded,,not_recorded,,,,,unmatched,,,
1919,Redlight Redlight Beer Parlour and Brewery,Orlando,FL,,Taproom,,,not_recorded,,not_recorded,,,,,unmatched,,,
1920,RockPit Brewing,Orlando,FL,,Taproom,,,not_recorded,,not_recorded,,,,,unmatched,,,
1921,Sideward Brewing Co,Orlando,FL,,Brewpub,,,not_recorded,,not_recorded,,,,,unmatched,,,
1922,Whisper Creek Farm: Kitchen and Brewery,Orlando,FL,,Brewpub,,,not_recorded,,not_recorded,,,,,unmatched,,,
1923,Ormond Brewing,Ormond Beach,FL,,Micro,,2020-02-07T00:00:00,confirmed_date,,not_recorded,,,,,unmatched,,,
1924,Beachside Brew Pub,Ormond Beach,FL,,Taproom,,,not_recorded,,not_recorded,,,,,unmatched,,,
1925,Oviedo Brewing Co,Oviedo,FL,,Brewpub,,,not_recorded,,not_recorded,,,,,unmatched,,,
1926,Alcatraz Brewing,Palm Coast,FL,,Micro,,2019-08-29T00:00:00,confirmed_date,,not_recorded,,,,,unmatched,,,
1927,Moonrise Brewing Company,Palm Coast,FL,,Brewpub,,2019-11-27T00:00:00,confirmed_date,,not_recorded,,,,,unmatched,,,
1928,Palm Harbor Brewery,Palm Harbor,FL,,Brewpub,,2020-03-03T00:00:00,confirmed_date,,not_recorded,,,,,unmatched,,,
1929,Stilt House Brewery,Palm Harbor,FL,,Taproom,,2020-03-03T00:00:00,confirmed_date,,not_recorded,,,,,unmatched,,,
1930,De Bine Brewing Company,Palm Harbor,FL,,Taproom,,,not_recorded,,not_recorded,,,,,unmatched,,,
1931,Lagerhaus Brewery & Grill,Palm Harbor,FL,,Brewpub,,,not_recorded,,not_recorded,,,,,unmatched,,,
1932,Corporate Ladder Brewing Company,Palmetto,FL,,Taproom,,,not_recorded,,not_recorded,,,,,unmatched,,,
1933,Uncle Ernies Bayfront Grill & Brew House,Panama City,FL,,Contract,,2020-03-03T00:00:00,confirmed_date,,not_recorded,,,,,unmatched,,,
1934,Pensacola Bay Brewery,Pensacola,FL,,Taproom,,2020-04-11T00:00:00,confirmed_date,yes,confirmed_yes,,,,,unmatched,,,
1935,A Little Madness Brewing Company,Pensacola,FL,,Taproom,,2019-08-29T00:00:00,confirmed_date,,not_recorded,,,,,unmatched,,,
1936,Goat Lips Chew and Brewhouse / Redneck Riviera Brewing,Pensacola,FL,,Brewpub,,2020-02-01T00:00:00,confirmed_date,,not_recorded,,,,,unmatched,,,
1937,McGuire’s Irish Pub and Brewery - Pensacola,Pensacola,FL,,Brewpub,,2020-03-03T00:00:00,confirmed_date,,not_recorded,,,,,unmatched,,,
1938,Spahr Brewing Company,Pensacola,FL,,Taproom,,2020-03-03T00:00:00,confirmed_date,,not_recorded,,,,,unmatched,,,
1939,Odd Colony,Pensacola,FL,,Micro,yes,,not_recorded,,not_recorded,,,,,unmatched,,,
1940,Perfect Plain Brewing Co.,Pensacola,FL,,Taproom,yes,,not_recorded,,not_recorded,,,,,unmatched,,,
1941,Big Top Brewing Company Pensacola,Pensacola,FL,,Brewpub,,,not_recorded,,not_recorded,,,,,unmatched,,,
1942,Gulf Coast Brewery LLC,Pensacola,FL,,Micro,,,not_recorded,,not_recorded,,,,,unmatched,,,
1943,Two Henrys Brewing Company,Plant City,FL,,Micro,,,not_recorded,,not_recorded,,,,,unmatched,,,
1944,Bangin’ Banjo Brewing Company,Pompano Beach,FL,,Taproom,,2020-03-03T00:00:00,confirmed_date,,not_recorded,,,,,unmatched,,,
1945,Odd Breed Wild Ales,Pompano Beach,FL,,Taproom,,2020-04-11T00:00:00,confirmed_date,,not_recorded,,,,,unmatched,,,
1946,The Weed Reaper Experiment Brewery and Taproom,Pompano Beach,FL,,Micro,,2020-04-11T00:00:00,confirmed_date,,not_recorded,,,,,unmatched,,,
1947,26 Degree Brewing Company,Pompano Beach,FL,,Micro,,,not_recorded,,not_recorded,,,,,unmatched,,,
1948,Tomoka Brewing Company,Port Orange,FL,,Brewpub,,2020-02-01T00:00:00,confirmed_date,,not_recorded,,,,,unmatched,,,
1949,HopLife Brewing Company,Port Saint Lucie,FL,,Taproom,,2020-04-11T00:00:00,confirmed_date,,not_recorded,,,,,unmatched,,,
1950,Side Door Brewing Company,Port Saint Lucie,FL,,Taproom,,2020-04-11T00:00:00,confirmed_date,,not_recorded,,,,,unmatched,,,
1951,Fat Point Brewing,Punta Gorda,FL,,Micro,,2020-03-03T00:00:00,confirmed_date,,not_recorded,,,,,unmatched,,,
1952,Leaven Brewing Co.,Riverview,FL,,Taproom,,2020-03-03T00:00:00,confirmed_date,,not_recorded,,,,,unmatched,,,
1953,Royal Palm Brewing Company,Royal Palm Beach,FL,,Brewpub,,,not_recorded,,not_recorded,,,,,unmatched,,,
1954,Crooked Thumb Brewery,Safety Harbor,FL,,Taproom,,2020-03-03T00:00:00,confirmed_date,,not_recorded,,,,,unmatched,,,
1955,Troubled Waters Brewing Co.,Safety Harbor,FL,,Taproom,,,not_recorded,,not_recorded,,,,,unmatched,,,
1956,Ancient City Brewing Co.,Saint Augustine,FL,,Micro,,2020-03-03T00:00:00,confirmed_date,,not_recorded,,,,,unmatched,,,
1957,Bog Brewing Company,Saint Augustine,FL,,Taproom,,2020-03-03T00:00:00,confirmed_date,,not_recorded,,,,,unmatched,,,
1958,Old Coast Ales,Saint Augustine,FL,,Brewpub,,2020-03-03T00:00:00,confirmed_date,,not_recorded,,,,,unmatched,,,
1959,Dog Rose Brewing Company,Saint Augustine,FL,,Micro,,2020-04-11T00:00:00,confirmed_date,,not_recorded,,,,,unmatched,,,
1960,3 Daughters Brewing,Saint Petersburg,FL,,Regional,,2020-03-03T00:00:00,confirmed_date,,not_recorded,,,,,unmatched,,,
1961,If I Brewed the World Brewery,Saint Petersburg,FL,,Taproom,,2020-03-03T00:00:00,confirmed_date,,not_recorded,,,,,unmatched,,,
1962,Overflow Brewing Company,Saint Petersburg,FL,,Taproom,,2020-03-03T00:00:00,confirmed_date,,not_recorded,,,,,unmatched,,,
1963,Right Around The Corner,Saint Petersburg,FL,,Taproom,,2020-03-03T00:00:00,confirmed_date,,not_recorded,,,,,unmatched,,,
1964,Green Bench Brewing Co,Saint Petersburg,FL,,Micro,,2020-04-11T00:00:00,confirmed_date,,not_recorded,,,,,unmatched,,,
1965,St. Pete Brewing Company,Saint Petersburg,FL,,Taproom,,2020-04-11T00:00:00,confirmed_date,,not_recorded,,,,,unmatched,,,
1966,Avid Brew Co,Saint Petersburg,FL,,Taproom,,,not_recorded,,not_recorded,,,,,unmatched,,,
1967,Cage Brewing,Saint Petersburg,FL,,Taproom,,,not_recorded,,not_recorded,,,,,unmatched,,,
1968,Cycle Brewing Production and Warehouse,Saint Petersburg,FL,,Micro,,,not_recorded,,not_recorded,,,,,unmatched,,,
1969,"Dissent Craft Brewing Company, LLC",Saint Petersburg,FL,,Taproom,,,not_recorded,,not_recorded,,,,,unmatched,,,
1970,Pesky Pelican Brewpub,Saint Petersburg,FL,,Brewpub,,,not_recorded,,not_recorded,,,,,unmatched,,,
1971,Pinellas Ale Works,Saint Petersburg,FL,,Taproom,,,not_recorded,,not_recorded,,,,,unmatched,,,
1972,WopsHops Brewing Company,Sanford,FL,,Brewpub,,2020-03-03T00:00:00,confirmed_date,,not_recorded,,,,,unmatched,,,
1973,Inner Compass Brewing,Sanford,FL,,Taproom,,2020-04-11T00:00:00,confirmed_date,,not_recorded,,,,,unmatched,,,
1974,Deviant Wolfe Brewing,Sanford,FL,,Taproom,,,not_recorded,,not_recorded,,,,,unmatched,,,
1975,Sanford Brewing Company,Sanford,FL,,Brewpub,,,not_recorded,,not_recorded,,,,,unmatched,,,
1976,Grayton Beer Company,Santa Rosa Beach,FL,,Micro,,2020-03-03T00:00:00,confirmed_date,,not_recorded,,,,,unmatched,,,
1977,Grayton Beer Brewpub,Santa Rosa Beach,FL,,Brewpub,,2020-04-11T00:00:00,confirmed_date,,not_recorded,,,,,unmatched,,,
1978,Idyll Hounds Brewing Company,Santa Rosa Beach,FL,,Micro,,2020-04-11T00:00:00,confirmed_date,,not_recorded,,,,,unmatched,,,
1979,JDub’s Brewing Co.,Sarasota,FL,,Micro,,2020-02-07T00:00:00,confirmed_date,,not_recorded,,,,,unmatched,,,
1980,Big Top Brewing Company,Sarasota,FL,,Micro,,2020-03-03T00:00:00,confirmed_date,,not_recorded,,,,,unmatched,,,
1981,Brew Life Brewing,Sarasota,FL,,Taproom,,2020-03-03T00:00:00,confirmed_date,,not_recorded,,,,,unmatched,,,
1982,Calusa Brewing Company,Sarasota,FL,,Taproom,,,not_recorded,,not_recorded,,,,,unmatched,,,
1983,Sarasota Brewing Co,Sarasota,FL,,Brewpub,,,not_recorded,,not_recorded,,,,,unmatched,,,
1984,Mash Monkeys Brewing Company,Sebastian,FL,,Taproom,,,not_recorded,,not_recorded,,,,,unmatched,,,
1985,Pareidolia Brewing Co.,Sebastian,FL,,Brewpub,,,not_recorded,,not_recorded,,,,,unmatched,,,
1986,Rapp Brewing Company,Seminole,FL,,Taproom,,2020-04-11T00:00:00,confirmed_date,,not_recorded,,,,,unmatched,,,
1987,Inoculum Ale Works,Spring Hill,FL,,Taproom,,2020-03-03T00:00:00,confirmed_date,,not_recorded,,,,,unmatched,,,
1988,Mastry’s Brewing Co,St Pete Beach,FL,,Taproom,,2020-03-03T00:00:00,confirmed_date,,not_recorded,,,,,unmatched,,,
1989,Cycle Brewing,St Petersburg,FL,,Micro,,2020-03-03T00:00:00,confirmed_date,,not_recorded,,,,,unmatched,,,
1990,Flying Boat Brewing Company,St Petersburg,FL,,Taproom,,,not_recorded,,not_recorded,,,,,unmatched,,,
1991,Ocean Republic Brewing,Stuart,FL,,Brewpub,,,not_recorded,,not_recorded,,,,,unmatched,,,
1992,Ology Brewing Co,Tallahassee,FL,,Micro,,2020-02-07T00:00:00,confirmed_date,,not_recorded,,,,,exact,ology-brewing-co,content/breweries/ology-brewing-co.md,
1993,Fools Fire Brewing Company At Fermentation Lounge,Tallahassee,FL,,Brewpub,,2020-03-03T00:00:00,confirmed_date,,not_recorded,,,,,unmatched,,,
1994,Lake Tribe Brewing,Tallahassee,FL,,Micro,,2020-03-03T00:00:00,confirmed_date,,not_recorded,,,,,unmatched,,,
1995,Proof Brewing Co,Tallahassee,FL,,Micro,,2020-04-11T00:00:00,confirmed_date,,not_recorded,,,,,unmatched,,,
1996,Deep Brewing Company,Tallahassee,FL,,Micro,,,not_recorded,,not_recorded,,,,,unmatched,,,
1997,Endless Pens,Tampa,FL,,Pens,,yes,confirmed_yes,yes,confirmed_yes,yes,https://endlesspens.com/,https://www.instagram.com/endlesspens.usa/,https://twitter.com/pensendless,exact,endless-pens,content/breweries/endless-pens.md,
1998,Cigar City Brewing,Tampa,FL,,Regional,,2019-06-13T00:00:00,confirmed_date,,not_recorded,,,,,unmatched,,,
1999,81Bay Brewing Company,Tampa,FL,,Taproom,,2019-08-29T00:00:00,confirmed_date,,not_recorded,,,,,unmatched,,,
2000,Ulele Spring Brewery,Tampa,FL,,Brewpub,,2020-02-01T00:00:00,confirmed_date,,not_recorded,,,,,unmatched,,,
2001,Bastet Brewing,Tampa,FL,,Contract,,2020-02-07T00:00:00,confirmed_date,,not_recorded,,,,,unmatched,,,
2002,The Wild Rover Brewery,Tampa,FL,,Brewpub,,2020-02-07T00:00:00,confirmed_date,,not_recorded,,,,,unmatched,,,
2003,7venth Sun Brewery,TAMPA,FL,,Taproom,,2020-03-03T00:00:00,confirmed_date,,not_recorded,,,,,unmatched,,,
2004,"Angry Chair Brewing, LLC.",Tampa,FL,,Taproom,,2020-03-03T00:00:00,confirmed_date,,not_recorded,,,,,unmatched,,,
2005,Brew Bus Brewing,Tampa,FL,,Micro,,2020-03-03T00:00:00,confirmed_date,,not_recorded,,,,,unmatched,,,
2006,Coppertail Brewing,Tampa,FL,,Regional,,2020-03-03T00:00:00,confirmed_date,,not_recorded,,,,,unmatched,,,
2007,D. G. Yuengling and Son Inc,Tampa,FL,,Regional,,2020-03-03T00:00:00,confirmed_date,,not_recorded,,,,,unmatched,,,
2008,Zydeco Brew Werks,Tampa,FL,,Brewpub,,2020-04-11T00:00:00,confirmed_date,,not_recorded,,,,,unmatched,,,
2009,7venth Sun Tampa,Tampa,FL,,Micro,,,not_recorded,,not_recorded,,,,,unmatched,,,
2010,"Bay Cannon Beer Company, LLC",TAMPA,FL,,Brewpub,,,not_recorded,,not_recorded,,,,,unmatched,,,
2011,Carrollwood Brewing Company,Tampa,FL,,Brewpub,,,not_recorded,,not_recorded,,,,,unmatched,,,
2012,Cigar City Airport Location,Tampa,FL,,Brewpub,,,not_recorded,,not_recorded,,,,,unmatched,,,
2013,Hidden Springs Ale Works,Tampa,FL,,Micro,,,not_recorded,,not_recorded,,,,,unmatched,,,
2014,Mr Dunderbaks Biergarten and Brewery / Dunderbrau Brewing,Tampa,FL,,Brewpub,,,not_recorded,,not_recorded,,,,,unmatched,,,
2015,Six Ten Brewing,Tampa,FL,,Taproom,,,not_recorded,,not_recorded,,,,,unmatched,,,
2016,Southern Brewing & Winemaking,Tampa,FL,,Brewpub,,,not_recorded,,not_recorded,,,,,unmatched,,,
2017,Tampa Bay Brewing Co Brewpub,Tampa,FL,,Micro,,,not_recorded,,not_recorded,,,,,unmatched,,,
2018,Tampa Bay Brewing Co Production Brewery,Tampa,FL,,Micro,,,not_recorded,,not_recorded,,,,,unmatched,,,
2019,Tampa Beer Works,Tampa,FL,,Taproom,,,not_recorded,,not_recorded,,,,,unmatched,,,
2020,Silverking Brewing Company,Tarpon Springs,FL,,Taproom,,2020-03-03T00:00:00,confirmed_date,,not_recorded,,,,,unmatched,,,
2021,Unrefined Brewing,Tarpon Springs,FL,,Taproom,,2020-03-03T00:00:00,confirmed_date,,not_recorded,,,,,unmatched,,,
2022,Saint Somewhere Brewing Co,Tarpon Springs,FL,,Micro,,,not_recorded,,not_recorded,,,,,unmatched,,,
2023,Tequesta Brewing Co,Tequesta,FL,,Micro,,2020-03-03T00:00:00,confirmed_date,,not_recorded,,,,,unmatched,,,
2024,Playalinda Brewing Company,Titusville,FL,,Brewpub,,,not_recorded,,not_recorded,,,,,unmatched,,,
2025,Playalinda Brewing Company -  Brix Project,Titusville,FL,,Micro,,,not_recorded,,not_recorded,,,,,unmatched,,,
2026,Escape Brewing Company,Trinity,FL,,Taproom,,2020-03-03T00:00:00,confirmed_date,,not_recorded,,,,,unmatched,,,
2027,Bullfrog Creek Brewing Company,Valrico,FL,,Taproom,,,not_recorded,,not_recorded,,,,,unmatched,,,
2028,3 Bridges Brewing,Venice,FL,,Brewpub,,,not_recorded,,not_recorded,,,,,unmatched,,,
2029,American Icon Brewery,Vero Beach,FL,,Brewpub,,2020-04-11T00:00:00,confirmed_date,,not_recorded,,,,,unmatched,,,
2030,Orchid Island Brewery,Vero Beach,FL,,Brewpub,,2020-04-11T00:00:00,confirmed_date,,not_recorded,,,,,unmatched,,,
2031,Walking Tree Brewery,Vero Beach,FL,,Taproom,,2020-04-11T00:00:00,confirmed_date,,not_recorded,,,,,unmatched,,,
2032,Lost Shirt Brewing Company,West Melbourne,FL,,Taproom,,,not_recorded,,not_recorded,,,,,unmatched,,,
2033,Steam Horse Brewing,West Palm Beach,FL,,Taproom,,2020-03-03T00:00:00,confirmed_date,,not_recorded,,,,,unmatched,,,
2034,American Craft Aleworks,West Palm Beach,FL,,Brewpub,,2020-04-11T00:00:00,confirmed_date,,not_recorded,,,,,unmatched,,,
2035,Civil Society Brewing Co- West Palm Beach,West Palm Beach,FL,,Micro,,,not_recorded,,not_recorded,,,,,unmatched,,,
2036,Dixie Grill & Brewery,West Palm Beach,FL,,Brewpub,,,not_recorded,,not_recorded,,,,,unmatched,,,
2037,Ookapow Brewing Company,West Palm Beach,FL,,Taproom,,,not_recorded,,not_recorded,,,,,unmatched,,,
2038,West Palm Beach Brewery & Wine Vault,West Palm Beach,FL,,Brewpub,,,not_recorded,,not_recorded,,,,,unmatched,,,
2039,Backyard Barn Winery and Microbrewery,Wildwood,FL,,Taproom,,2020-04-11T00:00:00,confirmed_date,,not_recorded,,,,,unmatched,,,
2040,Crooked Can Brewing Co,Winter Garden,FL,,Micro,,2020-02-07T00:00:00,confirmed_date,,not_recorded,,,,,unmatched,,,
2041,Grove Roots Brewing,Winter Haven,FL,,Taproom,,2020-04-11T00:00:00,confirmed_date,,not_recorded,,,,,unmatched,,,
2042,Ravenous Pig Brewing,Winter Park,FL,,Brewpub,,2019-06-17T00:00:00,confirmed_date,,not_recorded,,,,,unmatched,,,
2043,The Bear And Peacock,Winter Park,FL,,Taproom,,2020-03-03T00:00:00,confirmed_date,,not_recorded,,,,,unmatched,,,
2044,Deadly Sins Brewing,Winter Park,FL,,Micro,,2020-04-11T00:00:00,confirmed_date,,not_recorded,,,,,unmatched,,,
2045,SJ Brewing Company,Yulee,FL,,Taproom,,2020-03-03T00:00:00,confirmed_date,,not_recorded,,,,,unmatched,,,
2046,Zephyrhills Brewing Company,Zephyrhills,FL,,Proprietor,,2020-03-03T00:00:00,confirmed_date,,not_recorded,,,,,unmatched,,,
2047,MillerCoors Brewing Co - Albany,Albany,GA,,Largge,,2020-03-03T00:00:00,confirmed_date,,not_recorded,,,,,unmatched,,,
2048,Pretoria Fields Collective,Albany,GA,,Taproom,,,not_recorded,,not_recorded,,,,,unmatched,,,
2049,Jekyll Brewing,Alpharetta,GA,,Micro,,2020-04-11T00:00:00,confirmed_date,,not_recorded,,,,,unmatched,,,
2050,Currahee Brewing Company,Alpharetta,GA,,Micro,,,not_recorded,,not_recorded,,,,,unmatched,,,
2051,Terrapin Beer Co,Athens,GA,,Largge,,2020-03-03T00:00:00,confirmed_date,yes,confirmed_yes,,https://www.terrapinbeer.com/,https://www.instagram.com/terrapinbeerco/,https://twitter.com/terrapinbeerco,exact,terrapin-beer-co,content/breweries/terrapin-beer-co.md,
2052,Akademia Brewing Company,Athens,GA,,Brewpub,,2019-08-29T00:00:00,confirmed_date,,not_recorded,,,,,unmatched,,,
2053,Creature Comforts Brewing Co.,Athens,GA,,Regional,,2020-03-03T00:00:00,confirmed_date,,not_recorded,,,,,unmatched,,,
2054,Creature Comforts Production Facility At Southern Mill,Athens,GA,,Regional,,2020-03-03T00:00:00,confirmed_date,,not_recorded,,,,,unmatched,,,
2055,Southern Brewing Company,Athens,GA,,Micro,,,not_recorded,,not_recorded,,,,,unmatched,,,
2056,Stats Brewpub,Atlanta,GA,,Brewpub,,2020-02-07T00:00:00,confirmed_date,,not_recorded,,,,,unmatched,,,
2057,5 Seasons Brewing Co,Atlanta,GA,,Brewpub,,2020-03-03T00:00:00,confirmed_date,,not_recorded,,,,,unmatched,,,
2058,EuroBevs,Atlanta,GA,,Contract,,2020-03-03T00:00:00,confirmed_date,,not_recorded,,,,,unmatched,,,
2059,Halfway Crooks Beer,Atlanta,GA,,Taproom,,2020-03-03T00:00:00,confirmed_date,,not_recorded,,,,,unmatched,,,
2060,New Realm Brewing,Atlanta,GA,,Micro,,2020-03-03T00:00:00,confirmed_date,,not_recorded,,,,,unmatched,,,
2061,Orpheus Brewing,Atlanta,GA,,Micro,,2020-03-03T00:00:00,confirmed_date,,not_recorded,,,,,unmatched,,,
2062,Steady Hand Beer Co.,Atlanta,GA,,Microbrewery,,2020-03-03T00:00:00,confirmed_date,,not_recorded,,,,,unmatched,,,
2063,SweetWater Brewing Co,Atlanta,GA,,Regional,,2020-03-03T00:00:00,confirmed_date,,not_recorded,,,,,unmatched,,,
2064,Torched Hop Brewing Company,Atlanta,GA,,Brewpub,,2020-03-03T00:00:00,confirmed_date,,not_recorded,,,,,unmatched,,,
2065,Wild Heaven - West End Brewery & Gardens,Atlanta,GA,,Brewpub,,2020-03-03T00:00:00,confirmed_date,,not_recorded,,,,,unmatched,,,
2066,Eventide Brewing Co,Atlanta,GA,,Micro,,2020-04-11T00:00:00,confirmed_date,,not_recorded,,,,,unmatched,,,
2067,Monday Night Brewing,Atlanta,GA,,Regional,,12/20.2019,date_needs_review,,not_recorded,,,,,unmatched,,,
2068,Monday Night Brewing - Garage,Atlanta,GA,,Micro,,12/20.2019,date_needs_review,,not_recorded,,,,,unmatched,,,
2069,Atlanta Brewing,Atlanta,GA,,Micro,,,not_recorded,,not_recorded,,,,,unmatched,,,
2070,Max Lager’s Wood Fired Grill & Brewery,Atlanta,GA,,Brewpub,,,not_recorded,,not_recorded,,,,,unmatched,,,
2071,Park Tavern Brewery,Atlanta,GA,,Brewpub,,,not_recorded,,not_recorded,,,,,unmatched,,,
2072,Porter Brew & Que Brewery,Atlanta,GA,,Brewpub,,,not_recorded,,not_recorded,,,,,unmatched,,,
2073,Scofflaw Brewing Co,Atlanta,GA,,Micro,,,not_recorded,,not_recorded,,,,,unmatched,,,
2074,Second Self Brewing,Atlanta,GA,,Micro,,,not_recorded,,not_recorded,,,,,unmatched,,,
2075,The Woodlands At SweetWater,Atlanta,GA,,Micro,,,not_recorded,,not_recorded,,,,,unmatched,,,
2076,The Wrecking Bar Brewpub,Atlanta,GA,,Brewpub,,,not_recorded,,not_recorded,,,,,unmatched,,,
2077,Riverwatch Brewery,Augusta,GA,,Micro,,2020-04-11T00:00:00,confirmed_date,,not_recorded,,,,,unmatched,,,
2078,Savannah River Brewing Company,Augusta,GA,,Taproom,,,not_recorded,,not_recorded,,,,,unmatched,,,
2079,The Lost Druid Brewery,AVONDALE ESTATES,GA,,Brewpub,,2020-04-11T00:00:00,confirmed_date,,not_recorded,,,,,unmatched,,,
2080,Southern Philosophy Brewing,Bainbridge,GA,,Brewpub,,,not_recorded,,not_recorded,,,,,unmatched,,,
2081,Grumpy Old Men Brewing,Blue Ridge,GA,,Taproom,,2020-04-11T00:00:00,confirmed_date,,not_recorded,,,,,unmatched,,,
2082,Fannin Brewing,Blue Ridge,GA,,Micro,,,not_recorded,,not_recorded,,,,,unmatched,,,
2083,Braselton Brewing Company,Braselton,GA,,Brewpub,,2020-02-07T00:00:00,confirmed_date,,not_recorded,,,,,unmatched,,,
2084,Hop Soul Brewery,Brunswick,GA,,Brewpub,,2020-02-07T00:00:00,confirmed_date,,not_recorded,,,,,unmatched,,,
2085,Reformation Brewery,Canton,GA,,Micro,,2020-02-07T00:00:00,confirmed_date,,not_recorded,,,,,unmatched,,,
2086,Printer’s Ale Manufacturing Co.,Carrollton,GA,,Micro,,2020-02-07T00:00:00,confirmed_date,,not_recorded,,,,,unmatched,,,
2087,Anheuser-Busch Inc – Cartersville,Cartersville,GA,,Largge,,2020-03-03T00:00:00,confirmed_date,,not_recorded,,,,,unmatched,,,
2088,Contrast Artisan Ales,CHAMBLEE,GA,,Taproom,,2020-03-03T00:00:00,confirmed_date,,not_recorded,,,,,unmatched,,,
2089,Hopstix,Chamblee,GA,,Brewpub,,,not_recorded,,not_recorded,,,,,unmatched,,,
2090,Tantrum Brewing Company,Cleveland,GA,,Micro,,2020-04-11T00:00:00,confirmed_date,,not_recorded,,,,,unmatched,,,
2091,Cannon Brewpub,Columbus,GA,,Brewpub,,2020-04-11T00:00:00,confirmed_date,,not_recorded,,,,,unmatched,,,
2092,Cherry Street Brewing Cooperative,Cumming,GA,,Brewpub,,,not_recorded,,not_recorded,,,,,unmatched,,,
2093,Cherokee Brewing + Pizza Company,Dalton,GA,,Brewpub,,,not_recorded,,not_recorded,,,,,unmatched,,,
2094,Sceptre Brewing Arts,Decatur,GA,,Brewpub,,2019-11-27T00:00:00,confirmed_date,,not_recorded,,,,,unmatched,,,
2095,Twain’s Brewpub & Billiards,Decatur,GA,,Brewpub,,2020-04-11T00:00:00,confirmed_date,,not_recorded,,,,,unmatched,,,
2096,Wild Heaven Craft Beers,Decatur,GA,,Micro,,2020-04-11T00:00:00,confirmed_date,,not_recorded,,,,,unmatched,,,
2097,BlueTarp Brewing Co,Decatur,GA,,Micro,,,not_recorded,,not_recorded,,,,,unmatched,,,
2098,Three Taverns Craft Brewery,Decatur,GA,,Micro,,,not_recorded,,not_recorded,,,,,unmatched,,,
2099,Good Word Brewing & Public House,Duluth,GA,,Brewpub,,,not_recorded,,not_recorded,,,,,unmatched,,,
2100,Left Nut Brewing Co,Gainesville,GA,,Micro,,2020-02-07T00:00:00,confirmed_date,,not_recorded,,,,,unmatched,,,
2101,Oconee Brewing Company,Greensboro,GA,,Micro,,,not_recorded,,not_recorded,,,,,unmatched,,,
2102,Jailhouse Brewing Co,Hampton,GA,,Micro,,,not_recorded,,not_recorded,,,,,unmatched,,,
2103,Arches Brewing,Hapeville,GA,,Micro,,2020-03-03T00:00:00,confirmed_date,,not_recorded,,,,,unmatched,,,
2104,6 Bridges Brewing,Johns Creek,GA,,Taproom,,,not_recorded,,not_recorded,,,,,unmatched,,,
2105,Burnt Hickory Brewery,Kennesaw,GA,,Micro,,2020-02-07T00:00:00,confirmed_date,,not_recorded,,,,,unmatched,,,
2106,Dry County Brewing Company,kennesaw,GA,,Micro,,2020-03-03T00:00:00,confirmed_date,,not_recorded,,,,,unmatched,,,
2107,Firewater Brewing Company,Kennesaw,GA,,Proprietor,,2020-03-03T00:00:00,confirmed_date,,not_recorded,,,,,unmatched,,,
2108,Wild Leap Brewing Company,Lagrange,GA,,Micro,,2020-02-07T00:00:00,confirmed_date,,not_recorded,,,,,unmatched,,,
2109,Beacon Brewing Company,Lagrange,GA,,Brewpub,,,not_recorded,,not_recorded,,,,,unmatched,,,
2110,Slow Pour Brewing Company,Lawrenceville,GA,,Taproom,,2020-03-03T00:00:00,confirmed_date,,not_recorded,,,,,unmatched,,,
2111,Ocmulgee Brewpub,Macon,GA,,Brewpub,,2020-02-07T00:00:00,confirmed_date,,not_recorded,,,,,unmatched,,,
2112,Piedmont Brewery and Kitchen,Macon,GA,,Brewpub,,2020-03-03T00:00:00,confirmed_date,,not_recorded,,,,,unmatched,,,
2113,Macon Beer Company,Macon,GA,,Taproom,,,not_recorded,,not_recorded,,,,,unmatched,,,
2114,Red Hare Brewing Company,Marietta,GA,,Micro,,2020-02-07T00:00:00,confirmed_date,,not_recorded,,,,,unmatched,,,
2115,Ironmonger Brewing,Marietta,GA,,Micro,,2020-03-03T00:00:00,confirmed_date,,not_recorded,,,,,unmatched,,,
2116,"Johnnie MacCracken’s Celtic Firehouse Pub, Inc.",Marietta,GA,,Brewpub,,2020-03-03T00:00:00,confirmed_date,,not_recorded,,,,,unmatched,,,
2117,Glover Park Brewery,Marietta,GA,,Taproom,,,not_recorded,,not_recorded,,,,,unmatched,,,
2118,Abide Brewing Company,Newnan,GA,,Micro,,2019-08-29T00:00:00,confirmed_date,,not_recorded,,,,,unmatched,,,
2119,Omaha Brewing Company,Omaha,GA,,Micro,,2020-04-11T00:00:00,confirmed_date,,not_recorded,,,,,unmatched,,,
2120,Line Creek Brewing,Peachtree City,GA,,Micro,,,not_recorded,,not_recorded,,,,,unmatched,,,
2121,Phantom Horse Brewing,Rock Spring,GA,,Brewpub,,2020-04-11T00:00:00,confirmed_date,,not_recorded,,,,,unmatched,,,
2122,Rome City Brewing Co,Rome,GA,,Brewpub,,2020-03-03T00:00:00,confirmed_date,,not_recorded,,,,,unmatched,,,
2123,Gate City Brewing Company,Roswell,GA,,Taproom,,2020-02-01T00:00:00,confirmed_date,,not_recorded,,,,,unmatched,,,
2124,From The Earth Brewing Company,Roswell,GA,,Brewpub,,2020-04-11T00:00:00,confirmed_date,,not_recorded,,,,,unmatched,,,
2125,Variant Brewing Company,Roswell,GA,,Taproom,,,not_recorded,,not_recorded,,,,,unmatched,,,
2126,Pontoon Brewing Company,Sandy Springs,GA,,Taproom,,,not_recorded,,not_recorded,,,,,unmatched,,,
2127,Porter Pizza & Brewery,Sandy Springs,GA,,Brewpub,,,not_recorded,,not_recorded,,,,,unmatched,,,
2128,Moon River Brewing Co,Savannah,GA,,Brewpub,,2020-02-07T00:00:00,confirmed_date,,not_recorded,,,,,unmatched,,,
2129,Southbound Brewing Co,Savannah,GA,,Micro,,2020-03-03T00:00:00,confirmed_date,,not_recorded,,,,,unmatched,,,
2130,Two Tides Brewing Company,Savannah,GA,,Taproom,,2020-04-11T00:00:00,confirmed_date,,not_recorded,,,,,unmatched,,,
2131,Coastal Empire Beer Co,Savannah,GA,,Micro,,,not_recorded,,not_recorded,,,,,unmatched,,,
2132,Service Brewing Company,Savannah,GA,,Micro,,,not_recorded,,not_recorded,,,,,unmatched,,,
2133,Eagle Creek Brewing Company,Statesboro,GA,,Brewpub,,2020-03-03T00:00:00,confirmed_date,,not_recorded,,,,,unmatched,,,
2134,The Village Corner,Stone Mountain,GA,,Brewpub,,,not_recorded,,not_recorded,,,,,unmatched,,,
2135,Tucker Brewing Company,Tucker,GA,,Micro,,,not_recorded,,not_recorded,,,,,unmatched,,,
2136,Georgia Beer Co,Valdosta,GA,,Micro,,,not_recorded,,not_recorded,,,,,unmatched,,,
2137,Hixtown Brewing Co,Villa Rica,GA,,Taproom,,2020-02-01T00:00:00,confirmed_date,,not_recorded,,,,,unmatched,,,
2138,Chattabrewchee Southern Brewhouse,West Point,GA,,Taproom,,2020-03-03T00:00:00,confirmed_date,,not_recorded,,,,,unmatched,,,
2139,"Hilo Brewing, CO",Hilo,HI,,Micro,,2020-02-01T00:00:00,confirmed_date,,not_recorded,,,,,unmatched,,,
2140,Honolulu BeerWorks,Honolulu,HI,,Brewpub,,2019-11-03T00:00:00,confirmed_date,yes,confirmed_yes,,,,,unmatched,,,
2141,Bent Tail Brewing Co,Honolulu,HI,,Brewpub,,2019-11-03T00:00:00,confirmed_date,,not_recorded,,,,,unmatched,,,
2142,Gordon Biersch Brewery Restaurant - Honolulu,Honolulu,HI,,Brewpub,,2019-11-03T00:00:00,confirmed_date,,not_recorded,,,,,unmatched,,,
2143,Home of the Brave Brewing Company,Honolulu,HI,,Brewpub,,2019-11-03T00:00:00,confirmed_date,,not_recorded,,,,,unmatched,,,
2144,Stewbum & Stonewall Brewing Co.,Honolulu,HI,,Brewpub,,2019-11-03T00:00:00,confirmed_date,,not_recorded,,,,,unmatched,,,
2145,Waikiki Brewing Company,Honolulu,HI,,Brewpub,,2019-11-03T00:00:00,confirmed_date,,not_recorded,,,,,unmatched,,,
2146,Aloha Beer Co,Honolulu,HI,,Taproom,,2020-02-01T00:00:00,confirmed_date,,not_recorded,,,,,unmatched,,,
2147,Beer Lab HI,Honolulu,HI,,Taproom,,2020-02-01T00:00:00,confirmed_date,,not_recorded,,,,,unmatched,,,
2148,"Waikiki Brewing Company, Kaka’ako",Honolulu,HI,,Micro,,2020-02-01T00:00:00,confirmed_date,,not_recorded,,,,,unmatched,,,
2149,Lanikai Brewing Co,Kailua,HI,,Taproom,,2020-02-01T00:00:00,confirmed_date,,not_recorded,,,,,unmatched,,,
2150,Olomana Brewing Co.,Kailua,HI,,Micro,,2020-02-01T00:00:00,confirmed_date,,not_recorded,,,,,unmatched,,,
2151,Kona Brewing Co,Kailua Kona,HI,,Regional,,2020-02-01T00:00:00,confirmed_date,,not_recorded,,,,,unmatched,,,
2152,Ola Brew Co.,Kailua Kona,HI,,Micro,,2020-02-01T00:00:00,confirmed_date,,not_recorded,,,,,unmatched,,,
2153,Big Island Brewhaus,Kamuela,HI,,Brewpub,,2019-11-03T00:00:00,confirmed_date,,not_recorded,,,,,unmatched,,,
2154,Inu Island Ales,Kaneohe,HI,,Taproom,,2020-02-01T00:00:00,confirmed_date,,not_recorded,,,,,unmatched,,,
2155,Maui Brewing Co - Production,Kihei,HI,,Regional,,2020-02-01T00:00:00,confirmed_date,,not_recorded,,,,,unmatched,,,
2156,"Maui Brewing Co, Brewpub",Lahaina,HI,,Brewpub,,2019-11-03T00:00:00,confirmed_date,,not_recorded,,,,,unmatched,,,
2157,Kohola Brewery,Lahaina,HI,,Micro,,2020-02-01T00:00:00,confirmed_date,,not_recorded,,,,,unmatched,,,
2158,Kauai Beer Company,Lihue,HI,,Brewpub,,2019-11-03T00:00:00,confirmed_date,,not_recorded,,,,,unmatched,,,
2159,Taps and Apps,Mililani,HI,,Brewpub,,2019-11-03T00:00:00,confirmed_date,,not_recorded,,,,,unmatched,,,
2160,Kauai Island Brewery,Port Allen,HI,,Brewpub,,2019-11-03T00:00:00,confirmed_date,,not_recorded,,,,,unmatched,,,
2161,Beer Lab HI - Waipio,Waipahu,HI,,Taproom,,2020-02-01T00:00:00,confirmed_date,,not_recorded,,,,,unmatched,,,
2162,Albia Brewing Co,Albia,IA,,Brewpub,,2019-08-29T00:00:00,confirmed_date,,not_recorded,,,,,unmatched,,,
2163,Brightside Aleworks,Altoona,IA,,Taproom,,2020-02-01T00:00:00,confirmed_date,,not_recorded,,,,,unmatched,,,
2164,Millstream Brewing Co,Amana,IA,,Brewpub,,2020-02-01T00:00:00,confirmed_date,,not_recorded,,,,,unmatched,,,
2165,Alluvial Brewing Company,Ames,IA,,Taproom,,2020-02-01T00:00:00,confirmed_date,,not_recorded,,,,,unmatched,,,
2166,Torrent Brewing Co,Ames,IA,,Taproom,,2020-02-01T00:00:00,confirmed_date,,not_recorded,,,,,unmatched,,,
2167,Firetrucker Brewery,Ankeny,IA,,Micro,,2020-02-01T00:00:00,confirmed_date,,not_recorded,,,,,unmatched,,,
2168,Mistress Brewing Company,Ankeny,IA,,Taproom,,2020-02-01T00:00:00,confirmed_date,,not_recorded,,,,,unmatched,,,
2169,River Ridge Brewing,Bellevue,IA,,Taproom,,2020-02-01T00:00:00,confirmed_date,,not_recorded,,,,,unmatched,,,
2170,Adventurous Brewing,Bettendorf,IA,,Micro,,2019-08-29T00:00:00,confirmed_date,,not_recorded,,,,,unmatched,,,
2171,5ive Cities Brewing,Bettendorf,IA,,Taproom,,2020-02-01T00:00:00,confirmed_date,,not_recorded,,,,,unmatched,,,
2172,Crawford Brew Works - Bettendorf Iowa,Bettendorf,IA,,Taproom,,2020-02-01T00:00:00,confirmed_date,,not_recorded,,,,,unmatched,,,
2173,Reclaimed Rails Brewing Company,Bondurant,IA,,Taproom,,2020-02-01T00:00:00,confirmed_date,,not_recorded,,,,,unmatched,,,
2174,Boone Valley Brewing Co,Boone,IA,,Micro,,2020-02-01T00:00:00,confirmed_date,,not_recorded,,,,,unmatched,,,
2175,Bent River Brewing Co,Burlington,IA,,Brewpub,,2020-02-01T00:00:00,confirmed_date,,not_recorded,,,,,unmatched,,,
2176,Parkside Brewing Company,Burlington,IA,,Brewpub,,2020-02-01T00:00:00,confirmed_date,,not_recorded,,,,,unmatched,,,
2177,PIVO Brewery,Calmar,IA,,Brewpub,,2020-02-01T00:00:00,confirmed_date,,not_recorded,,,,,unmatched,,,
2178,BackRoad Brewery,Carlisle,IA,,Micro,,2020-02-01T00:00:00,confirmed_date,,not_recorded,,,,,unmatched,,,
2179,Carroll Brewing Co.,Carroll,IA,,Taproom,,2020-02-01T00:00:00,confirmed_date,,not_recorded,,,,,unmatched,,,
2180,Lark Brewing,Cedar Falls,IA,,Brewpub,,2020-02-01T00:00:00,confirmed_date,,not_recorded,,,,,unmatched,,,
2181,Second State Brewing Company,Cedar Falls,IA,,Brewpub,,2020-02-01T00:00:00,confirmed_date,,not_recorded,,,,,unmatched,,,
2182,SingleSpeed Brewing Co Tap Room,Cedar Falls,IA,,Brewpub,,2020-02-01T00:00:00,confirmed_date,,not_recorded,,,,,unmatched,,,
2183,Clock House Brewing,Cedar Rapids,IA,,Taproom,,2020-02-01T00:00:00,confirmed_date,,not_recorded,,,,,unmatched,,,
2184,Granite City Food & Brewery (#5),Cedar Rapids,IA,,Brewpub,,2020-02-01T00:00:00,confirmed_date,,not_recorded,,,,,unmatched,,,
2185,Iowa Brewing,Cedar Rapids,IA,,Micro,,2020-02-01T00:00:00,confirmed_date,,not_recorded,,,,,unmatched,,,
2186,Lion Bridge Brewing Company,Cedar Rapids,IA,,Brewpub,,2020-02-01T00:00:00,confirmed_date,,not_recorded,,,,,unmatched,,,
2187,Quarter Barrel Arcade,Cedar Rapids,IA,,Brewpub,,2020-02-01T00:00:00,confirmed_date,,not_recorded,,,,,unmatched,,,
2188,Thew Brewing Company,Cedar Rapids,IA,,Taproom,,2020-02-01T00:00:00,confirmed_date,,not_recorded,,,,,unmatched,,,
2189,Third Base Brewery,Cedar Rapids,IA,,Brewpub,,2020-02-01T00:00:00,confirmed_date,,not_recorded,,,,,unmatched,,,
2190,Saint Charles Brewing Co,Charles City,IA,,Taproom,,2020-02-01T00:00:00,confirmed_date,,not_recorded,,,,,unmatched,,,
2191,Timbukbru,Clarion,IA,,Taproom,,2020-02-01T00:00:00,confirmed_date,,not_recorded,,,,,unmatched,,,
2192,Lake Time Brewery,Clear Lake,IA,,Brewpub,,2020-02-01T00:00:00,confirmed_date,,not_recorded,,,,,unmatched,,,
2193,515 Brewing Co,Clive,IA,,Taproom,,2019-04-20T00:00:00,confirmed_date,,not_recorded,,,,,unmatched,,,
2194,Granite City Food & Brewery (#4),Clive,IA,,Brewpub,,2020-02-01T00:00:00,confirmed_date,,not_recorded,,,,,unmatched,,,
2195,Backpocket Brewing Co,Coralville,IA,,Micro,,2020-02-01T00:00:00,confirmed_date,,not_recorded,,,,,unmatched,,,
2196,Boot N Flute Brewery / Guild Wurst Tavern,Coralville,IA,,Brewpub,,2020-02-01T00:00:00,confirmed_date,,not_recorded,,,,,unmatched,,,
2197,ReUnion Brewery,Coralville,IA,,Brewpub,,2020-02-01T00:00:00,confirmed_date,,not_recorded,,,,,unmatched,,,
2198,Full Fledged Brewing Company,Council Bluffs,IA,,Taproom,,2020-02-01T00:00:00,confirmed_date,yes,confirmed_yes,,,,,exact,full-fledged-brewing-company,content/breweries/full-fledged-brewing-company.md,
2199,Iowa Distilling Company,Cumming,IA,,Distillery,,yes,confirmed_yes,yes,confirmed_yes,yes,,,,exact,iowa-distilling-company,content/breweries/iowa-distilling-company.md,
2200,Baked Beer and Beer Co,Davenport,IA,,Brewpub,,2020-02-01T00:00:00,confirmed_date,,not_recorded,,,,,unmatched,,,
2201,Front Street Brewery - IA,Davenport,IA,,Micro,,2020-02-01T00:00:00,confirmed_date,,not_recorded,,,,,unmatched,,,
2202,Granite City Food & Brewery (#6),Davenport,IA,,Brewpub,,2020-02-01T00:00:00,confirmed_date,,not_recorded,,,,,unmatched,,,
2203,Great River Brewery,Davenport,IA,,Micro,,2020-02-01T00:00:00,confirmed_date,,not_recorded,,,,,unmatched,,,
2204,Bickering Brother’s Brewery,De Witt,IA,,Brewpub,,2020-02-01T00:00:00,confirmed_date,,not_recorded,,,,,unmatched,,,
2205,Toppling Goliath Brewing Co,Decorah,IA,,Regional,,2019-11-13T00:00:00,confirmed_date,,not_recorded,,,,,unmatched,,,
2206,Pulpit Rock Brewing Co.,Decorah,IA,,Taproom,,2020-02-01T00:00:00,confirmed_date,,not_recorded,,,,,unmatched,,,
2207,Confluence Brewing Co,Des Moines,IA,,Micro,,2019-04-20T00:00:00,confirmed_date,,not_recorded,,,,,unmatched,,,
2208,Exile Brewing,Des Moines,IA,,Micro,,2019-04-20T00:00:00,confirmed_date,,not_recorded,,,,,unmatched,,,
2209,Madhouse Brewing Co,Des Moines,IA,,Taproom,,2019-04-20T00:00:00,confirmed_date,,not_recorded,,,,,unmatched,,,
2210,Flix Brewhouse,Des Moines,IA,,Brewpub,,2019-11-13T00:00:00,confirmed_date,,not_recorded,,,,,unmatched,,,
2211,1717 Brewing Co,Des Moines,IA,,Taproom,,2020-02-01T00:00:00,confirmed_date,,not_recorded,,,,,unmatched,,,
2212,Court Avenue Brewing Co,Des Moines,IA,,Brewpub,,2020-02-01T00:00:00,confirmed_date,,not_recorded,,,,,unmatched,,,
2213,7 Hills Brewing Company,Dubuque,IA,,Brewpub,,2020-02-01T00:00:00,confirmed_date,,not_recorded,,,,,unmatched,,,
2214,Catfish Charlies / Catfish Creek Brew Pub,Dubuque,IA,,Brewpub,,2020-02-01T00:00:00,confirmed_date,,not_recorded,,,,,unmatched,,,
2215,Dimensional Brewing Co.,Dubuque,IA,,Taproom,,2020-02-01T00:00:00,confirmed_date,,not_recorded,,,,,unmatched,,,
2216,Jubeck New World Brewing,Dubuque,IA,,Taproom,,2020-02-01T00:00:00,confirmed_date,,not_recorded,,,,,unmatched,,,
2217,Textile Brewing Company,Dyersville,IA,,Taproom,,2020-02-01T00:00:00,confirmed_date,,not_recorded,,,,,unmatched,,,
2218,Deb’s Brewtopia,Elkader,IA,,Micro,,2020-02-01T00:00:00,confirmed_date,,not_recorded,,,,,unmatched,,,
2219,Granite City Food & Wort House,Ellsworth,IA,,Micro,,2020-02-01T00:00:00,confirmed_date,,not_recorded,,,,,unmatched,,,
2220,River Hops Brewing,Fort Dodge,IA,,Taproom,,2020-02-01T00:00:00,confirmed_date,,not_recorded,,,,,unmatched,,,
2221,Shiny Top Brewing,Fort Dodge,IA,,Taproom,,2020-02-01T00:00:00,confirmed_date,,not_recorded,,,,,unmatched,,,
2222,Lost Duck Brewing Co.,Fort Madison,IA,,Brewpub,,2020-02-01T00:00:00,confirmed_date,,not_recorded,,,,,unmatched,,,
2223,Keg Creek Brewing Company,Glenwood,IA,,Micro,,2019-04-20T00:00:00,confirmed_date,,not_recorded,,,,,unmatched,,,
2224,Rustic Brew,Hampton,IA,,Micro,,2020-02-01T00:00:00,confirmed_date,,not_recorded,,,,,unmatched,,,
2225,TractorLift Brewery,Humboldt,IA,,Micro,,2019-10-21T00:00:00,confirmed_date,,not_recorded,,,,,unmatched,,,
2226,Big Grove Brewery and Taproom,Iowa City,IA,,Taproom,,2020-02-01T00:00:00,confirmed_date,,not_recorded,,,,,unmatched,,,
2227,Kalona Brewing Company,Kalona,IA,,Brewpub,,2020-02-01T00:00:00,confirmed_date,,not_recorded,,,,,unmatched,,,
2228,V’s Restaurant and Brewpub,Keokuk,IA,,Brewpub,,2020-02-01T00:00:00,confirmed_date,,not_recorded,,,,,unmatched,,,
2229,Peace Tree Brewing Company,Knoxville,IA,,Micro,,2020-02-01T00:00:00,confirmed_date,,not_recorded,,,,,unmatched,,,
2230,5 Alarm Brewing Co,Lake Mills,IA,,Taproom,,2020-02-01T00:00:00,confirmed_date,,not_recorded,,,,,unmatched,,,
2231,Green Tree Brewery,Le Claire,IA,,Taproom,,2020-02-01T00:00:00,confirmed_date,,not_recorded,,,,,unmatched,,,
2232,Franklin Street Brewing Company,Manchester,IA,,Taproom,,2020-02-01T00:00:00,confirmed_date,,not_recorded,,,,,unmatched,,,
2233,Iowa River Brewing Company,Marshalltown,IA,,Taproom,,2020-02-01T00:00:00,confirmed_date,,not_recorded,,,,,unmatched,,,
2234,Fat Hill Brewing,Mason City,IA,,Taproom,,2020-02-01T00:00:00,confirmed_date,,not_recorded,,,,,unmatched,,,
2235,Mason City Brewing,Mason City,IA,,Taproom,,2020-02-01T00:00:00,confirmed_date,,not_recorded,,,,,unmatched,,,
2236,West O Beer,Milford,IA,,Micro,,2020-02-01T00:00:00,confirmed_date,,not_recorded,,,,,unmatched,,,
2237,Big’s BBQ Brewpub,Mount Vernon,IA,,Brewpub,,2020-02-01T00:00:00,confirmed_date,,not_recorded,,,,,unmatched,,,
2238,Contrary Brewing Co,Muscatine,IA,,Taproom,,2020-02-01T00:00:00,confirmed_date,yes,confirmed_yes,,,,,exact,contrary-brewing-co,content/breweries/contrary-brewing-co.md,
2239,Dubuque Star Brands / Otter Tail Brewery,Muscatine,IA,,Contract,,2020-02-01T00:00:00,confirmed_date,,not_recorded,,,,,unmatched,,,
2240,Gezellig Brewing Company,Newton,IA,,Micro,,2020-02-01T00:00:00,confirmed_date,,not_recorded,,,,,unmatched,,,
2241,Worth Brewing Co,Northwood,IA,,Taproom,,2020-02-01T00:00:00,confirmed_date,,not_recorded,,,,,exact,worth-brewing-co,content/breweries/worth-brewing-co.md,
2242,Limestone Brewers,Osage,IA,,Brewpub,,2020-02-01T00:00:00,confirmed_date,,not_recorded,,,,,unmatched,,,
2243,NoCoast Beer Co,Oskaloosa,IA,,Micro,,2020-02-01T00:00:00,confirmed_date,,not_recorded,,,,,unmatched,,,
2244,Pallister Brothers Brewing Company,Ottumwa,IA,,Taproom,,2020-02-01T00:00:00,confirmed_date,,not_recorded,,,,,unmatched,,,
2245,Fenders Brewing Company,Polk City,IA,,Taproom,,2020-02-01T00:00:00,confirmed_date,,not_recorded,,,,,unmatched,,,
2246,Depot Deli and Lounge,Shenandoah,IA,,Brewpub,,2020-02-01T00:00:00,confirmed_date,,not_recorded,,,,,unmatched,,,
2247,Drink Me Brewing,Sibley,IA,,Taproom,,2020-02-01T00:00:00,confirmed_date,,not_recorded,,,,,unmatched,,,
2248,Brioux City Brewery,Sioux City,IA,,Taproom,,2020-02-01T00:00:00,confirmed_date,,not_recorded,,,,,unmatched,,,
2249,Jackson Street Brewing,Sioux City,IA,,Micro,,2020-02-01T00:00:00,confirmed_date,,not_recorded,,,,,unmatched,,,
2250,Marto Brewing Co.,Sioux City,IA,,Brewpub,,2020-02-01T00:00:00,confirmed_date,,not_recorded,,,,,unmatched,,,
2251,Big Grove Brewpub,Solon,IA,,Brewpub,,2020-02-01T00:00:00,confirmed_date,yes,confirmed_yes,yes,,,,unmatched,,,
2252,Okoboji Brewing Co,Spirit Lake,IA,,Taproom,,2020-02-01T00:00:00,confirmed_date,,not_recorded,,,,,unmatched,,,
2253,SingleSpeed Brewing Co,Waterloo,IA,,Micro,,2020-02-01T00:00:00,confirmed_date,,not_recorded,,,,,unmatched,,,
2254,Treppenhaus Brewing,Waterloo,IA,,Micro,,2020-02-01T00:00:00,confirmed_date,,not_recorded,,,,,unmatched,,,
2255,Barn Town Brewing Co.,West Des Moines,IA,,Brewpub,,2020-02-01T00:00:00,confirmed_date,,not_recorded,,,,,unmatched,,,
2256,Fox Brewing,West Des Moines,IA,,Micro,,2020-02-01T00:00:00,confirmed_date,,not_recorded,,,,,unmatched,,,
2257,Twisted Vine Brewery,West Des Moines,IA,,Taproom,,2020-02-01T00:00:00,confirmed_date,,not_recorded,,,,,unmatched,,,
2258,Big Rack Brew Haus,Winterset,IA,,Micro,,2020-02-01T00:00:00,confirmed_date,,not_recorded,,,,,unmatched,,,
2259,Bent Tree Brewing,Athol,ID,,Taproom,,2020-02-01T00:00:00,confirmed_date,,not_recorded,,,,,unmatched,,,
2260,Lone Mountain Farms,ATHOL,ID,,Micro,,2020-02-01T00:00:00,confirmed_date,,not_recorded,,,,,unmatched,,,
2261,Payette Brewing Co,Boise,ID,,Micro,,2020-02-01T00:00:00,confirmed_date,yes,confirmed_yes,yes,,,,unmatched,,,
2262,10 Barrel Brewing Co,Boise,ID,,Largge,,2020-02-01T00:00:00,confirmed_date,,not_recorded,,,,,exact,10-barrel-brewing-co,content/breweries/10-barrel-brewing-co.md,
2263,Bear Island Brewing Company,Boise,ID,,Micro,,2020-02-01T00:00:00,confirmed_date,,not_recorded,,,,,unmatched,,,
2264,Boise Brewing,Boise,ID,,Micro,,2020-02-01T00:00:00,confirmed_date,,not_recorded,,,,,unmatched,,,
2265,Clairvoyant Brewing,Boise,ID,,Taproom,,2020-02-01T00:00:00,confirmed_date,,not_recorded,,,,,unmatched,,,
2266,Cloud 9 Brewery,Boise,ID,,Brewpub,,2020-02-01T00:00:00,confirmed_date,,not_recorded,,,,,unmatched,,,
2267,Edge Brewing Company,Boise,ID,,Brewpub,,2020-02-01T00:00:00,confirmed_date,,not_recorded,,,,,unmatched,,,
2268,Highlands Hollow Brewhouse,Boise,ID,,Brewpub,,2020-02-01T00:00:00,confirmed_date,,not_recorded,,,,,unmatched,,,
2269,Lost Grove Brewing,Boise,ID,,Taproom,,2020-02-01T00:00:00,confirmed_date,,not_recorded,,,,,unmatched,,,
2270,Mad Swede Brewing Co.,Boise,ID,,Taproom,,2020-02-01T00:00:00,confirmed_date,,not_recorded,,,,,unmatched,,,
2271,RAM Restaurant and Brewery - Boise,Boise,ID,,Brewpub,,2020-02-01T00:00:00,confirmed_date,,not_recorded,,,,,unmatched,,,
2272,Sockeye Brewing,Boise,ID,,Micro,,2020-02-01T00:00:00,confirmed_date,,not_recorded,,,,,unmatched,,,
2273,Western Collective Beer,Boise,ID,,Micro,,2020-02-01T00:00:00,confirmed_date,,not_recorded,,,,,unmatched,,,
2274,White Dog Brewing Boise,Boise,ID,,Taproom,,2020-02-01T00:00:00,confirmed_date,,not_recorded,,,,,unmatched,,,
2275,Woodland Empire Ale Craft,Boise,ID,,Micro,,2020-02-01T00:00:00,confirmed_date,,not_recorded,,,,,unmatched,,,
2276,Kootenai River Brewing Co,Bonners Ferry,ID,,Brewpub,,2020-02-01T00:00:00,confirmed_date,,not_recorded,,,,,unmatched,,,
2277,Magic Valley Brewing,Buhl,ID,,Brewpub,,2020-02-01T00:00:00,confirmed_date,,not_recorded,,,,,unmatched,,,
2278,River of No Return Brewing Co,Challis,ID,,Brewpub,,2020-02-01T00:00:00,confirmed_date,,not_recorded,,,,,unmatched,,,
2279,Trickster’s Brewing Company,Coeur D Alene,ID,,Micro,,2019-10-26T00:00:00,confirmed_date,,not_recorded,,,,,unmatched,,,
2280,Daft Badger Brewing,Coeur D Alene,ID,,Brewpub,,2020-02-01T00:00:00,confirmed_date,,not_recorded,,,,,unmatched,,,
2281,Paragon Brewing,Coeur D Alene,ID,,Proprietor,,2020-02-01T00:00:00,confirmed_date,,not_recorded,,,,,unmatched,,,
2282,Slate Creek Brewing Co,Coeur D Alene,ID,,Taproom,,2020-02-01T00:00:00,confirmed_date,,not_recorded,,,,,unmatched,,,
2283,Citizen 33 Brewery,Driggs,ID,,Brewpub,,2020-02-01T00:00:00,confirmed_date,,not_recorded,,,,,unmatched,,,
2284,"Shattuck Brewery, LLC",Elk River,ID,,Micro,,2020-02-01T00:00:00,confirmed_date,,not_recorded,,,,,unmatched,,,
2285,Barbarian Brewing,Garden City,ID,,Taproom,,2020-02-01T00:00:00,confirmed_date,,not_recorded,,,,,unmatched,,,
2286,Bella Brewing,Garden City,ID,,Taproom,,2020-02-01T00:00:00,confirmed_date,,not_recorded,,,,,unmatched,,,
2287,County Line Brewing,Garden City,ID,,Micro,,2020-02-01T00:00:00,confirmed_date,,not_recorded,,,,,unmatched,,,
2288,Crooked Fence Brewing,GARDEN CITY,ID,,Micro,,2020-02-01T00:00:00,confirmed_date,,not_recorded,,,,,unmatched,,,
2289,Powderhaus Brewing,Garden City,ID,,Micro,,2020-02-01T00:00:00,confirmed_date,,not_recorded,,,,,unmatched,,,
2290,River Bend Brewing,Hailey,ID,,Micro,,2020-02-01T00:00:00,confirmed_date,,not_recorded,,,,,unmatched,,,
2291,Sawtooth Brewery,Hailey,ID,,Micro,,2020-02-01T00:00:00,confirmed_date,,not_recorded,,,,,unmatched,,,
2292,Sun Valley Brewing Co,Hailey,ID,,Brewpub,,2020-02-01T00:00:00,confirmed_date,,not_recorded,,,,,unmatched,,,
2293,Mad Bomber Brewing Company,Hayden,ID,,Taproom,,2020-02-01T00:00:00,confirmed_date,,not_recorded,,,,,unmatched,,,
2294,Idaho Brewing Co,Idaho Falls,ID,,Taproom,,2020-02-01T00:00:00,confirmed_date,,not_recorded,,,,,exact,idaho-brewing-co,content/breweries/idaho-brewing-co.md,
2295,Snow Eagle Brewing,Idaho Falls,ID,,Brewpub,,2020-02-01T00:00:00,confirmed_date,,not_recorded,,,,,unmatched,,,
2296,Radio Brewing Company,Kellogg,ID,,Brewpub,,2020-02-01T00:00:00,confirmed_date,,not_recorded,,,,,unmatched,,,
2297,Hardware Brewing Co,Kendrick,ID,,Brewpub,,2020-02-01T00:00:00,confirmed_date,,not_recorded,,,,,exact,hardware-brewing-co,content/breweries/hardware-brewing-co.md,
2298,Warfield Distillery and Brewery,Ketchum,ID,,Brewpub,,2020-02-01T00:00:00,confirmed_date,,not_recorded,,,,,unmatched,,,
2299,Broken Horn Brewing Company,McCall,ID,,Taproom,,2020-02-01T00:00:00,confirmed_date,,not_recorded,,,,,unmatched,,,
2300,McCall Brewing Co,McCall,ID,,Brewpub,,2020-02-01T00:00:00,confirmed_date,,not_recorded,,,,,unmatched,,,
2301,Salmon River Brewery,McCall,ID,,Brewpub,,2020-02-01T00:00:00,confirmed_date,,not_recorded,,,,,unmatched,,,
2302,Hunga Dunga Brewing,Moscow,ID,,Brewpub,,2020-02-01T00:00:00,confirmed_date,,not_recorded,,,,,unmatched,,,
2303,Moscow Brewing Company,Moscow,ID,,Brewpub,,2020-02-01T00:00:00,confirmed_date,,not_recorded,,,,,unmatched,,,
2304,Rants And Raves Brewery,Moscow,ID,,Brewpub,,2020-02-01T00:00:00,confirmed_date,,not_recorded,,,,,unmatched,,,
2305,2C Family Brewing Co.,Nampa,ID,,Taproom,,2020-02-01T00:00:00,confirmed_date,,not_recorded,,,,,unmatched,,,
2306,Crescent Brewery,Nampa,ID,,Taproom,,2020-02-01T00:00:00,confirmed_date,,not_recorded,,,,,unmatched,,,
2307,Mother Earth Brew Co LLC,Nampa,ID,,Micro,,2020-02-01T00:00:00,confirmed_date,,not_recorded,,,,,unmatched,,,
2308,Parma Ridge Brewing At Parma Ridge Vineyards,Parma,ID,,Brewpub,,2020-02-01T00:00:00,confirmed_date,,not_recorded,,,,,unmatched,,,
2309,Jim Dandy Brewing,Pocatello,ID,,Micro,,2020-02-01T00:00:00,confirmed_date,,not_recorded,,,,,unmatched,,,
2310,Portneuf Valley Brewing Co,Pocatello,ID,,Brewpub,,2020-02-01T00:00:00,confirmed_date,,not_recorded,,,,,unmatched,,,
2311,Laughing Dog Brewing,Ponderay,ID,,Micro,,2020-02-01T00:00:00,confirmed_date,,not_recorded,,,,,unmatched,,,
2312,Post Falls Brewing,Post Falls,ID,,Taproom,,2020-02-01T00:00:00,confirmed_date,,not_recorded,,,,,unmatched,,,
2313,Selkirk Abbey Brewing,Post Falls,ID,,Micro,,2020-02-01T00:00:00,confirmed_date,,not_recorded,,,,,unmatched,,,
2314,Priest Lake Brewing,Priest Lake,ID,,Taproom,,2020-02-01T00:00:00,confirmed_date,,not_recorded,,,,,unmatched,,,
2315,Westwood Brewing,Rathdrum,ID,,Proprietor,,2020-02-01T00:00:00,confirmed_date,,not_recorded,,,,,unmatched,,,
2316,Heaven’s Gate Brewery,Riggins,ID,,Micro,,2020-02-01T00:00:00,confirmed_date,,not_recorded,,,,,unmatched,,,
2317,Bertrams Salmon Valley Brewery,Salmon,ID,,Brewpub,,2020-02-01T00:00:00,confirmed_date,,not_recorded,,,,,unmatched,,,
2318,MickDuff’s Brewing Co,Sandpoint,ID,,Brewpub,,2019-11-03T00:00:00,confirmed_date,,not_recorded,,,,,unmatched,,,
2319,Matchwood Brewing Company,Sandpoint,ID,,Brewpub,,2020-02-01T00:00:00,confirmed_date,,not_recorded,,,,,unmatched,,,
2320,Utara Brewing Company,Sandpoint,ID,,Brewpub,,2020-02-01T00:00:00,confirmed_date,,not_recorded,,,,,unmatched,,,
2321,Koto Brewing,Twin Falls,ID,,Brewpub,,2020-02-01T00:00:00,confirmed_date,,not_recorded,,,,,unmatched,,,
2322,Von Scheidt Brewing Co,Twin Falls,ID,,Brewpub,,2020-02-01T00:00:00,confirmed_date,,not_recorded,,,,,unmatched,,,
2323,Grand Teton Brewing,Victor,ID,,Micro,,2020-02-01T00:00:00,confirmed_date,,not_recorded,,,,,unmatched,,,
2324,Wildlife Brewing,Victor,ID,,Brewpub,,2020-02-01T00:00:00,confirmed_date,,not_recorded,,,,,unmatched,,,
2325,North Idaho Mountain Brew / City Limits Pub,Wallace,ID,,Brewpub,,2020-02-01T00:00:00,confirmed_date,yes,confirmed_yes,yes,,,,unmatched,,,
2326,Wallace Brewing Co,Wallace,ID,,Micro,,2020-02-01T00:00:00,confirmed_date,,not_recorded,,,,,unmatched,,,
2327,Scorched Earth Brewing Co.,Algonquin,IL,,Micro,,,not_recorded,,not_recorded,,,,,unmatched,,,
2328,Village Vintner Winery & Brewery,Algonquin,IL,,Brewpub,,,not_recorded,,not_recorded,,,,,unmatched,,,
2329,Von Jakob Winery,Alto Pass,IL,,Brewpub,,2020-03-03T00:00:00,confirmed_date,,not_recorded,,,,,unmatched,,,
2330,The Old Bakery Beer Company,Alton,IL,,Brewpub,,,not_recorded,,not_recorded,,,,,unmatched,,,
2331,1905 Brewing Company,Assumption,IL,,Brewpub,,2019-08-29T00:00:00,confirmed_date,,not_recorded,,,,,unmatched,,,
2332,Hopvine Brewing Company,Aurora,IL,,Brewpub,,,not_recorded,,not_recorded,,,,,unmatched,,,
2333,Scratch Brewing Company,Ava,IL,,Brewpub,,2020-03-03T00:00:00,confirmed_date,,not_recorded,,,,,unmatched,,,
2334,Flesk Brewing,Barrington,IL,,Taproom,,,not_recorded,,not_recorded,,,,,unmatched,,,
2335,4204 Main Street Brewing Co,Belleville,IL,,Brewpub,,2019-11-27T00:00:00,confirmed_date,,not_recorded,,,,,unmatched,,,
2336,Hofbrauhaus St. Louis-Belleville,Belleville,IL,,Brewpub,,2020-04-11T00:00:00,confirmed_date,,not_recorded,,,,,unmatched,,,
2337,4204 Main Street Brewing Co,Belleville,IL,,Micro,,,not_recorded,,not_recorded,,,,,unmatched,,,
2338,Flapjack Brewery,Berwyn,IL,,Brewpub,,2020-02-01T00:00:00,confirmed_date,,not_recorded,,,,,unmatched,,,
2339,Wolfden Brewing Company,Bloomingdale,IL,,Taproom,,2020-03-03T00:00:00,confirmed_date,yes,confirmed_yes,,,,,exact,wolfden-brewing-company,content/breweries/wolfden-brewing-company.md,
2340,25 West Brewing Co,Bloomingdale,IL,,Brewpub,,,not_recorded,,not_recorded,,,,,unmatched,,,
2341,Keg Grove Brewing Company,Bloomington,IL,,Taproom,,,not_recorded,,not_recorded,,,,,unmatched,,,
2342,Lil Beaver Brewery,Bloomington,IL,,Taproom,,,not_recorded,,not_recorded,,,,,unmatched,,,
2343,Blue Island Beer Co,Blue Island,IL,,Taproom,,,not_recorded,,not_recorded,,,,,unmatched,,,
2344,Rock Bottom Brewery & Restaurant - Bolingbrook,Bolingbrook,IL,,Brewpub,,2020-03-03T00:00:00,confirmed_date,,not_recorded,,,,,unmatched,,,
2345,BrickStone Brewery Brewpub,Bourbonnais,IL,,Brewpub,,,not_recorded,,not_recorded,,,,,unmatched,,,
2346,Excel Brewing Co,Breese,IL,,Micro,,2020-04-11T00:00:00,confirmed_date,,not_recorded,,,,,exact,excel-brewing-co,content/breweries/excel-brewing-co.md,
2347,Prairie Krafts Brewing Company,Buffalo Grove,IL,,Micro,,,not_recorded,,not_recorded,,,,,unmatched,,,
2348,Hairy Cow Brewing Company,Byron,IL,,Brewpub,,,not_recorded,,not_recorded,,,,,unmatched,,,
2349,Rolling Meadows Farm Brewery,Cantrall,IL,,Micro,,2020-03-03T00:00:00,confirmed_date,,not_recorded,,,,,unmatched,,,
2350,Cary Ale House,Cary,IL,,Brewpub,,2020-02-07T00:00:00,confirmed_date,,not_recorded,,,,,unmatched,,,
2351,DESTIHL - Champaign,Champaign,IL,,Brewpub,,2019-11-27T00:00:00,confirmed_date,,not_recorded,,,,,unmatched,,,
2352,Blind Pig Brewery,Champaign,IL,,Micro,,,not_recorded,,not_recorded,,,,,unmatched,,,
2353,River Hawk Brewing,Channahon,IL,,Taproom,,,not_recorded,,not_recorded,,,,,unmatched,,,
2354,Goose Island Beer Co / Fulton St,Chicago,IL,,Largge,,2020-02-07T00:00:00,confirmed_date,yes,confirmed_yes,yes,,,,unmatched,,,
2355,Illuminated Brew Works,Chicago,IL,,Micro,,2020-02-07T00:00:00,confirmed_date,yes,confirmed_yes,,,,,unmatched,,,
2356,Greenstar Brewing At Uncommon Ground,Chicago,IL,,Brewpub,,2020-04-11T00:00:00,confirmed_date,yes,confirmed_yes,,,,,unmatched,,,
2357,Kuma's Corner,Chicago,IL,,Bar,,yes,confirmed_yes,yes,confirmed_yes,yes,,,,exact,kumas-corner,content/breweries/kumas-corner.md,
2358,Pipeworks Brewing Co,Chicago,IL,,Micro,,2019-04-20T00:00:00,confirmed_date,,not_recorded,,,,,unmatched,,,
2359,Adams Street Brewery,Chicago,IL,,Brewpub,,2019-08-29T00:00:00,confirmed_date,,not_recorded,,,,,unmatched,,,
2360,Alarmist Brewing,Chicago,IL,,Taproom,,2019-08-29T00:00:00,confirmed_date,,not_recorded,,,,,unmatched,,,
2361,Aleman Brewing,Chicago,IL,,Micro,,2019-08-29T00:00:00,confirmed_date,,not_recorded,,,,,unmatched,,,
2362,All Rise Brewing Co,Chicago,IL,,Brewpub,,2019-08-29T00:00:00,confirmed_date,,not_recorded,,,,,unmatched,,,
2363,Burnt City Brewing,Chicago,IL,,Micro,,2019-11-27T00:00:00,confirmed_date,,not_recorded,,,,,unmatched,,,
2364,Haymarket Pub and Brewery,Chicago,IL,,Brewpub,,2019-11-27T00:00:00,confirmed_date,,not_recorded,,,,,unmatched,,,
2365,Band Of Bohemia,Chicago,IL,,Brewpub,,2020-02-07T00:00:00,confirmed_date,,not_recorded,,,,,unmatched,,,
2366,Chicago Beer Company,Chicago,IL,,Contract,,2020-02-07T00:00:00,confirmed_date,,not_recorded,,,,,unmatched,,,
2367,Hopewell Brewing Co,Chicago,IL,,Micro,,2020-02-07T00:00:00,confirmed_date,,not_recorded,,,,,unmatched,,,
2368,Open Outcry,Chicago,IL,,Brewpub,,2020-02-07T00:00:00,confirmed_date,,not_recorded,,,,,unmatched,,,
2369,The Berghoff Brewery Inc.,Chicago,IL,,Contract,,2020-02-07T00:00:00,confirmed_date,,not_recorded,,,,,unmatched,,,
2370,5 Rabbit Cerveceria Inc,Chicago,IL,,Micro,,2020-03-03T00:00:00,confirmed_date,,not_recorded,,,,,unmatched,,,
2371,Ballast Point Brewing Company,Chicago,IL,,Brewpub,,2020-03-03T00:00:00,confirmed_date,,not_recorded,,,,,unmatched,,,
2372,Cruz Blanca Brewery,Chicago,IL,,Brewpub,,2020-03-03T00:00:00,confirmed_date,,not_recorded,,,,,unmatched,,,
2373,Finch Beer Company,Chicago,IL,,Micro,,2020-03-03T00:00:00,confirmed_date,,not_recorded,,,,,unmatched,,,
2374,Goose Island Brewpub,Chicago,IL,,Largge,,2020-03-03T00:00:00,confirmed_date,,not_recorded,,,,,unmatched,,,
2375,Great Central Brewing Company,Chicago,IL,,Taproom,,2020-03-03T00:00:00,confirmed_date,,not_recorded,,,,,unmatched,,,
2376,Half Acre Beer Co,Chicago,IL,,Regional,,2020-03-03T00:00:00,confirmed_date,,not_recorded,,,,,unmatched,,,
2377,Hamburger Mary’s/Andersonville Brewing Company,Chicago,IL,,Brewpub,,2020-03-03T00:00:00,confirmed_date,,not_recorded,,,,,unmatched,,,
2378,Lo Rez Brewing,Chicago,IL,,Taproom,,2020-03-03T00:00:00,confirmed_date,,not_recorded,,,,,unmatched,,,
2379,Local Option,Chicago,IL,,Contract,,2020-03-03T00:00:00,confirmed_date,,not_recorded,,,,,unmatched,,,
2380,Maplewood Brewing Company,Chicago,IL,,Micro,,2020-03-03T00:00:00,confirmed_date,,not_recorded,,,,,unmatched,,,
2381,Moody Tongue Brewing Company,Chicago,IL,,Micro,,2020-03-03T00:00:00,confirmed_date,,not_recorded,,,,,unmatched,,,
2382,Old Town Abbey Ales,Chicago,IL,,Contract,,2020-03-03T00:00:00,confirmed_date,,not_recorded,,,,,unmatched,,,
2383,On Tour Brewing Co.,Chicago,IL,,Taproom,,2020-03-03T00:00:00,confirmed_date,,not_recorded,,,,,unmatched,,,
2384,Revolution Brewing,Chicago,IL,,Regional,,2020-03-03T00:00:00,confirmed_date,,not_recorded,,,,,unmatched,,,
2385,Rock Bottom Brewery - Chicago,Chicago,IL,,Brewpub,,2020-03-03T00:00:00,confirmed_date,,not_recorded,,,,,unmatched,,,
2386,Tocayo Brewing Company,Chicago,IL,,Contract,,2020-03-03T00:00:00,confirmed_date,,not_recorded,,,,,unmatched,,,
2387,Whiner Beer Company,Chicago,IL,,Micro,,2020-03-03T00:00:00,confirmed_date,,not_recorded,,,,,unmatched,,,
2388,ALULU Brew Pub,Chicago,IL,,Brewpub,,2020-04-11T00:00:00,confirmed_date,,not_recorded,,,,,unmatched,,,
2389,Argus Brewery,Chicago,IL,,Micro,,2020-04-11T00:00:00,confirmed_date,,not_recorded,,,,,unmatched,,,
2390,Around the Bend Beer Co.,Chicago,IL,,Micro,,2020-04-11T00:00:00,confirmed_date,,not_recorded,,,,,unmatched,,,
2391,Birreria @ Eataly,Chicago,IL,,Brewpub,,2020-04-11T00:00:00,confirmed_date,,not_recorded,,,,,unmatched,,,
2392,Empirical Brewery,Chicago,IL,,Taproom,,2020-04-11T00:00:00,confirmed_date,,not_recorded,,,,,unmatched,,,
2393,Horse Thief Hollow Brewery,Chicago,IL,,Brewpub,,2020-04-11T00:00:00,confirmed_date,,not_recorded,,,,,unmatched,,,
2394,Lake Effect Brewing Company,Chicago,IL,,Taproom,,2020-04-11T00:00:00,confirmed_date,,not_recorded,,,,,unmatched,,,
2395,Marz Community Brewing,Chicago,IL,,Micro,,2020-04-11T00:00:00,confirmed_date,,not_recorded,,,,,unmatched,,,
2396,Midwest Coast Brewing Company,Chicago,IL,,Taproom,,2020-04-11T00:00:00,confirmed_date,,not_recorded,,,,,unmatched,,,
2397,Old Irving Brewing Co.,Chicago,IL,,Brewpub,,2020-04-11T00:00:00,confirmed_date,,not_recorded,,,,,unmatched,,,
2398,Lagunitas Brewing Co,Chicago,IL,,Largge,,12/20.2019,date_needs_review,,not_recorded,,,,,unmatched,,,
2399,Lagunitas Chicago,Chicago,IL,,Largge,,12/20.2019,date_needs_review,,not_recorded,,,,,unmatched,,,
2400,Begyle Brewing,Chicago,IL,,Taproom,,,not_recorded,,not_recorded,,,,,unmatched,,,
2401,Bixi Beer,Chicago,IL,,Brewpub,,,not_recorded,,not_recorded,,,,,unmatched,,,
2402,Bold Dog Beer Company,Chicago,IL,,Taproom,,,not_recorded,,not_recorded,,,,,unmatched,,,
2403,Corridor Brewery & Provisions,Chicago,IL,,Brewpub,,,not_recorded,,not_recorded,,,,,unmatched,,,
2404,Dovetail Brewery,Chicago,IL,,Micro,,,not_recorded,,not_recorded,,,,,unmatched,,,
2405,Dryhop Brewers,Chicago,IL,,Brewpub,,,not_recorded,,not_recorded,,,,,unmatched,,,
2406,Forbidden Root Restaurant & Brewery,Chicago,IL,,Micro,,,not_recorded,,not_recorded,,,,,unmatched,,,
2407,Gino’s Brewing Company,Chicago,IL,,Brewpub,,,not_recorded,,not_recorded,,,,,unmatched,,,
2408,Half Acre Beer Co,Chicago,IL,,Micro,,,not_recorded,,not_recorded,,,,,unmatched,,,
2409,Jolly Pumpkin Pizzeria and Brewery,Chicago,IL,,Brewpub,,,not_recorded,,not_recorded,,,,,unmatched,,,
2410,LaGrow Organic Beer Co,Chicago,IL,,Micro,,,not_recorded,,not_recorded,,,,,unmatched,,,
2411,Metropolitan Brewing,Chicago,IL,,Micro,,,not_recorded,,not_recorded,,,,,unmatched,,,
2412,Middle Brow Beer Company,Chicago,IL,,Micro,,,not_recorded,,not_recorded,,,,,unmatched,,,
2413,Motor Row Brewing,Chicago,IL,,Taproom,,,not_recorded,,not_recorded,,,,,unmatched,,,
2414,Off Color Brewing,Chicago,IL,,Micro,,,not_recorded,,not_recorded,,,,,unmatched,,,
2415,Piece Brewery,Chicago,IL,,Brewpub,,,not_recorded,,not_recorded,,,,,unmatched,,,
2416,Pilot Project Brewing,Chicago,IL,,Taproom,,,not_recorded,,not_recorded,,,,,unmatched,,,
2417,Revolution Brewing - Brewpub,Chicago,IL,,Brewpub,,,not_recorded,,not_recorded,,,,,unmatched,,,
2418,Spiteful Brewing,Chicago,IL,,Micro,,,not_recorded,,not_recorded,,,,,unmatched,,,
2419,Twisted Hippo,Chicago,IL,,Brewpub,,,not_recorded,,not_recorded,,,,,unmatched,,,
2420,Urban Renewal Brewery,Chicago,IL,,Micro,,,not_recorded,,not_recorded,,,,,unmatched,,,
2421,The Hop Brewery,Christopher,IL,,Brewpub,,2020-04-11T00:00:00,confirmed_date,,not_recorded,,,,,unmatched,,,
2422,2 Doors Down Brewing,Clinton,IL,,Taproom,,2020-03-03T00:00:00,confirmed_date,,not_recorded,,,,,unmatched,,,
2423,Old Herald Brewing Co,Collinsville,IL,,Brewpub,,,not_recorded,,not_recorded,,,,,unmatched,,,
2424,"Evil Horse Brewing Company, LLC",Crete,IL,,Taproom,,,not_recorded,,not_recorded,,,,,unmatched,,,
2425,Crystal Lake Brewing Co.,Crystal Lake,IL,,Micro,,2020-04-11T00:00:00,confirmed_date,,not_recorded,,,,,unmatched,,,
2426,Hop Butcher For the World,Darien,IL,,Micro,,2019-11-27T00:00:00,confirmed_date,,not_recorded,,,,,unmatched,,,
2427,Miskatonic Brewing Company,Darien,IL,,Taproom,,,not_recorded,,not_recorded,,,,,unmatched,,,
2428,Door 4 Brewing Co,Decatur,IL,,Taproom,,2019-11-27T00:00:00,confirmed_date,,not_recorded,,,,,unmatched,,,
2429,Decatur Brew Works,Decatur,IL,,Brewpub,,2020-04-11T00:00:00,confirmed_date,,not_recorded,,,,,unmatched,,,
2430,"Golden Fox Brewing, LLC",Decatur,IL,,Micro,,,not_recorded,,not_recorded,,,,,unmatched,,,
2431,Forge Brewhouse,Dekalb,IL,,Taproom,,2020-03-03T00:00:00,confirmed_date,,not_recorded,,,,,unmatched,,,
2432,Fibs Brewing Company,Des Plaines,IL,,Taproom,,,not_recorded,,not_recorded,,,,,unmatched,,,
2433,Alter Brewing Company,Downers Grove,IL,,Taproom,,2020-04-11T00:00:00,confirmed_date,,not_recorded,,,,,unmatched,,,
2434,Emmett’s Brewing Co - Downers Grove,Downers Grove,IL,,Brewpub,,,not_recorded,,not_recorded,,,,,unmatched,,,
2435,St Nicholas Brewing Co,Du Quoin,IL,,Brewpub,,2020-02-07T00:00:00,confirmed_date,,not_recorded,,,,,unmatched,,,
2436,Black & Gray Brewing Co.,East Dundee,IL,,Taproom,,2020-03-03T00:00:00,confirmed_date,,not_recorded,,,,,unmatched,,,
2437,Granite City Food & Brewery (#21),East Peoria,IL,,Brewpub,,2020-04-11T00:00:00,confirmed_date,,not_recorded,,,,,unmatched,,,
2438,Recess Brewing,Edwardsville,IL,,Taproom,,2020-03-03T00:00:00,confirmed_date,,not_recorded,,,,,unmatched,,,
2439,Mikerphone Brewing,Elk Grove Village,IL,,Micro,,2020-04-11T00:00:00,confirmed_date,,not_recorded,,,,,unmatched,,,
2440,Route 51 Brewing Company,Elkville,IL,,Brewpub,,,not_recorded,,not_recorded,,,,,unmatched,,,
2441,Elmhurst Brewing Company,Elmhurst,IL,,Brewpub,,,not_recorded,,not_recorded,,,,,unmatched,,,
2442,Peckish Pig,Evanston,IL,,Brewpub,,2020-03-03T00:00:00,confirmed_date,,not_recorded,,,,,unmatched,,,
2443,"Temperance Beer Company, LLC",Evanston,IL,,Micro,,2020-03-03T00:00:00,confirmed_date,,not_recorded,,,,,unmatched,,,
2444,Smylie Brothers Brewing Co - Production,Evanston,IL,,Micro,,2020-04-11T00:00:00,confirmed_date,,not_recorded,,,,,unmatched,,,
2445,Sketchbook Brewing Company,Evanston,IL,,Micro,,,not_recorded,,not_recorded,,,,,unmatched,,,
2446,Smylie Brothers Brewing Co - Evanston,Evanston,IL,,Brewpub,,,not_recorded,,not_recorded,,,,,unmatched,,,
2447,Flossmoor Station Brewing Co,Flossmoor,IL,,Brewpub,,2020-04-11T00:00:00,confirmed_date,,not_recorded,,,,,unmatched,,,
2448,Exit Strategy Brewing Company,Forest Park,IL,,Brewpub,,2020-03-03T00:00:00,confirmed_date,,not_recorded,,,,,unmatched,,,
2449,Generations Brewing Company,Freeport,IL,,Taproom,,2020-04-11T00:00:00,confirmed_date,,not_recorded,,,,,exact,generations-brewing-company,content/breweries/generations-brewing-company.md,
2450,Galena Brewing Co,Galena,IL,,Brewpub,,,not_recorded,,not_recorded,,,,,unmatched,,,
2451,Iron Spike Brewing Company,Galesburg,IL,,Brewpub,,2020-03-03T00:00:00,confirmed_date,,not_recorded,,,,,unmatched,,,
2452,Knox County Brewing Co.,Galesburg,IL,,Brewpub,,,not_recorded,,not_recorded,,,,,unmatched,,,
2453,Geneseo Brewing Company,Geneseo,IL,,Brewpub,,2020-02-07T00:00:00,confirmed_date,,not_recorded,,,,,candidate,,,Genesee Brewing Co
2454,Lionstone Brewing,Geneseo,IL,,Brewpub,,2020-03-03T00:00:00,confirmed_date,,not_recorded,,,,,unmatched,,,
2455,Penrose Brewing Company,Geneva,IL,,Micro,,,not_recorded,,not_recorded,,,,,unmatched,,,
2456,Stockholms Vardshus,Geneva,IL,,Brewpub,,,not_recorded,,not_recorded,,,,,unmatched,,,
2457,Big Thorn Farm and Brewery,Georgetown,IL,,Micro,,2020-02-07T00:00:00,confirmed_date,,not_recorded,,,,,unmatched,,,
2458,Two Hound Red,Glen Ellyn,IL,,Brewpub,,,not_recorded,,not_recorded,,,,,unmatched,,,
2459,Macushla Brewing Co,Glenview,IL,,Taproom,,2020-03-03T00:00:00,confirmed_date,,not_recorded,,,,,unmatched,,,
2460,Ten Ninety Brewing Co,Glenview,IL,,Brewpub,,,not_recorded,,not_recorded,,,,,unmatched,,,
2461,Grafton Winery & Brewhaus,Grafton,IL,,Brewpub,,2020-02-07T00:00:00,confirmed_date,,not_recorded,,,,,unmatched,,,
2462,Clancy’s Brewery,Granite City,IL,,Brewpub,,,not_recorded,,not_recorded,,,,,unmatched,,,
2463,Light the Lamp Brewery,Grayslake,IL,,Brewpub,,2020-02-07T00:00:00,confirmed_date,,not_recorded,,,,,unmatched,,,
2464,Only Child Brewing Company,Gurnee,IL,,Taproom,,,not_recorded,,not_recorded,,,,,unmatched,,,
2465,Ravinia Brewing Company,Highland Park,IL,,Proprietor,,2020-03-03T00:00:00,confirmed_date,,not_recorded,,,,,unmatched,,,
2466,Kings & Convicts Brewing,Highwood,IL,,Micro,,2020-04-11T00:00:00,confirmed_date,,not_recorded,,,,,unmatched,,,
2467,Opera House Brewing Company,Hillsboro,IL,,Taproom,,,not_recorded,,not_recorded,,,,,unmatched,,,
2468,Blue Nose Brewery,Hodgkins,IL,,Taproom,,2020-03-03T00:00:00,confirmed_date,,not_recorded,,,,,unmatched,,,
2469,"Rabid Brewing, LLC",Homewood,IL,,Taproom,,2020-03-03T00:00:00,confirmed_date,,not_recorded,,,,,unmatched,,,
2470,Vice District Tap Room,Homewood,IL,,Micro,,,not_recorded,,not_recorded,,,,,unmatched,,,
2471,Sew Hop’d Brewery LLC,Huntley,IL,,Taproom,,,not_recorded,,not_recorded,,,,,unmatched,,,
2472,Church Street Brewing Company,Itasca,IL,,Taproom,,2020-03-03T00:00:00,confirmed_date,,not_recorded,,,,,unmatched,,,
2473,Itasca Brewing Company Inc,Itasca,IL,,Taproom,,2020-03-03T00:00:00,confirmed_date,,not_recorded,,,,,unmatched,,,
2474,Karetas Brewing,Itasca,IL,,Contract,,2020-03-03T00:00:00,confirmed_date,,not_recorded,,,,,unmatched,,,
2475,Gun Craft Beer,Itasca,IL,,Micro,,,not_recorded,,not_recorded,,,,,unmatched,,,
2476,Elder Brewing Co.,Joliet,IL,,Taproom,,2020-03-03T00:00:00,confirmed_date,,not_recorded,,,,,unmatched,,,
2477,MyGrain Brewing Company,Joliet,IL,,Brewpub,,,not_recorded,,not_recorded,,,,,unmatched,,,
2478,Wild Onion Brewing Co.,Lake Barrington,IL,,Micro,,2020-02-07T00:00:00,confirmed_date,,not_recorded,,,,,unmatched,,,
2479,Lake Bluff Brewing Company,Lake Bluff,IL,,Taproom,,2020-03-03T00:00:00,confirmed_date,,not_recorded,,,,,unmatched,,,
2480,Lake Zurich Brewing Company,Lake Zurich,IL,,Micro,,2020-03-03T00:00:00,confirmed_date,,not_recorded,,,,,unmatched,,,
2481,Roaring Table Brewing,Lake Zurich,IL,,Taproom,,2020-04-11T00:00:00,confirmed_date,,not_recorded,,,,,unmatched,,,
2482,One Trick Pony Brewery,Lansing,IL,,Micro,,,not_recorded,,not_recorded,,,,,unmatched,,,
2483,Pollyanna Brewing Company,Lemont,IL,,Micro,,2020-04-11T00:00:00,confirmed_date,,not_recorded,,,,,unmatched,,,
2484,Wishful Acres Farm & Brewery,Lena,IL,,Taproom,,2020-03-03T00:00:00,confirmed_date,,not_recorded,,,,,unmatched,,,
2485,Lena Brewing Company,Lena,IL,,Micro,,,not_recorded,,not_recorded,,,,,unmatched,,,
2486,Mickey Finns Brewery,Libertyville,IL,,Brewpub,,2020-02-07T00:00:00,confirmed_date,,not_recorded,,,,,unmatched,,,
2487,Half Day Brewing Company,Lincolnshire,IL,,Brewpub,,,not_recorded,,not_recorded,,,,,unmatched,,,
2488,Afterthought Brewing Company,Lombard,IL,,Micro,,2019-08-29T00:00:00,confirmed_date,,not_recorded,,,,,unmatched,,,
2489,Noon Whistle Brewing Company,Lombard,IL,,Taproom,,2020-04-11T00:00:00,confirmed_date,,not_recorded,,,,,unmatched,,,
2490,Rock Bottom Brewery - Yorktown,Lombard,IL,,Brewpub,,,not_recorded,,not_recorded,,,,,unmatched,,,
2491,Buffalo Creek Brewing,Long Grove,IL,,Taproom,,2020-04-11T00:00:00,confirmed_date,,not_recorded,,,,,unmatched,,,
2492,BuckleDown Brewing,Lyons,IL,,Micro,,2020-03-03T00:00:00,confirmed_date,,not_recorded,,,,,unmatched,,,
2493,Pig Minds Brewing Co,Machesney Park,IL,,Taproom,,2020-03-03T00:00:00,confirmed_date,,not_recorded,,,,,unmatched,,,
2494,Forgottonia Brewing,Macomb,IL,,Taproom,,,not_recorded,,not_recorded,,,,,unmatched,,,
2495,JT Walker’s/Champaign County Brewing Co,Mahomet,IL,,Brewpub,,,not_recorded,,not_recorded,,,,,unmatched,,,
2496,Steam Hollow Brewing Co,Manteno,IL,,Micro,,,not_recorded,,not_recorded,,,,,unmatched,,,
2497,McHenry Brewing Company,McHenry,IL,,Taproom,,2020-03-03T00:00:00,confirmed_date,,not_recorded,,,,,unmatched,,,
2498,Millpond Brewing and Incubator,Millstadt,IL,,Taproom,,,not_recorded,,not_recorded,,,,,unmatched,,,
2499,Tribe Beer Brewery & Taproom On Front Street,Mokena,IL,,Micro,,2020-04-11T00:00:00,confirmed_date,,not_recorded,,,,,unmatched,,,
2500,Bent River Brewing Co,Moline,IL,,Brewpub,,,not_recorded,,not_recorded,,,,,unmatched,,,
2501,DeNovo Beverage of Monmouth,Monmouth,IL,,Micro,,,not_recorded,,not_recorded,,,,,unmatched,,,
2502,Monarch Brewing Company,Monticello,IL,,Brewpub,,2020-03-03T00:00:00,confirmed_date,,not_recorded,,,,,unmatched,,,
2503,Tighthead Brewing Co,MUNDELEIN,IL,,Taproom,,2020-03-03T00:00:00,confirmed_date,,not_recorded,,,,,unmatched,,,
2504,Bosacki’s Home Brew,Mundelein,IL,,Taproom,,2020-04-11T00:00:00,confirmed_date,,not_recorded,,,,,unmatched,,,
2505,Big Muddy Brewing Co,Murphysboro,IL,,Micro,,2020-03-03T00:00:00,confirmed_date,,not_recorded,,,,,unmatched,,,
2506,Granite City Food & Brewery (#30),Naperville,IL,,Brewpub,,2020-03-03T00:00:00,confirmed_date,,not_recorded,,,,,unmatched,,,
2507,Lake Brothers Beer Company,Naperville,IL,,Contract,,2020-03-03T00:00:00,confirmed_date,,not_recorded,,,,,unmatched,,,
2508,Solemn Oath Brewery,Naperville,IL,,Micro,,2020-03-03T00:00:00,confirmed_date,,not_recorded,,,,,unmatched,,,
2509,Arrowhead Ales Brewing Company,New Lenox,IL,,Brewpub,,,not_recorded,,not_recorded,,,,,unmatched,,,
2510,Hickory Creek Brewing Company LLC,New Lenox,IL,,Taproom,,,not_recorded,,not_recorded,,,,,unmatched,,,
2511,Une Annee Brewery,Niles,IL,,Taproom,,,not_recorded,,not_recorded,,,,,unmatched,,,
2512,DESTIHL - Normal,Normal,IL,,Brewpub,,2019-11-27T00:00:00,confirmed_date,yes,confirmed_yes,yes,,,,unmatched,,,
2513,DESTIHL Brewery,Normal,IL,,Micro,,2019-11-27T00:00:00,confirmed_date,,not_recorded,,,,,exact,destihl-brewery,content/breweries/destihl-brewery.md,
2514,White Oak Brewing,Normal,IL,,Taproom,,2020-04-11T00:00:00,confirmed_date,,not_recorded,,,,,unmatched,,,
2515,BBGB Brewery And Hop Farm,North Aurora,IL,,Brewpub,,2019-11-27T00:00:00,confirmed_date,,not_recorded,,,,,unmatched,,,
2516,Granite City Food & Brewery,Northbrook,IL,,Brewpub,,2020-02-07T00:00:00,confirmed_date,,not_recorded,,,,,unmatched,,,
2517,Peel Brewing Co.,O Fallon,IL,,Brewpub,,2020-02-07T00:00:00,confirmed_date,,not_recorded,,,,,unmatched,,,
2518,Kinslahger Brewing Company,Oak Park,IL,,Taproom,,2020-03-03T00:00:00,confirmed_date,,not_recorded,,,,,unmatched,,,
2519,Oak Park Brewing Company,Oak Park,IL,,Brewpub,,2020-04-11T00:00:00,confirmed_date,,not_recorded,,,,,unmatched,,,
2520,One Lake Brewing,Oak Park,IL,,Brewpub,,,not_recorded,,not_recorded,,,,,unmatched,,,
2521,Rock Bottom Brewery - Orland Park,Orland Park,IL,,Brewpub,,2020-04-11T00:00:00,confirmed_date,,not_recorded,,,,,unmatched,,,
2522,350 Brewing Co,Orland Park,IL,,Brewpub,,,not_recorded,,not_recorded,,,,,unmatched,,,
2523,Granite City Food & Brewery (#22),Orland Park,IL,,Brewpub,,,not_recorded,,not_recorded,,,,,unmatched,,,
2524,Oswego Brewing Company,Oswego,IL,,Taproom,,2020-04-11T00:00:00,confirmed_date,,not_recorded,,,,,unmatched,,,
2525,Tangled Roots Brewing Company,Ottawa,IL,,Brewpub,,2020-03-03T00:00:00,confirmed_date,,not_recorded,,,,,unmatched,,,
2526,Emmett’s Brewing Co - Palatine,Palatine,IL,,Brewpub,,2020-03-03T00:00:00,confirmed_date,,not_recorded,,,,,unmatched,,,
2527,Lot 50 Brewing,Paris,IL,,Micro,,,not_recorded,,not_recorded,,,,,unmatched,,,
2528,Bearded Owl Brewing,Peoria,IL,,Taproom,,2019-10-26T00:00:00,confirmed_date,,not_recorded,,,,,unmatched,,,
2529,John S. Rhodell Brewery,Peoria,IL,,Taproom,,2020-03-03T00:00:00,confirmed_date,,not_recorded,,,,,unmatched,,,
2530,Obed & Isaac’s Microbrewery and Eatery - Peoria,Peoria,IL,,Brewpub,,2020-03-03T00:00:00,confirmed_date,,not_recorded,,,,,unmatched,,,
2531,Industry Brewing,Peoria,IL,,Taproom,,2020-04-11T00:00:00,confirmed_date,,not_recorded,,,,,unmatched,,,
2532,Hand of Fate Brewing Co,Petersburg,IL,,Taproom,,,not_recorded,,not_recorded,,,,,unmatched,,,
2533,Werk Force Brewing Co,Plainfield,IL,,Taproom,,2020-04-11T00:00:00,confirmed_date,,not_recorded,,,,,unmatched,,,
2534,Midnight Pig Beer,Plainfield,IL,,Brewpub,,,not_recorded,,not_recorded,,,,,unmatched,,,
2535,Lieferbrau Brewery LLC,Red Bud,IL,,Taproom,,,not_recorded,,not_recorded,,,,,unmatched,,,
2536,Kennay Farms Distilling,Rochelle,IL,,Taproom,,,not_recorded,,not_recorded,,,,,unmatched,,,
2537,Radicle Effect Brewerks,Rock Island,IL,,Brewpub,,2020-02-07T00:00:00,confirmed_date,,not_recorded,,,,,unmatched,,,
2538,Big Swing Brew Pub,Rock Island,IL,,Brewpub,,2020-03-03T00:00:00,confirmed_date,,not_recorded,,,,,unmatched,,,
2539,Bent River Brewing Co Production & Tasting Room,Rock Island,IL,,Micro,,,not_recorded,,not_recorded,,,,,unmatched,,,
2540,Wake Brewing,Rock Island,IL,,Taproom,,,not_recorded,,not_recorded,,,,,unmatched,,,
2541,Carlyle Brewing Co,Rockford,IL,,Brewpub,,2020-03-03T00:00:00,confirmed_date,,not_recorded,,,,,unmatched,,,
2542,Granite City Food & Brewery (#19),Rockford,IL,,Brewpub,,2020-03-03T00:00:00,confirmed_date,,not_recorded,,,,,unmatched,,,
2543,Prairie Street Brewing Co.,Rockford,IL,,Brewpub,,,not_recorded,,not_recorded,,,,,unmatched,,,
2544,Metal Monkey Brewing LLC,Romeoville,IL,,Micro,,2020-02-07T00:00:00,confirmed_date,,not_recorded,,,,,unmatched,,,
2545,Pollyanna Brewing Company,Roselle,IL,,Taproom,,,not_recorded,,not_recorded,,,,,unmatched,,,
2546,Hofbrauhaus Chicago,Rosemont,IL,,Brewpub,,,not_recorded,,not_recorded,,,,,unmatched,,,
2547,Riverlands Brewing Company,Saint Charles,IL,,Micro,,2020-02-07T00:00:00,confirmed_date,,not_recorded,,,,,unmatched,,,
2548,Pizza Beer Company,Saint Charles,IL,,Contract,,2020-03-03T00:00:00,confirmed_date,,not_recorded,,,,,unmatched,,,
2549,D and G Brewing Company,Saint Charles,IL,,Taproom,,,not_recorded,,not_recorded,,,,,unmatched,,,
2550,Triptych Brewing,Savoy,IL,,Micro,,,not_recorded,,not_recorded,,,,,unmatched,,,
2551,Granite City Food & Brewery (#31),Schaumburg,IL,,Brewpub,,,not_recorded,,not_recorded,,,,,unmatched,,,
2552,Short Fuse Brewing Company,Schiller Park,IL,,Taproom,,2020-03-03T00:00:00,confirmed_date,,not_recorded,,,,,unmatched,,,
2553,Mad Hatchet Brewing,SHOREWOOD,IL,,Taproom,,,not_recorded,,not_recorded,,,,,unmatched,,,
2554,Will County Brewing Company,Shorewood,IL,,Taproom,,,not_recorded,,not_recorded,,,,,unmatched,,,
2555,"Lucky Monk Burger, Pizza & Beer Co",South Barrington,IL,,Brewpub,,2020-04-11T00:00:00,confirmed_date,,not_recorded,,,,,unmatched,,,
2556,Off-Kilter Brewing,South Beloit,IL,,Micro,,,not_recorded,,not_recorded,,,,,unmatched,,,
2557,Anvil and Forge Brewery and Distillery,Springfield,IL,,Taproom,,2020-03-03T00:00:00,confirmed_date,,not_recorded,,,,,unmatched,,,
2558,Buzz Bomb Brewing Co,Springfield,IL,,Taproom,,2020-03-03T00:00:00,confirmed_date,,not_recorded,,,,,unmatched,,,
2559,Springfield Beer Company,Springfield,IL,,Taproom,,2020-04-11T00:00:00,confirmed_date,,not_recorded,,,,,unmatched,,,
2560,Engrained Brewing Co,Springfield,IL,,Brewpub,,,not_recorded,,not_recorded,,,,,unmatched,,,
2561,Obed & Isaac’s,Springfield,IL,,Brewpub,,,not_recorded,,not_recorded,,,,,unmatched,,,
2562,5770 Brewery,Teutopolis,IL,,Micro,,2020-02-07T00:00:00,confirmed_date,,not_recorded,,,,,unmatched,,,
2563,HailStorm Brewing Company,Tinley Park,IL,,Micro,,2020-03-03T00:00:00,confirmed_date,,not_recorded,,,,,exact,hailstorm-brewing-company,content/breweries/hailstorm-brewing-company.md,
2564,Soundgrowler Brewing Co.,Tinley Park,IL,,Brewpub,,2020-04-11T00:00:00,confirmed_date,,not_recorded,,,,,unmatched,,,
2565,25 O’Clock Brewing Company,Urbana,IL,,Taproom,,,not_recorded,,not_recorded,,,,,unmatched,,,
2566,Riggs Beer Company,Urbana,IL,,Taproom,,,not_recorded,,not_recorded,,,,,unmatched,,,
2567,Lunar Brewing Co,Villa Park,IL,,Taproom,,,not_recorded,,not_recorded,,,,,unmatched,,,
2568,More Brewing Co,Villa Park,IL,,Brewpub,,,not_recorded,,not_recorded,,,,,unmatched,,,
2569,Rock Bottom Brewery - Warrenville,Warrenville,IL,,Brewpub,,2020-02-07T00:00:00,confirmed_date,,not_recorded,,,,,unmatched,,,
2570,Two Brothers Brewing Co,Warrenville,IL,,Regional,,2020-02-07T00:00:00,confirmed_date,,not_recorded,,,,,unmatched,,,
2571,Stubborn German Brewing Co,Waterloo,IL,,Taproom,,2020-03-03T00:00:00,confirmed_date,,not_recorded,,,,,unmatched,,,
2572,Hopskeller Brewing Company,Waterloo,IL,,Brewpub,,,not_recorded,,not_recorded,,,,,unmatched,,,
2573,Side Lot Brewery,Wauconda,IL,,Taproom,,2020-03-03T00:00:00,confirmed_date,,not_recorded,,,,,unmatched,,,
2574,Small Town Brewery,Wauconda,IL,,Largge,,2020-03-03T00:00:00,confirmed_date,,not_recorded,,,,,unmatched,,,
2575,Black Lung Brewing Company,Waukegan,IL,,Micro,,,not_recorded,,not_recorded,,,,,unmatched,,,
2576,ZumBier,Waukegan,IL,,Taproom,,,not_recorded,,not_recorded,,,,,unmatched,,,
2577,Emmett’s Brewing Co - West Dundee,West Dundee,IL,,Brewpub,,2020-04-11T00:00:00,confirmed_date,,not_recorded,,,,,unmatched,,,
2578,51st Ward Beer Company,Westmont,IL,,Contract,,2020-03-03T00:00:00,confirmed_date,,not_recorded,,,,,unmatched,,,
2579,Scallywag Brewing,Westmont,IL,,Taproom,,2020-03-03T00:00:00,confirmed_date,,not_recorded,,,,,unmatched,,,
2580,Whiskey Hill Brewing,Westmont,IL,,Taproom,,2020-03-03T00:00:00,confirmed_date,,not_recorded,,,,,unmatched,,,
2581,Dry City Brew Works,Wheaton,IL,,Taproom,,,not_recorded,,not_recorded,,,,,unmatched,,,
2582,Emmett’s Brewing Co - Wheaton,Wheaton,IL,,Brewpub,,,not_recorded,,not_recorded,,,,,unmatched,,,
2583,Imperial Oak Brewing Co,Willow Springs,IL,,Brewpub,,,not_recorded,,not_recorded,,,,,unmatched,,,
2584,Black Horizon Brewing Company,Willowbrook,IL,,Taproom,,2020-03-03T00:00:00,confirmed_date,,not_recorded,,,,,unmatched,,,
2585,Rt66 Old School Brewing,Wilmington,IL,,Taproom,,,not_recorded,,not_recorded,,,,,unmatched,,,
2586,Harbor Brewing Co,Winthrop Harbor,IL,,Taproom,,2020-03-03T00:00:00,confirmed_date,,not_recorded,,,,,candidate,,,Arbor Brewing Co
2587,Ike & Oak Brewing Company,Woodridge,IL,,Brewpub,,2020-02-07T00:00:00,confirmed_date,,not_recorded,,,,,exact,ike-oak-brewing-company,content/breweries/ike-oak-brewing-company.md,
2588,Skeleton Key Brewery,Woodridge,IL,,Taproom,,,not_recorded,,not_recorded,,,,,unmatched,,,
2589,ShadowView Brewing,Woodstock,IL,,Brewpub,,2020-02-07T00:00:00,confirmed_date,,not_recorded,,,,,unmatched,,,
2590,Holzlager Brewing Co.,Woodstock,IL,,Taproom,,,not_recorded,,not_recorded,,,,,unmatched,,,
2591,Guesswork Brewing Company,Albion,IN,,Brewpub,,,not_recorded,,not_recorded,,,,,unmatched,,,
2592,Creatures Of Habit Brewing Co,Anderson,IN,,Taproom,,2020-03-03T00:00:00,confirmed_date,,not_recorded,,,,,unmatched,,,
2593,CT Doxey Brewing Co,Anderson,IN,,Micro,,,not_recorded,,not_recorded,,,,,unmatched,,,
2594,Chapman’s Brewing Company,Angola,IN,,Taproom,,,not_recorded,,not_recorded,,,,,unmatched,,,
2595,Great Crescent Brewery,Aurora,IN,,Micro,,2020-04-11T00:00:00,confirmed_date,,not_recorded,,,,,unmatched,,,
2596,Taxman Brewing Co,Bargersville,IN,,Micro,,,not_recorded,,not_recorded,,,,,unmatched,,,
2597,Lil’ Charlie’s Restaurant & Brewery,Batesville,IN,,Contract,,2020-03-03T00:00:00,confirmed_date,,not_recorded,,,,,unmatched,,,
2598,Salt Creek Brewery,Bedford,IN,,Brewpub,,,not_recorded,,not_recorded,,,,,unmatched,,,
2599,Beech Bank Brewing Company,Beech Grove,IN,,Taproom,,2020-03-03T00:00:00,confirmed_date,,not_recorded,,,,,unmatched,,,
2600,Cardinal Spirits,Bloomington,IN,,Distillery,,YES,confirmed_yes,yes,confirmed_yes,yes,https://www.cardinalspirits.com/,https://www.instagram.com/cardinalspirits/?hl=en,https://twitter.com/CardinalSpirits,unmatched,,,
2601,Upland Brewing Co - Bloomington Brewpub,Bloomington,IN,,Regional,,yes,confirmed_yes,yes,confirmed_yes,yes,,,,unmatched,,,
2602,Bloomington Brewing Co - Production Facility,Bloomington,IN,,Micro,,2020-02-07T00:00:00,confirmed_date,,not_recorded,,,,,unmatched,,,
2603,Switchyard Brewing Company,Bloomington,IN,,Taproom,,2020-03-03T00:00:00,confirmed_date,,not_recorded,,,,,unmatched,,,
2604,Function Brewing Co,Bloomington,IN,,Brewpub,,2020-04-11T00:00:00,confirmed_date,,not_recorded,,,,,exact,function-brewing-co,content/breweries/function-brewing-co.md,
2605,Upland Brewing Co,Bloomington,IN,,Micro,,yes,confirmed_yes,,not_recorded,,,,,exact,upland-brewing-co,content/breweries/upland-brewing-co.md,
2606,Bloomington Brewing Co,Bloomington,IN,,Brewpub,,,not_recorded,,not_recorded,,,,,unmatched,,,
2607,The Tap Brewery,Bloomington,IN,,Brewpub,,,not_recorded,,not_recorded,,,,,unmatched,,,
2608,Carbon Brewing Company,Brazil,IN,,Micro,,2020-03-03T00:00:00,confirmed_date,,not_recorded,,,,,exact,carbon-brewing-company,content/breweries/carbon-brewing-company.md,
2609,Mind Over Mash Brewing Company,Brownsburg,IN,,Taproom,,,not_recorded,,not_recorded,,,,,unmatched,,,
2610,Flix Brewhouse,Carmel,IN,,Brewpub,,2019-11-13T00:00:00,confirmed_date,,not_recorded,,,,,unmatched,,,
2611,Danny Boy Beer Works,Carmel,IN,,Brewpub,,2020-03-03T00:00:00,confirmed_date,,not_recorded,,,,,unmatched,,,
2612,Fork + Ale House,Carmel,IN,,Brewpub,,,not_recorded,,not_recorded,,,,,unmatched,,,
2613,Union Brewing,Carmel,IN,,Taproom,,,not_recorded,,not_recorded,,,,,unmatched,,,
2614,Chesterton Brewery,Chesterton,IN,,Taproom,,2020-04-11T00:00:00,confirmed_date,,not_recorded,,,,,unmatched,,,
2615,Hunter’s Brewing,Chesterton,IN,,Brewpub,,,not_recorded,,not_recorded,,,,,unmatched,,,
2616,Shaggy Ass Brewery / TJ Haase Winery,Clinton,IN,,Taproom,,2020-04-11T00:00:00,confirmed_date,,not_recorded,,,,,unmatched,,,
2617,450 North Brewing Company @ Simmons Winery,Columbus,IN,,Brewpub,,2020-02-07T00:00:00,confirmed_date,,not_recorded,,,,,unmatched,,,
2618,Power House Brewing Co’s Columbus Bar,Columbus,IN,,Brewpub,,2020-02-07T00:00:00,confirmed_date,,not_recorded,,,,,unmatched,,,
2619,ZwanzigZ Brewing,Columbus,IN,,Brewpub,,,not_recorded,,not_recorded,,,,,unmatched,,,
2620,Point Blank Brewing Company,Corydon,IN,,Brewpub,,,not_recorded,,not_recorded,,,,,unmatched,,,
2621,Backstep Brewing Company,Crawfordsville,IN,,Taproom,,,not_recorded,,not_recorded,,,,,unmatched,,,
2622,Off Square Brewing,Crown Point,IN,,Brewpub,,2020-04-11T00:00:00,confirmed_date,,not_recorded,,,,,unmatched,,,
2623,Crown Brewing Co,Crown Point,IN,,Micro,,,not_recorded,,not_recorded,,,,,unmatched,,,
2624,Windmill Brewing,Dyer,IN,,Taproom,,2020-03-03T00:00:00,confirmed_date,,not_recorded,,,,,unmatched,,,
2625,Iechyd Da Brewing,Elkhart,IN,,Brewpub,,2020-03-03T00:00:00,confirmed_date,,not_recorded,,,,,unmatched,,,
2626,Hydraulic Ale Works,Elkhart,IN,,Brewpub,,,not_recorded,,not_recorded,,,,,unmatched,,,
2627,Haynie’s Corner Brewing Co.,Evansville,IN,,Brewpub,,2020-03-03T00:00:00,confirmed_date,,not_recorded,,,,,unmatched,,,
2628,Maidens Brewery,Evansville,IN,,Brewpub,,2020-03-03T00:00:00,confirmed_date,,not_recorded,,,,,unmatched,,,
2629,Main Street Brewing Inc/Turonis Pizza,Evansville,IN,,Brewpub,,2020-04-11T00:00:00,confirmed_date,,not_recorded,,,,,unmatched,,,
2630,Carson’s Brewery,Evansville,IN,,Micro,,,not_recorded,,not_recorded,,,,,unmatched,,,
2631,Falls City Brewing Company,Evansville,IN,,Micro,,,not_recorded,,not_recorded,,,,,unmatched,,,
2632,Haynie’s Corner Brewing Company,Evansville,IN,,Taproom,,,not_recorded,,not_recorded,,,,,unmatched,,,
2633,Bad Dad Brewery,Fairmount,IN,,Brewpub,,,not_recorded,,not_recorded,,,,,unmatched,,,
2634,St. Benedict’s Brew Works,Ferdinand,IN,,Brewpub,,,not_recorded,,not_recorded,,,,,unmatched,,,
2635,Four Day Ray Brewing,Fishers,IN,,Brewpub,,2020-03-03T00:00:00,confirmed_date,,not_recorded,,,,,unmatched,,,
2636,MashCraft Fishers,Fishers,IN,,Brewpub,,2020-03-03T00:00:00,confirmed_date,,not_recorded,,,,,unmatched,,,
2637,Sun King Brewery,Fishers,IN,,Micro,,2020-04-11T00:00:00,confirmed_date,,not_recorded,,,,,unmatched,,,
2638,Birdboy Brewing Co,Fort Wayne,IN,,Micro,,2020-04-11T00:00:00,confirmed_date,,not_recorded,,,,,unmatched,,,
2639,Granite City Food & Brewery (#24),Fort Wayne,IN,,Brewpub,,2020-04-11T00:00:00,confirmed_date,,not_recorded,,,,,unmatched,,,
2640,Hop River Brewing Company,Fort Wayne,IN,,Taproom,,2020-04-11T00:00:00,confirmed_date,,not_recorded,,,,,unmatched,,,
2641,Junk Ditch Brewing Company,Fort Wayne,IN,,Brewpub,,2020-04-11T00:00:00,confirmed_date,,not_recorded,,,,,unmatched,,,
2642,Summit City Brewerks,Fort Wayne,IN,,Brewpub,,2020-04-11T00:00:00,confirmed_date,,not_recorded,,,,,unmatched,,,
2643,Fortlandia Nano Brewery,Fort Wayne,IN,,Taproom,,,not_recorded,,not_recorded,,,,,unmatched,,,
2644,GnomeTown Brewing Co,Fort Wayne,IN,,Brewpub,,,not_recorded,,not_recorded,,,,,unmatched,,,
2645,Mad Anthony Brewing Co,Fort Wayne,IN,,Brewpub,,,not_recorded,,not_recorded,,,,,unmatched,,,
2646,Trubble Brewing,Fort Wayne,IN,,Brewpub,,,not_recorded,,not_recorded,,,,,unmatched,,,
2647,Taxman Fortville,Fortville,IN,,Brewpub,,,not_recorded,,not_recorded,,,,,unmatched,,,
2648,Shale Creek Brewing,Franklin,IN,,Brewpub,,,not_recorded,,not_recorded,,,,,unmatched,,,
2649,18th Street Brewery,Gary,IN,,Micro,,,not_recorded,,not_recorded,,,,,unmatched,,,
2650,Goshen Brewing Company,Goshen,IN,,Brewpub,,2020-02-07T00:00:00,confirmed_date,,not_recorded,,,,,unmatched,,,
2651,Heavenly Goat Brewing Company,Granger,IN,,Brewpub,,2020-02-01T00:00:00,confirmed_date,,not_recorded,,,,,unmatched,,,
2652,Bare Hands Brewery,Granger,IN,,Taproom,,,not_recorded,,not_recorded,,,,,unmatched,,,
2653,Wasser Brewing Company,Greencastle,IN,,Brewpub,,2020-03-03T00:00:00,confirmed_date,,not_recorded,,,,,unmatched,,,
2654,Wooden Bear Brewing Co,Greenfield,IN,,Brewpub,,2020-04-11T00:00:00,confirmed_date,,not_recorded,,,,,unmatched,,,
2655,MashCraft Brewing,Greenwood,IN,,Micro,,2020-03-03T00:00:00,confirmed_date,,not_recorded,,,,,unmatched,,,
2656,Oaken Barrel Brewing Co,Greenwood,IN,,Brewpub,,,not_recorded,,not_recorded,,,,,unmatched,,,
2657,Planetary Brewing Company,Greenwood,IN,,Taproom,,,not_recorded,,not_recorded,,,,,unmatched,,,
2658,Wildrose Brewing Company,Griffith,IN,,Brewpub,,2020-02-01T00:00:00,confirmed_date,,not_recorded,,,,,unmatched,,,
2659,New Oberpfalz Brewing,Griffith,IN,,Taproom,,2020-03-03T00:00:00,confirmed_date,,not_recorded,,,,,unmatched,,,
2660,Byway Brewing Company,Hammond,IN,,Brewpub,,2020-03-03T00:00:00,confirmed_date,,not_recorded,,,,,unmatched,,,
2661,18th Street Brewery,Hammond,IN,,Micro,,,not_recorded,,not_recorded,,,,,unmatched,,,
2662,The Sour Note Brewing,Hammond,IN,,Micro,,,not_recorded,,not_recorded,,,,,unmatched,,,
2663,Fountain Square Brewing Co,Indianapolis,IN,,Micro,,2020-02-07T00:00:00,confirmed_date,yes,confirmed_yes,,,,,unmatched,,,
2664,Traders Brewing Company,INDIANAPOLIS,IN,,Brewpub,,2019-10-21T00:00:00,confirmed_date,,not_recorded,,,,,unmatched,,,
2665,Blind Owl Brewery,Indianapolis,IN,,Brewpub,,2019-10-26T00:00:00,confirmed_date,,not_recorded,,,,,unmatched,,,
2666,Twenty Below Brewing @ Twenty Tap,Indianapolis,IN,,Brewpub,,2020-02-01T00:00:00,confirmed_date,,not_recorded,,,,,unmatched,,,
2667,Upland FSQ,Indianapolis,IN,,Brewpub,,2020-02-01T00:00:00,confirmed_date,,not_recorded,,,,,unmatched,,,
2668,Books & Brews,Indianapolis,IN,,Brewpub,,2020-02-07T00:00:00,confirmed_date,,not_recorded,,,,,unmatched,,,
2669,Flat 12 Bierwerks,Indianapolis,IN,,Brewpub,,2020-02-07T00:00:00,confirmed_date,,not_recorded,,,,,unmatched,,,
2670,Sun King Brewing,Indianapolis,IN,,Regional,,2020-02-07T00:00:00,confirmed_date,,not_recorded,,,,,unmatched,,,
2671,Big Lug Canteen,Indianapolis,IN,,Brewpub,,2020-03-03T00:00:00,confirmed_date,,not_recorded,,,,,unmatched,,,
2672,Daredevil Brewing Company,Indianapolis,IN,,Micro,,2020-03-03T00:00:00,confirmed_date,,not_recorded,,,,,unmatched,,,
2673,Granite City Food & Brewery,Indianapolis,IN,,Brewpub,,2020-03-03T00:00:00,confirmed_date,,not_recorded,,,,,unmatched,,,
2674,Rock Bottom Brewery - Indianapolis,Indianapolis,IN,,Brewpub,,2020-03-03T00:00:00,confirmed_date,,not_recorded,,,,,unmatched,,,
2675,St. Joseph Brewery & Public House,Indianapolis,IN,,Brewpub,,2020-03-03T00:00:00,confirmed_date,,not_recorded,,,,,unmatched,,,
2676,Triton Brewing Company,Indianapolis,IN,,Micro,,2020-03-03T00:00:00,confirmed_date,,not_recorded,,,,,unmatched,,,
2677,Black Circle Brewing Co,Indianapolis,IN,,Taproom,,2020-04-11T00:00:00,confirmed_date,,not_recorded,,,,,unmatched,,,
2678,Broad Ripple Brewing Co,Indianapolis,IN,,Brewpub,,2020-04-11T00:00:00,confirmed_date,,not_recorded,,,,,unmatched,,,
2679,Cannon Ball Brewing Company,Indianapolis,IN,,Brewpub,,2020-04-11T00:00:00,confirmed_date,,not_recorded,,,,,unmatched,,,
2680,Central State Brewing,Indianapolis,IN,,Micro,,2020-04-11T00:00:00,confirmed_date,,not_recorded,,,,,unmatched,,,
2681,Deviate Brewing Co,Indianapolis,IN,,Taproom,,2020-04-11T00:00:00,confirmed_date,,not_recorded,,,,,unmatched,,,
2682,Indiana City Brewing,Indianapolis,IN,,Micro,,2020-04-11T00:00:00,confirmed_date,,not_recorded,,,,,unmatched,,,
2683,RAM Restaurant and Brewery - Indianapolis,Indianapolis,IN,,Brewpub,,2020-04-11T00:00:00,confirmed_date,,not_recorded,,,,,unmatched,,,
2684,Bier Brewery and Taproom,Indianapolis,IN,,Taproom,,,not_recorded,,not_recorded,,,,,unmatched,,,
2685,Black Acre Brewing Co,Indianapolis,IN,,Brewpub,,,not_recorded,,not_recorded,,,,,unmatched,,,
2686,Brugge Brasserie,Indianapolis,IN,,Brewpub,,,not_recorded,,not_recorded,,,,,unmatched,,,
2687,Centerpoint Brewing,Indianapolis,IN,,Taproom,,,not_recorded,,not_recorded,,,,,unmatched,,,
2688,Chilly Water Brewing Company,Indianapolis,IN,,Brewpub,,,not_recorded,,not_recorded,,,,,unmatched,,,
2689,Garfield Brewery,Indianapolis,IN,,Taproom,,,not_recorded,,not_recorded,,,,,unmatched,,,
2690,Granite City Food & Brewery (#27),Indianapolis,IN,,Brewpub,,,not_recorded,,not_recorded,,,,,unmatched,,,
2691,Guggman Haus Brewing Co.,Indianapolis,IN,,Taproom,,,not_recorded,,not_recorded,,,,,unmatched,,,
2692,Liter House,Indianapolis,IN,,Brewpub,,,not_recorded,,not_recorded,,,,,unmatched,,,
2693,Metazoa Brewing Co.,Indianapolis,IN,,Micro,,,not_recorded,,not_recorded,,,,,unmatched,,,
2694,Redemption Alewerks,Indianapolis,IN,,Brewpub,,,not_recorded,,not_recorded,,,,,unmatched,,,
2695,Round Town Brewery,Indianapolis,IN,,Taproom,,,not_recorded,,not_recorded,,,,,unmatched,,,
2696,TwoDEEP Brewing,Indianapolis,IN,,Brewpub,,,not_recorded,,not_recorded,,,,,unmatched,,,
2697,Wabash Brewing,Indianapolis,IN,,Taproom,,,not_recorded,,not_recorded,,,,,unmatched,,,
2698,Basket Case Brewing Co,Jasper,IN,,Brewpub,,2020-04-11T00:00:00,confirmed_date,,not_recorded,,,,,unmatched,,,
2699,Schnitz Brewery,Jasper,IN,,Brewpub,,,not_recorded,,not_recorded,,,,,unmatched,,,
2700,Goodwood Brewhouse &  Live Room,Jeffersonville,IN,,Taproom,,2020-03-03T00:00:00,confirmed_date,,not_recorded,,,,,unmatched,,,
2701,Red Foot Brewing Co/ The Red Yeti,Jeffersonville,IN,,Brewpub,,2020-03-03T00:00:00,confirmed_date,,not_recorded,,,,,unmatched,,,
2702,Tin Man Brewing Kokomo,Kokomo,IN,,Taproom,,2020-03-03T00:00:00,confirmed_date,,not_recorded,,,,,unmatched,,,
2703,Half Moon Restaurant & Brewery,Kokomo,IN,,Brewpub,,,not_recorded,,not_recorded,,,,,unmatched,,,
2704,Back Road Brewery,La Porte,IN,,Taproom,,2020-04-11T00:00:00,confirmed_date,,not_recorded,,,,,unmatched,,,
2705,Lafayette Brewing Co,Lafayette,IN,,Brewpub,,2020-02-07T00:00:00,confirmed_date,,not_recorded,,,,,unmatched,,,
2706,Teays River Brewing,Lafayette,IN,,Brewpub,,2020-02-07T00:00:00,confirmed_date,,not_recorded,,,,,unmatched,,,
2707,Thieme & Wagner Brewery,Lafayette,IN,,Taproom,,2020-03-03T00:00:00,confirmed_date,,not_recorded,,,,,unmatched,,,
2708,Peoples Brewing Co,Lafayette,IN,,Micro,,,not_recorded,,not_recorded,,,,,unmatched,,,
2709,LaOtto Brewing LLC,Laotto,IN,,Brewpub,,2020-03-03T00:00:00,confirmed_date,,not_recorded,,,,,unmatched,,,
2710,Pax Verum Brewing,Lapel,IN,,Taproom,,2020-04-11T00:00:00,confirmed_date,,not_recorded,,,,,unmatched,,,
2711,HopLore Brewing Co.,Leesburg,IN,,Brewpub,,,not_recorded,,not_recorded,,,,,unmatched,,,
2712,Norris English Pub,Liberty,IN,,Brewpub,,2020-03-03T00:00:00,confirmed_date,,not_recorded,,,,,unmatched,,,
2713,Logansport Brewing Company,Logansport,IN,,Brewpub,,2020-04-11T00:00:00,confirmed_date,,not_recorded,,,,,unmatched,,,
2714,New Madison Brewing,Madison,IN,,Taproom,,2020-03-03T00:00:00,confirmed_date,,not_recorded,,,,,unmatched,,,
2715,Mad Paddle Brewery,Madison,IN,,Brewpub,,,not_recorded,,not_recorded,,,,,unmatched,,,
2716,Cedar Creek Brewing Co.,Martinsville,IN,,Micro,,,not_recorded,,not_recorded,,,,,unmatched,,,
2717,Scarlet Lane Brewing Company LLC,McCordsville,IN,,Taproom,,2020-03-03T00:00:00,confirmed_date,,not_recorded,,,,,unmatched,,,
2718,Devil’s Trumpet Brewing Co,Merrillville,IN,,Micro,,,not_recorded,,not_recorded,,,,,unmatched,,,
2719,Burn’Em Brewing,Michigan City,IN,,Micro,,2020-02-07T00:00:00,confirmed_date,,not_recorded,,,,,unmatched,,,
2720,Shoreline Brewery,Michigan City,IN,,Brewpub,,2020-04-11T00:00:00,confirmed_date,,not_recorded,,,,,unmatched,,,
2721,Zorn Brew Works,Michigan City,IN,,Taproom,,,not_recorded,,not_recorded,,,,,unmatched,,,
2722,Evil Czech Brewery,Mishawaka,IN,,Brewpub,,2020-04-11T00:00:00,confirmed_date,,not_recorded,,,,,unmatched,,,
2723,Granite City Food & Brewery (#26),Mishawaka,IN,,Brewpub,,,not_recorded,,not_recorded,,,,,unmatched,,,
2724,Crasian Brewing Co,Monticello,IN,,Taproom,,,not_recorded,,not_recorded,,,,,unmatched,,,
2725,Kopacetic Beer Factory,Monticello,IN,,Brewpub,,,not_recorded,,not_recorded,,,,,unmatched,,,
2726,Wolves’ Head Brewing Company,Muncie,IN,,Taproom,,2020-03-03T00:00:00,confirmed_date,,not_recorded,,,,,unmatched,,,
2727,Elm Street Brewing Company,Muncie,IN,,Brewpub,,,not_recorded,,not_recorded,,,,,unmatched,,,
2728,New Corner Brewing Company,Muncie,IN,,Taproom,,,not_recorded,,not_recorded,,,,,unmatched,,,
2729,The Guardian Brewing Company,Muncie,IN,,Taproom,,,not_recorded,,not_recorded,,,,,unmatched,,,
2730,Three Floyds Brewing Co,Munster,IN,,Regional,,2019-11-13T00:00:00,confirmed_date,,not_recorded,,,,,unmatched,,,
2731,WarPigs USA Brewing Co.,Munster,IN,,Contract,,2020-03-03T00:00:00,confirmed_date,,not_recorded,,,,,unmatched,,,
2732,Big Woods Brewery,Nashville,IN,,Brewpub,,,not_recorded,,not_recorded,,,,,unmatched,,,
2733,Quaff On Brewing,Nashville,IN,,Micro,,,not_recorded,,not_recorded,,,,,unmatched,,,
2734,Floyd County Brewing Company,New Albany,IN,,Brewpub,,2020-03-03T00:00:00,confirmed_date,,not_recorded,,,,,unmatched,,,
2735,Our Lady of Perpetual Hops,New Albany,IN,,,,2020-07-31T00:00:00,confirmed_date,,not_recorded,,,,,unmatched,,,
2736,Donum Dei Brewery,New Albany,IN,,Brewpub,,,not_recorded,,not_recorded,,,,,unmatched,,,
2737,New Albanian Brewing Co,New Albany,IN,,Brewpub,,,not_recorded,,not_recorded,,,,,unmatched,,,
2738,Deer Creek Brewery,Noblesville,IN,,Taproom,,2020-03-03T00:00:00,confirmed_date,,not_recorded,,,,,unmatched,,,
2739,Barley Island Brewing Company,Noblesville,IN,,Brewpub,,,not_recorded,,not_recorded,,,,,unmatched,,,
2740,Creek Bottom Brew LLC,Oldenburg,IN,,Micro,,2020-03-03T00:00:00,confirmed_date,,not_recorded,,,,,unmatched,,,
2741,City Wineworks,Peru,IN,,Taproom,,,not_recorded,,not_recorded,,,,,unmatched,,,
2742,Black Swan Brewpub,Plainfield,IN,,Brewpub,,2020-03-03T00:00:00,confirmed_date,,not_recorded,,,,,unmatched,,,
2743,Brew Link Brewing,Plainfield,IN,,Proprietor,,2020-03-03T00:00:00,confirmed_date,,not_recorded,,,,,unmatched,,,
2744,Plat 35  Brewery,Porter,IN,,Brewpub,,2020-02-07T00:00:00,confirmed_date,,not_recorded,,,,,unmatched,,,
2745,Fenwick Farms Brewing Company,Rensselaer,IN,,Brewpub,,2020-03-03T00:00:00,confirmed_date,,not_recorded,,,,,unmatched,,,
2746,New Boswell Brewing Co,Richmond,IN,,Taproom,,,not_recorded,,not_recorded,,,,,unmatched,,,
2747,Noble Order Brewing Company,Richmond,IN,,Brewpub,,,not_recorded,,not_recorded,,,,,unmatched,,,
2748,Schnabeltier,Rochester,IN,,Taproom,,2020-03-03T00:00:00,confirmed_date,,not_recorded,,,,,unmatched,,,
2749,Malt Brothers At 95ate5 Brewpub,Saint John,IN,,Brewpub,,,not_recorded,,not_recorded,,,,,unmatched,,,
2750,St John Malt Brothers Brewing,Saint John,IN,,Taproom,,,not_recorded,,not_recorded,,,,,unmatched,,,
2751,Chateau De Pique Winery & Brewery,Seymour,IN,,Taproom,,2020-03-03T00:00:00,confirmed_date,,not_recorded,,,,,unmatched,,,
2752,The Seymour Brewing Company,Seymour,IN,,Brewpub,,2020-03-03T00:00:00,confirmed_date,,not_recorded,,,,,unmatched,,,
2753,Crooked Ewe Brewery & Ale House,South Bend,IN,,Brewpub,,,not_recorded,,not_recorded,,,,,unmatched,,,
2754,South Bend Brew Werks,South Bend,IN,,Brewpub,,,not_recorded,,not_recorded,,,,,unmatched,,,
2755,Studebaker Brewing Company,South Bend,IN,,Brewpub,,,not_recorded,,not_recorded,,,,,unmatched,,,
2756,Civilian Brewing Corps,Spencer,IN,,Brewpub,,2020-02-07T00:00:00,confirmed_date,,not_recorded,,,,,unmatched,,,
2757,Man Cave Brewing,Syracuse,IN,,Brewpub,,,not_recorded,,not_recorded,,,,,unmatched,,,
2758,Tell City Brewing Company,Tell City,IN,,Brewpub,,2020-03-03T00:00:00,confirmed_date,,not_recorded,,,,,unmatched,,,
2759,Old 41 Brewing Company,Terre Haute,IN,,Brewpub,,2020-03-03T00:00:00,confirmed_date,,not_recorded,,,,,unmatched,,,
2760,WaterTower Estates Winery and Brewery,Terre Haute,IN,,Taproom,,2020-04-11T00:00:00,confirmed_date,,not_recorded,,,,,unmatched,,,
2761,Terre Haute Brewing Company,Terre Haute,IN,,Brewpub,,,not_recorded,,not_recorded,,,,,unmatched,,,
2762,Four Fathers Brewing,Valparaiso,IN,,Taproom,,2020-03-03T00:00:00,confirmed_date,,not_recorded,,,,,unmatched,,,
2763,Ironwood Brewing Co LLC,Valparaiso,IN,,Taproom,,2020-03-03T00:00:00,confirmed_date,,not_recorded,,,,,unmatched,,,
2764,Figure Eight Brewing Co,Valparaiso,IN,,Brewpub,,,not_recorded,,not_recorded,,,,,unmatched,,,
2765,The Vincennes Brewing Company,Vincennes,IN,,Brewpub,,,not_recorded,,not_recorded,,,,,unmatched,,,
2766,The Koontz Lake Brewing Company,Walkerton,IN,,Brewpub,,2020-04-11T00:00:00,confirmed_date,,not_recorded,,,,,unmatched,,,
2767,Orthocity Brewery and Smokehouse,Warsaw,IN,,Brewpub,,,not_recorded,,not_recorded,,,,,unmatched,,,
2768,Harry Stuff Brewing Co.,Wawaka,IN,,Brewpub,,2020-04-11T00:00:00,confirmed_date,,not_recorded,,,,,unmatched,,,
2769,Brokerage Brewing Company,West Lafayette,IN,,Taproom,,,not_recorded,,not_recorded,,,,,unmatched,,,
2770,Big Leaf Brewing,West Terre Haute,IN,,Taproom,,,not_recorded,,not_recorded,,,,,unmatched,,,
2771,Urban Vines Winery and Brewery,Westfield,IN,,Taproom,,2020-03-03T00:00:00,confirmed_date,,not_recorded,,,,,unmatched,,,
2772,Field Brewing,Westfield,IN,,Brewpub,,,not_recorded,,not_recorded,,,,,unmatched,,,
2773,Grand Junction Brewing Co,Westfield,IN,,Brewpub,,,not_recorded,,not_recorded,,,,,unmatched,,,
2774,Nailers Brewing Company,Whiteland,IN,,Brewpub,,2020-04-11T00:00:00,confirmed_date,,not_recorded,,,,,unmatched,,,
2775,Moontown Brewing,Whitestown,IN,,Brewpub,,2020-02-07T00:00:00,confirmed_date,,not_recorded,,,,,unmatched,,,
2776,Bulldog Brewing,Whiting,IN,,Brewpub,,,not_recorded,,not_recorded,,,,,unmatched,,,
2777,Beaver Brewery At Mo’s Place,Beaver,KS,,Brewpub,,,not_recorded,,not_recorded,,,,,unmatched,,,
2778,Hank Is Wiser Brewery,Cheney,KS,,Brewpub,,,not_recorded,,not_recorded,,,,,unmatched,,,
2779,15-24 Brew House,Clay Center,KS,,Brewpub,,2019-08-29T00:00:00,confirmed_date,,not_recorded,,,,,unmatched,,,
2780,Dodge City Brewing,Dodge City,KS,,Brewpub,,,not_recorded,,not_recorded,,,,,unmatched,,,
2781,Walnut River Brewing Company,El Dorado,KS,,Micro,,2020-03-03T00:00:00,confirmed_date,,not_recorded,,,,,unmatched,,,
2782,Radius Brewing Company,Emporia,KS,,Brewpub,,,not_recorded,,not_recorded,,,,,unmatched,,,
2783,Wakarusa Brewing Company,Eudora,KS,,Taproom,,2020-04-11T00:00:00,confirmed_date,,not_recorded,,,,,exact,wakarusa-brewing-company,content/breweries/wakarusa-brewing-company.md,
2784,The Boiler Room Brewhaus LLC,Fort Scott,KS,,Taproom,,2020-03-03T00:00:00,confirmed_date,,not_recorded,,,,,unmatched,,,
2785,Flat Mountain Brewhouse,Garden City,KS,,Brewpub,,2020-04-11T00:00:00,confirmed_date,,not_recorded,,,,,unmatched,,,
2786,Defiance Brewing Co.,Hays,KS,,Micro,,2020-02-01T00:00:00,confirmed_date,,not_recorded,,,,,unmatched,,,
2787,Gella’s Diner & Liquid Bread Brewing Co,Hays,KS,,Brewpub,,,not_recorded,,not_recorded,,,,,unmatched,,,
2788,Salt City Brewing,Hutchinson,KS,,Micro,,,not_recorded,,not_recorded,,,,,unmatched,,,
2789,Sandhills Brewing,Hutchinson,KS,,Taproom,,,not_recorded,,not_recorded,,,,,unmatched,,,
2790,Granite City Food & Brewery (#12),Kansas City,KS,,Brewpub,,2020-02-07T00:00:00,confirmed_date,,not_recorded,,,,,unmatched,,,
2791,Fields & Ivy Brewery,Lawrence,KS,,Brewpub,,2020-03-03T00:00:00,confirmed_date,yes,confirmed_yes,,https://fieldsandivy.com/,,,unmatched,,,
2792,Free State Brewing Co,Lawrence,KS,,Brewpub,,2020-02-01T00:00:00,confirmed_date,,not_recorded,,,,,unmatched,,,
2793,Black Stag Brewery,Lawrence,KS,,Brewpub,,2020-04-11T00:00:00,confirmed_date,,not_recorded,,,,,unmatched,,,
2794,23rd Street Brewery,Lawrence,KS,,Brewpub,,,not_recorded,,not_recorded,,,,,unmatched,,,
2795,Free State Brewing Co - Production,Lawrence,KS,,Micro,,,not_recorded,,not_recorded,,,,,unmatched,,,
2796,Lawrence Beer Company,Lawrence,KS,,Brewpub,,,not_recorded,,not_recorded,,,,,unmatched,,,
2797,Yankee Tank Brewing Company,Lawrence,KS,,Micro,,,not_recorded,,not_recorded,,,,,unmatched,,,
2798,Grinder’s High Noon Brewery,Leavenworth,KS,,Brewpub,,2020-03-03T00:00:00,confirmed_date,,not_recorded,,,,,unmatched,,,
2799,Limitless Brewing,Lenexa,KS,,Taproom,,2020-03-03T00:00:00,confirmed_date,,not_recorded,,,,,unmatched,,,
2800,Little Apple Brewing Co,Manhattan,KS,,Brewpub,,2020-02-07T00:00:00,confirmed_date,,not_recorded,,,,,unmatched,,,
2801,Three Rings Brewery,McPherson,KS,,Micro,,2020-04-11T00:00:00,confirmed_date,,not_recorded,,,,,unmatched,,,
2802,Sandhills Brewing,Mission,KS,,Taproom,,2020-03-03T00:00:00,confirmed_date,,not_recorded,,,,,unmatched,,,
2803,Kansas City Breweries Company,Olathe,KS,,Proprietor,,2020-03-03T00:00:00,confirmed_date,,not_recorded,,,,,unmatched,,,
2804,Granite City Food & Brewery (#13),Olathe,KS,,Brewpub,,,not_recorded,,not_recorded,,,,,unmatched,,,
2805,Not Lost Brewing Company,Ottawa,KS,,Brewpub,,,not_recorded,,not_recorded,,,,,unmatched,,,
2806,Brew Lab,Overland Park,KS,,Brewpub,,,not_recorded,,not_recorded,,,,,unmatched,,,
2807,Center Pivot,Quinter,KS,,Brewpub,,2020-02-07T00:00:00,confirmed_date,,not_recorded,,,,,unmatched,,,
2808,Blue Skye Brewery,Salina,KS,,Brewpub,,2020-03-03T00:00:00,confirmed_date,,not_recorded,,,,,unmatched,,,
2809,Nu Life Market,Scott City,KS,,Planning,,2019-11-03T00:00:00,confirmed_date,,not_recorded,,,,,unmatched,,,
2810,Servaes Brewing Company,Shawnee,KS,,Taproom,,2020-03-03T00:00:00,confirmed_date,,not_recorded,,,,,unmatched,,,
2811,Transport Brewery,Shawnee,KS,,Taproom,,,not_recorded,,not_recorded,,,,,unmatched,,,
2812,Fly Boy Brewery and Eats / Props & Hops Brewing,Sylvan Grove,KS,,Brewpub,,,not_recorded,,not_recorded,,,,,unmatched,,,
2813,Barrister’s Brewing Inc.,Topeka,KS,,Taproom,,2020-02-01T00:00:00,confirmed_date,,not_recorded,,,,,unmatched,,,
2814,"Chocolatey Software, Inc.",Topeka,KS,,,,2020-02-01T00:00:00,confirmed_date,,not_recorded,,,,,unmatched,,,
2815,Blind Tiger Brewery & Restaurant,Topeka,KS,,Brewpub,,2020-04-11T00:00:00,confirmed_date,,not_recorded,,,,,unmatched,,,
2816,Iron Rail Brewing,Topeka,KS,,Brewpub,,2020-04-11T00:00:00,confirmed_date,,not_recorded,,,,,unmatched,,,
2817,Happy Basset Brewing Company,Topeka,KS,,Taproom,,,not_recorded,,not_recorded,,,,,unmatched,,,
2818,Norsemen Brewing Co.,Topeka,KS,,Taproom,,,not_recorded,,not_recorded,,,,,unmatched,,,
2819,Kansas Territory Brewing,Washington,KS,,Micro,,2020-02-01T00:00:00,confirmed_date,,not_recorded,,,,,unmatched,,,
2820,Aero Plains Brewing,Wichita,KS,,Micro,,2019-08-29T00:00:00,confirmed_date,,not_recorded,,,,,unmatched,,,
2821,Pour House,Wichita,KS,,Brewpub,,2020-02-01T00:00:00,confirmed_date,,not_recorded,,,,,unmatched,,,
2822,Wichita Brewing Co & Pizzeria,Wichita,KS,,Brewpub,,2020-02-01T00:00:00,confirmed_date,,not_recorded,,,,,unmatched,,,
2823,Limestone Beer Co,Wichita,KS,,Brewpub,,2020-02-07T00:00:00,confirmed_date,,not_recorded,,,,,unmatched,,,
2824,Nortons Brewing Co.,Wichita,KS,,Brewpub,,2020-02-07T00:00:00,confirmed_date,,not_recorded,,,,,unmatched,,,
2825,Augustino Brewing,Wichita,KS,,Brewpub,,2020-03-03T00:00:00,confirmed_date,,not_recorded,,,,,unmatched,,,
2826,River City Brewing Co,Wichita,KS,,Brewpub,,2020-03-03T00:00:00,confirmed_date,,not_recorded,,,,,unmatched,,,
2827,Third Place Brewing,Wichita,KS,,Taproom,,2020-03-03T00:00:00,confirmed_date,,not_recorded,,,,,unmatched,,,
2828,Hopping Gnome Brewing Company,Wichita,KS,,Taproom,,2020-04-11T00:00:00,confirmed_date,,not_recorded,,,,,unmatched,,,
2829,Wichita Brewing Co & Pizzeria,Wichita,KS,,Brewpub,,2020-04-11T00:00:00,confirmed_date,,not_recorded,,,,,unmatched,,,
2830,Central Standard Brewing,Wichita,KS,,Taproom,,,not_recorded,,not_recorded,,,,,unmatched,,,
2831,"Wichita Brewing Co Production, LLC",Wichita,KS,,Micro,,,not_recorded,,not_recorded,,,,,unmatched,,,
2832,Alexandria Brewing Company,Alexandria,KY,,Brewpub,,2019-08-29T00:00:00,confirmed_date,,not_recorded,,,,,unmatched,,,
2833,Braxton Labs,Bellevue,KY,,Micro,,2020-02-01T00:00:00,confirmed_date,,not_recorded,,,,,unmatched,,,
2834,Darkness Brewing,Bellevue,KY,,Taproom,,2020-03-03T00:00:00,confirmed_date,,not_recorded,,,,,unmatched,,,
2835,The Dam Brewhaus,Benton,KY,,Brewpub,,,not_recorded,,not_recorded,,,,,unmatched,,,
2836,White Squirrel Brewery,Bowling Green,KY,,Brewpub,,,not_recorded,,not_recorded,,,,,unmatched,,,
2837,Braxton Brewing Company,Covington,KY,,Regional,,2020-03-03T00:00:00,confirmed_date,,not_recorded,,,,,unmatched,,,
2838,3rd Turn Oldham Gardens,Crestwood,KY,,Taproom,,2020-03-03T00:00:00,confirmed_date,,not_recorded,,,,,unmatched,,,
2839,"Maiden City Brewing Company, LLC",Cynthiana,KY,,Taproom,,,not_recorded,,not_recorded,,,,,unmatched,,,
2840,Gypsy Run Brewery,Danville,KY,,Brewpub,,2020-03-03T00:00:00,confirmed_date,,not_recorded,,,,,unmatched,,,
2841,Flywheel Brewing Company,Elizabethtown,KY,,Taproom,,2020-03-03T00:00:00,confirmed_date,,not_recorded,,,,,unmatched,,,
2842,Mash Cult Brewing,Florence,KY,,Taproom,,2020-03-03T00:00:00,confirmed_date,,not_recorded,,,,,unmatched,,,
2843,Sig Luscher Brewery,FRANKFORT,KY,,Micro,,,not_recorded,,not_recorded,,,,,unmatched,,,
2844,West Sixth Farm,Frankfort,KY,,Micro,,,not_recorded,,not_recorded,,,,,unmatched,,,
2845,My Old Kentucky Foam,Georgetown,KY,,Taproom,,2020-04-11T00:00:00,confirmed_date,,not_recorded,,,,,unmatched,,,
2846,Country Boy Brewing - Georgetown,Georgetown,KY,,Micro,,,not_recorded,,not_recorded,,,,,unmatched,,,
2847,Yancey’s Gastropub and Brewery,Glasgow,KY,,Brewpub,,2020-03-03T00:00:00,confirmed_date,,not_recorded,,,,,unmatched,,,
2848,Lemons Mill Brewery,Harrodsburg,KY,,Taproom,,2020-03-03T00:00:00,confirmed_date,,not_recorded,,,,,unmatched,,,
2849,Henderson Brewing Company,Henderson,KY,,Brewpub,,2020-02-07T00:00:00,confirmed_date,,not_recorded,,,,,unmatched,,,
2850,Hopkinsville Brewing Company,Hopkinsville,KY,,Taproom,,2020-02-01T00:00:00,confirmed_date,,not_recorded,,,,,exact,hopkinsville-brewing-company,content/breweries/hopkinsville-brewing-company.md,
2851,Cricket Press,Lexington,KY,,Other,,yes,confirmed_yes,yes,confirmed_yes,,https://www.cricket-press.com/,,https://twitter.com/cricketpress?lang=en,exact,cricket-press,content/breweries/cricket-press.md,
2852,West Sixth Brewing Co,Lexington,KY,,Micro,,yes,confirmed_yes,yes,confirmed_yes,,,,,exact,west-sixth-brewing-co,content/breweries/west-sixth-brewing-co.md,
2853,Town Branch Distillery,Lexington,KY,,Micro,,2019-11-27T00:00:00,confirmed_date,,not_recorded,,,,,unmatched,,,
2854,Fusion Brewing LLC,Lexington,KY,,Taproom,,2020-02-01T00:00:00,confirmed_date,,not_recorded,,,,,unmatched,,,
2855,Mirror Twin Brewing,Lexington,KY,,Brewpub,,2020-02-01T00:00:00,confirmed_date,,not_recorded,,,,,unmatched,,,
2856,Blue Stallion Brewing Company,Lexington,KY,,Micro,,2020-02-07T00:00:00,confirmed_date,,not_recorded,,,,,unmatched,,,
2857,Country Boy Brewing,Lexington,KY,,Micro,,2020-03-03T00:00:00,confirmed_date,,not_recorded,,,,,unmatched,,,
2858,Lexington Brewing & Distilling Co.,Lexington,KY,,Regional,,2020-03-03T00:00:00,confirmed_date,,not_recorded,,,,,unmatched,,,
2859,Pivot Brewing Company,Lexington,KY,,Taproom,,2020-03-03T00:00:00,confirmed_date,,not_recorded,,,,,unmatched,,,
2860,Rock House Brewing,Lexington,KY,,Taproom,,2020-03-03T00:00:00,confirmed_date,,not_recorded,,,,,unmatched,,,
2861,West Sixth Greenroom,Lexington,KY,,Micro,,2020-03-03T00:00:00,confirmed_date,,not_recorded,,,,,unmatched,,,
2862,Ethereal Brewing,Lexington,KY,,Micro,,2020-04-11T00:00:00,confirmed_date,,not_recorded,,,,,unmatched,,,
2863,Chase Brewing Company / Chase Tap Room,Lexington,KY,,Brewpub,,,not_recorded,,not_recorded,,,,,unmatched,,,
2864,Against the Grain Brewery,Louisville,KY,,Micro,,2019-08-29T00:00:00,confirmed_date,,not_recorded,,,,,unmatched,,,
2865,Against the Grain Production Facility,Louisville,KY,,Micro,,2019-08-29T00:00:00,confirmed_date,,not_recorded,,,,,unmatched,,,
2866,Akasha Brewing Company,Louisville,KY,,Taproom,,2019-08-29T00:00:00,confirmed_date,,not_recorded,,,,,unmatched,,,
2867,Mile Wide Beer Co.,Louisville,KY,,Taproom,,2019-11-03T00:00:00,confirmed_date,,not_recorded,,,,,unmatched,,,
2868,Cumberland Brews,Louisville,KY,,Brewpub,,2020-02-07T00:00:00,confirmed_date,,not_recorded,,,,,unmatched,,,
2869,Bluegrass Brewing Co - Brewpub,Louisville,KY,,Brewpub,,2020-03-03T00:00:00,confirmed_date,,not_recorded,,,,,unmatched,,,
2870,Goodwood Brewing Co,Louisville,KY,,Micro,,2020-03-03T00:00:00,confirmed_date,,not_recorded,,,,,unmatched,,,
2871,Monnik Beer Company,Louisville,KY,,Brewpub,,2020-03-03T00:00:00,confirmed_date,,not_recorded,,,,,unmatched,,,
2872,Apocalypse Brew Works,Louisville,KY,,Taproom,,2020-04-11T00:00:00,confirmed_date,,not_recorded,,,,,unmatched,,,
2873,Gordon Biersch Brewery Restaurant - Louisville,Louisville,KY,,Brewpub,,2020-04-11T00:00:00,confirmed_date,,not_recorded,,,,,unmatched,,,
2874,Great Flood Brewing,Louisville,KY,,Micro,,2020-04-11T00:00:00,confirmed_date,,not_recorded,,,,,unmatched,,,
2875,Great Flood Brewing- Production Facility,Louisville,KY,,Micro,,2020-04-11T00:00:00,confirmed_date,,not_recorded,,,,,unmatched,,,
2876,3rd Turn Brewing,Louisville,KY,,Taproom,,,not_recorded,,not_recorded,,,,,unmatched,,,
2877,Falls City Brewing Company,Louisville,KY,,Micro,,,not_recorded,,not_recorded,,,,,unmatched,,,
2878,False Idol Independent Brewers,Louisville,KY,,Brewpub,,,not_recorded,,not_recorded,,,,,unmatched,,,
2879,Gravely Brewing Co.,Louisville,KY,,Micro,,,not_recorded,,not_recorded,,,,,unmatched,,,
2880,Holsopple Brewing,Louisville,KY,,Taproom,,,not_recorded,,not_recorded,,,,,unmatched,,,
2881,Hopcat - Louisville,Louisville,KY,,Brewpub,,,not_recorded,,not_recorded,,,,,unmatched,,,
2882,Old Louisville Brewery,Louisville,KY,,Taproom,,,not_recorded,,not_recorded,,,,,unmatched,,,
2883,Bircus Brewing,Ludlow,KY,,Taproom,,,not_recorded,,not_recorded,,,,,unmatched,,,
2884,Maysville Brewing Company,Maysville,KY,,Taproom,,,not_recorded,,not_recorded,,,,,unmatched,,,
2885,Hofbrauhaus Newport,Newport,KY,,Brewpub,,,not_recorded,,not_recorded,,,,,unmatched,,,
2886,Wooden Cask Brewing Company,Newport,KY,,Taproom,,,not_recorded,,not_recorded,,,,,unmatched,,,
2887,Dry Ground Brewing Company,Paducah,KY,,Taproom,,,not_recorded,,not_recorded,,,,,unmatched,,,
2888,Paducah Beer Werks,Paducah,KY,,Brewpub,,,not_recorded,,not_recorded,,,,,unmatched,,,
2889,Rooster Brewing,Paris,KY,,Micro,,2020-03-03T00:00:00,confirmed_date,,not_recorded,,,,,unmatched,,,
2890,Dueling Barrels,Pikeville,KY,,Micro,,,not_recorded,,not_recorded,,,,,unmatched,,,
2891,Dreaming Creek Brewery,Richmond,KY,,Taproom,,2020-03-03T00:00:00,confirmed_date,,not_recorded,,,,,unmatched,,,
2892,Old Louisville Brewery Barrel Room,Shelbyville,KY,,Taproom,,2020-03-03T00:00:00,confirmed_date,,not_recorded,,,,,unmatched,,,
2893,Jarfly Brewing Co,Somerset,KY,,Taproom,,2020-04-11T00:00:00,confirmed_date,,not_recorded,,,,,unmatched,,,
2894,Tap on Main Brewing Company,Somerset,KY,,Taproom,,,not_recorded,,not_recorded,,,,,unmatched,,,
2895,Versailles Brewing Company,Versailles,KY,,Brewpub,,2020-04-11T00:00:00,confirmed_date,,not_recorded,,,,,unmatched,,,
2896,Abettor Brewing Company,Winchester,KY,,Taproom,,2019-08-29T00:00:00,confirmed_date,,not_recorded,,,,,unmatched,,,
2897,Twenty 8 West Brewing,Alexandria,LA,,Brewpub,,2020-04-11T00:00:00,confirmed_date,,not_recorded,,,,,unmatched,,,
2898,Huckleberry Brewing Company,Alexandria,LA,,Taproom,,,not_recorded,,not_recorded,,,,,unmatched,,,
2899,Bayou Teche Brewing,Arnaudville,LA,,Micro,,,not_recorded,,not_recorded,,,,,unmatched,,,
2900,Southern Craft Brewing Company,Baton Rouge,LA,,Taproom,,,not_recorded,,not_recorded,,,,,unmatched,,,
2901,Tin Roof Brewing Co,Baton Rouge,LA,,Micro,,,not_recorded,,not_recorded,,,,,unmatched,,,
2902,Flying Heart Brewing,Bossier City,LA,,Brewpub,,,not_recorded,,not_recorded,,,,,unmatched,,,
2903,Parish Brewing Company,Broussard,LA,,Regional,,2019-11-27T00:00:00,confirmed_date,yes,confirmed_yes,yes,,,,exact,parish-brewing-company,content/breweries/parish-brewing-company.md,
2904,Abita Brewing Co,Covington,LA,,Regional,,2019-08-29T00:00:00,confirmed_date,,not_recorded,,,,,unmatched,,,
2905,Gnarly Barley Brewing,Hammond,LA,,Micro,,,not_recorded,,not_recorded,,,,,unmatched,,,
2906,Low Road Brewing,Hammond,LA,,Taproom,,,not_recorded,,not_recorded,,,,,unmatched,,,
2907,Spigots Brew Pub,Houma,LA,,Brewpub,,,not_recorded,,not_recorded,,,,,unmatched,,,
2908,Crying Eagle Brewing Company,Lake Charles,LA,,Micro,,2020-02-07T00:00:00,confirmed_date,,not_recorded,,,,,unmatched,,,
2909,Chafunkta Brewing Co,Mandeville,LA,,Micro,,2020-03-03T00:00:00,confirmed_date,,not_recorded,,,,,unmatched,,,
2910,Old Rail Brewing Co,Mandeville,LA,,Brewpub,,,not_recorded,,not_recorded,,,,,unmatched,,,
2911,Broken Wheel Brewery,Marksville,LA,,Brewpub,,,not_recorded,,not_recorded,,,,,unmatched,,,
2912,Flying Tiger Brewery,Monroe,LA,,Micro,,2020-04-11T00:00:00,confirmed_date,,not_recorded,,,,,unmatched,,,
2913,"Cane River Brewing Co., L.L.C",Natchitoches,LA,,Micro,,,not_recorded,,not_recorded,,,,,unmatched,,,
2914,Royal Brewery,New Orleans,LA,,Micro,,2020-02-07T00:00:00,confirmed_date,,not_recorded,,,,,exact,royal-brewery,content/breweries/royal-brewery.md,
2915,Dixie Brewing Co Inc.,New Orleans,LA,,Contract,,2020-03-03T00:00:00,confirmed_date,,not_recorded,,,,,unmatched,,,
2916,"Dixie Brewing Company, LLC",New Orleans,LA,,Contract,,2020-03-03T00:00:00,confirmed_date,,not_recorded,,,,,unmatched,,,
2917,Gordon Biersch Brewery Restaurant - New Orleans,New Orleans,LA,,Brewpub,,2020-03-03T00:00:00,confirmed_date,,not_recorded,,,,,unmatched,,,
2918,Miel Brewery & Taproom,New Orleans,LA,,Taproom,,2020-03-03T00:00:00,confirmed_date,,not_recorded,,,,,unmatched,,,
2919,Parleaux Beer Lab,New Orleans,LA,,Taproom,,2020-03-03T00:00:00,confirmed_date,,not_recorded,,,,,unmatched,,,
2920,The Courtyard Brewery,New Orleans,LA,,Taproom,,2020-03-03T00:00:00,confirmed_date,,not_recorded,,,,,unmatched,,,
2921,Brieux Carre Brewing Company,New Orleans,LA,,Taproom,,2020-04-11T00:00:00,confirmed_date,,not_recorded,,,,,unmatched,,,
2922,Crescent City Brewhouse,New Orleans,LA,,Brewpub,,2020-04-11T00:00:00,confirmed_date,,not_recorded,,,,,unmatched,,,
2923,Port Orleans Brewing Company,New Orleans,LA,,Micro,,2020-04-11T00:00:00,confirmed_date,,not_recorded,,,,,unmatched,,,
2924,New Orleans Lager and Ale Brewing (NOLA Brewing),New Orleans,LA,,Micro,,,not_recorded,,not_recorded,,,,,unmatched,,,
2925,Pidgin Town Brewing,New Orleans,LA,,Micro,,,not_recorded,,not_recorded,,,,,unmatched,,,
2926,Second Line Brewing,New Orleans,LA,,Micro,,,not_recorded,,not_recorded,,,,,unmatched,,,
2927,Urban South Brewery,New Orleans,LA,,Micro,,,not_recorded,,not_recorded,,,,,unmatched,,,
2928,Louisiana Purchase Brewing Company,Ponchatoula,LA,,Taproom,,2020-03-03T00:00:00,confirmed_date,,not_recorded,,,,,unmatched,,,
2929,"Cajunboyz Brewery, LLC",Reserve,LA,,Taproom,,2020-03-03T00:00:00,confirmed_date,,not_recorded,,,,,unmatched,,,
2930,Utility Brewing Company,Ruston,LA,,Brewpub,,2020-03-03T00:00:00,confirmed_date,,not_recorded,,,,,unmatched,,,
2931,Red River Brewing Co,Shreveport,LA,,Brewpub,,2020-02-07T00:00:00,confirmed_date,,not_recorded,,,,,unmatched,,,
2932,Great Raft Brewing,Shreveport,LA,,Micro,,,not_recorded,,not_recorded,,,,,unmatched,,,
2933,Mudbug Brewery,Thibodaux,LA,,Taproom,,2020-04-11T00:00:00,confirmed_date,,not_recorded,,,,,unmatched,,,
2934,Ouachita Brewery,West Monroe,LA,,Micro,,2020-03-03T00:00:00,confirmed_date,,not_recorded,,,,,unmatched,,,
2935,10th District Brewing Company,Abington,MA,,Taproom,,2020-04-11T00:00:00,confirmed_date,,not_recorded,,,,,unmatched,,,
2936,True West Brewing Company,Acton,MA,,Brewpub,,2020-04-11T00:00:00,confirmed_date,,not_recorded,,,,,unmatched,,,
2937,BareWolf Brewing,Amesbury,MA,,Micro,,,not_recorded,,not_recorded,,,,,unmatched,,,
2938,Brewery Silvaticus,Amesbury,MA,,Brewpub,,,not_recorded,,not_recorded,,,,,unmatched,,,
2939,High Horse Brewery and Bistro,Amherst,MA,,Contract,,2020-02-07T00:00:00,confirmed_date,,not_recorded,,,,,unmatched,,,
2940,Amherst Brewing Co / Hangar Pub and Grill,Amherst,MA,,Brewpub,,,not_recorded,,not_recorded,,,,,unmatched,,,
2941,Oak & Iron Brewing Co,Andover,MA,,Brewpub,,,not_recorded,,not_recorded,,,,,unmatched,,,
2942,Skyroc Brewery,Attleboro,MA,,Taproom,,,not_recorded,,not_recorded,,,,,unmatched,,,
2943,Still River Brewery,Ayer,MA,,Micro,,2020-03-03T00:00:00,confirmed_date,,not_recorded,,,,,unmatched,,,
2944,Stone Cow Brewery,Barre,MA,,Brewpub,,2020-04-11T00:00:00,confirmed_date,,not_recorded,,,,,unmatched,,,
2945,Arcpoint Brewing Co,Belchertown,MA,,Micro,,2020-03-03T00:00:00,confirmed_date,,not_recorded,,,,,unmatched,,,
2946,Berkley Beer Company,Berkley,MA,,Micro,,,not_recorded,,not_recorded,,,,,unmatched,,,
2947,Old Planters Brewing Co.,Beverly,MA,,Taproom,,2020-03-03T00:00:00,confirmed_date,,not_recorded,,,,,unmatched,,,
2948,Channel Marker Brewing,Beverly,MA,,Micro,,,not_recorded,,not_recorded,,,,,unmatched,,,
2949,Gentile Brewing Company,Beverly,MA,,Taproom,,,not_recorded,,not_recorded,,,,,unmatched,,,
2950,Wandering Soul,Beverly,MA,,Micro,,,not_recorded,,not_recorded,,,,,unmatched,,,
2951,Bolton Beer Works,Bolton,MA,,Brewpub,,2020-03-03T00:00:00,confirmed_date,,not_recorded,,,,,unmatched,,,
2952,GrandTen Distilling,Boston,MA,,Distillery,,YES,confirmed_yes,yes,confirmed_yes,yes,,,,unmatched,,,
2953,Boston Beer Co,Boston,MA,,Micro,,2019-04-20T00:00:00,confirmed_date,,not_recorded,,,,,unmatched,,,
2954,Boston Beer Co,Boston,MA,,Regional,,2019-11-03T00:00:00,confirmed_date,,not_recorded,,,,,unmatched,,,
2955,Night Shift Brewing,Boston,MA,,Brewpub,,2020-02-01T00:00:00,confirmed_date,,not_recorded,,,,,exact,night-shift-brewing,content/breweries/night-shift-brewing.md,
2956,Harpoon Brewery,Boston,MA,,Regional,,2020-02-07T00:00:00,confirmed_date,,not_recorded,,,,,unmatched,,,
2957,Deadwood Brewery / Boston Bowl,Boston,MA,,Brewpub,,2020-03-03T00:00:00,confirmed_date,,not_recorded,,,,,unmatched,,,
2958,Backlash Beer Co,Boston,MA,,Micro,,2020-04-11T00:00:00,confirmed_date,,not_recorded,,,,,unmatched,,,
2959,Cheeky Monkey Brewing Co / Lucky Strike Jillians,Boston,MA,,Brewpub,,2020-04-11T00:00:00,confirmed_date,,not_recorded,,,,,unmatched,,,
2960,Democracy Brewing,Boston,MA,,Brewpub,,,not_recorded,,not_recorded,,,,,unmatched,,,
2961,Trillium Brewing - Fort Point,Boston,MA,,Brewpub,,,not_recorded,,not_recorded,,,,,unmatched,,,
2962,Widowmaker Brewing,Braintree,MA,,Micro,,,not_recorded,,not_recorded,,,,,unmatched,,,
2963,Black Hat Brew Works,Bridgewater,MA,,Micro,,,not_recorded,,not_recorded,,,,,unmatched,,,
2964,Cambridge Brewing Co,Cambridge,MA,,Brewpub,,12/20.2019,date_needs_review,,not_recorded,,,,,unmatched,,,
2965,Lamplighter Brewing Co.,Cambridge,MA,,Micro,,12/20.2019,date_needs_review,,not_recorded,,,,,unmatched,,,
2966,Trillium Brewing,Canton,MA,,Taproom,,2019-05-01T00:00:00,confirmed_date,,not_recorded,,,,,unmatched,,,
2967,Tree House Brewery,Charlton,MA,,Regional,,2019-05-01T00:00:00,confirmed_date,,not_recorded,,,,,unmatched,,,
2968,Leadfoot Brewing,Chicopee,MA,,Taproom,,2020-02-01T00:00:00,confirmed_date,,not_recorded,,,,,unmatched,,,
2969,Stoneman Brewery,Colrain,MA,,Micro,,,not_recorded,,not_recorded,,,,,unmatched,,,
2970,Saltbox Brewery,Concord,MA,,Brewpub,,,not_recorded,,not_recorded,,,,,unmatched,,,
2971,Shire Breu Hous,Dalton,MA,,Brewpub,,2020-02-01T00:00:00,confirmed_date,,not_recorded,,,,,unmatched,,,
2972,Dorchester Brewing Company,Dorchester,MA,,Micro,,2020-03-03T00:00:00,confirmed_date,,not_recorded,,,,,unmatched,,,
2973,Timberyard Brewing Co.,East Brookfield,MA,,Brewpub,,,not_recorded,,not_recorded,,,,,unmatched,,,
2974,6A Brewing Company,East Sandwich,MA,,Micro,,2020-02-01T00:00:00,confirmed_date,,not_recorded,,,,,unmatched,,,
2975,Abandoned Building Brewery,Easthampton,MA,,Micro,,2019-08-29T00:00:00,confirmed_date,,not_recorded,,,,,unmatched,,,
2976,Bear and Bramble Brewing Company,Easthampton,MA,,Proprietor,,2020-03-03T00:00:00,confirmed_date,,not_recorded,,,,,unmatched,,,
2977,New City Brewery,Easthampton,MA,,Taproom,,2020-03-03T00:00:00,confirmed_date,,not_recorded,,,,,unmatched,,,
2978,Opa Opa Brewery,Easthampton,MA,,Contract,,2020-03-03T00:00:00,confirmed_date,,not_recorded,,,,,unmatched,,,
2979,Fort Hill Brewery,Easthampton,MA,,Micro,,2020-04-11T00:00:00,confirmed_date,,not_recorded,,,,,unmatched,,,
2980,Bad Martha Farmer’s Brewery,Edgartown,MA,,Taproom,,,not_recorded,,not_recorded,,,,,unmatched,,,
2981,"Night Shift Brewing, Inc",Everett,MA,,Regional,,2019-05-01T00:00:00,confirmed_date,yes,confirmed_yes,yes,https://nightshiftbrewing.com/,https://www.instagram.com/nightshiftbrewing/,https://twitter.com/NightShiftBeer,exact,night-shift-brewing,content/breweries/night-shift-brewing.md,
2982,Bearmoose Brewing Company,Everett,MA,,Taproom,,12/20.2019,date_needs_review,yes,confirmed_yes,,,,,exact,bearmoose-brewing-company,content/breweries/bearmoose-brewing-company.md,
2983,Down the Road Brewery,Everett,MA,,Micro,,2020-04-11T00:00:00,confirmed_date,,not_recorded,,,,,exact,down-the-road-brewery,content/breweries/down-the-road-brewery.md,
2984,Bone Up Brewing Co.,Everett,MA,,Taproom,,,not_recorded,,not_recorded,,,,,unmatched,,,
2985,Troy City Brewing,Fall River,MA,,Taproom,,2020-04-11T00:00:00,confirmed_date,,not_recorded,,,,,unmatched,,,
2986,Canned Heat Craft Beer Company,Fall River,MA,,Taproom,,,not_recorded,,not_recorded,,,,,unmatched,,,
2987,Homefield Brewing,Fiskdale,MA,,Brewpub,,,not_recorded,,not_recorded,,,,,unmatched,,,
2988,River Styx Brewing,Fitchburg,MA,,Micro,,,not_recorded,,not_recorded,,,,,unmatched,,,
2989,Building 8 Brewing,Florence,MA,,Micro,,2020-03-03T00:00:00,confirmed_date,,not_recorded,,,,,unmatched,,,
2990,"Brew Practitioners, LLC.",Florence,MA,,Taproom,,2020-04-11T00:00:00,confirmed_date,,not_recorded,,,,,unmatched,,,
2991,Exhibit ‘A’ Brewing Co.,Framingham,MA,,Taproom,,2020-04-11T00:00:00,confirmed_date,,not_recorded,,,,,unmatched,,,
2992,John Harvards Brew House - Framingham,Framingham,MA,,Brewpub,,2020-04-11T00:00:00,confirmed_date,,not_recorded,,,,,unmatched,,,
2993,Jack’s Abby Brewing,Framingham,MA,,Regional,,12/20.2019,date_needs_review,,not_recorded,,,,,unmatched,,,
2994,"Moon Hill Brewing Co., Inc.",Gardner,MA,,Brewpub,,2020-04-11T00:00:00,confirmed_date,,not_recorded,,,,,unmatched,,,
2995,Lost Towns Brewing Company,Gilbertville,MA,,Taproom,,2020-04-11T00:00:00,confirmed_date,,not_recorded,,,,,unmatched,,,
2996,Agape Beer Company LLC,Gloucester,MA,,Micro,,2019-08-29T00:00:00,confirmed_date,,not_recorded,,,,,unmatched,,,
2997,Cape Ann Brewing Co,Gloucester,MA,,Brewpub,,,not_recorded,,not_recorded,,,,,unmatched,,,
2998,Barrington Brewery and Restaurant,Great Barrington,MA,,Brewpub,,2020-04-11T00:00:00,confirmed_date,,not_recorded,,,,,unmatched,,,
2999,The Peoples Pint / Franklin County Brewing Co,Greenfield,MA,,Brewpub,,2020-03-03T00:00:00,confirmed_date,,not_recorded,,,,,unmatched,,,
3000,Scantic River Brewery,Hampden,MA,,Taproom,,2020-03-03T00:00:00,confirmed_date,,not_recorded,,,,,unmatched,,,
3001,Burke’s Alewerks,Hanover,MA,,Taproom,,2020-02-01T00:00:00,confirmed_date,,not_recorded,,,,,unmatched,,,
3002,The Tap Brewing Company,Haverhill,MA,,Brewpub,,,not_recorded,,not_recorded,,,,,unmatched,,,
3003,Entitled Beer Company,Hingham,MA,,Contract,,2020-03-03T00:00:00,confirmed_date,,not_recorded,,,,,unmatched,,,
3004,Hingham Beer Works,Hingham,MA,,Brewpub,,2020-03-03T00:00:00,confirmed_date,,not_recorded,,,,,unmatched,,,
3005,Seven Saws Brewing,Holden,MA,,Taproom,,2020-03-03T00:00:00,confirmed_date,,not_recorded,,,,,unmatched,,,
3006,Holyoke Craft Beer,Holyoke,MA,,Micro,,,not_recorded,,not_recorded,,,,,unmatched,,,
3007,Start Line Brewing Company,Hopkinton,MA,,Taproom,,,not_recorded,,not_recorded,,,,,unmatched,,,
3008,Medusa Brewing Company,Hudson,MA,,Taproom,,2020-03-03T00:00:00,confirmed_date,,not_recorded,,,,,unmatched,,,
3009,Cape Cod Beer,Hyannis,MA,,Micro,,2020-04-11T00:00:00,confirmed_date,,not_recorded,,,,,unmatched,,,
3010,Barnstable Brewing,Hyannis,MA,,Taproom,,,not_recorded,,not_recorded,,,,,unmatched,,,
3011,Rustic Brewing Company,Indian Orchard,MA,,Taproom,,2020-04-11T00:00:00,confirmed_date,,not_recorded,,,,,unmatched,,,
3012,Ipswich Ale Brewery,Ipswich,MA,,Regional,,2020-03-03T00:00:00,confirmed_date,,not_recorded,,,,,unmatched,,,
3013,True North Ale Company,Ipswich,MA,,Taproom,,,not_recorded,,not_recorded,,,,,unmatched,,,
3014,Turtle Swamp Brewing,Jamaica Plain,MA,,Taproom,,2019-05-01T00:00:00,confirmed_date,yes,confirmed_yes,yes,,,,exact,turtle-swamp-brewing,content/breweries/turtle-swamp-brewing.md,
3015,Bay State Beer Company,Leicester,MA,,Micro,,,not_recorded,,not_recorded,,,,,unmatched,,,
3016,Merrimack Ales,Lowell,MA,,Micro,,2020-02-07T00:00:00,confirmed_date,,not_recorded,,,,,unmatched,,,
3017,Navigation Brewing Co,Lowell,MA,,Taproom,,2020-03-03T00:00:00,confirmed_date,,not_recorded,,,,,unmatched,,,
3018,Lowell Beer Works,Lowell,MA,,Brewpub,,,not_recorded,,not_recorded,,,,,unmatched,,,
3019,Iron Duke Brewing Co,Ludlow,MA,,Micro,,,not_recorded,,not_recorded,,,,,unmatched,,,
3020,Vanished Valley Brewing Company,Ludlow,MA,,Taproom,,,not_recorded,,not_recorded,,,,,unmatched,,,
3021,Bent Water Brewing Company,Lynn,MA,,Micro,,2020-03-03T00:00:00,confirmed_date,,not_recorded,,,,,unmatched,,,
3022,Idle Hands Craft Ales,Malden,MA,,Taproom,,2019-05-01T00:00:00,confirmed_date,,not_recorded,,,,,unmatched,,,
3023,Marblehead Brewing Company,Marblehead,MA,,Micro,,2020-03-03T00:00:00,confirmed_date,,not_recorded,,,,,unmatched,,,
3024,Strange Brewery,Marlborough,MA,,Taproom,,2020-03-03T00:00:00,confirmed_date,,not_recorded,,,,,exact,strange-brewery,content/breweries/strange-brewery.md,
3025,Flying Dreams Brewing Co,Marlborough,MA,,Taproom,,,not_recorded,,not_recorded,,,,,unmatched,,,
3026,Lost Shoe Brewing and Roasting Company,Marlborough,MA,,Taproom,,,not_recorded,,not_recorded,,,,,unmatched,,,
3027,Stellwagen Beer Company,Marshfield,MA,,Taproom,,2020-04-11T00:00:00,confirmed_date,,not_recorded,,,,,unmatched,,,
3028,Naukabout Brewery,Mashpee,MA,,Micro,,,not_recorded,,not_recorded,,,,,unmatched,,,
3029,Battle Road Brewing Co,Maynard,MA,,Contract,,2020-03-03T00:00:00,confirmed_date,,not_recorded,,,,,unmatched,,,
3030,Amory’s Tomb Brewing Co,Maynard,MA,,Micro,,,not_recorded,,not_recorded,,,,,unmatched,,,
3031,ZeLUS Beer Company,Medfield,MA,,Contract,,2020-02-07T00:00:00,confirmed_date,,not_recorded,,,,,unmatched,,,
3032,7th Wave Brewing,Medfield,MA,,Taproom,,2020-03-03T00:00:00,confirmed_date,,not_recorded,,,,,unmatched,,,
3033,"CraftRoots Brewing, LLC.",Milford,MA,,Taproom,,2020-03-03T00:00:00,confirmed_date,,not_recorded,,,,,unmatched,,,
3034,Element Brewing Co,Millers Falls,MA,,Micro,,,not_recorded,,not_recorded,,,,,unmatched,,,
3035,Cisco Brewers,Nantucket,MA,,Brewpub,,2020-02-07T00:00:00,confirmed_date,,not_recorded,,,,,unmatched,,,
3036,Lookout Farm Brewing And Cider Co,Natick,MA,,Taproom,,,not_recorded,,not_recorded,,,,,unmatched,,,
3037,Moby Dick Brewing Co.,New Bedford,MA,,Brewpub,,2020-02-07T00:00:00,confirmed_date,,not_recorded,,,,,unmatched,,,
3038,Riverwalk Brewing Co.,Newburyport,MA,,Micro,,2020-02-07T00:00:00,confirmed_date,,not_recorded,,,,,unmatched,,,
3039,Newburyport Brewing Co,Newburyport,MA,,Micro,,2020-03-03T00:00:00,confirmed_date,,not_recorded,,,,,unmatched,,,
3040,Hopsters,Newton,MA,,Brewpub,,,not_recorded,,not_recorded,,,,,unmatched,,,
3041,Bright Ideas Brewing,North Adams,MA,,Taproom,,2020-03-03T00:00:00,confirmed_date,,not_recorded,,,,,unmatched,,,
3042,Progression Brewing Company,Northampton,MA,,Brewpub,,2020-02-07T00:00:00,confirmed_date,,not_recorded,,,,,unmatched,,,
3043,Northampton Brewery,Northampton,MA,,Brewpub,,2020-03-03T00:00:00,confirmed_date,,not_recorded,,,,,unmatched,,,
3044,Bog Iron Brewing Co,Norton,MA,,Micro,,2020-02-07T00:00:00,confirmed_date,,not_recorded,,,,,unmatched,,,
3045,Castle Island Brewing Co.,Norwood,MA,,Micro,,,not_recorded,,not_recorded,,,,,unmatched,,,
3046,Percival Brewing Company,Norwood,MA,,Taproom,,,not_recorded,,not_recorded,,,,,unmatched,,,
3047,Offshore Ale Co,Oak Bluffs,MA,,Brewpub,,,not_recorded,,not_recorded,,,,,unmatched,,,
3048,Honest Weight Artisan Beer,Orange,MA,,Taproom,,2020-04-11T00:00:00,confirmed_date,,not_recorded,,,,,unmatched,,,
3049,Hog Island Beer Company,Orleans,MA,,Micro,,2020-03-03T00:00:00,confirmed_date,,not_recorded,,,,,unmatched,,,
3050,Granite Coast Brewing Company,Peabody,MA,,Taproom,,2020-03-03T00:00:00,confirmed_date,,not_recorded,,,,,unmatched,,,
3051,Essex County Brewing Co,Peabody,MA,,Taproom,,,not_recorded,,not_recorded,,,,,unmatched,,,
3052,Wandering Star Brewing Co,Pittsfield,MA,,Micro,,2020-02-07T00:00:00,confirmed_date,,not_recorded,,,,,unmatched,,,
3053,Harper Lane Brewery,Plymouth,MA,,Proprietor,,2020-03-03T00:00:00,confirmed_date,,not_recorded,,,,,unmatched,,,
3054,Independent Fermentations Brewing,Plymouth,MA,,Taproom,,2020-03-03T00:00:00,confirmed_date,,not_recorded,,,,,unmatched,,,
3055,Mayflower Brewing Co,Plymouth,MA,,Micro,,2020-04-11T00:00:00,confirmed_date,,not_recorded,,,,,unmatched,,,
3056,Plymouth Beer Company / Dirty Water Distillery,Plymouth,MA,,Taproom,,,not_recorded,,not_recorded,,,,,unmatched,,,
3057,Second Wind Brewing Company,Plymouth,MA,,Taproom,,,not_recorded,,not_recorded,,,,,unmatched,,,
3058,Provincetown Brewing Co.,Provincetown,MA,,Brewpub,,2020-03-03T00:00:00,confirmed_date,,not_recorded,,,,,unmatched,,,
3059,Crue Brew Brewery,Raynham,MA,,Taproom,,,not_recorded,,not_recorded,,,,,unmatched,,,
3060,East Regiment Beer Company,Salem,MA,,Taproom,,2020-03-03T00:00:00,confirmed_date,,not_recorded,,,,,unmatched,,,
3061,Notch Brewing,Salem,MA,,Micro,,,not_recorded,,not_recorded,,,,,unmatched,,,
3062,Untold Brewing,Scituate,MA,,Taproom,,2020-04-11T00:00:00,confirmed_date,,not_recorded,,,,,unmatched,,,
3063,Big Elm Brewing,Sheffield,MA,,Taproom,,,not_recorded,,not_recorded,,,,,unmatched,,,
3064,Floodwater Brewing Co,Shelburne Falls,MA,,Taproom,,,not_recorded,,not_recorded,,,,,unmatched,,,
3065,Aeronaut Brewing Company,Somerville,MA,,Taproom,,2019-08-29T00:00:00,confirmed_date,,not_recorded,,,,,unmatched,,,
3066,Somerville Brewing Company,Somerville,MA,,Micro,,2020-04-11T00:00:00,confirmed_date,,not_recorded,,,,,unmatched,,,
3067,Remnant Brewing,Somerville,MA,,Taproom,,,not_recorded,,not_recorded,,,,,unmatched,,,
3068,Winter Hill Brewing Company,Somerville,MA,,Brewpub,,,not_recorded,,not_recorded,,,,,unmatched,,,
3069,Berkshire Brewing Co Inc,South Deerfield,MA,,Regional,,2020-03-03T00:00:00,confirmed_date,,not_recorded,,,,,unmatched,,,
3070,Devil’s Purse Brewing Co,South Dennis,MA,,Micro,,,not_recorded,,not_recorded,,,,,unmatched,,,
3071,Drunken Rabbit Brewing,South Hadley,MA,,Micro,,,not_recorded,,not_recorded,,,,,unmatched,,,
3072,Black Rabbit Farm,Southwick,MA,,Taproom,,2020-03-03T00:00:00,confirmed_date,,not_recorded,,,,,unmatched,,,
3073,Westfield River Brewing Co,Southwick,MA,,Brewpub,,2020-03-03T00:00:00,confirmed_date,,not_recorded,,,,,unmatched,,,
3074,Spencer Brewery,Spencer,MA,,Micro,,,not_recorded,,not_recorded,,,,,unmatched,,,
3075,White Lion Brewing Company,Springfield,MA,,Contract,,2020-03-03T00:00:00,confirmed_date,,not_recorded,,,,,unmatched,,,
3076,Rapscallion Ales,Sturbridge,MA,,Micro,,2020-02-07T00:00:00,confirmed_date,,not_recorded,,,,,unmatched,,,
3077,Altruist Brewing Company,Sturbridge,MA,,Taproom,,2020-03-03T00:00:00,confirmed_date,,not_recorded,,,,,unmatched,,,
3078,Brick and Feather Brewery,Turners Falls,MA,,Taproom,,2020-03-03T00:00:00,confirmed_date,,not_recorded,,,,,unmatched,,,
3079,Portico Brewing Co,Waltham,MA,,Contract,,2020-03-03T00:00:00,confirmed_date,,not_recorded,,,,,unmatched,,,
3080,Mighty Squirrel,Waltham,MA,,Micro,,,not_recorded,,not_recorded,,,,,unmatched,,,
3081,Kretschmann Brewing Company,Webster,MA,,Brewpub,,,not_recorded,,not_recorded,,,,,unmatched,,,
3082,Firewood,Wellesley,MA,,,Yes,,not_recorded,,not_recorded,,,,,unmatched,,,
3083,Henry And Fran Brewing,West Boylston,MA,,Micro,,,not_recorded,,not_recorded,,,,,unmatched,,,
3084,Off The Cuff Brewing Company,West Brookfield,MA,,Contract,,2020-03-03T00:00:00,confirmed_date,,not_recorded,,,,,unmatched,,,
3085,Merrimac Brewing Company,West Newbury,MA,,Micro,,2020-04-11T00:00:00,confirmed_date,,not_recorded,,,,,unmatched,,,
3086,Two Weeks Notice Brewing,West Springfield,MA,,Taproom,,,not_recorded,,not_recorded,,,,,unmatched,,,
3087,Cold Harbor Brewing Company,Westborough,MA,,Taproom,,2020-02-01T00:00:00,confirmed_date,,not_recorded,,,,,unmatched,,,
3088,Owen OLearys Restaurant and Brewery,Westborough,MA,,Brewpub,,,not_recorded,,not_recorded,,,,,unmatched,,,
3089,Tin Bridge Brewing,Westfield,MA,,Taproom,,2020-03-03T00:00:00,confirmed_date,,not_recorded,,,,,unmatched,,,
3090,Outlook Farm Brewery,Westhampton,MA,,Micro,,2020-04-11T00:00:00,confirmed_date,,not_recorded,,,,,unmatched,,,
3091,Wachusett Brewing Co,Westminster,MA,,Regional,,2020-03-03T00:00:00,confirmed_date,,not_recorded,,,,,unmatched,,,
3092,Buzzards Bay Brewing Co,Westport,MA,,Taproom,,,not_recorded,,not_recorded,,,,,unmatched,,,
3093,Article Fifteen Brewing,Weymouth,MA,,Taproom,,2019-05-01T00:00:00,confirmed_date,,not_recorded,,,,,unmatched,,,
3094,Vitamin Sea Brewing,Weymouth,MA,,Micro,,2020-02-07T00:00:00,confirmed_date,,not_recorded,,,,,unmatched,,,
3095,Barrel House Z,Weymouth,MA,,Taproom,,2020-04-11T00:00:00,confirmed_date,,not_recorded,,,,,unmatched,,,
3096,Hitchcock Brewing Company,Whately,MA,,Micro,,2020-02-07T00:00:00,confirmed_date,,not_recorded,,,,,unmatched,,,
3097,"Purgatory Beer Co, LLC",Whitinsville,MA,,Taproom,,2020-03-03T00:00:00,confirmed_date,,not_recorded,,,,,unmatched,,,
3098,Old Colony Brewing,Whitman,MA,,Taproom,,,not_recorded,,not_recorded,,,,,unmatched,,,
3099,Fieldcrest Brewing Company,Wilbraham,MA,,Taproom,,2020-03-03T00:00:00,confirmed_date,,not_recorded,,,,,unmatched,,,
3100,Brewmasters Tavern / Brewmasters Brewing Services,Williamsburg,MA,,Micro,,2019-10-25T00:00:00,confirmed_date,,not_recorded,,,,,unmatched,,,
3101,Lord Hobo Brewing Co,Woburn,MA,,Regional,,2020-03-03T00:00:00,confirmed_date,,not_recorded,,,,,unmatched,,,
3102,Flying Dreams Brewing Co.,Worcester,MA,,Micro,,2020-03-03T00:00:00,confirmed_date,,not_recorded,,,,,unmatched,,,
3103,Wormtown Brewery,Worcester,MA,,Regional,,2020-03-03T00:00:00,confirmed_date,,not_recorded,,,,,unmatched,,,
3104,3cross Fermentation Cooperative,Worcester,MA,,Taproom,,,not_recorded,,not_recorded,,,,,unmatched,,,
3105,Greater Good Imperial Brew Co,Worcester,MA,,Micro,,,not_recorded,,not_recorded,,,,,unmatched,,,
3106,Redemption Rock Brewing Co,Worcester,MA,,Micro,,,not_recorded,,not_recorded,,,,,unmatched,,,
3107,Mad Science Brewing Company,Adamstown,MD,,Taproom,,2020-04-11T00:00:00,confirmed_date,,not_recorded,,,,,unmatched,,,
3108,Chesapeake Brewing Co,Annapolis,MD,,Brewpub,,2020-02-07T00:00:00,confirmed_date,,not_recorded,,,,,unmatched,,,
3109,Gordon Biersch Brewery Restaurant - Annapolis,Annapolis,MD,,Brewpub,,2020-03-03T00:00:00,confirmed_date,,not_recorded,,,,,unmatched,,,
3110,Full Tilt Brewing,Baltimore,MD,,Taproom,,2020-02-01T00:00:00,confirmed_date,,not_recorded,,,,,unmatched,,,
3111,Gordon Biersch Brewery Restaurant - Baltimore,Baltimore,MD,,Brewpub,,2020-02-01T00:00:00,confirmed_date,,not_recorded,,,,,unmatched,,,
3112,Pratt Street Ale House,Baltimore,MD,,Brewpub,,2020-02-01T00:00:00,confirmed_date,,not_recorded,,,,,unmatched,,,
3113,Wet City Brewing,Baltimore,MD,,Brewpub,,2020-02-01T00:00:00,confirmed_date,,not_recorded,,,,,unmatched,,,
3114,DuClaw Brewing Co,Baltimore,MD,,Regional,,2020-02-07T00:00:00,confirmed_date,,not_recorded,,,,,unmatched,,,
3115,Nepenthe Brewing Co.,Baltimore,MD,,Brewpub,,2020-02-07T00:00:00,confirmed_date,,not_recorded,,,,,unmatched,,,
3116,Peabody Heights Brewery,Baltimore,MD,,Micro,,2020-02-07T00:00:00,confirmed_date,,not_recorded,,,,,unmatched,,,
3117,Heavy Seas Beer,Baltimore,MD,,Regional,,2020-03-03T00:00:00,confirmed_date,,not_recorded,,,,,unmatched,,,
3118,Mobtown Brewing Co,Baltimore,MD,,Taproom,,2020-03-03T00:00:00,confirmed_date,,not_recorded,,,,,unmatched,,,
3119,Oliver Brewing Company,Baltimore,MD,,Micro,,2020-03-03T00:00:00,confirmed_date,,not_recorded,,,,,unmatched,,,
3120,Stillwater Artisanal Ales,Baltimore,MD,,Contract,,2020-03-03T00:00:00,confirmed_date,,not_recorded,,,,,unmatched,,,
3121,Suspended Brewing Co,Baltimore,MD,,Taproom,,2020-03-03T00:00:00,confirmed_date,,not_recorded,,,,,unmatched,,,
3122,Waverly Brewing Company,Baltimore,MD,,Taproom,,2020-03-03T00:00:00,confirmed_date,,not_recorded,,,,,unmatched,,,
3123,Dempsey’s Brew Pub and Restaurant - Baltimore,Baltimore,MD,,Brewpub,,2020-04-11T00:00:00,confirmed_date,,not_recorded,,,,,unmatched,,,
3124,Diamondback Brewing Company,Baltimore,MD,,Taproom,,2020-04-11T00:00:00,confirmed_date,,not_recorded,,,,,unmatched,,,
3125,Checkerspot Brewing Company,Baltimore,MD,,Taproom,,,not_recorded,,not_recorded,,,,,unmatched,,,
3126,Monument City Brewing Co,Baltimore,MD,,Micro,,,not_recorded,,not_recorded,,,,,unmatched,,,
3127,The Brewer’s Art / Old Line Brewery LLC,Baltimore,MD,,Brewpub,,,not_recorded,,not_recorded,,,,,unmatched,,,
3128,Union Craft Brewing,Baltimore,MD,,Micro,,,not_recorded,,not_recorded,,,,,unmatched,,,
3129,White Marsh Brewing Co/Red Brick Station,Baltimore,MD,,Brewpub,,,not_recorded,,not_recorded,,,,,unmatched,,,
3130,Baltimore Washington Beer Works,Baltimore. MD,MD,,Contract,,2020-03-03T00:00:00,confirmed_date,,not_recorded,,,,,unmatched,,,
3131,AleCraft Brewery,Bel Air,MD,,Taproom,,2019-08-29T00:00:00,confirmed_date,,not_recorded,,,,,unmatched,,,
3132,Independent Brewing Company,Bel Air,MD,,Taproom,,,not_recorded,,not_recorded,,,,,unmatched,,,
3133,Burley Oak Craft Brewery,Berlin,MD,,Micro,,2020-03-03T00:00:00,confirmed_date,,not_recorded,,,,,unmatched,,,
3134,Rock Bottom Brewery - Bethesda,Bethesda,MD,,Brewpub,,2020-03-03T00:00:00,confirmed_date,,not_recorded,,,,,unmatched,,,
3135,Tuppers Hop Pocket Ale,Bethesda,MD,,Contract,,2020-03-03T00:00:00,confirmed_date,,not_recorded,,,,,unmatched,,,
3136,Brookeville Beer Farm,Brookeville,MD,,Taproom,,,not_recorded,,not_recorded,,,,,unmatched,,,
3137,Smoketown Brewing Station,Brunswick,MD,,Micro,,,not_recorded,,not_recorded,,,,,unmatched,,,
3138,RAR Brewing,Cambridge,MD,,Proprietor,,2019-11-03T00:00:00,confirmed_date,,not_recorded,,,,,unmatched,,,
3139,Bull and Goat Brewery,Centreville,MD,,Taproom,,2020-02-01T00:00:00,confirmed_date,,not_recorded,,,,,unmatched,,,
3140,Bayheads Brewing Company,Chesapeake City,MD,,Taproom,,2020-03-03T00:00:00,confirmed_date,,not_recorded,,,,,unmatched,,,
3141,Hysteria Brewing Company,Columbia,MD,,Taproom,,2020-02-01T00:00:00,confirmed_date,,not_recorded,,,,,unmatched,,,
3142,Black Flag Brewing Company,Columbia,MD,,Taproom,,2020-04-11T00:00:00,confirmed_date,,not_recorded,,,,,unmatched,,,
3143,Reckless Ale Works,Columbia,MD,,Brewpub,,2020-04-11T00:00:00,confirmed_date,,not_recorded,,,,,unmatched,,,
3144,Sapwood Cellars,Columbia,MD,,Taproom,,,not_recorded,,not_recorded,,,,,unmatched,,,
3145,Chesepiooc Real Ale Brewery,Crofton,MD,,Taproom,,2020-03-03T00:00:00,confirmed_date,,not_recorded,,,,,unmatched,,,
3146,1812 Brewery,Cumberland,MD,,Taproom,,2019-08-29T00:00:00,confirmed_date,,not_recorded,,,,,unmatched,,,
3147,Market Street Public House,Denton,MD,,Brewpub,,2019-10-25T00:00:00,confirmed_date,,not_recorded,,,,,unmatched,,,
3148,True Respite Brewing Company,Derwood,MD,,Micro,,2020-02-07T00:00:00,confirmed_date,,not_recorded,,,,,unmatched,,,
3149,Ruddy Duck Brewery and Grill,Dowell,MD,,Brewpub,,,not_recorded,,not_recorded,,,,,unmatched,,,
3150,Key Brewing Co.,Dundalk,MD,,Micro,,2020-03-03T00:00:00,confirmed_date,,not_recorded,,,,,unmatched,,,
3151,National Brewing Company,Easton,MD,,Contract,,2020-03-03T00:00:00,confirmed_date,,not_recorded,,,,,exact,national-brewing-company,content/breweries/national-brewing-company.md,
3152,Elk River Brewing Co.,Elkton,MD,,Taproom,,2020-03-03T00:00:00,confirmed_date,,not_recorded,,,,,unmatched,,,
3153,Valhalla Brewing Company,Elkton,MD,,Brewpub,,2020-04-11T00:00:00,confirmed_date,,not_recorded,,,,,unmatched,,,
3154,"Maryland Beer Company, LLC",Elkton,MD,,Taproom,,,not_recorded,,not_recorded,,,,,unmatched,,,
3155,Ellicott Mills Brewing Co,Ellicott City,MD,,Brewpub,,,not_recorded,,not_recorded,,,,,unmatched,,,
3156,Manor Hill Brewing,Ellicott City,MD,,Micro,,,not_recorded,,not_recorded,,,,,unmatched,,,
3157,Barley and Hops Grill,Frederick,MD,,Brewpub,,2020-03-03T00:00:00,confirmed_date,,not_recorded,,,,,unmatched,,,
3158,Flying Dog Brewery,Frederick,MD,,Regional,,2020-03-03T00:00:00,confirmed_date,,not_recorded,,,,,unmatched,,,
3159,Steinhardt Brewing Company,Frederick,MD,,Micro,,2020-03-03T00:00:00,confirmed_date,,not_recorded,,,,,unmatched,,,
3160,Attaboy Beer,Frederick,MD,,Taproom,,,not_recorded,,not_recorded,,,,,unmatched,,,
3161,Brewer’s Alley Restaurant and Brewery,Frederick,MD,,Brewpub,,,not_recorded,,not_recorded,,,,,unmatched,,,
3162,House Cat Brewing Company,Frederick,MD,,Taproom,,,not_recorded,,not_recorded,,,,,unmatched,,,
3163,"Idiom Brewing Company, LLC",Frederick,MD,,Taproom,,,not_recorded,,not_recorded,,,,,unmatched,,,
3164,Monocacy Brewing Co,Frederick,MD,,Micro,,,not_recorded,,not_recorded,,,,,unmatched,,,
3165,"Olde Mother Brewing, LLC",Frederick,MD,,Taproom,,,not_recorded,,not_recorded,,,,,unmatched,,,
3166,Rockwell Brewery,Frederick,MD,,Taproom,,,not_recorded,,not_recorded,,,,,unmatched,,,
3167,East Diamond Brewing Company,Gaithersburg,MD,,Brewpub,,2020-03-03T00:00:00,confirmed_date,,not_recorded,,,,,unmatched,,,
3168,Brawling Bear,Gaithersburg,MD,,Micro,,,not_recorded,,not_recorded,,,,,unmatched,,,
3169,Elder Pine Brewing & Blending Co,Gaithersburg,MD,,Micro,,,not_recorded,,not_recorded,,,,,unmatched,,,
3170,Waredaca Brewing Company,Gaithersburg,MD,,Taproom,,,not_recorded,,not_recorded,,,,,unmatched,,,
3171,"Antietam Brewery,LLC",Hagerstown,MD,,Micro,,,not_recorded,,not_recorded,,,,,unmatched,,,
3172,Guinness Open Gate Brewery and Barrel House,Halethorpe,MD,,Largge,,2019-10-25T00:00:00,confirmed_date,,not_recorded,,,,,unmatched,,,
3173,Ruhlman Brewery/Our Ales,Hampstead,MD,,Taproom,,2020-04-11T00:00:00,confirmed_date,,not_recorded,,,,,unmatched,,,
3174,B.C. Brewery,Hunt Valley,MD,,Brewpub,,,not_recorded,,not_recorded,,,,,unmatched,,,
3175,Franklins General Store,Hyattsville,MD,,Brewpub,,,not_recorded,,not_recorded,,,,,unmatched,,,
3176,Streetcar 82 Brewing Co.,Hyattsville,MD,,Taproom,,,not_recorded,,not_recorded,,,,,unmatched,,,
3177,Jailbreak Brewing Company,Laurel,MD,,Micro,,2019-10-25T00:00:00,confirmed_date,,not_recorded,,,,,unmatched,,,
3178,Union Collective,Medfield,MD,,Microbrewery,,2020-03-03T00:00:00,confirmed_date,,not_recorded,,,,,unmatched,,,
3179,Pooles Island Brewing Company,Middle River,MD,,Taproom,,2020-03-03T00:00:00,confirmed_date,,not_recorded,,,,,unmatched,,,
3180,Inverness Brewing,Monkton,MD,,Taproom,,2020-03-03T00:00:00,confirmed_date,,not_recorded,,,,,unmatched,,,
3181,Frey’s Brewing Company,Mount Airy,MD,,Micro,,2020-04-11T00:00:00,confirmed_date,,not_recorded,,,,,unmatched,,,
3182,Red Shedman Farm Brewery,Mount Airy,MD,,Micro,,2020-04-11T00:00:00,confirmed_date,,not_recorded,,,,,unmatched,,,
3183,Milkhouse Brewery at Stillpoint Farm,Mount Airy,MD,,Taproom,,,not_recorded,,not_recorded,,,,,unmatched,,,
3184,Ironweed Ale Werks,Ocean City,MD,,Brewpub,,2020-02-07T00:00:00,confirmed_date,,not_recorded,,,,,unmatched,,,
3185,Backshore Brewing Co.,Ocean City,MD,,Brewpub,,,not_recorded,,not_recorded,,,,,unmatched,,,
3186,Crooked Crab Brewing Company,Odenton,MD,,Taproom,,2020-03-03T00:00:00,confirmed_date,,not_recorded,,,,,unmatched,,,
3187,Scorpion Brewing,Owings,MD,,Taproom,,,not_recorded,,not_recorded,,,,,unmatched,,,
3188,Granite City Food & Brewery,Oxon Hill,MD,,Brewpub,,,not_recorded,,not_recorded,,,,,unmatched,,,
3189,Tall Tales Brewing Co. LLC,Parsonsburg,MD,,Brewpub,,,not_recorded,,not_recorded,,,,,unmatched,,,
3190,Mully’s Brewery,Prince Frederick,MD,,Taproom,,2020-03-03T00:00:00,confirmed_date,,not_recorded,,,,,unmatched,,,
3191,Calvert Brewing Co,Prince Frederick,MD,,Micro,,,not_recorded,,not_recorded,,,,,unmatched,,,
3192,Farmacy Brewing,REISTERSTOWN,MD,,Taproom,,,not_recorded,,not_recorded,,,,,unmatched,,,
3193,Denizens Brewing Company,Riverdale,MD,,Brewpub,,2020-02-07T00:00:00,confirmed_date,,not_recorded,,,,,unmatched,,,
3194,7 Locks Brewing,Rockville,MD,,Micro,,2020-03-03T00:00:00,confirmed_date,,not_recorded,,,,,unmatched,,,
3195,Saints Row Brewing,Rockville,MD,,Taproom,,2020-03-03T00:00:00,confirmed_date,,not_recorded,,,,,unmatched,,,
3196,Gordon Biersch Brewery Restaurant - Rockville,Rockville,MD,,Brewpub,,2020-04-11T00:00:00,confirmed_date,,not_recorded,,,,,unmatched,,,
3197,Eastern Shore Brewing,Saint Michaels,MD,,Taproom,,2020-03-03T00:00:00,confirmed_date,,not_recorded,,,,,unmatched,,,
3198,Evolution Craft Brewing Co - Salisbury,Salisbury,MD,,Brewpub,,2020-02-01T00:00:00,confirmed_date,,not_recorded,,,,,unmatched,,,
3199,Evolution Craft Brewing Co,Salisbury,MD,,Regional,,2020-02-07T00:00:00,confirmed_date,,not_recorded,,,,,unmatched,,,
3200,Astro Lab Brewing,Silver Spring,MD,,Taproom,,2020-02-01T00:00:00,confirmed_date,,not_recorded,,,,,unmatched,,,
3201,Silver Branch Brewing Company,Silver Spring,MD,,Micro,,2020-02-01T00:00:00,confirmed_date,,not_recorded,,,,,unmatched,,,
3202,Denizens Brewing Company,Silver Spring,MD,,Brewpub,,,not_recorded,,not_recorded,,,,,unmatched,,,
3203,Cult Classic Brewing,Stevensville,MD,,Taproom,,2020-04-11T00:00:00,confirmed_date,,not_recorded,,,,,unmatched,,,
3204,Falling Branch Brewery,Street,MD,,Micro,,2019-11-27T00:00:00,confirmed_date,,not_recorded,,,,,unmatched,,,
3205,Patriot Acres Farm Brewery,Sudlersville,MD,,Taproom,,2020-04-11T00:00:00,confirmed_date,,not_recorded,,,,,unmatched,,,
3206,Calvert Brewing Co,Upper Marlboro,MD,,Micro,,2020-04-11T00:00:00,confirmed_date,,not_recorded,,,,,unmatched,,,
3207,Patuxent Brewing Co,Waldorf,MD,,Taproom,,,not_recorded,,not_recorded,,,,,unmatched,,,
3208,"1623 Brewing CO, llc",Westminister,MD,,Proprietor,,2019-08-29T00:00:00,confirmed_date,,not_recorded,,,,,unmatched,,,
3209,Johanssons Dining House,Westminster,MD,,Brewpub,,,not_recorded,,not_recorded,,,,,unmatched,,,
3210,Pub Dog Brewing Company,Westminster,MD,,Micro,,,not_recorded,,not_recorded,,,,,unmatched,,,
3211,Costa Ventosa Winery & Vineyard,Whaleyville,MD,,Brewpub,,2020-02-07T00:00:00,confirmed_date,,not_recorded,,,,,unmatched,,,
3212,Slate Farm Brewery,Whiteford,MD,,Brewpub,,,not_recorded,,not_recorded,,,,,unmatched,,,
3213,Cushwa Brewing Co,Williamsport,MD,,Micro,,2020-02-07T00:00:00,confirmed_date,,not_recorded,,,,,unmatched,,,
3214,Airline Brewing Company,Amherst,ME,,Taproom,,2019-08-29T00:00:00,confirmed_date,,not_recorded,,,,,exact,airline-brewing-company,content/breweries/airline-brewing-company.md,
3215,Gritty McDuffs - Lewiston/Auburn,Auburn,ME,,Brewpub,,2019-10-29T00:00:00,confirmed_date,,not_recorded,,,,,unmatched,,,
3216,Side By Each Brewing Co,Auburn,ME,,Micro,,,not_recorded,,not_recorded,,,,,unmatched,,,
3217,Cushnoc Brewing Company,Augusta,ME,,Brewpub,,2019-04-20T00:00:00,confirmed_date,,not_recorded,,,,,unmatched,,,
3218,2 Feet Brewing Company,Bangor,ME,,Brewpub,,2019-04-20T00:00:00,confirmed_date,,not_recorded,,,,,unmatched,,,
3219,Orono Brewing Bangor Draught Room,Bangor,ME,,Micro,,2019-04-20T00:00:00,confirmed_date,,not_recorded,,,,,unmatched,,,
3220,Geaghan’s Pub & Craft Brewery,Bangor,ME,,Brewpub,,2020-03-03T00:00:00,confirmed_date,,not_recorded,,,,,unmatched,,,
3221,Bangor Beer Co.,Bangor,ME,,Brewpub,,2020-04-11T00:00:00,confirmed_date,,not_recorded,,,,,unmatched,,,
3222,Sea Dog Brewing Co - Bangor,Bangor,ME,,Brewpub,,,not_recorded,,not_recorded,,,,,unmatched,,,
3223,Atlantic Brewing Co / Bar Harbor Brewing,Bar Harbor,ME,,Brewpub,,2020-02-07T00:00:00,confirmed_date,,not_recorded,,,,,unmatched,,,
3224,Atlantic Brewing Co,Bar Harbor,ME,,Micro,,2020-04-11T00:00:00,confirmed_date,,not_recorded,,,,,exact,atlantic-brewing-co,content/breweries/atlantic-brewing-co.md,
3225,Jack Russell’s Steakhouse and Brewery / Maine Coast Brewing Co.,Bar Harbor,ME,,Brewpub,,,not_recorded,,not_recorded,,,,,unmatched,,,
3226,Bath Brewing Company,Bath,ME,,Brewpub,,2019-04-20T00:00:00,confirmed_date,,not_recorded,,,,,unmatched,,,
3227,Marshall Wharf Brewing Co,Belfast,ME,,Micro,,2020-02-07T00:00:00,confirmed_date,,not_recorded,,,,,unmatched,,,
3228,Belfast Bay Brewing Co,Belfast,ME,,Contract,,2020-03-03T00:00:00,confirmed_date,,not_recorded,,,,,unmatched,,,
3229,Corner Point Brewing Company,Berwick,ME,,Taproom,,,not_recorded,,not_recorded,,,,,unmatched,,,
3230,Sunday River Brewing Company,Bethel,ME,,Brewpub,,2019-04-20T00:00:00,confirmed_date,,not_recorded,,,,,unmatched,,,
3231,Steam Mill Brewing,Bethel,ME,,Taproom,,,not_recorded,,not_recorded,,,,,unmatched,,,
3232,Banded Brewing Company,Biddeford,ME,,Micro,,2019-04-20T00:00:00,confirmed_date,yes,confirmed_yes,yes,https://bandedbrewing.com/,https://www.instagram.com/bandedbrewingco/?hl=en,https://twitter.com/BandedBrewingCo,unmatched,,,
3233,Nuts and Bolts Brewing,Biddeford,ME,,Taproom,,2019-10-29T00:00:00,confirmed_date,yes,confirmed_yes,yes,,,,unmatched,,,
3234,Dirigo Brewing Co.,Biddeford,ME,,Micro,,2019-04-20T00:00:00,confirmed_date,,not_recorded,,,,,unmatched,,,
3235,DeepWater Brewing Company,Blue Hill,ME,,Brewpub,,2020-03-03T00:00:00,confirmed_date,,not_recorded,,,,,unmatched,,,
3236,Watershed Tavery & Brewery,Boothbay,ME,,,,2019-10-29T00:00:00,confirmed_date,,not_recorded,,,,,unmatched,,,
3237,"Boothbay Craft Brewery, Inc",Boothbay,ME,,Brewpub,,,not_recorded,,not_recorded,,,,,unmatched,,,
3238,Footbridge Brewery,Boothbay Harbor,ME,,Taproom,,2020-04-11T00:00:00,confirmed_date,,not_recorded,,,,,unmatched,,,
3239,Blank Canvas Brewery,Brewer,ME,,Taproom,,2020-02-01T00:00:00,confirmed_date,,not_recorded,,,,,unmatched,,,
3240,207 Beer Company,Brewer,ME,,Taproom,,2020-03-03T00:00:00,confirmed_date,,not_recorded,,,,,unmatched,,,
3241,Mason’s Brewing Company,Brewer,ME,,Micro,,2020-03-03T00:00:00,confirmed_date,,not_recorded,,,,,unmatched,,,
3242,Geaghan Brothers Brewing Co,Brewer,ME,,Micro,,,not_recorded,,not_recorded,,,,,unmatched,,,
3243,Bear Bones Beer,Bridgton,ME,,Taproom,,2019-04-20T00:00:00,confirmed_date,,not_recorded,,,,,unmatched,,,
3244,Moderation Brewing,Brunswick,ME,,Taproom,,2020-03-03T00:00:00,confirmed_date,,not_recorded,,,,,unmatched,,,
3245,Flight Deck Brewing,Brunswick,ME,,Micro,,2020-04-11T00:00:00,confirmed_date,,not_recorded,,,,,unmatched,,,
3246,Black Pug Brewing,Brunswick,ME,,Taproom,,yes,confirmed_yes,,not_recorded,,,,,unmatched,,,
3247,Friars’ Brewhouse,Bucksport,ME,,Brewpub,,,not_recorded,,not_recorded,,,,,unmatched,,,
3248,Blaze Brewing Company,Camden,ME,,Taproom,,2019-04-20T00:00:00,confirmed_date,,not_recorded,,,,,unmatched,,,
3249,Sea Dog Brewing,Camden,ME,,Micro,,,not_recorded,,not_recorded,,,,,unmatched,,,
3250,Northern Maine Brewing Co,Caribou,ME,,Brewpub,,2020-02-07T00:00:00,confirmed_date,,not_recorded,,,,,unmatched,,,
3251,"Bag and Kettle, The",Carrabassett Valley,ME,,Brewpub,,2020-03-03T00:00:00,confirmed_date,,not_recorded,,,,,unmatched,,,
3252,Shipyard Brew Pub Eliot,Eliot,ME,,Brewpub,,2019-11-27T00:00:00,confirmed_date,,not_recorded,,,,,unmatched,,,
3253,Fogtown Brewing Company,Ellsworth,ME,,Micro,,,not_recorded,,not_recorded,,,,,unmatched,,,
3254,Tumbledown Brewing LLC,Farmington,ME,,Taproom,,2019-04-20T00:00:00,confirmed_date,,not_recorded,,,,,unmatched,,,
3255,First Mile Brewing Company,Fort Kent,ME,,Taproom,,2020-02-01T00:00:00,confirmed_date,,not_recorded,,,,,unmatched,,,
3256,Gritty McDuffs - Freeport,Freeport,ME,,Brewpub,,2019-11-03T00:00:00,confirmed_date,,not_recorded,,,,,unmatched,,,
3257,Maine Beer Co,Freeport,ME,,Regional,,2019-11-13T00:00:00,confirmed_date,,not_recorded,,,,,unmatched,,,
3258,Stars & Stripes Brewing,Freeport,ME,,Taproom,,2020-03-03T00:00:00,confirmed_date,,not_recorded,,,,,unmatched,,,
3259,Saco River Brewing,Fryeburg,ME,,Micro,,2020-02-07T00:00:00,confirmed_date,,not_recorded,,,,,unmatched,,,
3260,Bateau Brewing,Gardiner,ME,,Taproom,,2019-04-20T00:00:00,confirmed_date,,not_recorded,,,,,unmatched,,,
3261,Two Gramps Brewing,Gardiner,ME,,Brewpub,,2020-03-03T00:00:00,confirmed_date,,not_recorded,,,,,unmatched,,,
3262,Sebago Brewing Co,Gorham,ME,,Micro,,2019-04-20T00:00:00,confirmed_date,,not_recorded,,,,,unmatched,,,
3263,Sebago Brewing Co,Gorham,ME,,Micro,,2019-04-20T00:00:00,confirmed_date,,not_recorded,,,,,unmatched,,,
3264,Lone Pine Brewing Company - Gorham Tasting Room,Gorham,ME,,Taproom,,2020-03-03T00:00:00,confirmed_date,,not_recorded,,,,,unmatched,,,
3265,Birchwood Brewing Co,Gray,ME,,Micro,,,not_recorded,,not_recorded,,,,,unmatched,,,
3266,Liberal Cup Public House and Brewery,Hallowell,ME,,Brewpub,,2020-04-11T00:00:00,confirmed_date,,not_recorded,,,,,unmatched,,,
3267,Tattooed Dad Brewing Co,Jackson,ME,,Taproom,,2020-04-11T00:00:00,confirmed_date,,not_recorded,,,,,unmatched,,,
3268,Sebago Brewing,Kennebunk,ME,,Brewpub,,yes,confirmed_yes,yes,confirmed_yes,yes,,,,unmatched,,,
3269,Kennebunkport Brewery / Federal Jacks,Kennebunk,ME,,Brewpub,,2019-04-20T00:00:00,confirmed_date,,not_recorded,,,,,unmatched,,,
3270,Batson River Brewing and Distilling,Kennebunk,ME,,Brewpub,,2019-10-29T00:00:00,confirmed_date,,not_recorded,,,,,unmatched,,,
3271,Tributary Brewing Company,Kittery,ME,,Taproom,,2019-10-29T00:00:00,confirmed_date,,not_recorded,,,,,unmatched,,,
3272,Woodland Farms Brewery,Kittery,ME,,Taproom,,2020-03-03T00:00:00,confirmed_date,,not_recorded,,,,,unmatched,,,
3273,"Baxter Brewing Co, LLC",Lewiston,ME,,Regional,,2020-02-07T00:00:00,confirmed_date,,not_recorded,,,,,unmatched,,,
3274,Bear Bones Beer,Lewiston,ME,,Taproom,,,not_recorded,,not_recorded,,,,,unmatched,,,
3275,Lake St George Brewing Company,Liberty,ME,,Micro,,,not_recorded,,not_recorded,,,,,unmatched,,,
3276,Liberty Craft Brewing,Liberty,ME,,Brewpub,,,not_recorded,,not_recorded,,,,,unmatched,,,
3277,Gneiss Brewing,Limerick,ME,,Taproom,,2019-04-20T00:00:00,confirmed_date,,not_recorded,,,,,unmatched,,,
3278,Andrews Brewing Co,Lincolnville,ME,,Micro,,2020-03-03T00:00:00,confirmed_date,,not_recorded,,,,,unmatched,,,
3279,Lubec Brewing Co,Lubec,ME,,Brewpub,,2020-03-03T00:00:00,confirmed_date,,not_recorded,,,,,unmatched,,,
3280,Funky Bow Brewery & Beer Company,Lyman,ME,,Micro,,2020-03-03T00:00:00,confirmed_date,,not_recorded,,,,,unmatched,,,
3281,Machias River Brewing Company,Machias,ME,,Brewpub,,,not_recorded,,not_recorded,,,,,unmatched,,,
3282,Bissell Brothers Three Rivers,Milo,ME,,Micro,,2020-03-03T00:00:00,confirmed_date,,not_recorded,,,,,unmatched,,,
3283,Monhegan Brewing Co.,Monhegan,ME,,Taproom,,,not_recorded,,not_recorded,,,,,unmatched,,,
3284,Grateful Grain Brewing Company,Monmouth,ME,,Taproom,,2020-03-03T00:00:00,confirmed_date,,not_recorded,,,,,unmatched,,,
3285,Turning Page Farm,Monson,ME,,Taproom,,2020-03-03T00:00:00,confirmed_date,,not_recorded,,,,,unmatched,,,
3286,Gary’s Olde Towne Tavern,Naples,ME,,Brewpub,,2020-04-11T00:00:00,confirmed_date,,not_recorded,,,,,unmatched,,,
3287,NU Brewery,New Gloucester,ME,,Taproom,,2019-11-03T00:00:00,confirmed_date,,not_recorded,,,,,unmatched,,,
3288,Oxbow Brewing Co,Newcastle,ME,,Micro,,2020-02-07T00:00:00,confirmed_date,,not_recorded,,,,,unmatched,,,
3289,North Haven Brewing Company,North Haven,ME,,Taproom,,,not_recorded,,not_recorded,,,,,unmatched,,,
3290,Norway Brewing Company,Norway,ME,,Brewpub,,,not_recorded,,not_recorded,,,,,unmatched,,,
3291,GFB Scottish Pub,Old Orchard Beach,ME,,Brewpub,,,not_recorded,,not_recorded,,,,,unmatched,,,
3292,Marsh Island Brewing Company,Orono,ME,,Micro,,2019-04-20T00:00:00,confirmed_date,,not_recorded,,,,,unmatched,,,
3293,Black Bear Brewery,Orono,ME,,Taproom,,2019-10-29T00:00:00,confirmed_date,,not_recorded,,,,,unmatched,,,
3294,Orono Brewing Company,Orono,ME,,Brewpub,,2020-03-03T00:00:00,confirmed_date,,not_recorded,,,,,unmatched,,,
3295,Orono Brewing Brewery & Draught Room,Orono,ME,,Micro,,,not_recorded,,not_recorded,,,,,unmatched,,,
3296,"Inn On Peaks Island Brewery, The",Peaks Island,ME,,Brewpub,,2020-02-07T00:00:00,confirmed_date,,not_recorded,,,,,unmatched,,,
3297,Gritty McDuffs - Portland,Portland,ME,,Brewpub,,2019-11-03T00:00:00,confirmed_date,yes,confirmed_yes,yes,,,,unmatched,,,
3298,Liquid Riot Bottling,Portland,ME,,Micro,,yes,confirmed_yes,yes,confirmed_yes,yes,,,,exact,liquid-riot-bottling,content/breweries/liquid-riot-bottling.md,
3299,Maine Craft Distilling,Portland,ME,,,,2019-04-20T00:00:00,confirmed_date,,not_recorded,,,,,unmatched,,,
3300,Allagash Brewing Co,Portland,ME,,Regional,,2019-11-13T00:00:00,confirmed_date,,not_recorded,,,,,unmatched,,,
3301,Shipyard Brewing Co,Portland,ME,,Regional,,2019-11-27T00:00:00,confirmed_date,,not_recorded,,,,,unmatched,,,
3302,Brewery Extrava,Portland,ME,,Taproom,,2020-02-01T00:00:00,confirmed_date,,not_recorded,,,,,unmatched,,,
3303,D.L. Geary Brewing Co Inc.,Portland,ME,,Micro,,2020-02-01T00:00:00,confirmed_date,,not_recorded,,,,,unmatched,,,
3304,Lone Pine Brewing Company,Portland,ME,,Micro,,2020-02-07T00:00:00,confirmed_date,,not_recorded,,,,,unmatched,,,
3305,Liquid Riot Bottling Co.,Portland,ME,,Brewpub,,2020-03-03T00:00:00,confirmed_date,,not_recorded,,,,,exact,liquid-riot-bottling,content/breweries/liquid-riot-bottling.md,
3306,Oxbow Blending & Bottling,Portland,ME,,Micro,,2020-03-03T00:00:00,confirmed_date,,not_recorded,,,,,unmatched,,,
3307,Peak Organic Brewing Co,Portland,ME,,Proprietor,,2020-03-03T00:00:00,confirmed_date,,not_recorded,,,,,unmatched,,,
3308,Austin Street Brewery,Portland,ME,,Taproom,,2020-04-11T00:00:00,confirmed_date,,not_recorded,,,,,unmatched,,,
3309,Bissell Brothers Brewing,Portland,ME,,Micro,,2020-04-11T00:00:00,confirmed_date,,not_recorded,,,,,unmatched,,,
3310,Foundation Brewing Company,Portland,ME,,Micro,,2020-04-11T00:00:00,confirmed_date,,not_recorded,,,,,unmatched,,,
3311,Rising Tide Brewing Co,Portland,ME,,Micro,,2020-04-11T00:00:00,confirmed_date,,not_recorded,,,,,unmatched,,,
3312,Austin Street Brewery,Portland,ME,,Taproom,,,not_recorded,,not_recorded,,,,,unmatched,,,
3313,Battery Steele Brewing,Portland,ME,,Micro,,,not_recorded,,not_recorded,,,,,unmatched,,,
3314,Bunker Brewing Co,Portland,ME,,Micro,,,not_recorded,,not_recorded,,,,,unmatched,,,
3315,Definitive Brewing Company,Portland,ME,,Micro,,,not_recorded,,not_recorded,,,,,unmatched,,,
3316,Goodfire Brewing Company,Portland,ME,,Micro,,,not_recorded,,not_recorded,,,,,unmatched,,,
3317,Gruit Brewing,Portland,ME,,Taproom,,,not_recorded,,not_recorded,,,,,unmatched,,,
3318,Liberator Brewing Company,Rockland,ME,,Taproom,,2020-04-11T00:00:00,confirmed_date,,not_recorded,,,,,unmatched,,,
3319,Rock Harbor Brewing Co.,Rockland,ME,,Brewpub,,2020-04-11T00:00:00,confirmed_date,,not_recorded,,,,,unmatched,,,
3320,Rock Harbor Pub & Brewery,Rockland,ME,,Brewpub,,,not_recorded,,not_recorded,,,,,unmatched,,,
3321,Sea Dog Brewing Co - S. Portland,S Portland,ME,,Brewpub,,2020-02-07T00:00:00,confirmed_date,,not_recorded,,,,,unmatched,,,
3322,Run of the Mill Public House & Brewery,Saco,ME,,Brewpub,,2020-02-07T00:00:00,confirmed_date,,not_recorded,,,,,unmatched,,,
3323,Barreled Souls Brewing Company LLC,Saco,ME,,Taproom,,,not_recorded,,not_recorded,,,,,unmatched,,,
3324,Nonesuch River Brewing,Scarborough,ME,,Brewpub,,,not_recorded,,not_recorded,,,,,unmatched,,,
3325,Threshers Brewing Company,Searsmont,ME,,Taproom,,2019-04-20T00:00:00,confirmed_date,,not_recorded,,,,,unmatched,,,
3326,Strong Brewing,Sedgwick,ME,,Taproom,,,not_recorded,,not_recorded,,,,,unmatched,,,
3327,Oak Pond Brewing Co,Skowhegan,ME,,Micro,,2020-04-11T00:00:00,confirmed_date,,not_recorded,,,,,unmatched,,,
3328,Bigelow Brewing Company,Skowhegan,ME,,Brewpub,,,not_recorded,,not_recorded,,,,,unmatched,,,
3329,Island Dog Brewing,South Portland,ME,,Taproom,,2019-04-20T00:00:00,confirmed_date,,not_recorded,,,,,unmatched,,,
3330,Foulmouthed Brewing,South Portland,ME,,Brewpub,,2020-02-01T00:00:00,confirmed_date,,not_recorded,,,,,unmatched,,,
3331,Fore River Brewing Company,South Portland,ME,,Micro,,,not_recorded,,not_recorded,,,,,unmatched,,,
3332,Kennebec River Brewery,The Forks,ME,,Taproom,,,not_recorded,,not_recorded,,,,,unmatched,,,
3333,The Pour Farm,Union,ME,,Taproom,,,not_recorded,,not_recorded,,,,,unmatched,,,
3334,Odd Alewives Farm Brewery,Waldoboro,ME,,Taproom,,2020-03-03T00:00:00,confirmed_date,,not_recorded,,,,,unmatched,,,
3335,Xota Brewing Company,Waterboro,ME,,Taproom,,,not_recorded,,not_recorded,,,,,unmatched,,,
3336,Waterville Brewing Company,Waterville,ME,,Taproom,,2019-04-20T00:00:00,confirmed_date,,not_recorded,,,,,unmatched,,,
3337,Mainely Brews Restaurant and Brewhouse,Waterville,ME,,Contract,,2020-03-03T00:00:00,confirmed_date,,not_recorded,,,,,unmatched,,,
3338,Hidden Cove Brewing Co,Wells,ME,,Micro,,2019-10-29T00:00:00,confirmed_date,,not_recorded,,,,,unmatched,,,
3339,Mast Landing Brewing Company,Westbrook,ME,,Taproom,,2020-03-03T00:00:00,confirmed_date,,not_recorded,,,,,unmatched,,,
3340,Yes Brewing,Westbrook,ME,,Taproom,,,not_recorded,,not_recorded,,,,,unmatched,,,
3341,Sasanoa Brewing,Westport Island,ME,,Micro,,,not_recorded,,not_recorded,,,,,unmatched,,,
3342,Sheepscot Valley Brewing Co,Whitefield,ME,,Micro,,2020-03-03T00:00:00,confirmed_date,,not_recorded,,,,,unmatched,,,
3343,Ambition Brewing,Wilton,ME,,Micro,,,not_recorded,,not_recorded,,,,,unmatched,,,
3344,Penobscot Bay Brewery,Winterport,ME,,Micro,,,not_recorded,,not_recorded,,,,,unmatched,,,
3345,Van Der Brew,Winthrop,ME,,Taproom,,2019-04-20T00:00:00,confirmed_date,,not_recorded,,,,,unmatched,,,
3346,Brickyard Hollow Brewing Co,Yarmouth,ME,,Brewpub,,2019-04-20T00:00:00,confirmed_date,,not_recorded,,,,,unmatched,,,
3347,SoMe Brewing Co,York,ME,,Taproom,,2019-04-20T00:00:00,confirmed_date,,not_recorded,,,,,unmatched,,,
3348,York Beach Beer Company,York,ME,,Micro,,2020-02-07T00:00:00,confirmed_date,,not_recorded,,,,,unmatched,,,
3349,Gravel Bottom Craft Brewery,Ada,MI,,Brewpub,,,not_recorded,,not_recorded,,,,,unmatched,,,
3350,Rice and Barley Taphouse,Adrian,MI,,Brewpub,,2020-02-07T00:00:00,confirmed_date,,not_recorded,,,,,unmatched,,,
3351,Cotton Brewing Co,Adrian,MI,,Brewpub,,2020-04-11T00:00:00,confirmed_date,,not_recorded,,,,,unmatched,,,
3352,Burt Lake Brewery / Seasons of the North Winery,Alanson,MI,,Taproom,,,not_recorded,,not_recorded,,,,,unmatched,,,
3353,Albion Malleable Brewing Company,Albion,MI,,Taproom,,2019-08-29T00:00:00,confirmed_date,,not_recorded,,,,,unmatched,,,
3354,Tantrick Brewing Co,Allegan,MI,,Micro,,2020-02-07T00:00:00,confirmed_date,,not_recorded,,,,,unmatched,,,
3355,Trail Point Brewing Co.,Allendale,MI,,Taproom,,2019-10-21T00:00:00,confirmed_date,,not_recorded,,,,,unmatched,,,
3356,Alma Brewing Co,Alma,MI,,Brewpub,,2020-03-03T00:00:00,confirmed_date,,not_recorded,,,,,unmatched,,,
3357,Austin Brothers’ Beer Company,Alpena,MI,,Brewpub,,2020-02-07T00:00:00,confirmed_date,,not_recorded,,,,,unmatched,,,
3358,Alpha Michigan Brewing Company,Alpha,MI,,Taproom,,2020-03-03T00:00:00,confirmed_date,,not_recorded,,,,,unmatched,,,
3359,Pileated Brewing Co,Ann Arbor,MI,,Micro,,2020-02-07T00:00:00,confirmed_date,,not_recorded,,,,,unmatched,,,
3360,Biercamp,Ann Arbor,MI,,Brewpub,,2020-03-03T00:00:00,confirmed_date,,not_recorded,,,,,unmatched,,,
3361,Blue Tractor Brewing Co,Ann Arbor,MI,,Brewpub,,2020-03-03T00:00:00,confirmed_date,,not_recorded,,,,,unmatched,,,
3362,Edelbrau Brewing Company,Ann Arbor,MI,,Micro,,2020-03-03T00:00:00,confirmed_date,,not_recorded,,,,,unmatched,,,
3363,HOMES Brewery,Ann Arbor,MI,,Brewpub,,2020-03-03T00:00:00,confirmed_date,,not_recorded,,,,,exact,homes-brewery,content/breweries/homes-brewery.md,
3364,Jolly Pumpkin Cafe and Brewery,Ann Arbor,MI,,Brewpub,,2020-03-03T00:00:00,confirmed_date,,not_recorded,,,,,unmatched,,,
3365,Arbor Brewing Co,Ann Arbor,MI,,Brewpub,,2020-04-11T00:00:00,confirmed_date,,not_recorded,,,,,exact,arbor-brewing-co,content/breweries/arbor-brewing-co.md,
3366,Grizzly Peak Brewing Co,Ann Arbor,MI,,Brewpub,,,not_recorded,,not_recorded,,,,,unmatched,,,
3367,Pointless Brewery,Ann Arbor,MI,,Taproom,,,not_recorded,,not_recorded,,,,,unmatched,,,
3368,Townies Brewery,Ann Arbor,MI,,Brewpub,,,not_recorded,,not_recorded,,,,,unmatched,,,
3369,Wolverine State Brewing Co,Ann Arbor,MI,,Brewpub,,,not_recorded,,not_recorded,,,,,unmatched,,,
3370,Blake’s Brewing Co.,Armada,MI,,Brewpub,,2020-04-11T00:00:00,confirmed_date,,not_recorded,,,,,unmatched,,,
3371,Rochester Mills Production Brewery,Auburn Hills,MI,,Micro,,2020-02-07T00:00:00,confirmed_date,,not_recorded,,,,,unmatched,,,
3372,Cognito Brewing Company,Bangor,MI,,Brewpub,,yes,confirmed_yes,,not_recorded,,,,,unmatched,,,
3373,Round Barn Brewery / Round Barn Winery,Baroda,MI,,Micro,,2020-02-07T00:00:00,confirmed_date,,not_recorded,,,,,unmatched,,,
3374,Round Barn Brewery & Public House,Baroda,MI,,Micro,,,not_recorded,,not_recorded,,,,,unmatched,,,
3375,Tri City Brewing Co,Bay City,MI,,Taproom,,2020-03-03T00:00:00,confirmed_date,,not_recorded,,,,,unmatched,,,
3376,Lumber Barons Brewery,Bay City,MI,,Brewpub,,,not_recorded,,not_recorded,,,,,unmatched,,,
3377,Whiskey Point Brewing Company,Beaver Island,MI,,Taproom,,,not_recorded,,not_recorded,,,,,unmatched,,,
3378,Short’s Brewing Co,Bellaire,MI,,Brewpub,,2020-03-03T00:00:00,confirmed_date,,not_recorded,,,,,unmatched,,,
3379,North Pier Brewing,Benton Harbor,MI,,Brewpub,,2020-03-03T00:00:00,confirmed_date,,not_recorded,,,,,unmatched,,,
3380,The Livery,Benton Harbor,MI,,Taproom,,2020-03-03T00:00:00,confirmed_date,,not_recorded,,,,,unmatched,,,
3381,North Pier Brewing - Production Facility,Benton Harbor,MI,,Micro,,,not_recorded,,not_recorded,,,,,unmatched,,,
3382,St Ambrose Cellars,Beulah,MI,,Taproom,,,not_recorded,,not_recorded,,,,,unmatched,,,
3383,Cranker’s Brewery,Big Rapids,MI,,Brewpub,,,not_recorded,,not_recorded,,,,,unmatched,,,
3384,Griffin Claw Brewing Co,Birmingham,MI,,Micro,,2020-02-07T00:00:00,confirmed_date,,not_recorded,,,,,unmatched,,,
3385,Big Rock Chop House & Brewery,Birmingham,MI,,Contract,,2020-03-03T00:00:00,confirmed_date,,not_recorded,,,,,unmatched,,,
3386,Stiggs Brewery & Kitchen,Boyne City,MI,,Brewpub,,,not_recorded,,not_recorded,,,,,unmatched,,,
3387,Transient Artisan Ales,Bridgman,MI,,Taproom,,2019-10-21T00:00:00,confirmed_date,,not_recorded,,,,,unmatched,,,
3388,Haymarket Brewery and Taproom,Bridgman,MI,,Taproom,,2019-11-27T00:00:00,confirmed_date,,not_recorded,,,,,unmatched,,,
3389,Tapistry Brewing Company,Bridgman,MI,,Taproom,,2020-03-03T00:00:00,confirmed_date,,not_recorded,,,,,unmatched,,,
3390,Brewery Becker,Brighton,MI,,Taproom,,yes,confirmed_yes,,not_recorded,,,,,unmatched,,,
3391,Abner’s Restaurant Inc / Northern Michigan Beer,Brohman,MI,,Brewpub,,2019-08-29T00:00:00,confirmed_date,,not_recorded,,,,,unmatched,,,
3392,Lehmans Orchard Brewery and Farmhouse,Buchanan,MI,,Brewpub,,2020-02-07T00:00:00,confirmed_date,,not_recorded,,,,,unmatched,,,
3393,The Red Baron,Burton,MI,,Brewpub,,2020-03-03T00:00:00,confirmed_date,,not_recorded,,,,,unmatched,,,
3394,Redline Brewing Company,Burton,MI,,Taproom,,2020-04-11T00:00:00,confirmed_date,,not_recorded,,,,,unmatched,,,
3395,Alebird Taphouse and Brewery,Byron Center,MI,,Brewpub,,2019-08-29T00:00:00,confirmed_date,,not_recorded,,,,,unmatched,,,
3396,Clam Lake Beer Co,Cadillac,MI,,Brewpub,,2020-03-03T00:00:00,confirmed_date,,not_recorded,,,,,unmatched,,,
3397,Raven BBQ & Brewing,Cadillac,MI,,Brewpub,,2020-04-11T00:00:00,confirmed_date,,not_recorded,,,,,unmatched,,,
3398,EB Coffee and Pub,Caledonia,MI,,Brewpub,,2020-03-03T00:00:00,confirmed_date,,not_recorded,,,,,unmatched,,,
3399,Red Jacket Brewing at Michigan House Cafe,Calumet,MI,,Brewpub,,2020-03-03T00:00:00,confirmed_date,,not_recorded,,,,,unmatched,,,
3400,"Canton Brew Works, LLC",Canton,MI,,Taproom,,2020-04-11T00:00:00,confirmed_date,,not_recorded,,,,,unmatched,,,
3401,Thumb Brewery,Caseville,MI,,Brewpub,,2020-03-03T00:00:00,confirmed_date,,not_recorded,,,,,exact,thumb-brewery,content/breweries/thumb-brewery.md,
3402,Big Cat Brewing Company,Cedar,MI,,Brewpub,,,not_recorded,,not_recorded,,,,,unmatched,,,
3403,Cedar Springs Brewing Company,Cedar Springs,MI,,Brewpub,,,not_recorded,,not_recorded,,,,,unmatched,,,
3404,Les Cheneaux Distillers,Cedarville,MI,,Brewpub,,2020-04-11T00:00:00,confirmed_date,,not_recorded,,,,,unmatched,,,
3405,Mekley’s Brewing Co.,Cement City,MI,,Brewpub,,2020-02-07T00:00:00,confirmed_date,,not_recorded,,,,,unmatched,,,
3406,Beards Brewery Production Facility,Charlevoix,MI,,Micro,,,not_recorded,,not_recorded,,,,,unmatched,,,
3407,Lake Charlevoix Brewing Company,Charlevoix,MI,,Brewpub,,,not_recorded,,not_recorded,,,,,unmatched,,,
3408,Eaton Pub & Grille Brewery / Charlotte Brewing Co,Charlotte,MI,,Brewpub,,2020-02-07T00:00:00,confirmed_date,,not_recorded,,,,,unmatched,,,
3409,Cheboygan Brewing Co,Cheboygan,MI,,Micro,,,not_recorded,,not_recorded,,,,,unmatched,,,
3410,Chelsea Alehouse Brewery,Chelsea,MI,,Brewpub,,2020-04-11T00:00:00,confirmed_date,,not_recorded,,,,,unmatched,,,
3411,Four Leaf Brewing,Clare,MI,,Brewpub,,,not_recorded,,not_recorded,,,,,unmatched,,,
3412,Parker’s Hilltop Brewery,Clarkston,MI,,Brewpub,,2020-04-11T00:00:00,confirmed_date,,not_recorded,,,,,unmatched,,,
3413,Black Lotus Brewing Co,Clawson,MI,,Brewpub,,,not_recorded,,not_recorded,,,,,unmatched,,,
3414,Kuhnhenn Clinton Township,Clinton Township,MI,,Micro,,2020-03-03T00:00:00,confirmed_date,,not_recorded,,,,,unmatched,,,
3415,Great Baraboo Brewing Co,Clinton Township,MI,,Brewpub,,2020-04-11T00:00:00,confirmed_date,,not_recorded,,,,,unmatched,,,
3416,Kickstand Brewing Co,Commerce Township,MI,,Brewpub,,2020-04-11T00:00:00,confirmed_date,,not_recorded,,,,,unmatched,,,
3417,CJs Brewing Co,Commerce Township,MI,,Brewpub,,,not_recorded,,not_recorded,,,,,unmatched,,,
3418,Perrin Brewing Company,Comstock Park,MI,,Regional,,2019-11-27T00:00:00,confirmed_date,,not_recorded,,,,,unmatched,,,
3419,Elk Brewing Co,Comstock Park,MI,,Brewpub,,2020-02-07T00:00:00,confirmed_date,,not_recorded,,,,,unmatched,,,
3420,Bier Distillery,Comstock Park,MI,,Taproom,,,not_recorded,,not_recorded,,,,,unmatched,,,
3421,Speciation Artisan Ales,Comstock Park,MI,,Taproom,,,not_recorded,,not_recorded,,,,,unmatched,,,
3422,Brickside Brewery,Copper Harbor,MI,,Taproom,,2020-03-03T00:00:00,confirmed_date,,not_recorded,,,,,unmatched,,,
3423,Dearborn Brewing,Dearborn,MI,,Taproom,,2020-03-03T00:00:00,confirmed_date,,not_recorded,,,,,unmatched,,,
3424,Downey Brewing Company,Dearborn,MI,,Taproom,,,not_recorded,,not_recorded,,,,,unmatched,,,
3425,Final Gravity Brewing Co,Decatur,MI,,Brewpub,,,not_recorded,,not_recorded,,,,,unmatched,,,
3426,Tujax Tavern,Delton,MI,,Brewpub,,2020-04-11T00:00:00,confirmed_date,,not_recorded,,,,,unmatched,,,
3427,Traffic Jam and Snug,Detroit,MI,,Brewpub,,2019-10-21T00:00:00,confirmed_date,yes,confirmed_yes,yes,,,,unmatched,,,
3428,Kevin Joy,Detroit,MI,,Artist,,yes,confirmed_yes,yes,confirmed_yes,yes,,,,unmatched,,,
3429,Founders Brewing Co,Detroit,MI,,Regional,,2019-05-31T00:00:00,confirmed_date,,not_recorded,,,,,unmatched,,,
3430,American Badass Beer,Detroit,MI,,Contract,,2020-02-07T00:00:00,confirmed_date,,not_recorded,,,,,unmatched,,,
3431,Brew Detroit,Detroit,MI,,Micro,,2020-02-07T00:00:00,confirmed_date,,not_recorded,,,,,unmatched,,,
3432,Motor City Brewing Works,Detroit,MI,,Brewpub,,2020-02-07T00:00:00,confirmed_date,,not_recorded,,,,,unmatched,,,
3433,Atwater Brewing Co,Detroit,MI,,Regional,,2020-03-03T00:00:00,confirmed_date,,not_recorded,,,,,unmatched,,,
3434,Granite City Food & Brewery,Detroit,MI,,Brewpub,,2020-04-11T00:00:00,confirmed_date,,not_recorded,,,,,unmatched,,,
3435,Motor City Brewing Works Warehouse,Detroit,MI,,Micro,,2020-04-11T00:00:00,confirmed_date,,not_recorded,,,,,unmatched,,,
3436,Detroit Beer Co,Detroit,MI,,Brewpub,,yes,confirmed_yes,,not_recorded,,,,,unmatched,,,
3437,Batch Brewing Co,Detroit,MI,,Brewpub,,,not_recorded,,not_recorded,,,,,unmatched,,,
3438,Eastern Market Brewing Company,Detroit,MI,,Taproom,,,not_recorded,,not_recorded,,,,,unmatched,,,
3439,Looking Glass Brewing Company,Dewitt,MI,,Brewpub,,2020-04-11T00:00:00,confirmed_date,,not_recorded,,,,,unmatched,,,
3440,Jolly Pumpkin Artisan Ales,Dexter,MI,,Micro,,,not_recorded,,not_recorded,,,,,unmatched,,,
3441,Dimes Brewhouse,Dimondale,MI,,Micro,,yes,confirmed_yes,,not_recorded,,,,,unmatched,,,
3442,5 Lakes Brewing Co.,Dorr,MI,,Brewpub,,2020-04-11T00:00:00,confirmed_date,,not_recorded,,,,,unmatched,,,
3443,Saugatuck Brewing Co,Douglas,MI,,Micro,,,not_recorded,,not_recorded,,,,,unmatched,,,
3444,Sister Lakes Brewing Company,Dowagiac,MI,,Brewpub,,,not_recorded,,not_recorded,,,,,unmatched,,,
3445,Railtown Brewing Co,Dutton,MI,,Taproom,,2020-03-03T00:00:00,confirmed_date,,not_recorded,,,,,unmatched,,,
3446,Ellison Brewery & Spirits,East Lansing,MI,,Taproom,,2020-03-03T00:00:00,confirmed_date,,not_recorded,,,,,unmatched,,,
3447,Harpers Restaurant and Brewpub,East Lansing,MI,,Brewpub,,2020-03-03T00:00:00,confirmed_date,,not_recorded,,,,,unmatched,,,
3448,Short’s Brewing Co - Production Facility,Elk Rapids,MI,,Regional,,2020-03-03T00:00:00,confirmed_date,,not_recorded,,,,,unmatched,,,
3449,Upper Hand Brewery,Escanaba,MI,,Micro,,2020-02-07T00:00:00,confirmed_date,,not_recorded,,,,,unmatched,,,
3450,Hereford and Hops Steakhouse and Brewpub,Escanaba,MI,,Brewpub,,2020-04-11T00:00:00,confirmed_date,,not_recorded,,,,,unmatched,,,
3451,Farmington Brewing Company LLC,Farmington,MI,,Taproom,,,not_recorded,,not_recorded,,,,,unmatched,,,
3452,Waypost Brewing Co.,Fennville,MI,,Taproom,,2020-03-03T00:00:00,confirmed_date,,not_recorded,,,,,unmatched,,,
3453,Fenton Winery & Brewery,Fenton,MI,,Brewpub,,2020-02-07T00:00:00,confirmed_date,,not_recorded,,,,,unmatched,,,
3454,Lynchpin Beer Company / The Laundry,Fenton,MI,,Brewpub,,2020-04-11T00:00:00,confirmed_date,,not_recorded,,,,,unmatched,,,
3455,B. Nektar Meadery,Ferndale,MI,,Micro,,2020-03-03T00:00:00,confirmed_date,,not_recorded,,,,,unmatched,,,
3456,Woodward Avenue Brewers,Ferndale,MI,,Brewpub,,2020-04-11T00:00:00,confirmed_date,,not_recorded,,,,,unmatched,,,
3457,Urbanrest Brewing Company,Ferndale,MI,,Taproom,,,not_recorded,,not_recorded,,,,,unmatched,,,
3458,Tenacity Brewing,Flint,MI,,Taproom,,2020-04-11T00:00:00,confirmed_date,,not_recorded,,,,,unmatched,,,
3459,Redwood Brewing Co,Flint,MI,,Brewpub,,,not_recorded,,not_recorded,,,,,unmatched,,,
3460,Frankenmuth Brewing Co,Frankenmuth,MI,,Micro,,,not_recorded,,not_recorded,,,,,unmatched,,,
3461,Stormcloud Brewing Company,Frankfort,MI,,Brewpub,,2020-02-07T00:00:00,confirmed_date,,not_recorded,,,,,unmatched,,,
3462,Stormcloud Brewing Company Production Facility,Frankfort,MI,,Micro,,,not_recorded,,not_recorded,,,,,unmatched,,,
3463,Brew Works of Fremont,Fremont,MI,,Brewpub,,2019-11-27T00:00:00,confirmed_date,,not_recorded,,,,,unmatched,,,
3464,"Bell’s Brewery, Inc",Galesburg,MI,,Regional,,yes,confirmed_yes,,not_recorded,,,,,unmatched,,,
3465,Big Buck Brewery and Steakhouse - Gaylord,Gaylord,MI,,Taproom,,2020-03-03T00:00:00,confirmed_date,,not_recorded,,,,,unmatched,,,
3466,Snowbelt Brewing Company,Gaylord,MI,,Brewpub,,,not_recorded,,not_recorded,,,,,unmatched,,,
3467,Odd Side Ales,Grand Haven,MI,,Micro,,2020-03-03T00:00:00,confirmed_date,,not_recorded,,,,,unmatched,,,
3468,Grand Armory Brewing Co,Grand Haven,MI,,Micro,,,not_recorded,,not_recorded,,,,,unmatched,,,
3469,Grand Armory Brewing Production Facility,Grand Haven,MI,,Micro,,,not_recorded,,not_recorded,,,,,unmatched,,,
3470,Odd Side Ales Production Facility,Grand Haven,MI,,Micro,,,not_recorded,,not_recorded,,,,,unmatched,,,
3471,BrickHaven Brewing Company,Grand Ledge,MI,,Taproom,,yes,confirmed_yes,,not_recorded,,,,,unmatched,,,
3472,Sanctuary Spirits,Grand Ledge,MI,,Taproom,,,not_recorded,,not_recorded,,,,,unmatched,,,
3473,Lake Superior Brewing Co,Grand Marais,MI,,Brewpub,,,not_recorded,,not_recorded,,,,,unmatched,,,
3474,Founders Brewing Co,Grand Rapids,MI,,Regional,,2019-05-31T00:00:00,confirmed_date,,not_recorded,,,,,unmatched,,,
3475,Jaden James Brewery @ The Cascade Winery,Grand Rapids,MI,,Brewpub,,2019-11-27T00:00:00,confirmed_date,,not_recorded,,,,,unmatched,,,
3476,Brewery Vivant,Grand Rapids,MI,,Brewpub,,2020-02-07T00:00:00,confirmed_date,,not_recorded,,,,,unmatched,,,
3477,Fountain Hill Brewery,Grand Rapids,MI,,Brewpub,,2020-02-07T00:00:00,confirmed_date,,not_recorded,,,,,unmatched,,,
3478,Greyline Brewing,Grand Rapids,MI,,Brewpub,,2020-02-07T00:00:00,confirmed_date,,not_recorded,,,,,unmatched,,,
3479,The Knickerbocker/ New Holland Brewing,Grand Rapids,MI,,Brewpub,,2020-02-07T00:00:00,confirmed_date,,not_recorded,,,,,unmatched,,,
3480,Vander Mill,Grand Rapids,MI,,Brewpub,,2020-02-07T00:00:00,confirmed_date,,not_recorded,,,,,unmatched,,,
3481,Atwater Grand Rapids,Grand Rapids,MI,,Brewpub,,2020-03-03T00:00:00,confirmed_date,,not_recorded,,,,,unmatched,,,
3482,Creston Brewery,Grand Rapids,MI,,Taproom,,2020-03-03T00:00:00,confirmed_date,,not_recorded,,,,,unmatched,,,
3483,East West Brewing Co,Grand Rapids,MI,,Brewpub,,2020-03-03T00:00:00,confirmed_date,,not_recorded,,,,,unmatched,,,
3484,Founders Brewing Production Facility,Grand Rapids,MI,,Regional,,2020-03-03T00:00:00,confirmed_date,,not_recorded,,,,,unmatched,,,
3485,Hopcat,Grand Rapids,MI,,Brewpub,,2020-03-03T00:00:00,confirmed_date,,not_recorded,,,,,unmatched,,,
3486,The Mitten Brewing Co,Grand Rapids,MI,,Taproom,,2020-03-03T00:00:00,confirmed_date,,not_recorded,,,,,unmatched,,,
3487,Thornapple Brewing Company,Grand rapids,MI,,Micro,,2020-03-03T00:00:00,confirmed_date,,not_recorded,,,,,unmatched,,,
3488,Grand Rapids Brewing Company,Grand Rapids,MI,,Brewpub,,2020-04-11T00:00:00,confirmed_date,,not_recorded,,,,,unmatched,,,
3489,Schmohz Brewery,Grand Rapids,MI,,Micro,,2020-04-11T00:00:00,confirmed_date,,not_recorded,,,,,unmatched,,,
3490,The Mitten Brewing Company Production Facility,Grand Rapids,MI,,Micro,,2020-04-11T00:00:00,confirmed_date,,not_recorded,,,,,unmatched,,,
3491,Brass Ring Brewery,Grand Rapids,MI,,Brewpub,,yes,confirmed_yes,,not_recorded,,,,,unmatched,,,
3492,B.O.B’s Brewery,Grand Rapids,MI,,Brewpub,,,not_recorded,,not_recorded,,,,,unmatched,,,
3493,City Built Brewing Company,Grand Rapids,MI,,Brewpub,,,not_recorded,,not_recorded,,,,,unmatched,,,
3494,Elk Brewing Co,Grand Rapids,MI,,Brewpub,,,not_recorded,,not_recorded,,,,,unmatched,,,
3495,Harmony Brewing Co,Grand Rapids,MI,,Brewpub,,,not_recorded,,not_recorded,,,,,unmatched,,,
3496,Harmony Brewing Company - Harmony Hall,Grand Rapids,MI,,Brewpub,,,not_recorded,,not_recorded,,,,,unmatched,,,
3497,Jolly Pumpkin Pizzeria and Brewery,Grand Rapids,MI,,Brewpub,,,not_recorded,,not_recorded,,,,,unmatched,,,
3498,Arvon Brewing Co.,Grandville,MI,,Micro,,,not_recorded,,not_recorded,,,,,unmatched,,,
3499,Osgood Brewing,Grandville,MI,,Brewpub,,,not_recorded,,not_recorded,,,,,unmatched,,,
3500,Tootsie’s Brewery / Lone Oak Vineyard,Grass Lake,MI,,Brewpub,,,not_recorded,,not_recorded,,,,,unmatched,,,
3501,Dead Bear Brewing Co,Grayling,MI,,Brewpub,,2020-02-07T00:00:00,confirmed_date,,not_recorded,,,,,unmatched,,,
3502,Paddle Hard Brewing,Grayling,MI,,Taproom,,2020-03-03T00:00:00,confirmed_date,,not_recorded,,,,,unmatched,,,
3503,Rolling Oak Brewing Co,Grayling,MI,,Micro,,2020-03-03T00:00:00,confirmed_date,,not_recorded,,,,,unmatched,,,
3504,Castle Brewing Co,Greenville,MI,,Brewpub,,2020-02-07T00:00:00,confirmed_date,,not_recorded,,,,,unmatched,,,
3505,Atwater In the Park Biergarten and Tap House,Grosse Pointe Park,MI,,Brewpub,,,not_recorded,,not_recorded,,,,,unmatched,,,
3506,Tunnel Vision Brewery,Harbor Springs,MI,,Brewpub,,,not_recorded,,not_recorded,,,,,unmatched,,,
3507,Big Hart Brewing Company,Hart,MI,,Brewpub,,2020-04-11T00:00:00,confirmed_date,,not_recorded,,,,,unmatched,,,
3508,Glass Creek Winery,Hastings,MI,,Taproom,,2020-03-03T00:00:00,confirmed_date,,not_recorded,,,,,unmatched,,,
3509,Walldorff Brewpub & Bistro,Hastings,MI,,Brewpub,,2020-03-03T00:00:00,confirmed_date,,not_recorded,,,,,unmatched,,,
3510,The Maple Grille LLC,Hemlock,MI,,Taproom,,2020-04-11T00:00:00,confirmed_date,,not_recorded,,,,,unmatched,,,
3511,Hillsdale Brewing Company,Hillsdale,MI,,Brewpub,,,not_recorded,,not_recorded,,,,,unmatched,,,
3512,Hopland Brewstillery,Holland,MI,,Taproom,,2020-03-03T00:00:00,confirmed_date,,not_recorded,,,,,unmatched,,,
3513,New Holland Brewing Co,Holland,MI,,Regional,,2020-03-03T00:00:00,confirmed_date,,not_recorded,,,,,unmatched,,,
3514,Bam Entertainment Center,Holland,MI,,Brewpub,,2020-04-11T00:00:00,confirmed_date,,not_recorded,,,,,unmatched,,,
3515,Our Brewing Co,Holland,MI,,Taproom,,yes,confirmed_yes,,not_recorded,,,,,unmatched,,,
3516,Big Lake Brewing,Holland,MI,,Brewpub,,,not_recorded,,not_recorded,,,,,unmatched,,,
3517,Big Lake Brewing Production Facility,Holland,MI,,Micro,,,not_recorded,,not_recorded,,,,,unmatched,,,
3518,Brewery 4 Two 4,Holland,MI,,Taproom,,,not_recorded,,not_recorded,,,,,unmatched,,,
3519,"Great Legs Winery, Brewery, and Distillery",Holland,MI,,Taproom,,,not_recorded,,not_recorded,,,,,unmatched,,,
3520,Tripelroot Production Facility,Holland,MI,,Micro,,,not_recorded,,not_recorded,,,,,unmatched,,,
3521,"Northern Oak Brewery, Inc.",Holly,MI,,Brewpub,,2020-02-07T00:00:00,confirmed_date,,not_recorded,,,,,unmatched,,,
3522,Keweenaw Brewing Co,Houghton,MI,,Taproom,,,not_recorded,,not_recorded,,,,,unmatched,,,
3523,Keweenaw Brewing Co - Production Facility,Houghton,MI,,Micro,,,not_recorded,,not_recorded,,,,,unmatched,,,
3524,Aberrant Ales,Howell,MI,,Taproom,,2019-08-29T00:00:00,confirmed_date,,not_recorded,,,,,unmatched,,,
3525,Block Brewing Company,Howell,MI,,Brewpub,,2020-03-03T00:00:00,confirmed_date,,not_recorded,,,,,unmatched,,,
3526,Eternity Brewing Co,Howell,MI,,Taproom,,2020-03-03T00:00:00,confirmed_date,,not_recorded,,,,,exact,eternity-brewing-co,content/breweries/eternity-brewing-co.md,
3527,White Flame Brewing Co,Hudsonville,MI,,Brewpub,,2020-02-07T00:00:00,confirmed_date,,not_recorded,,,,,unmatched,,,
3528,Pike 51 Brewing - Hudsonville Winery,Hudsonville,MI,,Brewpub,,2020-03-03T00:00:00,confirmed_date,,not_recorded,,https://hudsonvillewinery.com/,https://www.instagram.com/hudsonvillewinery/?hl=en,https://twitter.com/HudsonvilleWine,unmatched,,,
3529,"The Sanford Beverage Company, Inc. D.B.A. Steele Street Brewing",Ionia,MI,,Brewpub,,,not_recorded,,not_recorded,,,,,unmatched,,,
3530,Cold Iron Brewing,Ironwood,MI,,Taproom,,2020-03-03T00:00:00,confirmed_date,,not_recorded,,,,,unmatched,,,
3531,Jasper Ridge Brewing Co,Ishpeming,MI,,Brewpub,,2020-04-11T00:00:00,confirmed_date,,not_recorded,,,,,unmatched,,,
3532,Cognition Brewing Company,Ishpeming,MI,,Taproom,,yes,confirmed_yes,,not_recorded,,,,,unmatched,,,
3533,127 Brewing,Jackson,MI,,Taproom,,2019-08-29T00:00:00,confirmed_date,,not_recorded,,,,,unmatched,,,
3534,Ironbark Brewery,Jackson,MI,,Taproom,,2020-04-11T00:00:00,confirmed_date,,not_recorded,,,,,unmatched,,,
3535,Grand River Brewery,Jackson,MI,,Brewpub,,,not_recorded,,not_recorded,,,,,unmatched,,,
3536,Sandhill Crane Vineyards,Jackson,MI,,Taproom,,,not_recorded,,not_recorded,,,,,unmatched,,,
3537,Bell's General Store,Kalamazoo,MI,,Other,,yes,confirmed_yes,yes,confirmed_yes,,,,,unmatched,,,
3538,Bilbo’s Pizza and Brewery,Kalamazoo,MI,,Brewpub,,2020-02-07T00:00:00,confirmed_date,,not_recorded,,,,,unmatched,,,
3539,One Well Brewing Production Facility,Kalamazoo,MI,,Micro,,2020-02-07T00:00:00,confirmed_date,,not_recorded,,,,,unmatched,,,
3540,Olde Peninsula Brewpub and Restaurant,Kalamazoo,MI,,Brewpub,,2020-03-03T00:00:00,confirmed_date,,not_recorded,,,,,unmatched,,,
3541,One Well Brewing,Kalamazoo,MI,,Taproom,,2020-03-03T00:00:00,confirmed_date,,not_recorded,,,,,unmatched,,,
3542,Saugatuck Brewing Company - Kalamazoo,Kalamazoo,MI,,Brewpub,,2020-04-11T00:00:00,confirmed_date,,not_recorded,,,,,unmatched,,,
3543,Wax Wings Brewing Co,Kalamazoo,MI,,Taproom,,2020-04-11T00:00:00,confirmed_date,,not_recorded,,,,,unmatched,,,
3544,Bell’s Eccentric Cafe,Kalamazoo,MI,,Brewpub,,yes,confirmed_yes,,not_recorded,,,,,unmatched,,,
3545,American Brewers Inc,Kalamazoo,MI,,Micro,,,not_recorded,,not_recorded,,,,,unmatched,,,
3546,Brite Eyes Brewing Co,Kalamazoo,MI,,Brewpub,,,not_recorded,,not_recorded,,,,,unmatched,,,
3547,Final Gravity Brewing Company,Kalamazoo,MI,,Micro,,,not_recorded,,not_recorded,,,,,unmatched,,,
3548,Latitude 42 Oshtemo,Kalamazoo,MI,,Brewpub,,,not_recorded,,not_recorded,,,,,unmatched,,,
3549,Rupert’s Brew House,Kalamazoo,MI,,Taproom,,,not_recorded,,not_recorded,,,,,unmatched,,,
3550,Texas Corners Brewing Company,Kalamazoo,MI,,Brewpub,,,not_recorded,,not_recorded,,,,,unmatched,,,
3551,Tibbs Brewing Co,Kalamazoo,MI,,Brewpub,,,not_recorded,,not_recorded,,,,,unmatched,,,
3552,Broad Leaf Local Beer,Kentwood,MI,,Taproom,,2020-04-11T00:00:00,confirmed_date,,not_recorded,,,,,unmatched,,,
3553,51st State Brewing Company,Kingsford,MI,,Brewpub,,,not_recorded,,not_recorded,,,,,unmatched,,,
3554,Lake Ann Brewing Co,Lake Ann,MI,,Taproom,,2020-03-03T00:00:00,confirmed_date,,not_recorded,,,,,unmatched,,,
3555,Lansing Brewing Company,Lansing,MI,,Brewpub,,2020-03-03T00:00:00,confirmed_date,,not_recorded,,,,,unmatched,,,
3556,Midtown Brewing Co,Lansing,MI,,Brewpub,,yes,confirmed_yes,,not_recorded,,,,,unmatched,,,
3557,Ozone’s Brewhouse,Lansing,MI,,Taproom,,yes,confirmed_yes,,not_recorded,,,,,unmatched,,,
3558,EagleMonk Pub and Brewery,Lansing,MI,,Taproom,,,not_recorded,,not_recorded,,,,,unmatched,,,
3559,Tilted Axis Brewing Company,Lapeer,MI,,Brewpub,,2020-04-11T00:00:00,confirmed_date,,not_recorded,,,,,unmatched,,,
3560,Big T Brew Pub,Lawton,MI,,Brewpub,,2020-03-03T00:00:00,confirmed_date,,not_recorded,,,,,unmatched,,,
3561,Barn Brewers,Lawton,MI,,Brewpub,,2020-04-11T00:00:00,confirmed_date,,not_recorded,,,,,unmatched,,,
3562,Lexington Brewing Co,Lexington,MI,,Brewpub,,,not_recorded,,not_recorded,,,,,unmatched,,,
3563,Supernatural Brewing and Spirits,Livonia,MI,,Brewpub,,2020-04-11T00:00:00,confirmed_date,,not_recorded,,,,,unmatched,,,
3564,American Harvest Brewpub At Schoolcraft College,Livonia,MI,,Brewpub,,,not_recorded,,not_recorded,,,,,unmatched,,,
3565,Liberty Street Brewing Production Facility,Livonia,MI,,Micro,,,not_recorded,,not_recorded,,,,,unmatched,,,
3566,Big Boiler Brewing,Lowell,MI,,Micro,,2020-04-11T00:00:00,confirmed_date,,not_recorded,,,,,unmatched,,,
3567,New Union Brewing,Lowell,MI,,Taproom,,,not_recorded,,not_recorded,,,,,unmatched,,,
3568,Starving Artist Brewing,Ludington,MI,,Micro,,2020-03-03T00:00:00,confirmed_date,,not_recorded,,,,,unmatched,,,
3569,Jamesport Brewing Co,Ludington,MI,,Brewpub,,2020-04-11T00:00:00,confirmed_date,,not_recorded,,,,,unmatched,,,
3570,Ludington Bay Brewing Co,Ludington,MI,,Taproom,,,not_recorded,,not_recorded,,,,,unmatched,,,
3571,Biere De Mac Brew Works,Mackinaw City,MI,,Taproom,,2020-03-03T00:00:00,confirmed_date,,not_recorded,,,,,unmatched,,,
3572,Paddle Hard North,Mackinaw City,MI,,Brewpub,,,not_recorded,,not_recorded,,,,,unmatched,,,
3573,Cadillac Straits Brewing Company,Madison Heights,MI,,Brewpub,,,not_recorded,,not_recorded,,,,,unmatched,,,
3574,North Channel Brewing Co.,Manistee,MI,,Brewpub,,2020-02-07T00:00:00,confirmed_date,,not_recorded,,,,,unmatched,,,
3575,Mackinaw Trail Brewing Company / Mackinaw Trail Winery and Brewery,Manistique,MI,,Taproom,,2020-03-03T00:00:00,confirmed_date,,not_recorded,,,,,unmatched,,,
3576,Barrel and Beam,Marquette,MI,,Taproom,,2020-03-03T00:00:00,confirmed_date,,not_recorded,,,,,unmatched,,,
3577,Ore Dock Brewing Co,Marquette,MI,,Micro,,2020-04-11T00:00:00,confirmed_date,,not_recorded,,,,,unmatched,,,
3578,Blackrocks Brewery,Marquette,MI,,Micro,,yes,confirmed_yes,,not_recorded,,,,,unmatched,,,
3579,Blackrocks Brewery - Production Facility,Marquette,MI,,Micro,,yes,confirmed_yes,,not_recorded,,,,,unmatched,,,
3580,Vierling Restaurant & Marquette Harbor Brewery,Marquette,MI,,Brewpub,,,not_recorded,,not_recorded,,,,,unmatched,,,
3581,Dark Horse Brewing Co,Marshall,MI,,Micro,,2019-04-20T00:00:00,confirmed_date,,not_recorded,,,,,unmatched,,,
3582,Grand River Brewery,Marshall,MI,,Brewpub,,,not_recorded,,not_recorded,,,,,unmatched,,,
3583,Harsens Island Beer Co.,Marysville,MI,,Brewpub,,,not_recorded,,not_recorded,,,,,unmatched,,,
3584,Spartan Brewpub,Mason,MI,,Brewpub,,2020-03-03T00:00:00,confirmed_date,,not_recorded,,,,,unmatched,,,
3585,BAD Brewing Co,Mason,MI,,Taproom,,2020-04-11T00:00:00,confirmed_date,,not_recorded,,,,,unmatched,,,
3586,Three Bridge Brewing Company,Menominee,MI,,Taproom,,2020-03-03T00:00:00,confirmed_date,,not_recorded,,,,,unmatched,,,
3587,Midland Brewing Co,Midland,MI,,Brewpub,,yes,confirmed_yes,,not_recorded,,,,,unmatched,,,
3588,Original Gravity Brewing Co,Milan,MI,,Brewpub,,,not_recorded,,not_recorded,,,,,unmatched,,,
3589,River’s Edge Brewing Co,Milford,MI,,Brewpub,,,not_recorded,,not_recorded,,,,,unmatched,,,
3590,Heavenly Vineyards,Morley,MI,,Taproom,,2020-03-03T00:00:00,confirmed_date,,not_recorded,,,,,unmatched,,,
3591,Cranker’s Restaurant & Brewery,Mount Pleasant,MI,,Brewpub,,2020-03-03T00:00:00,confirmed_date,,not_recorded,,,,,unmatched,,,
3592,Hunter’s Ale House,Mount Pleasant,MI,,Brewpub,,,not_recorded,,not_recorded,,,,,unmatched,,,
3593,Mountain Town Station Restaurant & Brew Pub,Mt Pleasant,MI,,Brewpub,,yes,confirmed_yes,,not_recorded,,,,,unmatched,,,
3594,Mountain Town Brewing Co,Mt Pleasant,MI,,Brewpub,,,not_recorded,,not_recorded,,,,,unmatched,,,
3595,East Channel Brewing Company,Munising,MI,,Taproom,,2020-04-11T00:00:00,confirmed_date,,not_recorded,,,,,unmatched,,,
3596,Pigeon Hill Brewery Production Facility,Muskegon,MI,,Micro,,,not_recorded,,not_recorded,,,,,unmatched,,,
3597,Pigeon Hill Brewing Co,Muskegon,MI,,Micro,,,not_recorded,,not_recorded,,,,,unmatched,,,
3598,Unruly Brewing Company,Muskegon,MI,,Micro,,,not_recorded,,not_recorded,,,,,unmatched,,,
3599,Beer Church Brewing Company,New Buffalo,MI,,Contract,,2020-03-03T00:00:00,confirmed_date,,not_recorded,,,,,unmatched,,,
3600,Ghost Isle Brewing Company,New Buffalo,MI,,Brewpub,,2020-03-03T00:00:00,confirmed_date,,not_recorded,,,,,unmatched,,,
3601,Draught Horse Brewery,New Hudson,MI,,Brewpub,,2020-04-11T00:00:00,confirmed_date,,not_recorded,,,,,unmatched,,,
3602,Newaygo Brewing Co,Newaygo,MI,,Brewpub,,,not_recorded,,not_recorded,,,,,unmatched,,,
3603,Mitten Brewing Co - Northport,Northport,MI,,Brewpub,,2019-11-03T00:00:00,confirmed_date,,not_recorded,,,,,unmatched,,,
3604,Green Bird Cellars and Organic Farms,Northport,MI,,Taproom,,,not_recorded,,not_recorded,,,,,unmatched,,,
3605,Granite City Food & Brewery (#32),Northville,MI,,Brewpub,,2020-03-03T00:00:00,confirmed_date,,not_recorded,,,,,unmatched,,,
3606,North Center Brewing Co.,Northville,MI,,Brewpub,,,not_recorded,,not_recorded,,,,,unmatched,,,
3607,Northville Winery and Brewery,Northville,MI,,Taproom,,,not_recorded,,not_recorded,,,,,unmatched,,,
3608,Babbitt's,Norton Shores,MI,,Other,,yes,confirmed_yes,yes,confirmed_yes,yes,,,,exact,babbitt-s,content/breweries/babbitt-s.md,
3609,Ascension Brewing Company,Novi,MI,,Brewpub,,,not_recorded,,not_recorded,,,,,unmatched,,,
3610,Wiltse’s Brew Pub and Family Restaurant,Oscoda,MI,,Brewpub,,,not_recorded,,not_recorded,,,,,unmatched,,,
3611,Liquid Note Brewing,Otsego,MI,,Brewpub,,,not_recorded,,not_recorded,,,,,unmatched,,,
3612,HomeGrown Brewing Company,Oxford,MI,,Brewpub,,,not_recorded,,not_recorded,,,,,unmatched,,,
3613,Tahquamenon Falls Brewery and Pub,Paradise,MI,,Brewpub,,,not_recorded,,not_recorded,,,,,unmatched,,,
3614,Paw Paw Brewing Company LLC,PAW PAW,MI,,Micro,,yes,confirmed_yes,,not_recorded,,,,,unmatched,,,
3615,Lucky Girl Brewing Co Crossroads,Paw Paw,MI,,Brewpub,,,not_recorded,,not_recorded,,,,,unmatched,,,
3616,Petoskey Brewing,Petoskey,MI,,Micro,,2020-03-03T00:00:00,confirmed_date,,not_recorded,,,,,unmatched,,,
3617,Beards Brewery,Petoskey,MI,,Brewpub,,yes,confirmed_yes,,not_recorded,,,,,unmatched,,,
3618,Burnt Marshmellow Brewing At Rudbeckia Farm,Petoskey,MI,,Taproom,,yes,confirmed_yes,,not_recorded,,,,,unmatched,,,
3619,Old Mill Brewpub and Grill,Plainwell,MI,,Brewpub,,2020-04-11T00:00:00,confirmed_date,,not_recorded,,,,,unmatched,,,
3620,Liberty Street Brewing Co,Plymouth,MI,,Taproom,,,not_recorded,,not_recorded,,,,,unmatched,,,
3621,Exferimentation Brewing Company,Pontiac,MI,,Taproom,,,not_recorded,,not_recorded,,,,,unmatched,,,
3622,Fillmore 13 Brewery,Pontiac,MI,,Brewpub,,,not_recorded,,not_recorded,,,,,unmatched,,,
3623,Broken Rock Brewery,Port Austin,MI,,Brewpub,,yes,confirmed_yes,,not_recorded,,,,,unmatched,,,
3624,Bravo! Restaurant & Cafe,Portage,MI,,Brewpub,,,not_recorded,,not_recorded,,,,,unmatched,,,
3625,Latitude 42,Portage,MI,,Brewpub,,,not_recorded,,not_recorded,,,,,unmatched,,,
3626,Presidential Brewing Co.,Portage,MI,,Brewpub,,,not_recorded,,not_recorded,,,,,unmatched,,,
3627,ConfluxCity Brewing Company,Portland,MI,,Brewpub,,,not_recorded,,not_recorded,,,,,unmatched,,,
3628,Reed City Brewing Company,Reed City,MI,,Brewpub,,,not_recorded,,not_recorded,,,,,unmatched,,,
3629,Rochester Mills Beer Co,Rochester,MI,,Brewpub,,2020-03-03T00:00:00,confirmed_date,,not_recorded,,,,,unmatched,,,
3630,Griffin Claw Brewing Co. - Think Tank,Rochester Hills,MI,,Micro,,,not_recorded,,not_recorded,,,,,unmatched,,,
3631,MI Brewery / Kayla Rae Cellars,Rockford,MI,,Taproom,,2020-04-11T00:00:00,confirmed_date,,not_recorded,,,,,unmatched,,,
3632,Rockford Brewing Company,Rockford,MI,,Brewpub,,,not_recorded,,not_recorded,,,,,unmatched,,,
3633,"Artisan Reserve, Inc.",Romulus,MI,,Taproom,,,not_recorded,,not_recorded,,,,,unmatched,,,
3634,Lilys Seafood Restaurant and Brewery,Royal Oak,MI,,Brewpub,,2020-03-03T00:00:00,confirmed_date,,not_recorded,,,,,unmatched,,,
3635,The Royal Oak Brewery,Royal Oak,MI,,Brewpub,,2020-03-03T00:00:00,confirmed_date,,not_recorded,,,,,unmatched,,,
3636,Bastone Brewery,Royal Oak,MI,,Brewpub,,,not_recorded,,not_recorded,,,,,unmatched,,,
3637,River Rouge Brewing Company,Royal Oak,MI,,Taproom,,,not_recorded,,not_recorded,,,,,unmatched,,,
3638,Roak Brewing Co.,Royal Oak,MI,,Micro,,,not_recorded,,not_recorded,,,,,unmatched,,,
3639,Loggers Brewing Company,Saginaw,MI,,Taproom,,2020-03-03T00:00:00,confirmed_date,,not_recorded,,,,,unmatched,,,
3640,Oracle Brewing Company,Saginaw,MI,,Taproom,,,not_recorded,,not_recorded,,,,,unmatched,,,
3641,WAR WATER BREWERY,Saint Clair,MI,,Brewpub,,2020-03-03T00:00:00,confirmed_date,,not_recorded,,,,,unmatched,,,
3642,Baffin Brewing Co,Saint Clair Shores,MI,,Taproom,,2020-03-03T00:00:00,confirmed_date,,not_recorded,,,,,unmatched,,,
3643,Jamex Brewing Co,Saint Clair Shores,MI,,Taproom,,,not_recorded,,not_recorded,,,,,unmatched,,,
3644,Silver Harbor Brewing Company,Saint Joseph,MI,,Brewpub,,,not_recorded,,not_recorded,,,,,unmatched,,,
3645,Salt Springs Brewery,Saline,MI,,Brewpub,,2020-02-07T00:00:00,confirmed_date,,not_recorded,,,,,unmatched,,,
3646,Stony Lake Brewing Company,Saline,MI,,Taproom,,,not_recorded,,not_recorded,,,,,unmatched,,,
3647,Elk Street Brewery,Sandusky,MI,,Brewpub,,2020-02-07T00:00:00,confirmed_date,,not_recorded,,,,,unmatched,,,
3648,Guardian Brewing Company,Saugatuck,MI,,Brewpub,,2020-03-03T00:00:00,confirmed_date,,not_recorded,,,,,unmatched,,,
3649,The Mitten Brewing Company - Saugatuck,Saugatuck,MI,,Brewpub,,2020-04-11T00:00:00,confirmed_date,,not_recorded,,,,,unmatched,,,
3650,Soo Brewing Company,Sault Sainte Marie,MI,,Taproom,,2020-04-11T00:00:00,confirmed_date,,not_recorded,,,,,unmatched,,,
3651,Superior Coast Brewery / Karls Cuisine Winery and Brewery,Sault Sainte Marie,MI,,Brewpub,,2020-04-11T00:00:00,confirmed_date,,not_recorded,,,,,unmatched,,,
3652,Lockside Brewery / 1668 Winery,Sault Sainte Marie,MI,,Brewpub,,,not_recorded,,not_recorded,,,,,unmatched,,,
3653,Greenbush Annex,Sawyer,MI,,Micro,,2020-03-03T00:00:00,confirmed_date,,not_recorded,,,,,unmatched,,,
3654,Greenbush Brewing Co,Sawyer,MI,,Micro,,2020-04-11T00:00:00,confirmed_date,,not_recorded,,,,,unmatched,,,
3655,Brooks Brewing,Shelby Charter Township,MI,,Taproom,,,not_recorded,,not_recorded,,,,,unmatched,,,
3656,Sherwood Brewing Co,Shelby Township,MI,,Brewpub,,2020-03-03T00:00:00,confirmed_date,,not_recorded,,,,,unmatched,,,
3657,South Haven Brewpub,South Haven,MI,,Brewpub,,2020-04-11T00:00:00,confirmed_date,,not_recorded,,,,,unmatched,,,
3658,Harbor Light Brewery,South Haven,MI,,Micro,,,not_recorded,,not_recorded,,,,,unmatched,,,
3659,Three Blondes Brewing,South Haven,MI,,Brewpub,,,not_recorded,,not_recorded,,,,,unmatched,,,
3660,Witch’s Hat Brewing,South Lyon,MI,,Taproom,,2020-03-03T00:00:00,confirmed_date,,not_recorded,,,,,unmatched,,,
3661,Third Monk Brewing Co,South Lyon,MI,,Taproom,,,not_recorded,,not_recorded,,,,,unmatched,,,
3662,Cellar Brewing Co,Sparta,MI,,Brewpub,,2020-03-03T00:00:00,confirmed_date,,not_recorded,,,,,unmatched,,,
3663,Old Boys Brewhouse,Spring Lake,MI,,Brewpub,,,not_recorded,,not_recorded,,,,,unmatched,,,
3664,Territorial Brewing Company,Springfield,MI,,Taproom,,,not_recorded,,not_recorded,,,,,unmatched,,,
3665,Territorial Brewing Company Production Facility,Springfield,MI,,Micro,,,not_recorded,,not_recorded,,,,,unmatched,,,
3666,Grande Mere Inn / Cranberry Bog Bar,Stevensville,MI,,Brewpub,,,not_recorded,,not_recorded,,,,,unmatched,,,
3667,Watermark Brewing Company,Stevensville,MI,,Taproom,,,not_recorded,,not_recorded,,,,,unmatched,,,
3668,Hop Lot Brewing Co.,Suttons Bay,MI,,Brewpub,,2020-02-07T00:00:00,confirmed_date,,not_recorded,,,,,unmatched,,,
3669,The Boathouse Beer Co and Boozery,Tawas City,MI,,Brewpub,,2020-03-03T00:00:00,confirmed_date,,not_recorded,,,,,unmatched,,,
3670,Tecumseh Brewing Company,Tecumseh,MI,,Brewpub,,2020-02-07T00:00:00,confirmed_date,,not_recorded,,,,,unmatched,,,
3671,Black Fire Winery,Tecumseh,MI,,Taproom,,,not_recorded,,not_recorded,,,,,unmatched,,,
3672,Pavlov’s Brewing Company,Temperance,MI,,Taproom,,2020-03-03T00:00:00,confirmed_date,,not_recorded,,,,,unmatched,,,
3673,Kelsey Block Brewing Company,Three Rivers,MI,,Brewpub,,,not_recorded,,not_recorded,,,,,unmatched,,,
3674,Brewery Terra Firma,Traverse City,MI,,Micro,,2020-03-03T00:00:00,confirmed_date,,not_recorded,,,,,unmatched,,,
3675,Cherry Republic Brewing,Traverse City,MI,,Contract,,2020-03-03T00:00:00,confirmed_date,,not_recorded,,,,,unmatched,,,
3676,Mackinaw Brewing Co,Traverse City,MI,,Brewpub,,2020-03-03T00:00:00,confirmed_date,,not_recorded,,,,,unmatched,,,
3677,MiddleCoast Brewing Company,Traverse City,MI,,Taproom,,2020-03-03T00:00:00,confirmed_date,,not_recorded,,,,,unmatched,,,
3678,Silver Spruce Brewing Company,Traverse City,MI,,Taproom,,2020-03-03T00:00:00,confirmed_date,,not_recorded,,,,,unmatched,,,
3679,Workshop Brewing Co,Traverse City,MI,,Brewpub,,2020-03-03T00:00:00,confirmed_date,,not_recorded,,,,,unmatched,,,
3680,"Jolly Pumpkin Restaurant, Brewery & Distillery",Traverse City,MI,,Micro,,2020-04-11T00:00:00,confirmed_date,,not_recorded,,,,,unmatched,,,
3681,Right Brain Brewery,Traverse City,MI,,Micro,,2020-04-11T00:00:00,confirmed_date,,not_recorded,,,,,unmatched,,,
3682,Earthen Ales,Traverse City,MI,,Taproom,,,not_recorded,,not_recorded,,,,,unmatched,,,
3683,North Peak Brewing Co,Traverse City,MI,,Brewpub,,,not_recorded,,not_recorded,,,,,unmatched,,,
3684,Rare Bird Brewpub,Traverse City,MI,,Brewpub,,,not_recorded,,not_recorded,,,,,unmatched,,,
3685,The Filling Station Microbrewery,Traverse City,MI,,Brewpub,,,not_recorded,,not_recorded,,,,,unmatched,,,
3686,UBrew Nanobrewery,Traverse City,MI,,Taproom,,,not_recorded,,not_recorded,,,,,unmatched,,,
3687,"Alan Carmash, LLC",Troy,MI,,Planning,,2019-08-29T00:00:00,confirmed_date,,not_recorded,,,,,unmatched,,,
3688,Granite City Food & Brewery (#28),Troy,MI,,Brewpub,,,not_recorded,,not_recorded,,,,,unmatched,,,
3689,The Distant Whistle Brewhouse,Vicksburg,MI,,Taproom,,,not_recorded,,not_recorded,,,,,unmatched,,,
3690,DeHop’s Brewing Company and Cafe,Walker,MI,,Brewpub,,,not_recorded,,not_recorded,,,,,unmatched,,,
3691,Kuhnhenn Brewing Co,Warren,MI,,Micro,,2020-02-07T00:00:00,confirmed_date,,not_recorded,,,,,unmatched,,,
3692,Dragonmead Microbrewery,Warren,MI,,Micro,,2020-04-11T00:00:00,confirmed_date,,not_recorded,,,,,unmatched,,,
3693,Brown Iron Brewhouse,Washington,MI,,Brewpub,,2020-02-07T00:00:00,confirmed_date,,not_recorded,,,,,unmatched,,,
3694,Rustic Leaf Brewing Company,Waterford,MI,,Taproom,,2020-03-03T00:00:00,confirmed_date,,not_recorded,,,,,unmatched,,,
3695,Arclight Brewing Company,Watervliet,MI,,Taproom,,2020-03-03T00:00:00,confirmed_date,,not_recorded,,,,,unmatched,,,
3696,OpenRoad Brewery,Wayland,MI,,Taproom,,2020-04-11T00:00:00,confirmed_date,,not_recorded,,,,,unmatched,,,
3697,The Highway Brewing Co.,West Branch,MI,,Brewpub,,,not_recorded,,not_recorded,,,,,unmatched,,,
3698,Fetch Brewing Co,Whitehall,MI,,Taproom,,2020-04-11T00:00:00,confirmed_date,,not_recorded,,,,,unmatched,,,
3699,Old Nation Brewing Company,Williamston,MI,,Regional,,2020-03-03T00:00:00,confirmed_date,,not_recorded,,,,,unmatched,,,
3700,Michigan Brewing Works,Williamston,MI,,Taproom,,2020-04-11T00:00:00,confirmed_date,,not_recorded,,,,,unmatched,,,
3701,Drafting Table Brewing Company,Wixom,MI,,Taproom,,,not_recorded,,not_recorded,,,,,unmatched,,,
3702,Sports Brew Pub,Wyandotte,MI,,Brewpub,,,not_recorded,,not_recorded,,,,,unmatched,,,
3703,TwoGuys Brewing,Wyoming,MI,,Brewpub,,2019-11-27T00:00:00,confirmed_date,,not_recorded,,,,,unmatched,,,
3704,Kitzingen Brewery,Wyoming,MI,,Brewpub,,2020-03-03T00:00:00,confirmed_date,,not_recorded,,,,,unmatched,,,
3705,734 Brewing Company,Ypsilanti,MI,,Taproom,,,not_recorded,,not_recorded,,,,,unmatched,,,
3706,Arbor Brewing Co. Microbrewery,Ypsilanti,MI,,Brewpub,,,not_recorded,,not_recorded,,,,,unmatched,,,
3707,Mishigama Craft Brewing / Ypsi Alehouse,Ypsilanti,MI,,Taproom,,,not_recorded,,not_recorded,,,,,unmatched,,,
3708,Tripelroot,Zeeland,MI,,Brewpub,,2020-03-03T00:00:00,confirmed_date,,not_recorded,,,,,unmatched,,,
3709,Block North LLC,Aitkin,MN,,Brewpub,,2020-03-03T00:00:00,confirmed_date,,not_recorded,,,,,unmatched,,,
3710,22 Northmen Brewing Company,Alexandria,MN,,Brewpub,,2020-02-07T00:00:00,confirmed_date,,not_recorded,,,,,unmatched,,,
3711,Copper Trail Brewing Co.,Alexandria,MN,,Micro,,,not_recorded,,not_recorded,,,,,unmatched,,,
3712,Spilled Grain Brewhouse,Annandale,MN,,Taproom,,2020-04-11T00:00:00,confirmed_date,,not_recorded,,,,,unmatched,,,
3713,10K Brewing,Anoka,MN,,Taproom,,2019-08-29T00:00:00,confirmed_date,,not_recorded,,,,,unmatched,,,
3714,Ashby Brewing Company,Ashby,MN,,Micro,,,not_recorded,,not_recorded,,,,,unmatched,,,
3715,Gravity Storm Brewery Cooperative,Austin,MN,,Taproom,,,not_recorded,,not_recorded,,,,,unmatched,,,
3716,Jack Pine Brewery,Baxter,MN,,Micro,,,not_recorded,,not_recorded,,,,,unmatched,,,
3717,"U4ic Brewing, Inc.",Belle Plaine,MN,,Taproom,,2020-03-03T00:00:00,confirmed_date,,not_recorded,,,,,unmatched,,,
3718,Bemidji Brewing Company,Bemidji,MN,,Taproom,,,not_recorded,,not_recorded,,,,,unmatched,,,
3719,Garphish Brewing Company,Bethel,MN,,Micro,,,not_recorded,,not_recorded,,,,,unmatched,,,
3720,Lupulin Brewing,Big Lake,MN,,Micro,,,not_recorded,,not_recorded,,,,,unmatched,,,
3721,Invictus Brewing Co,Blaine,MN,,Taproom,,2019-10-25T00:00:00,confirmed_date,,not_recorded,,,,,exact,invictus-brewing-co,content/breweries/invictus-brewing-co.md,
3722,Oswald Brewing Company,Blue Earth,MN,,Brewpub,,,not_recorded,,not_recorded,,,,,unmatched,,,
3723,Roundhouse Brewery,Brainerd,MN,,Taproom,,2020-04-11T00:00:00,confirmed_date,,not_recorded,,,,,unmatched,,,
3724,Surly Brewing Company,Brooklyn Ctr,MN,,Regional,,2019-11-13T00:00:00,confirmed_date,,not_recorded,,,,,unmatched,,,
3725,Blue Wolf Brewing Company LLC,Brooklyn Park,MN,,Taproom,,2020-03-03T00:00:00,confirmed_date,,not_recorded,,,,,unmatched,,,
3726,Hayes Public House,Buffalo,MN,,Taproom,,,not_recorded,,not_recorded,,,,,unmatched,,,
3727,Nutmeg Brewhouse,Burnsville,MN,,Brewpub,,2020-04-11T00:00:00,confirmed_date,,not_recorded,,,,,unmatched,,,
3728,Schram Haus Brewery,Chaska,MN,,Taproom,,2020-03-03T00:00:00,confirmed_date,,not_recorded,,,,,unmatched,,,
3729,Uncommon Loon Brewing Company,Chisago City,MN,,Taproom,,,not_recorded,,not_recorded,,,,,unmatched,,,
3730,Third Street Brewhouse,Cold Spring,MN,,Regional,,yes,confirmed_yes,,not_recorded,,,,,unmatched,,,
3731,Alloy Brewing Company,Coon Rapids,MN,,Taproom,,2020-04-11T00:00:00,confirmed_date,,not_recorded,,,,,unmatched,,,
3732,Cuyuna Brewing Company,Crosby,MN,,Taproom,,,not_recorded,,not_recorded,,,,,unmatched,,,
3733,LuPine Brewing Co,Delano,MN,,Micro,,yes,confirmed_yes,,not_recorded,,,,,unmatched,,,
3734,Tavern Brewery,Detroit Lakes,MN,,Brewpub,,2020-03-03T00:00:00,confirmed_date,,not_recorded,,,,,unmatched,,,
3735,Vikre Distilling,Duluth,MN,,Distillery,,YES,confirmed_yes,yes,confirmed_yes,yes,,,,unmatched,,,
3736,Blacklist Artisan Ales,Duluth,MN,,Micro,,2020-02-07T00:00:00,confirmed_date,,not_recorded,,,,,unmatched,,,
3737,Bent Paddle Brewing Co,Duluth,MN,,Regional,,2020-03-03T00:00:00,confirmed_date,,not_recorded,,,,,unmatched,,,
3738,Fitger’s Brewhouse,Duluth,MN,,Brewpub,,2020-03-03T00:00:00,confirmed_date,,not_recorded,,,,,unmatched,,,
3739,Lake Superior Brewing Co,Duluth,MN,,Micro,,2020-03-03T00:00:00,confirmed_date,,not_recorded,,,,,unmatched,,,
3740,Ursa Minor Brewing,Duluth,MN,,Taproom,,2020-03-03T00:00:00,confirmed_date,,not_recorded,,,,,unmatched,,,
3741,Hoops Brewing,Duluth,MN,,Taproom,,2020-04-11T00:00:00,confirmed_date,,not_recorded,,,,,unmatched,,,
3742,Dubh Linn Brew Pub,Duluth,MN,,Brewpub,,yes,confirmed_yes,,not_recorded,,,,,unmatched,,,
3743,Canal Park Brewery,Duluth,MN,,Brewpub,,,not_recorded,,not_recorded,,,,,unmatched,,,
3744,Carmody Irish Pub & Brewing,Duluth,MN,,Brewpub,,,not_recorded,,not_recorded,,,,,unmatched,,,
3745,Chapel Brewing,Dundas,MN,,Taproom,,2020-03-03T00:00:00,confirmed_date,,not_recorded,,,,,unmatched,,,
3746,Bald Man Brewing Company,Eagan,MN,,Taproom,,2020-03-03T00:00:00,confirmed_date,,not_recorded,,,,,unmatched,,,
3747,Granite City Food & Brewery (#10),Eagan,MN,,Brewpub,,,not_recorded,,not_recorded,,,,,unmatched,,,
3748,Union 32 Crafthouse,Eagan,MN,,Brewpub,,,not_recorded,,not_recorded,,,,,unmatched,,,
3749,Wooden Hill Brewing Company,Edina,MN,,Taproom,,,not_recorded,,not_recorded,,,,,unmatched,,,
3750,Boathouse Brewery LLC,Ely,MN,,Brewpub,,2020-02-07T00:00:00,confirmed_date,,not_recorded,,,,,unmatched,,,
3751,Excelsior Brewing Co,Excelsior,MN,,Micro,,yes,confirmed_yes,,not_recorded,,,,,unmatched,,,
3752,Union Pizza & Brewing Co,Fergus Falls,MN,,Brewpub,,,not_recorded,,not_recorded,,,,,unmatched,,,
3753,Karst Brewing LLC,Fountain,MN,,Taproom,,2020-03-03T00:00:00,confirmed_date,,not_recorded,,,,,unmatched,,,
3754,Under Pressure Brewing Company,Golden Valley,MN,,Micro,,2020-04-11T00:00:00,confirmed_date,,not_recorded,,,,,unmatched,,,
3755,Voyageur Brewing Co,Grand Marais,MN,,Taproom,,2020-04-11T00:00:00,confirmed_date,,not_recorded,,,,,unmatched,,,
3756,Gun Flint Tavern,Grand Marais,MN,,Brewpub,,,not_recorded,,not_recorded,,,,,unmatched,,,
3757,Rapids Brewing Company,Grand Rapids,MN,,Brewpub,,2020-03-03T00:00:00,confirmed_date,,not_recorded,,,,,unmatched,,,
3758,Klockow Brewing Company,Grand Rapids,MN,,Taproom,,,not_recorded,,not_recorded,,,,,unmatched,,,
3759,Revelation Ale Works,Hallock,MN,,Taproom,,,not_recorded,,not_recorded,,,,,unmatched,,,
3760,Spiral Brewery,Hastings,MN,,Taproom,,,not_recorded,,not_recorded,,,,,unmatched,,,
3761,Bank Brewing Co,Hendricks,MN,,Micro,,,not_recorded,,not_recorded,,,,,unmatched,,,
3762,BoomTown Brewery and Woodfire Grill,Hibbing,MN,,Brewpub,,2020-04-11T00:00:00,confirmed_date,,not_recorded,,,,,unmatched,,,
3763,LTD Brewery,Hopkins,MN,,Taproom,,yes,confirmed_yes,,not_recorded,,,,,unmatched,,,
3764,Bobbing Bobber Brewing Company,Hutchinson,MN,,Taproom,,,not_recorded,,not_recorded,,,,,unmatched,,,
3765,Roets Jordan Brewery Co.,Jordan,MN,,Brewpub,,,not_recorded,,not_recorded,,,,,unmatched,,,
3766,Angry Inch Brewing,Lakeville,MN,,Taproom,,2020-03-03T00:00:00,confirmed_date,,not_recorded,,,,,unmatched,,,
3767,"Lakeville Brewing Co., LLC",Lakeville,MN,,Brewpub,,,not_recorded,,not_recorded,,,,,unmatched,,,
3768,HammerHeart Brewing Company,Lino Lakes,MN,,Micro,,2020-03-03T00:00:00,confirmed_date,,not_recorded,,,,,unmatched,,,
3769,Starry Eyed Brewing Company,Little Falls,MN,,Taproom,,2020-03-03T00:00:00,confirmed_date,,not_recorded,,,,,unmatched,,,
3770,Birch’s On the Lake,Long Lake,MN,,Brewpub,,2020-02-07T00:00:00,confirmed_date,,not_recorded,,,,,unmatched,,,
3771,Founding Fathers Brewing Company,Long Lake,MN,,Contract,,2020-03-03T00:00:00,confirmed_date,,not_recorded,,,,,unmatched,,,
3772,Take 16 Brewing Company,Luverne,MN,,Micro,,2020-03-03T00:00:00,confirmed_date,,not_recorded,,,,,unmatched,,,
3773,Lost Sanity Brewing Co.,Madelia,MN,,Taproom,,,not_recorded,,not_recorded,,,,,unmatched,,,
3774,LocAle Brewing Company,Mankato,MN,,Taproom,,,not_recorded,,not_recorded,,,,,unmatched,,,
3775,Granite City Food & Brewery (#8),Maple Grove,MN,,Brewpub,,2020-04-11T00:00:00,confirmed_date,,not_recorded,,,,,unmatched,,,
3776,OMNI Brewing Company,Maple Grove,MN,,Taproom,,,not_recorded,,not_recorded,,,,,unmatched,,,
3777,Brau Brothers Brewing Co,Marshall,MN,,Micro,,,not_recorded,,not_recorded,,,,,unmatched,,,
3778,Able Seedhouse and Brewery,Minneapolis,MN,,Micro,,2019-08-29T00:00:00,confirmed_date,yes,confirmed_yes,yes,,,,unmatched,,,
3779,Indeed Brewing Co,Minneapolis,MN,,Regional,,2020-03-03T00:00:00,confirmed_date,yes,confirmed_yes,,https://www.indeedbrewing.com/,https://www.instagram.com/indeedbrewing/,https://twitter.com/indeedbrewing,exact,indeed-brewing-co,content/breweries/indeed-brewing-co.md,
3780,56 Brewing,Minneapolis,MN,,Micro,,2020-02-07T00:00:00,confirmed_date,,not_recorded,,,,,unmatched,,,
3781,Brass Foundry Brewing Co.,Minneapolis,MN,,Micro,,2020-02-07T00:00:00,confirmed_date,,not_recorded,,,,,unmatched,,,
3782,Fair State Brewing Cooperative,Minneapolis,MN,,Micro,,2020-02-07T00:00:00,confirmed_date,,not_recorded,,,,,unmatched,,,
3783,612 Brew,Minneapolis,MN,,Micro,,2020-03-03T00:00:00,confirmed_date,,not_recorded,,,,,unmatched,,,
3784,Bauhaus Brew Labs,Minneapolis,MN,,Micro,,2020-03-03T00:00:00,confirmed_date,,not_recorded,,,,,unmatched,,,
3785,Dangerous Man Brewing Co,Minneapolis,MN,,Micro,,2020-03-03T00:00:00,confirmed_date,,not_recorded,,,,,unmatched,,,
3786,Fulton Beer,Minneapolis,MN,,Micro,,2020-03-03T00:00:00,confirmed_date,,not_recorded,,,,,unmatched,,,
3787,Fulton Beer,Minneapolis,MN,,Regional,,2020-03-03T00:00:00,confirmed_date,,not_recorded,,,,,unmatched,,,
3788,Herkimer Pub and Brewery,Minneapolis,MN,,Brewpub,,2020-03-03T00:00:00,confirmed_date,,not_recorded,,,,,unmatched,,,
3789,Inbound Brewco,Minneapolis,MN,,Taproom,,2020-03-03T00:00:00,confirmed_date,,not_recorded,,,,,unmatched,,,
3790,La Dona Cerveceria,Minneapolis,MN,,Taproom,,2020-03-03T00:00:00,confirmed_date,,not_recorded,,,,,unmatched,,,
3791,Lakes & Legends Brewing Company,Minneapolis,MN,,Taproom,,2020-03-03T00:00:00,confirmed_date,,not_recorded,,,,,unmatched,,,
3792,Northbound Smokehouse Brewpub,Minneapolis,MN,,Brewpub,,2020-03-03T00:00:00,confirmed_date,,not_recorded,,,,,unmatched,,,
3793,Pryes Brewing Company,Minneapolis,MN,,Micro,,2020-03-03T00:00:00,confirmed_date,,not_recorded,,,,,unmatched,,,
3794,Sisyphus Brewing,Minneapolis,MN,,Taproom,,2020-03-03T00:00:00,confirmed_date,,not_recorded,,,,,unmatched,,,
3795,Surly Brewing Company,Minneapolis,MN,,Regional,,2020-03-03T00:00:00,confirmed_date,,not_recorded,,,,,unmatched,,,
3796,Torg Brewery,Minneapolis,MN,,Taproom,,2020-03-03T00:00:00,confirmed_date,,not_recorded,,,,,unmatched,,,
3797,Wicked Wort Brewing Company,Minneapolis,MN,,Brewpub,,2020-03-03T00:00:00,confirmed_date,,not_recorded,,,,,unmatched,,,
3798,Wild Mind Artisan Ales,Minneapolis,MN,,Taproom,,2020-03-03T00:00:00,confirmed_date,,not_recorded,,,,,unmatched,,,
3799,Clockwerks Brewing,Minneapolis,MN,,Taproom,,2020-04-11T00:00:00,confirmed_date,,not_recorded,,,,,unmatched,,,
3800,Day Block Brewing Company,Minneapolis,MN,,Brewpub,,2020-04-11T00:00:00,confirmed_date,,not_recorded,,,,,unmatched,,,
3801,Granite City Food (Corp),Minneapolis,MN,,Micro,,2020-04-11T00:00:00,confirmed_date,,not_recorded,,,,,unmatched,,,
3802,LynLake Brewery,Minneapolis,MN,,Taproom,,2020-04-11T00:00:00,confirmed_date,,not_recorded,,,,,unmatched,,,
3803,Minneapolis Town Hall Brewery,Minneapolis,MN,,Brewpub,,2020-04-11T00:00:00,confirmed_date,,not_recorded,,,,,unmatched,,,
3804,FINNEGANS Brew Co,Minneapolis,MN,,Micro,,yes,confirmed_yes,,not_recorded,,,,,unmatched,,,
3805,Modist Brewing Company,Minneapolis,MN,,Micro,,yes,confirmed_yes,,not_recorded,,,,,unmatched,,,
3806,The Freehouse,Minneapolis,MN,,Brewpub,,yes,confirmed_yes,,not_recorded,,,,,unmatched,,,
3807,Boom Island Brewing Company,Minneapolis,MN,,Micro,,,not_recorded,,not_recorded,,,,,unmatched,,,
3808,Broken Clock Brewing Cooperative,Minneapolis,MN,,Micro,,,not_recorded,,not_recorded,,,,,unmatched,,,
3809,Eastlake Craft Brewery,Minneapolis,MN,,Taproom,,,not_recorded,,not_recorded,,,,,unmatched,,,
3810,HeadFlyer Brewing,Minneapolis,MN,,Micro,,,not_recorded,,not_recorded,,,,,unmatched,,,
3811,Insight Brewing Company,Minneapolis,MN,,Micro,,,not_recorded,,not_recorded,,,,,unmatched,,,
3812,Rock Bottom Brewery - Minneapolis,Minneapolis,MN,,Brewpub,,,not_recorded,,not_recorded,,,,,unmatched,,,
3813,Sociable Cider Werks,Minneapolis,MN,,Micro,,,not_recorded,,not_recorded,,,,,unmatched,,,
3814,Utepils Brewing Co,Minneapolis,MN,,Micro,,,not_recorded,,not_recorded,,,,,unmatched,,,
3815,Venn Brewing Company,Minneapolis,MN,,Taproom,,,not_recorded,,not_recorded,,,,,unmatched,,,
3816,Unmapped Brewing Co.,Minnetonka,MN,,Micro,,2020-03-03T00:00:00,confirmed_date,,not_recorded,,,,,unmatched,,,
3817,Talking Waters Brewing Co.,Montevideo,MN,,Taproom,,2020-03-03T00:00:00,confirmed_date,,not_recorded,,,,,unmatched,,,
3818,Montgomery Brewing Company,Montgomery,MN,,Taproom,,,not_recorded,,not_recorded,,,,,unmatched,,,
3819,Rustech Brewing Company,Monticello,MN,,Taproom,,,not_recorded,,not_recorded,,,,,unmatched,,,
3820,Junkyard Brewing Company,Moorhead,MN,,Taproom,,,not_recorded,,not_recorded,,,,,unmatched,,,
3821,Moose Lake Brewing Company,Moose Lake,MN,,Taproom,,,not_recorded,,not_recorded,,,,,unmatched,,,
3822,Barley Johns Brewpub,New Brighton,MN,,Brewpub,,,not_recorded,,not_recorded,,,,,unmatched,,,
3823,Goat Ridge Brewing,New London,MN,,Micro,,2020-02-01T00:00:00,confirmed_date,,not_recorded,,,,,unmatched,,,
3824,Giesenbräu Bier Co LLC,New Prague,MN,,Taproom,,,not_recorded,,not_recorded,,,,,unmatched,,,
3825,August Schell Brewing Co,New Ulm,MN,,Regional,,2019-11-27T00:00:00,confirmed_date,,not_recorded,,,,,unmatched,,,
3826,Big Axe Brewing Company,Nisswa,MN,,Brewpub,,,not_recorded,,not_recorded,,,,,unmatched,,,
3827,Mankato Brewery,North Mankato,MN,,Micro,,,not_recorded,,not_recorded,,,,,unmatched,,,
3828,Imminent Brewing,Northfield,MN,,Taproom,,2020-03-03T00:00:00,confirmed_date,,not_recorded,,,,,unmatched,,,
3829,Tanzenwald Brewing Company,Northfield,MN,,Brewpub,,yes,confirmed_yes,,not_recorded,,,,,unmatched,,,
3830,Hunyuck Brew Co.,Oakdale,MN,,Contract,,2020-03-03T00:00:00,confirmed_date,,not_recorded,,,,,unmatched,,,
3831,Disgruntled Brewing,Perham,MN,,Taproom,,,not_recorded,,not_recorded,,,,,unmatched,,,
3832,Three Twenty Brewing Co.,Pine City,MN,,Taproom,,2020-04-11T00:00:00,confirmed_date,,not_recorded,,,,,unmatched,,,
3833,Boathouse Brothers Brewing Co,Prior Lake,MN,,Taproom,,,not_recorded,,not_recorded,,,,,unmatched,,,
3834,Loony’s Brew,Ranier,MN,,Brewpub,,,not_recorded,,not_recorded,,,,,unmatched,,,
3835,Reads Landing Brewing Co,Reads Landing,MN,,Brewpub,,,not_recorded,,not_recorded,,,,,unmatched,,,
3836,Red Wing Brewing Company,Red Wing,MN,,Brewpub,,2020-04-11T00:00:00,confirmed_date,,not_recorded,,,,,unmatched,,,
3837,Thesis Beer Project,Rochester,MN,,Taproom,,2020-03-03T00:00:00,confirmed_date,,not_recorded,,,,,unmatched,,,
3838,Little Thistle Brewing,Rochester,MN,,Taproom,,2020-04-11T00:00:00,confirmed_date,,not_recorded,,,,,unmatched,,,
3839,LTS Brewing Company,Rochester,MN,,Taproom,,yes,confirmed_yes,,not_recorded,,,,,unmatched,,,
3840,Forager Brewing Company,Rochester,MN,,Brewpub,,,not_recorded,,not_recorded,,,,,unmatched,,,
3841,Grand Rounds Brewing Company,Rochester,MN,,Brewpub,,,not_recorded,,not_recorded,,,,,unmatched,,,
3842,Kinney Creek Brewery,Rochester,MN,,Taproom,,,not_recorded,,not_recorded,,,,,unmatched,,,
3843,Olvalde Farm & Brewing,Rollingstone,MN,,Micro,,,not_recorded,,not_recorded,,,,,unmatched,,,
3844,Bent Brewstillery,Roseville,MN,,Taproom,,2020-04-11T00:00:00,confirmed_date,,not_recorded,,,,,unmatched,,,
3845,Granite City Food & Brewery (#1),Saint Cloud,MN,,Brewpub,,2020-02-07T00:00:00,confirmed_date,,not_recorded,,,,,unmatched,,,
3846,Pantown Brewing Company,Saint Cloud,MN,,Taproom,,2020-03-03T00:00:00,confirmed_date,,not_recorded,,,,,unmatched,,,
3847,Beaver Island Brewing Company,Saint Cloud,MN,,Micro,,,not_recorded,,not_recorded,,,,,unmatched,,,
3848,Bad Habit Brewing Company,Saint Joseph,MN,,Taproom,,,not_recorded,,not_recorded,,,,,unmatched,,,
3849,Summit Brewing Co,Saint Paul,MN,,Regional,,2019-04-20T00:00:00,confirmed_date,,not_recorded,,,,,exact,summit-brewing-co,content/breweries/summit-brewing-co.md,
3850,Stacked Deck Brewing,Saint Paul,MN,,Taproom,,2019-10-26T00:00:00,confirmed_date,,not_recorded,,,,,unmatched,,,
3851,Birch’s Lowertown Tap Room & Barrel House,Saint Paul,MN,,Brewpub,,2020-02-07T00:00:00,confirmed_date,,not_recorded,,,,,unmatched,,,
3852,Game On Brewing,Saint Paul,MN,,Contract,,2020-02-07T00:00:00,confirmed_date,,not_recorded,,,,,unmatched,,,
3853,Barrel Theory Beer Company,Saint Paul,MN,,Taproom,,2020-03-03T00:00:00,confirmed_date,,not_recorded,,,,,unmatched,,,
3854,Clutch Brewing Company,Saint Paul,MN,,Taproom,,2020-03-03T00:00:00,confirmed_date,,not_recorded,,,,,unmatched,,,
3855,Joseph Wolf Brewing Company,Saint Paul,MN,,Contract,,2020-03-03T00:00:00,confirmed_date,,not_recorded,,,,,unmatched,,,
3856,Lake Monster Brewing,Saint Paul,MN,,Taproom,,2020-03-03T00:00:00,confirmed_date,,not_recorded,,,,,unmatched,,,
3857,Saint Croix Beer Co. DBA Saint Croix Brewing Co.,Saint Paul,MN,,Contract,,2020-03-03T00:00:00,confirmed_date,,not_recorded,,,,,unmatched,,,
3858,Wabasha Brewing Company,Saint Paul,MN,,Taproom,,2020-03-03T00:00:00,confirmed_date,,not_recorded,,,,,unmatched,,,
3859,Bang Brewing,Saint Paul,MN,,Micro,,2020-04-11T00:00:00,confirmed_date,,not_recorded,,,,,unmatched,,,
3860,BlackStack Brewing,Saint Paul,MN,,Micro,,2020-04-11T00:00:00,confirmed_date,,not_recorded,,,,,unmatched,,,
3861,Dual Citizen Brewing Co.,Saint Paul,MN,,Taproom,,2020-04-11T00:00:00,confirmed_date,,not_recorded,,,,,unmatched,,,
3862,Urban Growler Brewing Co,Saint Paul,MN,,Brewpub,,2020-04-11T00:00:00,confirmed_date,,not_recorded,,,,,unmatched,,,
3863,Bad Weather Brewing LLC,Saint Paul,MN,,Taproom,,,not_recorded,,not_recorded,,,,,unmatched,,,
3864,Burning Brothers Brewing,Saint Paul,MN,,Taproom,,,not_recorded,,not_recorded,,,,,unmatched,,,
3865,Fair State Brewing Cooperative - St. Paul,Saint Paul,MN,,Micro,,,not_recorded,,not_recorded,,,,,unmatched,,,
3866,Granite City Food & Brewery (#17),Saint Paul,MN,,Brewpub,,,not_recorded,,not_recorded,,,,,unmatched,,,
3867,Saint Paul Brewing,Saint Paul,MN,,Micro,,,not_recorded,,not_recorded,,,,,unmatched,,,
3868,"The Lab, LLC",Saint Paul,MN,,Taproom,,,not_recorded,,not_recorded,,,,,unmatched,,,
3869,Tin Whiskers Brewing,Saint Paul,MN,,Micro,,,not_recorded,,not_recorded,,,,,unmatched,,,
3870,Vine Park Brewing Co,Saint Paul,MN,,Micro,,,not_recorded,,not_recorded,,,,,unmatched,,,
3871,Waldmann Brewery,Saint Paul,MN,,Taproom,,,not_recorded,,not_recorded,,,,,unmatched,,,
3872,Yoerg Brewing Company,Saint Paul,MN,,Brewpub,,,not_recorded,,not_recorded,,,,,unmatched,,,
3873,Rahr Technical Center LLC,Shakopee,MN,,Micro,,2020-04-11T00:00:00,confirmed_date,,not_recorded,,,,,unmatched,,,
3874,Badger Hill Brewing,Shakopee,MN,,Micro,,,not_recorded,,not_recorded,,,,,unmatched,,,
3875,Shakopee Brewhall,Shakopee,MN,,Taproom,,,not_recorded,,not_recorded,,,,,unmatched,,,
3876,Back Channel Brewing,Spring Park,MN,,Taproom,,,not_recorded,,not_recorded,,,,,unmatched,,,
3877,The Dampfwerk Distillery,St Louis Park,MN,,Distillery,,yes,confirmed_yes,yes,confirmed_yes,yes,,,,unmatched,,,
3878,Steel Toe Brewing,St Louis Park,MN,,Micro,,2020-02-07T00:00:00,confirmed_date,,not_recorded,,,,,unmatched,,,
3879,Lift Bridge Brewery,Stillwater,MN,,Micro,,2020-02-07T00:00:00,confirmed_date,,not_recorded,,,,,unmatched,,,
3880,Maple Island Brewing,Stillwater,MN,,Taproom,,2020-03-03T00:00:00,confirmed_date,,not_recorded,,,,,unmatched,,,
3881,Castle Danger Brewery,Two Harbors,MN,,Regional,,2020-03-03T00:00:00,confirmed_date,,not_recorded,,,,,unmatched,,,
3882,Enki Brewing,Victoria,MN,,Micro,,,not_recorded,,not_recorded,,,,,unmatched,,,
3883,Schram Vineyards Winery & Brewery,Waconia,MN,,Taproom,,,not_recorded,,not_recorded,,,,,unmatched,,,
3884,Waconia Brewing Company,Waconia,MN,,Taproom,,,not_recorded,,not_recorded,,,,,unmatched,,,
3885,Drastic Measures Brewing,Wadena,MN,,Micro,,2020-04-11T00:00:00,confirmed_date,,not_recorded,,,,,unmatched,,,
3886,Lake of the Woods Brewing Company,Warroad,MN,,Taproom,,2020-03-03T00:00:00,confirmed_date,,not_recorded,,,,,unmatched,,,
3887,Half Pint Brewing Company,Waseca,MN,,Taproom,,2020-03-03T00:00:00,confirmed_date,,not_recorded,,,,,unmatched,,,
3888,Ward House Brewery,Waseca,MN,,Taproom,,2020-04-11T00:00:00,confirmed_date,,not_recorded,,,,,unmatched,,,
3889,"Wayzata Brew Works, LLC",wayzata,MN,,Taproom,,2020-03-03T00:00:00,confirmed_date,,not_recorded,,,,,unmatched,,,
3890,Big Wood Brewery,White Bear Lake,MN,,Micro,,2020-02-07T00:00:00,confirmed_date,,not_recorded,,,,,unmatched,,,
3891,Roma Brewery,Willernie,MN,,Brewpub,,2020-03-03T00:00:00,confirmed_date,,not_recorded,,,,,unmatched,,,
3892,Foxhole Brewhouse,Willmar,MN,,Taproom,,2020-03-03T00:00:00,confirmed_date,,not_recorded,,,,,unmatched,,,
3893,Island City Brewing Company,Winona,MN,,Micro,,2020-04-11T00:00:00,confirmed_date,,not_recorded,,,,,unmatched,,,
3894,Pigs Eye Pub,Woodbury,MN,,Proprietor,,2020-03-03T00:00:00,confirmed_date,,not_recorded,,,,,unmatched,,,
3895,3rd Act Craft Brewery,Woodbury,MN,,Taproom,,2020-04-11T00:00:00,confirmed_date,,not_recorded,,,,,unmatched,,,
3896,Forbidden Barrel Brewing,Worthington,MN,,Taproom,,yes,confirmed_yes,,not_recorded,,,,,unmatched,,,
3897,Bootleggers Restaurant and Brewery,Aurora,MO,,Brewpub,,,not_recorded,,not_recorded,,,,,unmatched,,,
3898,Gruhlke’s Microbrewery / Bias Vineyards,Berger,MO,,Brewpub,,2020-03-03T00:00:00,confirmed_date,,not_recorded,,,,,unmatched,,,
3899,East Forty Brewing,Blue Springs,MO,,Brewpub,,2020-03-03T00:00:00,confirmed_date,,not_recorded,,,,,unmatched,,,
3900,Wind Shift Brewing Company,Blue Springs,MO,,Taproom,,2020-04-11T00:00:00,confirmed_date,,not_recorded,,,,,unmatched,,,
3901,"Charlie’s Steak, Ribs & Ale",Branson,MO,,Brewpub,,,not_recorded,,not_recorded,,,,,unmatched,,,
3902,Piney River Brewing Company,Bucyrus,MO,,Micro,,,not_recorded,,not_recorded,,,,,unmatched,,,
3903,Minglewood Brewery,Cape Girardeau,MO,,Brewpub,,2019-11-03T00:00:00,confirmed_date,,not_recorded,,,,,unmatched,,,
3904,Ebb and Flow Fermentations,Cape Girardeau,MO,,Brewpub,,2020-04-11T00:00:00,confirmed_date,,not_recorded,,,,,unmatched,,,
3905,River Bottoms Brewing Company,Carrollton,MO,,Brewpub,,2020-03-03T00:00:00,confirmed_date,,not_recorded,,,,,unmatched,,,
3906,Steampunk Brew Works,Chesterfield,MO,,Taproom,,,not_recorded,,not_recorded,,,,,unmatched,,,
3907,Logboat Brewing Co,Columbia,MO,,Micro,,yes,confirmed_yes,yes,confirmed_yes,yes,,,,exact,logboat-brewing-co,content/breweries/logboat-brewing-co.md,
3908,Flat Branch Pub and Brewing,Columbia,MO,,Brewpub,,2020-02-07T00:00:00,confirmed_date,,not_recorded,,,,,unmatched,,,
3909,Bur Oak Company,Columbia,MO,,Micro,,2020-03-03T00:00:00,confirmed_date,,not_recorded,,,,,unmatched,,,
3910,Rock Bridge Brewing Co,Columbia,MO,,Contract,,2020-03-03T00:00:00,confirmed_date,,not_recorded,,,,,unmatched,,,
3911,Broadway Brewery,Columbia,MO,,Brewpub,,,not_recorded,,not_recorded,,,,,unmatched,,,
3912,Granite City Food & Brewery (#29),Creve Coeur,MO,,Brewpub,,2020-04-11T00:00:00,confirmed_date,,not_recorded,,,,,unmatched,,,
3913,Miami Creek Brewing Company,Drexel,MO,,Taproom,,,not_recorded,,not_recorded,,,,,unmatched,,,
3914,Melvin Brewing,Eureka,MO,,Brewpub,,2019-10-26T00:00:00,confirmed_date,,not_recorded,,,,,unmatched,,,
3915,Atlas Saloon Brewery,Excelsior Springs,MO,,Taproom,,2020-03-03T00:00:00,confirmed_date,,not_recorded,,,,,unmatched,,,
3916,Dubious Claims Brewing,Excelsior Springs,MO,,Brewpub,,,not_recorded,,not_recorded,,,,,unmatched,,,
3917,Main And Mill Brewing Company,Festus,MO,,Brewpub,,2020-03-03T00:00:00,confirmed_date,,not_recorded,,,,,unmatched,,,
3918,Narrow Gauge Brewing Company,Florissant,MO,,Taproom,,2020-04-11T00:00:00,confirmed_date,,not_recorded,,,,,unmatched,,,
3919,Levi Garrison & Sons Brewing Company,Hamilton,MO,,Taproom,,,not_recorded,,not_recorded,,,,,unmatched,,,
3920,Mark Twain Brewing Company,Hannibal,MO,,Brewpub,,,not_recorded,,not_recorded,,,,,unmatched,,,
3921,Tin Mill Brewing Co,Hermann,MO,,Brewpub,,,not_recorded,,not_recorded,,,,,unmatched,,,
3922,Arcadian Moon,Higginsville,MO,,Brewpub,,,not_recorded,,not_recorded,,,,,unmatched,,,
3923,Bastard Brothers Brewing Company,High Ridge,MO,,Micro,,,not_recorded,,not_recorded,,,,,unmatched,,,
3924,The Russell House Restaurant Inn Brewery,Hillsboro,MO,,Brewpub,,,not_recorded,,not_recorded,,,,,unmatched,,,
3925,3 Trails Brewing,Independence,MO,,Taproom,,,not_recorded,,not_recorded,,,,,unmatched,,,
3926,Apex Aleworks,Independence,MO,,Taproom,,,not_recorded,,not_recorded,,,,,unmatched,,,
3927,Prison Brews,Jefferson City,MO,,Brewpub,,2019-10-26T00:00:00,confirmed_date,,not_recorded,,,,,unmatched,,,
3928,Torn Label Brewing Company,Kansas City,MO,,Micro,,2020-03-03T00:00:00,confirmed_date,yes,confirmed_yes,,,,,unmatched,,,
3929,Alma Mader Brewing,Kansas City,MO,,Taproom,,2020-03-03T00:00:00,confirmed_date,,not_recorded,,,,,unmatched,,,
3930,Boulevard Brewing Co,Kansas City,MO,,Regional,,2020-03-03T00:00:00,confirmed_date,,not_recorded,,,,,unmatched,,,
3931,Calibration Brewery,Kansas City,MO,,Brewpub,,2020-03-03T00:00:00,confirmed_date,,not_recorded,,,,,unmatched,,,
3932,Casual Animal,Kansas City,MO,,Taproom,,2020-03-03T00:00:00,confirmed_date,,not_recorded,,,,,unmatched,,,
3933,Granite City Food & Brewery (#11),Kansas City,MO,,Brewpub,,2020-03-03T00:00:00,confirmed_date,,not_recorded,,,,,unmatched,,,
3934,Callsign Brewing,Kansas City,MO,,Taproom,,2020-04-11T00:00:00,confirmed_date,,not_recorded,,,,,unmatched,,,
3935,Strange Days Brewing Co,Kansas City,MO,,Taproom,,2020-04-11T00:00:00,confirmed_date,,not_recorded,,,,,unmatched,,,
3936,Amerisports Brew Pub,Kansas City,MO,,Brewpub,,,not_recorded,,not_recorded,,,,,unmatched,,,
3937,BKS Artisan Ales,Kansas City,MO,,Taproom,,,not_recorded,,not_recorded,,,,,unmatched,,,
3938,Border Brewing Company,Kansas City,MO,,Taproom,,,not_recorded,,not_recorded,,,,,unmatched,,,
3939,Brewery Emperial,Kansas City,MO,,Brewpub,,,not_recorded,,not_recorded,,,,,unmatched,,,
3940,City Barrel Brewing Co,Kansas City,MO,,Brewpub,,,not_recorded,,not_recorded,,,,,unmatched,,,
3941,Double Shift Brewing,Kansas City,MO,,Taproom,,,not_recorded,,not_recorded,,,,,unmatched,,,
3942,Green Room Burgers & Beer,Kansas City,MO,,Brewpub,,,not_recorded,,not_recorded,,,,,unmatched,,,
3943,Kansas City Bier Company,Kansas City,MO,,Micro,,,not_recorded,,not_recorded,,,,,unmatched,,,
3944,Martin City Brewing Company,Kansas City,MO,,Brewpub,,,not_recorded,,not_recorded,,,,,unmatched,,,
3945,Stockyards Brewing Company,Kansas City,MO,,Taproom,,,not_recorded,,not_recorded,,,,,unmatched,,,
3946,Point Labaddie Brewery,Labadie,MO,,Brewpub,,,not_recorded,,not_recorded,,,,,unmatched,,,
3947,Smoke Brewing Company,Lees Summit,MO,,Brewpub,,2020-04-11T00:00:00,confirmed_date,,not_recorded,,,,,exact,smoke-brewing-company,content/breweries/smoke-brewing-company.md,
3948,Diametric Brewing Co.,Lees Summit,MO,,Taproom,,,not_recorded,,not_recorded,,,,,unmatched,,,
3949,Fringe Beerworks,Lees Summit,MO,,Taproom,,,not_recorded,,not_recorded,,,,,unmatched,,,
3950,Side Project Brewing,Maplewood,MO,,Taproom,,2019-11-27T00:00:00,confirmed_date,,not_recorded,,,,,unmatched,,,
3951,Six Mile Bridge Brewery,Maryland Heights,MO,,Micro,,2020-04-11T00:00:00,confirmed_date,,not_recorded,,,,,unmatched,,,
3952,O’Fallon Brewery,Maryland Heights,MO,,Micro,,,not_recorded,,not_recorded,,,,,unmatched,,,
3953,WellBeing Brewing,Maryland Heights,MO,,Micro,,,not_recorded,,not_recorded,,,,,unmatched,,,
3954,Indian Springs Brewing Company,Neosho,MO,,Taproom,,,not_recorded,,not_recorded,,,,,unmatched,,,
3955,Big Rip Brewing Company,North Kansas City,MO,,Taproom,,2020-03-03T00:00:00,confirmed_date,,not_recorded,,,,,unmatched,,,
3956,Cinder Block Brewery,North Kansas City,MO,,Brewpub,,2020-04-11T00:00:00,confirmed_date,,not_recorded,,,,,unmatched,,,
3957,Missouri Beer Company,O Fallon,MO,,Micro,,2020-04-11T00:00:00,confirmed_date,,not_recorded,,,,,unmatched,,,
3958,Good News Brewing Company,O Fallon,MO,,Brewpub,,,not_recorded,,not_recorded,,,,,unmatched,,,
3959,Wild Water,O Fallon,MO,,Taproom,,,not_recorded,,not_recorded,,,,,unmatched,,,
3960,Petrichor Brewing,O’Fallon,MO,,Brewpub,,,not_recorded,,not_recorded,,,,,unmatched,,,
3961,Ozark Brewery,Osage Beach,MO,,Brewpub,,2020-03-03T00:00:00,confirmed_date,,not_recorded,,,,,unmatched,,,
3962,Back Home Brewing Company,Ozark,MO,,Brewpub,,2020-04-11T00:00:00,confirmed_date,,not_recorded,,,,,unmatched,,,
3963,Deslogetown Brewery,Park Hills,MO,,Brewpub,,,not_recorded,,not_recorded,,,,,unmatched,,,
3964,Jackson Street Brew Co.,Perryville,MO,,Brewpub,,,not_recorded,,not_recorded,,,,,unmatched,,,
3965,Boat Town Brewing,Phillipsburg,MO,,Taproom,,,not_recorded,,not_recorded,,,,,unmatched,,,
3966,"Lake Bums BrewCo, LLC.",Pontiac,MO,,Taproom,,2020-03-03T00:00:00,confirmed_date,,not_recorded,,,,,unmatched,,,
3967,Bronze Owl Brewing,Poplar Bluff,MO,,Brewpub,,2019-10-26T00:00:00,confirmed_date,,not_recorded,,,,,unmatched,,,
3968,King David’s Brewing Company,Poplar Bluff,MO,,Brewpub,,,not_recorded,,not_recorded,,,,,unmatched,,,
3969,Crane Brewing Company,Raytown,MO,,Taproom,,yes,confirmed_yes,yes,confirmed_yes,yes,,,,exact,crane-brewing-company,content/breweries/crane-brewing-company.md,
3970,Public House Brewing Company,Rolla,MO,,Micro,,,not_recorded,,not_recorded,,,,,unmatched,,,
3971,Trailhead Brewing Co,Saint Charles,MO,,Brewpub,,2019-10-21T00:00:00,confirmed_date,,not_recorded,,,,,unmatched,,,
3972,Exit 6 Brewery,Saint Charles,MO,,Taproom,,2020-04-11T00:00:00,confirmed_date,,not_recorded,,,,,unmatched,,,
3973,Two Plumbers Brewery + Arcade,Saint Charles,MO,,Taproom,,,not_recorded,,not_recorded,,,,,unmatched,,,
3974,Public House Brewing Co,Saint James,MO,,Micro,,2020-03-03T00:00:00,confirmed_date,,not_recorded,,,,,unmatched,,,
3975,River Bluff Brewing,Saint Joseph,MO,,Taproom,,2020-03-03T00:00:00,confirmed_date,,not_recorded,,,,,unmatched,,,
3976,Liberty Cap Brewing Company,Saint Joseph,MO,,Micro,,,not_recorded,,not_recorded,,,,,unmatched,,,
3977,Perennial Artisan Ales,Saint Louis,MO,,Micro,,2019-11-13T00:00:00,confirmed_date,,not_recorded,,,,,unmatched,,,
3978,4 Hands Brewing Co,Saint Louis,MO,,Regional,,2019-11-27T00:00:00,confirmed_date,,not_recorded,,,,,unmatched,,,
3979,Anheuser-Busch InBev,Saint Louis,MO,,Largge,,2020-03-03T00:00:00,confirmed_date,,not_recorded,,,,,unmatched,,,
3980,Cathedral Square Brewery,Saint Louis,MO,,Contract,,2020-03-03T00:00:00,confirmed_date,,not_recorded,,,,,unmatched,,,
3981,Civil Life Brewing Company,Saint Louis,MO,,Proprietor,,2020-03-03T00:00:00,confirmed_date,,not_recorded,,,,,unmatched,,,
3982,Earthbound Beer,Saint Louis,MO,,Taproom,,2020-03-03T00:00:00,confirmed_date,,not_recorded,,,,,unmatched,,,
3983,High Heel Brewing,Saint Louis,MO,,Contract,,2020-03-03T00:00:00,confirmed_date,,not_recorded,,,,,unmatched,,,
3984,Modern Brewery,Saint Louis,MO,,Micro,,2020-03-03T00:00:00,confirmed_date,,not_recorded,,,,,exact,modern-brewery,content/breweries/modern-brewery.md,
3985,"Schlafly Beer/The Saint Louis Brewery, LLC",Saint Louis,MO,,Regional,,2020-03-03T00:00:00,confirmed_date,,not_recorded,,,,,unmatched,,,
3986,Schlafly Bottleworks,Saint Louis,MO,,Regional,,2020-03-03T00:00:00,confirmed_date,,not_recorded,,,,,unmatched,,,
3987,Square One Brewery and Distillery,Saint Louis,MO,,Brewpub,,2020-03-03T00:00:00,confirmed_date,,not_recorded,,,,,unmatched,,,
3988,Twisted Roots Brewing,Saint Louis,MO,,Brewpub,,2020-03-03T00:00:00,confirmed_date,,not_recorded,,,,,unmatched,,,
3989,Urban Chestnut Brewing Co,Saint Louis,MO,,Regional,,2020-03-03T00:00:00,confirmed_date,,not_recorded,,,,,unmatched,,,
3990,2nd Shift Brewing Co,Saint Louis,MO,,Micro,,2020-04-11T00:00:00,confirmed_date,,not_recorded,,,,,unmatched,,,
3991,Alpha Brewing Co.,Saint Louis,MO,,Taproom,,2020-04-11T00:00:00,confirmed_date,,not_recorded,,,,,exact,alpha-brewing-co,content/breweries/alpha-brewing-co.md,
3992,Griesedieck Brothers Brewery,Saint Louis,MO,,Micro,,2020-04-11T00:00:00,confirmed_date,,not_recorded,,,,,unmatched,,,
3993,Center Ice Brewing Company,Saint Louis,MO,,Taproom,,,not_recorded,,not_recorded,,,,,unmatched,,,
3994,Charleville Brewing Company,Saint Louis,MO,,Brewpub,,,not_recorded,,not_recorded,,,,,unmatched,,,
3995,Ferguson Brewing Co,Saint Louis,MO,,Brewpub,,,not_recorded,,not_recorded,,,,,unmatched,,,
3996,Heavy Riff Brewing,Saint Louis,MO,,Brewpub,,,not_recorded,,not_recorded,,,,,unmatched,,,
3997,Morgan Street Brewery,Saint Louis,MO,,Brewpub,,,not_recorded,,not_recorded,,,,,unmatched,,,
3998,Rockwell Beer Company,Saint Louis,MO,,Taproom,,,not_recorded,,not_recorded,,,,,unmatched,,,
3999,Third Wheel Brewing,Saint Peters,MO,,Brewpub,,,not_recorded,,not_recorded,,,,,unmatched,,,
4000,Charleville Vineyard & Microbrewery,Sainte Genevieve,MO,,Micro,,,not_recorded,,not_recorded,,,,,unmatched,,,
4001,Crown Valley Brewing & Distilling Co,Sainte Genevieve,MO,,Micro,,,not_recorded,,not_recorded,,,,,unmatched,,,
4002,Whistling Springs Brewing Company / Dark Hills Brewery,Seligman,MO,,Taproom,,2020-03-03T00:00:00,confirmed_date,,not_recorded,,,,,unmatched,,,
4003,Great Escape Beer Works,Springfield,MO,,Taproom,,2020-03-03T00:00:00,confirmed_date,,not_recorded,,,,,unmatched,,,
4004,Hold Fast Brewing,Springfield,MO,,Taproom,,2020-04-11T00:00:00,confirmed_date,,not_recorded,,,,,unmatched,,,
4005,Lost Signal Brewing Company,Springfield,MO,,Brewpub,,2020-04-11T00:00:00,confirmed_date,,not_recorded,,,,,unmatched,,,
4006,Tie and Timber Beer Company,Springfield,MO,,Taproom,,2020-04-11T00:00:00,confirmed_date,,not_recorded,,,,,unmatched,,,
4007,White River Brewing Co,Springfield,MO,,Micro,,2020-04-11T00:00:00,confirmed_date,,not_recorded,,,,,unmatched,,,
4008,4 By 4 Brewing Company,Springfield,MO,,Taproom,,,not_recorded,,not_recorded,,,,,unmatched,,,
4009,Mother’s Brewing Co,Springfield,MO,,Micro,,,not_recorded,,not_recorded,,,,,unmatched,,,
4010,Springfield Brewing Co,Springfield,MO,,Brewpub,,,not_recorded,,not_recorded,,,,,unmatched,,,
4011,Brew Hub Taproom,St. Louis,MO,,Brewpub,,2020-04-11T00:00:00,confirmed_date,,not_recorded,,,,,unmatched,,,
4012,"Welpman Springs Brewing Company, LLC.",Stover,MO,,Micro,,,not_recorded,,not_recorded,,,,,unmatched,,,
4013,Drunk Christmas Cards James and Elgin,Union,MO,,RAoC,,yes,confirmed_yes,yes,confirmed_yes,yes,,,,unmatched,,,
4014,Mackenzie Brewing Company,Valley Park,MO,,Taproom,,,not_recorded,,not_recorded,,,,,unmatched,,,
4015,Bee’s Knees Brewing Company,Versailles,MO,,Brewpub,,2020-03-03T00:00:00,confirmed_date,,not_recorded,,,,,unmatched,,,
4016,Bee’s Knees Brewing Company,Versailles,MO,,Brewpub,,,not_recorded,,not_recorded,,,,,unmatched,,,
4017,Augusta Brewing Co,Washington,MO,,Brewpub,,2020-03-03T00:00:00,confirmed_date,,not_recorded,,,,,unmatched,,,
4018,Flag City Brewing,Webb City,MO,,Taproom,,,not_recorded,,not_recorded,,,,,unmatched,,,
4019,Friendship Brewing Company,Wentzville,MO,,Brewpub,,2020-02-07T00:00:00,confirmed_date,yes,confirmed_yes,,,,,exact,friendship-brewing-company,content/breweries/friendship-brewing-company.md,
4020,Ozarks Brewing Company,West Plains,MO,,Brewpub,,2020-04-11T00:00:00,confirmed_date,,not_recorded,,,,,unmatched,,,
4021,Wages Brewing Company,West Plains,MO,,Brewpub,,2020-04-11T00:00:00,confirmed_date,,not_recorded,,,,,unmatched,,,
4022,Weston Brewing Co / O’Malley’s Pub,Weston,MO,,Micro,,,not_recorded,,not_recorded,,,,,unmatched,,,
4023,Colsons Beer Co.,Flowood,MS,,Contract,,2020-03-03T00:00:00,confirmed_date,,not_recorded,,,,,unmatched,,,
4024,Chandeleur Island Brewing Company,Gulfport,MS,,Micro,,2020-03-03T00:00:00,confirmed_date,,not_recorded,,,,,unmatched,,,
4025,Southern Prohibition Brewing,Hattiesburg,MS,,Micro,,2020-03-03T00:00:00,confirmed_date,,not_recorded,,,,,unmatched,,,
4026,Colludium Brewery,Hattiesburg,MS,,Taproom,,,not_recorded,,not_recorded,,,,,unmatched,,,
4027,The Porter Public House,Hattiesburg,MS,,Brewpub,,,not_recorded,,not_recorded,,,,,unmatched,,,
4028,"Lazy Magnolia Brewing Co, LLC",Kiln,MS,,Micro,,,not_recorded,,not_recorded,,,,,unmatched,,,
4029,Slowboat Brewing Company,Laurel,MS,,Taproom,,,not_recorded,,not_recorded,,,,,unmatched,,,
4030,"Threefoot Brewing Company, LLC",Meridian,MS,,Proprietor,,2020-03-03T00:00:00,confirmed_date,,not_recorded,,,,,unmatched,,,
4031,Natchez Brewing Co,Natchez,MS,,Micro,,2020-04-11T00:00:00,confirmed_date,,not_recorded,,,,,unmatched,,,
4032,Crooked Letter Brewing Co,Ocean Springs,MS,,Brewpub,,2020-03-03T00:00:00,confirmed_date,,not_recorded,,,,,unmatched,,,
4033,Hops and Growlers,Ocean Springs,MS,,Taproom,,2020-03-03T00:00:00,confirmed_date,,not_recorded,,,,,unmatched,,,
4034,1817 Brewery,okolona,MS,,Micro,,2019-08-29T00:00:00,confirmed_date,,not_recorded,,,,,unmatched,,,
4035,Mayhew Junction Brewing Company,Starkville,MS,,Micro,,,not_recorded,,not_recorded,,,,,unmatched,,,
4036,Key City Brewing Co.,Vicksburg,MS,,Brewpub,,,not_recorded,,not_recorded,,,,,unmatched,,,
4037,Smelter City Brewing,Anaconda,MT,,Taproom,,,not_recorded,,not_recorded,,,,,unmatched,,,
4038,Old Skool Brewing,Baker,MT,,Micro,,2020-03-03T00:00:00,confirmed_date,,not_recorded,,,,,unmatched,,,
4039,Madison River Brewing Co,Belgrade,MT,,Micro,,2020-04-11T00:00:00,confirmed_date,,not_recorded,,,,,unmatched,,,
4040,Bar 3 BBQ and Brewing,Belgrade,MT,,Brewpub,,,not_recorded,,not_recorded,,,,,unmatched,,,
4041,Harvest Moon Brewing,Belt,MT,,Micro,,2020-04-11T00:00:00,confirmed_date,,not_recorded,,,,,unmatched,,,
4042,Beehive Basin Brewery,Big Sky,MT,,Taproom,,,not_recorded,,not_recorded,,,,,unmatched,,,
4043,Lone Peak Brewery,Big Sky,MT,,Brewpub,,,not_recorded,,not_recorded,,,,,unmatched,,,
4044,Flathead Lake Brewing Co,Bigfork,MT,,Micro,,,not_recorded,,not_recorded,,,,,unmatched,,,
4045,Canyon Creek Brewing,Billings,MT,,Taproom,,2020-03-03T00:00:00,confirmed_date,,not_recorded,,,,,unmatched,,,
4046,Carters Brewing,Billings,MT,,Taproom,,2020-03-03T00:00:00,confirmed_date,,not_recorded,,,,,unmatched,,,
4047,Montana Brewing Co,Billings,MT,,Brewpub,,2020-03-03T00:00:00,confirmed_date,,not_recorded,,,,,exact,montana-brewing-co,content/breweries/montana-brewing-co.md,
4048,Uberbrew,Billings,MT,,Brewpub,,2020-03-03T00:00:00,confirmed_date,,not_recorded,,,,,unmatched,,,
4049,Thirsty Street Brewing Company,Billings,MT,,Taproom,,2020-04-11T00:00:00,confirmed_date,,not_recorded,,,,,unmatched,,,
4050,Angry Hank’s Microbrewery,Billings,MT,,Micro,,,not_recorded,,not_recorded,,,,,unmatched,,,
4051,Yellowstone Valley Brewing Co.,Billings,MT,,Micro,,,not_recorded,,not_recorded,,,,,unmatched,,,
4052,Black Eagle Brewery,Black Eagle,MT,,Micro,,2020-03-03T00:00:00,confirmed_date,,not_recorded,,,,,unmatched,,,
4053,Kettlehouse Brewing Co - Bonner Brewery,Bonner,MT,,Micro,,2019-11-27T00:00:00,confirmed_date,,not_recorded,,,,,unmatched,,,
4054,Kettle House Brewing Co.,Bonner,MT,,Regional,,yes,confirmed_yes,,not_recorded,,,,,unmatched,,,
4055,Outlaw Brewing Co,Bozeman,MT,,Taproom,,2019-10-26T00:00:00,confirmed_date,,not_recorded,,,,,unmatched,,,
4056,Montucky Cold Snacks,Bozeman,MT,,Contract,,2019-11-27T00:00:00,confirmed_date,,not_recorded,,,,,unmatched,,,
4057,Dog Tag Brewing,Bozeman,MT,,Contract,,2020-03-03T00:00:00,confirmed_date,,not_recorded,,,,,unmatched,,,
4058,Lost Dakota Brewing Co.,Bozeman,MT,,Taproom,,2020-03-03T00:00:00,confirmed_date,,not_recorded,,,,,unmatched,,,
4059,The Bunkhouse Brewery,Bozeman,MT,,Taproom,,2020-03-03T00:00:00,confirmed_date,,not_recorded,,,,,unmatched,,,
4060,Bridger Brewing,Bozeman,MT,,Brewpub,,2020-04-11T00:00:00,confirmed_date,,not_recorded,,,,,unmatched,,,
4061,Mountains Walking,Bozeman,MT,,Brewpub,,2020-04-11T00:00:00,confirmed_date,,not_recorded,,,,,unmatched,,,
4062,Union Hall Brewery,Bozeman,MT,,Brewpub,,2020-04-11T00:00:00,confirmed_date,,not_recorded,,,,,unmatched,,,
4063,406 Brewing Company,Bozeman,MT,,Brewpub,,,not_recorded,,not_recorded,,,,,unmatched,,,
4064,Bozeman Brewing Co,Bozeman,MT,,Micro,,,not_recorded,,not_recorded,,,,,unmatched,,,
4065,Julius Lehrkind Brewing,Bozeman,MT,,Micro,,,not_recorded,,not_recorded,,,,,unmatched,,,
4066,MAP Brewing Company,Bozeman,MT,,Brewpub,,,not_recorded,,not_recorded,,,,,unmatched,,,
4067,Nordic Brew Works,Bozeman,MT,,Brewpub,,,not_recorded,,not_recorded,,,,,unmatched,,,
4068,Butte Brewing Co,Butte,MT,,Brewpub,,,not_recorded,,not_recorded,,,,,unmatched,,,
4069,Muddy Creek Brewery,Butte,MT,,Taproom,,,not_recorded,,not_recorded,,,,,unmatched,,,
4070,Quarry Brewing,Butte,MT,,Taproom,,,not_recorded,,not_recorded,,,,,unmatched,,,
4071,Backslope Brewing,Columbia Falls,MT,,Brewpub,,2020-04-11T00:00:00,confirmed_date,,not_recorded,,,,,unmatched,,,
4072,Cut Bank Creek Brewery,Cut Bank,MT,,Brewpub,,,not_recorded,,not_recorded,,,,,unmatched,,,
4073,Bandit Brewing Co,darby,MT,,Taproom,,2020-03-03T00:00:00,confirmed_date,,not_recorded,,,,,unmatched,,,
4074,Elk Ridge Brewing Company,Deer Lodge,MT,,Taproom,,2020-03-03T00:00:00,confirmed_date,,not_recorded,,,,,unmatched,,,
4075,Beaverhead Brewing Co,Dillon,MT,,Taproom,,2020-04-11T00:00:00,confirmed_date,,not_recorded,,,,,unmatched,,,
4076,H.A. Brewing Co,Eureka,MT,,Taproom,,2020-03-03T00:00:00,confirmed_date,,not_recorded,,,,,unmatched,,,
4077,Golden Triangle Brew Co,Fort Benton,MT,,Brewpub,,2020-03-03T00:00:00,confirmed_date,,not_recorded,,,,,unmatched,,,
4078,Old Bull Brewing,Frenchtown,MT,,Taproom,,,not_recorded,,not_recorded,,,,,unmatched,,,
4079,Busted Knuckle Brewery,Glasgow,MT,,Taproom,,,not_recorded,,not_recorded,,,,,unmatched,,,
4080,Cross Country Brewing,Glendive,MT,,Taproom,,2020-04-11T00:00:00,confirmed_date,,not_recorded,,,,,unmatched,,,
4081,Jeremiah Johnson Brewing Company,Great Falls,MT,,Micro,,2020-03-03T00:00:00,confirmed_date,,not_recorded,,,,,unmatched,,,
4082,Mighty Mo Brew Co,Great Falls,MT,,Brewpub,,,not_recorded,,not_recorded,,,,,unmatched,,,
4083,Higherground Brewing Co,Hamilton,MT,,Brewpub,,2020-04-11T00:00:00,confirmed_date,,not_recorded,,,,,unmatched,,,
4084,Bitter Root Brewing Co,Hamilton,MT,,Micro,,,not_recorded,,not_recorded,,,,,unmatched,,,
4085,Gally’s Brewing Co,Harlowton,MT,,Taproom,,,not_recorded,,not_recorded,,,,,unmatched,,,
4086,Vizsla Brewing,Havre,MT,,Micro,,2020-04-11T00:00:00,confirmed_date,,not_recorded,,,,,unmatched,,,
4087,Old Station Brewing Co,Havre,MT,,Taproom,,,not_recorded,,not_recorded,,,,,unmatched,,,
4088,Triple Dog Brewing Company,Havre,MT,,Taproom,,,not_recorded,,not_recorded,,,,,unmatched,,,
4089,Blackfoot River Brewing Co,Helena,MT,,Taproom,,2020-03-03T00:00:00,confirmed_date,,not_recorded,,,,,unmatched,,,
4090,Ten Mile Creek Brewery,Helena,MT,,Taproom,,2020-03-03T00:00:00,confirmed_date,,not_recorded,,,,,unmatched,,,
4091,Crooked Furrow Brewing,Helena,MT,,Taproom,,,not_recorded,,not_recorded,,,,,unmatched,,,
4092,Lewis & Clark Brewing Co,Helena,MT,,Micro,,,not_recorded,,not_recorded,,,,,unmatched,,,
4093,Snow Hop Brewery,Helena,MT,,Taproom,,,not_recorded,,not_recorded,,,,,unmatched,,,
4094,Sacred Waters Brewing Company,Kalispell,MT,,Taproom,,2020-03-03T00:00:00,confirmed_date,,not_recorded,,,,,unmatched,,,
4095,Brewing Academy Of Montana At FVCC,Kalispell,MT,,Micro,,2020-04-11T00:00:00,confirmed_date,,not_recorded,,,,,unmatched,,,
4096,Bias Brewing,Kalispell,MT,,Brewpub,,,not_recorded,,not_recorded,,,,,unmatched,,,
4097,Kalispell Brewing Co,Kalispell,MT,,Taproom,,,not_recorded,,not_recorded,,,,,unmatched,,,
4098,SunRift Beer Company,Kalispell,MT,,Taproom,,,not_recorded,,not_recorded,,,,,unmatched,,,
4099,Tamarack Brewing Co,Lakeside,MT,,Micro,,,not_recorded,,not_recorded,,,,,unmatched,,,
4100,High Plains Brewing,Laurel,MT,,Taproom,,,not_recorded,,not_recorded,,,,,unmatched,,,
4101,Big Spring Brewing,Lewistown,MT,,Taproom,,,not_recorded,,not_recorded,,,,,unmatched,,,
4102,Cabinet Mountain Brewing Co,Libby,MT,,Brewpub,,,not_recorded,,not_recorded,,,,,unmatched,,,
4103,Katabatic Brewing Co,Livingston,MT,,Taproom,,,not_recorded,,not_recorded,,,,,unmatched,,,
4104,"Neptunes Brewery, LLC",Livingston,MT,,Micro,,,not_recorded,,not_recorded,,,,,unmatched,,,
4105,Lolo Peak Brewing Company,Lolo,MT,,Micro,,2020-04-11T00:00:00,confirmed_date,,not_recorded,,,,,unmatched,,,
4106,Blue Ridge Brewing,Malta,MT,,Taproom,,,not_recorded,,not_recorded,,,,,unmatched,,,
4107,Tilt Wurks Brewhouse & Casino,Miles City,MT,,Brewpub,,,not_recorded,,not_recorded,,,,,unmatched,,,
4108,Missoula Brewing Company,Missoula,MT,,Brewpub,,2019-11-27T00:00:00,confirmed_date,yes,confirmed_yes,yes,,,,unmatched,,,
4109,Kettlehouse Brewing Co - Southside,Missoula,MT,,Micro,,2019-11-27T00:00:00,confirmed_date,,not_recorded,,,,,unmatched,,,
4110,Big Sky Brewing Co,Missoula,MT,,Regional,,2020-03-03T00:00:00,confirmed_date,,not_recorded,,,,,unmatched,,,
4111,Conflux Brewing,Missoula,MT,,Brewpub,,2020-03-03T00:00:00,confirmed_date,,not_recorded,,,,,unmatched,,,
4112,Draught Works Brewing,Missoula,MT,,Micro,,2020-03-03T00:00:00,confirmed_date,,not_recorded,,,,,unmatched,,,
4113,Imagine Nation Brewing,Missoula,MT,,Taproom,,2020-04-11T00:00:00,confirmed_date,,not_recorded,,,,,unmatched,,,
4114,Bayern Brewing Inc. / Edelweiss Bistro,Missoula,MT,,Micro,,,not_recorded,,not_recorded,,,,,unmatched,,,
4115,GILD BREWING,Missoula,MT,,Brewpub,,,not_recorded,,not_recorded,,,,,unmatched,,,
4116,Great Burn Brewing,Missoula,MT,,Taproom,,,not_recorded,,not_recorded,,,,,unmatched,,,
4117,Philipsburg Brewing Co,Philipsburg,MT,,Micro,,2019-11-27T00:00:00,confirmed_date,,not_recorded,,,,,unmatched,,,
4118,Philipsburg Brewing Co,Philipsburg,MT,,Taproom,,2019-11-27T00:00:00,confirmed_date,,not_recorded,,,,,unmatched,,,
4119,Glacier Brewing Co,Polson,MT,,Micro,,,not_recorded,,not_recorded,,,,,unmatched,,,
4120,Red Lodge Ales Brewing Co,Red Lodge,MT,,Micro,,,not_recorded,,not_recorded,,,,,unmatched,,,
4121,Ruby Valley Brew,Sheridan,MT,,Taproom,,2020-04-11T00:00:00,confirmed_date,,not_recorded,,,,,unmatched,,,
4122,Meadowlark Brewing,Sidney,MT,,Micro,,,not_recorded,,not_recorded,,,,,unmatched,,,
4123,Wildwood Brewing Co,Stevensville,MT,,Micro,,2020-03-03T00:00:00,confirmed_date,,not_recorded,,,,,unmatched,,,
4124,Blacksmith Brewing Co,Stevensville,MT,,Taproom,,2020-04-11T00:00:00,confirmed_date,,not_recorded,,,,,unmatched,,,
4125,Canyon Ferry Brewing,Townsend,MT,,Taproom,,,not_recorded,,not_recorded,,,,,unmatched,,,
4126,2 Basset Brewery,White Sulphur Springs,MT,,Taproom,,,not_recorded,,not_recorded,,,,,unmatched,,,
4127,Bonsai Brewing Project,Whitefish,MT,,Brewpub,,2020-03-03T00:00:00,confirmed_date,,not_recorded,,,,,unmatched,,,
4128,Great Northern Brewing Co,Whitefish,MT,,Micro,,,not_recorded,,not_recorded,,,,,unmatched,,,
4129,Beaver Creek Brewery,Wibaux,MT,,Taproom,,,not_recorded,,not_recorded,,,,,unmatched,,,
4130,Missouri Breaks Brewing,Wolf Point,MT,,Taproom,,2020-04-11T00:00:00,confirmed_date,,not_recorded,,,,,unmatched,,,
4131,Railhouse Brewery,Aberdeen,NC,,Micro,,2020-04-11T00:00:00,confirmed_date,,not_recorded,,,,,unmatched,,,
4132,Quick Trigger Brewing Company,Ahoskie,NC,,Brewpub,,,not_recorded,,not_recorded,,,,,unmatched,,,
4133,Snowbird Mountains Brewery,Andrews,NC,,Taproom,,2020-03-03T00:00:00,confirmed_date,,not_recorded,,,,,unmatched,,,
4134,Andrews Brewing Co At Calaboose Cellars,Andrews,NC,,Taproom,,,not_recorded,,not_recorded,,,,,unmatched,,,
4135,Hoppy Trout Brewing Company,Andrews,NC,,Brewpub,,,not_recorded,,not_recorded,,,,,unmatched,,,
4136,Vicious Fishes Brewery,Angier,NC,,Taproom,,,not_recorded,,not_recorded,,,,,unmatched,,,
4137,Brueprint Brewing Company LLC,Apex,NC,,Micro,,,not_recorded,,not_recorded,,,,,unmatched,,,
4138,Southern Peak Brewery,Apex,NC,,Taproom,,,not_recorded,,not_recorded,,,,,unmatched,,,
4139,12 Bones Brewing,Arden,NC,,Taproom,,2019-08-29T00:00:00,confirmed_date,,not_recorded,,,,,unmatched,,,
4140,Mills River Brewery,Arden,NC,,Brewpub,,2020-03-03T00:00:00,confirmed_date,,not_recorded,,,,,unmatched,,,
4141,Wicked Weed Funkatorium,Arden,NC,,Largge,,2020-03-03T00:00:00,confirmed_date,,not_recorded,,,,,unmatched,,,
4142,Fermented Nonsense Brewing,ARDEN,NC,,Taproom,,2020-04-11T00:00:00,confirmed_date,,not_recorded,,,,,unmatched,,,
4143,Four Saints Brewing,Asheboro,NC,,Taproom,,,not_recorded,,not_recorded,,,,,unmatched,,,
4144,All Sevens Brewing,Asheville,NC,,Brewpub,,2019-08-29T00:00:00,confirmed_date,,not_recorded,,,,,unmatched,,,
4145,Asheville Brewing Co,Asheville,NC,,Brewpub,,2020-03-03T00:00:00,confirmed_date,,not_recorded,,,,,exact,asheville-brewing-co,content/breweries/asheville-brewing-co.md,
4146,Biltmore Brewing Company,Asheville,NC,,Proprietor,,2020-03-03T00:00:00,confirmed_date,,not_recorded,,,,,unmatched,,,
4147,Burial Beer Co,Asheville,NC,,Micro,,2020-03-03T00:00:00,confirmed_date,,not_recorded,,,,,unmatched,,,
4148,Catawba Brewing Co - Asheville,Asheville,NC,,Micro,,2020-03-03T00:00:00,confirmed_date,,not_recorded,,,,,unmatched,,,
4149,French Broad River Brewing Co,Asheville,NC,,Micro,,2020-03-03T00:00:00,confirmed_date,,not_recorded,,,,,unmatched,,,
4150,Hi-Wire Brewing Big Top Production Facility,Asheville,NC,,Regional,,2020-03-03T00:00:00,confirmed_date,,not_recorded,,,,,unmatched,,,
4151,Hi-Wire Brewing South Slope Specialty Brewery,Asheville,NC,,Regional,,2020-03-03T00:00:00,confirmed_date,,not_recorded,,,,,unmatched,,,
4152,Highland Brewing Co,Asheville,NC,,Regional,,2020-03-03T00:00:00,confirmed_date,,not_recorded,,,,,unmatched,,,
4153,Oyster House Brewing Co.,Asheville,NC,,Brewpub,,2020-03-03T00:00:00,confirmed_date,,not_recorded,,,,,unmatched,,,
4154,Sweeten Creek Brewing,Asheville,NC,,Brewpub,,2020-03-03T00:00:00,confirmed_date,,not_recorded,,,,,unmatched,,,
4155,Thirsty Monk Brewery,Asheville,NC,,Brewpub,,2020-03-03T00:00:00,confirmed_date,,not_recorded,,,,,unmatched,,,
4156,Wicked Weed Brewing,Asheville,NC,,Largge,,2020-03-03T00:00:00,confirmed_date,,not_recorded,,,,,unmatched,,,
4157,The Collaboratory Restaurant and Taphouse,Asheville,NC,,Brewpub,,2020-04-11T00:00:00,confirmed_date,,not_recorded,,,,,unmatched,,,
4158,Twin Leaf Brewery,Asheville,NC,,Taproom,,2020-04-11T00:00:00,confirmed_date,,not_recorded,,,,,unmatched,,,
4159,Wedge Brewing Co,Asheville,NC,,Micro,,2020-04-11T00:00:00,confirmed_date,,not_recorded,,,,,unmatched,,,
4160,New Belgium Brewing Co,Asheville,NC,,Regional,,12/20.2019,date_needs_review,,not_recorded,,,,,unmatched,,,
4161,Archetype Brewing,Asheville,NC,,Taproom,,,not_recorded,,not_recorded,,,,,unmatched,,,
4162,Bhramari Brewing Company,Asheville,NC,,Micro,,,not_recorded,,not_recorded,,,,,unmatched,,,
4163,Brouwerij Cursus Keme,Asheville,NC,,Brewpub,,,not_recorded,,not_recorded,,,,,unmatched,,,
4164,Eurisko Beer Company,Asheville,NC,,Taproom,,,not_recorded,,not_recorded,,,,,unmatched,,,
4165,Ginger’s Revenge,Asheville,NC,,Taproom,,,not_recorded,,not_recorded,,,,,unmatched,,,
4166,Green Man Brewing Co,Asheville,NC,,Micro,,,not_recorded,,not_recorded,,,,,unmatched,,,
4167,Hillman Beer,Asheville,NC,,Taproom,,,not_recorded,,not_recorded,,,,,unmatched,,,
4168,One World Brewing,Asheville,NC,,Taproom,,,not_recorded,,not_recorded,,,,,unmatched,,,
4169,One World Brewing,Asheville,NC,,Taproom,,,not_recorded,,not_recorded,,,,,unmatched,,,
4170,UpCountry Brewing,Asheville,NC,,Brewpub,,,not_recorded,,not_recorded,,,,,unmatched,,,
4171,White Labs Kitchen and Tap,Asheville,NC,,Brewpub,,,not_recorded,,not_recorded,,,,,unmatched,,,
4172,Crystal Coast Brewing Company LLC,Atlantic Beach,NC,,Micro,,2020-03-03T00:00:00,confirmed_date,,not_recorded,,,,,unmatched,,,
4173,Kettell Beerworks,Banner Elk,NC,,Micro,,,not_recorded,,not_recorded,,,,,unmatched,,,
4174,Bear Creek Brews,Bear Creek,NC,,Micro,,,not_recorded,,not_recorded,,,,,unmatched,,,
4175,Fishtowne Brew House,Beaufort,NC,,Taproom,,,not_recorded,,not_recorded,,,,,unmatched,,,
4176,Mill Whistle Brewing,Beaufort,NC,,Taproom,,,not_recorded,,not_recorded,,,,,unmatched,,,
4177,Beech Mountain Brewing Company,Beech Mountain,NC,,Brewpub,,,not_recorded,,not_recorded,,,,,unmatched,,,
4178,Rivermen Brewing Co,Belmont,NC,,Brewpub,,,not_recorded,,not_recorded,,,,,unmatched,,,
4179,Fainting Goat Brewing Company - Benson,Benson,NC,,Taproom,,2020-02-01T00:00:00,confirmed_date,,not_recorded,,,,,unmatched,,,
4180,Black Mountain Brewing,Black Mountain,NC,,Taproom,,2020-03-03T00:00:00,confirmed_date,,not_recorded,,,,,unmatched,,,
4181,Lookout Brewing Company,Black Mountain,NC,,Taproom,,2020-04-11T00:00:00,confirmed_date,,not_recorded,,,,,unmatched,,,
4182,Pisgah Brewing Co,Black Mountain,NC,,Micro,,,not_recorded,,not_recorded,,,,,unmatched,,,
4183,Blowing Rock Brewing Company,Blowing Rock,NC,,Brewpub,,2020-04-11T00:00:00,confirmed_date,,not_recorded,,,,,unmatched,,,
4184,Appalachian Mountain Brewery - Boone,Boone,NC,,Regional,,2020-03-03T00:00:00,confirmed_date,,not_recorded,,,,,unmatched,,,
4185,Booneshine Brewing Company,Boone,NC,,Micro,,,not_recorded,,not_recorded,,,,,unmatched,,,
4186,"Lost Province Brewing Company, LLC",Boone,NC,,Brewpub,,,not_recorded,,not_recorded,,,,,unmatched,,,
4187,Oskar Blues Brewery - Brevard,Brevard,NC,,Regional,,2020-03-03T00:00:00,confirmed_date,,not_recorded,,,,,unmatched,,,
4188,Brevard Brewing Co,Brevard,NC,,Taproom,,2020-04-11T00:00:00,confirmed_date,,not_recorded,,,,,unmatched,,,
4189,Nantahala Brewing Co,Bryson City,NC,,Micro,,2020-04-11T00:00:00,confirmed_date,,not_recorded,,,,,unmatched,,,
4190,Mountain Layers Brewing Company,Bryson City,NC,,Taproom,,,not_recorded,,not_recorded,,,,,unmatched,,,
4191,Burlington Beer Works,Burlington,NC,,Brewpub,,2020-03-03T00:00:00,confirmed_date,,not_recorded,,,,,unmatched,,,
4192,Homeplace Beer Co,Burnsville,NC,,Taproom,,2020-04-11T00:00:00,confirmed_date,,not_recorded,,,,,unmatched,,,
4193,Wicked Weed Brewing,Candler,NC,,Largge,,2020-03-03T00:00:00,confirmed_date,,not_recorded,,,,,unmatched,,,
4194,7 Clans Brewing,Canton,NC,,Contract,,2020-03-03T00:00:00,confirmed_date,,not_recorded,,,,,unmatched,,,
4195,BearWaters Brewing Co,Canton,NC,,Taproom,,,not_recorded,,not_recorded,,,,,unmatched,,,
4196,Good Hops Brewing LLC,Carolina Beach,NC,,Taproom,,,not_recorded,,not_recorded,,,,,unmatched,,,
4197,Steel String Craft Brewery,Carrboro,NC,,Brewpub,,,not_recorded,,not_recorded,,,,,unmatched,,,
4198,Vecino Brewing,Carrboro,NC,,Brewpub,,,not_recorded,,not_recorded,,,,,unmatched,,,
4199,Bond Brothers Beer Company,Cary,NC,,Taproom,,,not_recorded,,not_recorded,,,,,unmatched,,,
4200,Cotton House Craft Brewers,Cary,NC,,Micro,,,not_recorded,,not_recorded,,,,,unmatched,,,
4201,Fortnight Brewing Company,Cary,NC,,Taproom,,,not_recorded,,not_recorded,,,,,unmatched,,,
4202,Jordan Lake Brewing Co,Cary,NC,,Taproom,,,not_recorded,,not_recorded,,,,,unmatched,,,
4203,Whiteside Brewing Co,Cashiers,NC,,Brewpub,,,not_recorded,,not_recorded,,,,,unmatched,,,
4204,Carolina Brewery - Chapel Hill,Chapel Hill,NC,,Brewpub,,,not_recorded,,not_recorded,,,,,unmatched,,,
4205,"Starpoint Brewing, LLC",Chapel Hill,NC,,Micro,,,not_recorded,,not_recorded,,,,,unmatched,,,
4206,Top Of The Hill Restaurant and Brewery,Chapel Hill,NC,,Brewpub,,,not_recorded,,not_recorded,,,,,unmatched,,,
4207,Catawba Brewing Co - Charlotte,Charlotte,NC,,Micro,,yes,confirmed_yes,yes,confirmed_yes,,,,,unmatched,,,
4208,Fontem Holdings - Blu,Charlotte,NC,,Other,,2019-11-13T00:00:00,confirmed_date,,not_recorded,,,,,unmatched,,,
4209,Protagonist Brewery,Charlotte,NC,,Taproom,,2019-11-27T00:00:00,confirmed_date,,not_recorded,,,,,unmatched,,,
4210,Bold Missy Brewery,Charlotte,NC,,Brewpub,,2020-03-03T00:00:00,confirmed_date,,not_recorded,,,,,unmatched,,,
4211,Divine Barrel Brewing,Charlotte,NC,,Taproom,,2020-03-03T00:00:00,confirmed_date,,not_recorded,,,,,unmatched,,,
4212,Kind Beer Distributing,Charlotte,NC,,Contract,,2020-03-03T00:00:00,confirmed_date,,not_recorded,,,,,unmatched,,,
4213,NoDa Brewing Co - NE,Charlotte,NC,,Regional,,2020-03-03T00:00:00,confirmed_date,,not_recorded,,,,,unmatched,,,
4214,Resident Culture,Charlotte,NC,,Taproom,,2020-03-03T00:00:00,confirmed_date,,not_recorded,,,,,unmatched,,,
4215,Sycamore Brewing Cannery,Charlotte,NC,,Micro,,2020-03-03T00:00:00,confirmed_date,,not_recorded,,,,,unmatched,,,
4216,The Olde Mecklenburg Brewery,Charlotte,NC,,Regional,,2020-03-03T00:00:00,confirmed_date,,not_recorded,,,,,unmatched,,,
4217,Thirsty Nomad Brewing,Charlotte,NC,,Taproom,,2020-03-03T00:00:00,confirmed_date,,not_recorded,,,,,unmatched,,,
4218,Town Brewing Company,Charlotte,NC,,Brewpub,,2020-03-03T00:00:00,confirmed_date,,not_recorded,,,,,unmatched,,,
4219,Unknown Brewing Company,Charlotte,NC,,Micro,,2020-03-03T00:00:00,confirmed_date,,not_recorded,,,,,exact,unknown-brewing-company,content/breweries/unknown-brewing-company.md,
4220,Wooden Robot,Charlotte,NC,,Taproom,,2020-03-03T00:00:00,confirmed_date,,not_recorded,,,,,unmatched,,,
4221,Blue Blaze Brewing,Charlotte,NC,,Micro,,2020-04-11T00:00:00,confirmed_date,,not_recorded,,,,,unmatched,,,
4222,Legion Brewing Company,Charlotte,NC,,Taproom,,2020-04-11T00:00:00,confirmed_date,,not_recorded,,,,,unmatched,,,
4223,Salud Cerveceria,Charlotte,NC,,Brewpub,,2020-04-11T00:00:00,confirmed_date,,not_recorded,,,,,unmatched,,,
4224,Suffolk Punch Brewing,Charlotte,NC,,Brewpub,,2020-04-11T00:00:00,confirmed_date,,not_recorded,,,,,unmatched,,,
4225,Sugar Creek Brewing Co.,Charlotte,NC,,Micro,,2020-04-11T00:00:00,confirmed_date,,not_recorded,,,,,unmatched,,,
4226,The Chamber By Wooden Robot Brewery,Charlotte,NC,,Taproom,,2020-04-11T00:00:00,confirmed_date,,not_recorded,,,,,unmatched,,,
4227,Sycamore Brewing,Charlotte,NC,,Taproom,,12/20.2019,date_needs_review,,not_recorded,,,,,unmatched,,,
4228,Armored Cow Brewing Co.,Charlotte,NC,,Taproom,,,not_recorded,,not_recorded,,,,,unmatched,,,
4229,Birdsong Brewing Co.,Charlotte,NC,,Micro,,,not_recorded,,not_recorded,,,,,unmatched,,,
4230,Brewers At 4001 Yancey,Charlotte,NC,,Brewpub,,,not_recorded,,not_recorded,,,,,unmatched,,,
4231,Free Range Brewing,Charlotte,NC,,Taproom,,,not_recorded,,not_recorded,,,,,unmatched,,,
4232,Heist Brewery,Charlotte,NC,,Brewpub,,,not_recorded,,not_recorded,,,,,unmatched,,,
4233,Heist Brewery & Barrel Arts,Charlotte,NC,,Micro,,,not_recorded,,not_recorded,,,,,unmatched,,,
4234,Lenny Boy Brewing Co,Charlotte,NC,,Micro,,,not_recorded,,not_recorded,,,,,unmatched,,,
4235,Lower Left Brewing Co.,Charlotte,NC,,Taproom,,,not_recorded,,not_recorded,,,,,unmatched,,,
4236,NoDa Brewing Co - OG,Charlotte,NC,,Micro,,,not_recorded,,not_recorded,,,,,unmatched,,,
4237,Pilot Brewing Co.,Charlotte,NC,,Taproom,,,not_recorded,,not_recorded,,,,,unmatched,,,
4238,Seven Jars Products,Charlotte,NC,,Taproom,,,not_recorded,,not_recorded,,,,,unmatched,,,
4239,Triple C Brewing,Charlotte,NC,,Taproom,,,not_recorded,,not_recorded,,,,,unmatched,,,
4240,Triple C Brewing Company - The Barrel Room,Charlotte,NC,,Micro,,,not_recorded,,not_recorded,,,,,unmatched,,,
4241,Deep River Brewing Company,Clayton,NC,,Micro,,2020-04-11T00:00:00,confirmed_date,,not_recorded,,,,,unmatched,,,
4242,Other Side of the Moon Brewery / Full Moon Oyster Bar,Clemmons,NC,,Brewpub,,,not_recorded,,not_recorded,,,,,unmatched,,,
4243,Twenty-Six Acres Brewing Company,Concord,NC,,Taproom,,2020-03-03T00:00:00,confirmed_date,,not_recorded,,,,,unmatched,,,
4244,Cabarrus Brewing Company,Concord,NC,,Taproom,,2020-04-11T00:00:00,confirmed_date,,not_recorded,,,,,unmatched,,,
4245,Commoners Brewing Company,Concord,NC,,Taproom,,,not_recorded,,not_recorded,,,,,unmatched,,,
4246,High Branch Brewing Co,Concord,NC,,Taproom,,,not_recorded,,not_recorded,,,,,unmatched,,,
4247,Red Hill Brewing Co,Concord,NC,,Taproom,,,not_recorded,,not_recorded,,,,,unmatched,,,
4248,Southern Strain Brewing Company,Concord,NC,,Taproom,,,not_recorded,,not_recorded,,,,,unmatched,,,
4249,Ass Clown Brewing Co,Cornelius,NC,,Micro,,2020-03-03T00:00:00,confirmed_date,,not_recorded,,,,,unmatched,,,
4250,BCA - Brewing Corporation of the Americas,Cornelius,NC,,Contract,,2020-03-03T00:00:00,confirmed_date,,not_recorded,,,,,unmatched,,,
4251,D9 Brewing Company,Cornelius,NC,,Micro,,,not_recorded,,not_recorded,,,,,unmatched,,,
4252,Eleven Lakes Brewing Company,Cornelius,NC,,Taproom,,,not_recorded,,not_recorded,,,,,unmatched,,,
4253,Northern Outer Banks Brewing Company,Corolla,NC,,Micro,,2020-04-11T00:00:00,confirmed_date,,not_recorded,,,,,unmatched,,,
4254,Ole Dallas Brewery,Dallas,NC,,Taproom,,2020-04-11T00:00:00,confirmed_date,,not_recorded,,,,,unmatched,,,
4255,Bull City Homebrew,Durham,NC,,Taproom,,2020-02-01T00:00:00,confirmed_date,,not_recorded,,,,,unmatched,,,
4256,Bull Durham Beer Co,Durham,NC,,Micro,,2020-02-01T00:00:00,confirmed_date,,not_recorded,,,,,unmatched,,,
4257,Durty Bull Brewing Co.,Durham,NC,,Micro,,2020-02-01T00:00:00,confirmed_date,,not_recorded,,,,,unmatched,,,
4258,Fullsteam Brewery,Durham,NC,,Micro,,2020-02-01T00:00:00,confirmed_date,,not_recorded,,,,,unmatched,,,
4259,Hi-Wire Brewing Taproom,Durham,NC,,Micro,,2020-02-01T00:00:00,confirmed_date,,not_recorded,,,,,unmatched,,,
4260,Ponysaurus Brewing Company,Durham,NC,,Taproom,,2020-02-01T00:00:00,confirmed_date,,not_recorded,,,,,unmatched,,,
4261,Barrel Culture Brewing And Blending,Durham,NC,,Taproom,,2020-04-11T00:00:00,confirmed_date,,not_recorded,,,,,unmatched,,,
4262,Bull City Burger And Brewery,Durham,NC,,Brewpub,,,not_recorded,,not_recorded,,,,,unmatched,,,
4263,"Starpoint Brewing, LLC / Beer Study",Durham,NC,,Taproom,,,not_recorded,,not_recorded,,,,,unmatched,,,
4264,The Glass Jug,Durham,NC,,Taproom,,,not_recorded,,not_recorded,,,,,unmatched,,,
4265,Ghost Harbor Brewing Company,Elizabeth City,NC,,Taproom,,2020-04-11T00:00:00,confirmed_date,,not_recorded,,,,,unmatched,,,
4266,Angry Troll Brewing,Elkin,NC,,Brewpub,,2020-02-01T00:00:00,confirmed_date,,not_recorded,,,,,unmatched,,,
4267,Skull Camp Brewing,Elkin,NC,,Micro,,2020-02-01T00:00:00,confirmed_date,,not_recorded,,,,,unmatched,,,
4268,Sideways Farm and Brewery,Etowah,NC,,Taproom,,2020-03-03T00:00:00,confirmed_date,,not_recorded,,,,,unmatched,,,
4269,Whistle Hop Brewing Company,Fairview,NC,,Taproom,,2020-02-01T00:00:00,confirmed_date,,not_recorded,,,,,unmatched,,,
4270,Turgua Brewing Co,Fairview,NC,,Taproom,,,not_recorded,,not_recorded,,,,,unmatched,,,
4271,Duck Rabbit Craft Brewery,Farmville,NC,,Micro,,2020-02-01T00:00:00,confirmed_date,,not_recorded,,,,,unmatched,,,
4272,Lake Gaston Brewing Company,Fayetteville,NC,,Brewpub,,2020-04-11T00:00:00,confirmed_date,,not_recorded,,,,,unmatched,,,
4273,Bright Light Brewing Company,Fayetteville,NC,,Taproom,,,not_recorded,,not_recorded,,,,,unmatched,,,
4274,Huske Hardware House Brewing Co,Fayetteville,NC,,Brewpub,,,not_recorded,,not_recorded,,,,,unmatched,,,
4275,Mash House Restaurant & Brewery,Fayetteville,NC,,Brewpub,,,not_recorded,,not_recorded,,,,,unmatched,,,
4276,Blue Ghost Brewing Company,Fletcher,NC,,Brewpub,,,not_recorded,,not_recorded,,,,,unmatched,,,
4277,Lazy Hiker Brewing Co.,Franklin,NC,,Taproom,,2020-02-01T00:00:00,confirmed_date,,not_recorded,,,,,unmatched,,,
4278,Currahee Brewing Company,Franklin,NC,,Micro,,,not_recorded,,not_recorded,,,,,unmatched,,,
4279,Fainting Goat Brewing Company,Fuquay Varina,NC,,Taproom,,2020-02-01T00:00:00,confirmed_date,,not_recorded,,,,,unmatched,,,
4280,Aviator Brewing Company,Fuquay Varina,NC,,Regional,,2020-03-03T00:00:00,confirmed_date,,not_recorded,,,,,unmatched,,,
4281,Oaklyn Springs Brewery,Fuquay Varina,NC,,Taproom,,2020-03-03T00:00:00,confirmed_date,,not_recorded,,,,,unmatched,,,
4282,3rd Degree Brewhouse,Fuquay Varina,NC,,Micro,,2020-04-11T00:00:00,confirmed_date,,not_recorded,,,,,unmatched,,,
4283,Mason Jar Lager Co.,Fuquay Varina,NC,,Micro,,,not_recorded,,not_recorded,,,,,unmatched,,,
4284,Cavendish Brewing Company,Gastonia,NC,,Taproom,,2020-03-03T00:00:00,confirmed_date,,not_recorded,,,,,unmatched,,,
4285,Morgan Ridge Vineyards & Brewhouse,Gold Hill,NC,,Brewpub,,,not_recorded,,not_recorded,,,,,unmatched,,,
4286,Forgotten Road Ales,Graham,NC,,Taproom,,2020-03-03T00:00:00,confirmed_date,,not_recorded,,,,,unmatched,,,
4287,Weeping Radish Farm Brewery,Grandy,NC,,Micro,,2020-02-01T00:00:00,confirmed_date,,not_recorded,,,,,unmatched,,,
4288,Granite Falls Brewing Co.,Granite Falls,NC,,Micro,,2020-04-11T00:00:00,confirmed_date,,not_recorded,,,,,unmatched,,,
4289,Gibb’s Hundred Brewing Company,Greensboro,NC,,Micro,,2020-02-01T00:00:00,confirmed_date,,not_recorded,,,,,unmatched,,,
4290,Joymongers Brewing Co.,Greensboro,NC,,Taproom,,2020-02-01T00:00:00,confirmed_date,,not_recorded,,,,,unmatched,,,
4291,Peter Draws,Greensboro,NC,,,,2020-02-01T00:00:00,confirmed_date,,not_recorded,,,,,unmatched,,,
4292,Natty Greene’s Brewing Co,Greensboro,NC,,Brewpub,,2020-03-03T00:00:00,confirmed_date,,not_recorded,,,,,unmatched,,,
4293,Natty Greene’s Brewing Co,Greensboro,NC,,Regional,,2020-03-03T00:00:00,confirmed_date,,not_recorded,,,,,unmatched,,,
4294,Preyer Brewing Company,Greensboro,NC,,Taproom,,2020-03-03T00:00:00,confirmed_date,,not_recorded,,,,,unmatched,,,
4295,Pig Pounder Brewery,Greensboro,NC,,Taproom,,2020-04-11T00:00:00,confirmed_date,,not_recorded,,,,,unmatched,,,
4296,Bark Brewing Company / Fat Dog’s Grille & Pub,Greensboro,NC,,Brewpub,,,not_recorded,,not_recorded,,,,,unmatched,,,
4297,Leveneleven Brewing,Greensboro,NC,,Taproom,,,not_recorded,,not_recorded,,,,,unmatched,,,
4298,Little Brother Brewing,Greensboro,NC,,Taproom,,,not_recorded,,not_recorded,,,,,unmatched,,,
4299,Pitt Street Brewing Company,Greenville,NC,,Taproom,,,not_recorded,,not_recorded,,,,,unmatched,,,
4300,Trollingwood Taproom & Brewery,Greenville,NC,,Taproom,,,not_recorded,,not_recorded,,,,,unmatched,,,
4301,Uptown Brewing Co,Greenville,NC,,Taproom,,,not_recorded,,not_recorded,,,,,unmatched,,,
4302,Pharr Mill Brewing Company,Harrisburg,NC,,Taproom,,2020-03-03T00:00:00,confirmed_date,,not_recorded,,,,,unmatched,,,
4303,Percent Tap House LLC,Harrisburg,NC,,Taproom,,,not_recorded,,not_recorded,,,,,unmatched,,,
4304,Hayesville Brewing Co,Hayesville,NC,,Brewpub,,2020-04-11T00:00:00,confirmed_date,,not_recorded,,,,,unmatched,,,
4305,Nocturnal Brewing Company,Hayesville,NC,,Brewpub,,,not_recorded,,not_recorded,,,,,unmatched,,,
4306,Guidon Brewing Company,Hendersonville,NC,,Micro,,2020-03-03T00:00:00,confirmed_date,,not_recorded,,,,,unmatched,,,
4307,Sanctuary Brewing Company,Hendersonville,NC,,Taproom,,2020-03-03T00:00:00,confirmed_date,,not_recorded,,,,,unmatched,,,
4308,Southern Appalachian Brewery,Hendersonville,NC,,Taproom,,2020-04-11T00:00:00,confirmed_date,,not_recorded,,,,,unmatched,,,
4309,Triskelion Brewing Company,Hendersonville,NC,,Taproom,,2020-04-11T00:00:00,confirmed_date,,not_recorded,,,,,unmatched,,,
4310,Dry Falls Brewing Co.,Hendersonville,NC,,Taproom,,,not_recorded,,not_recorded,,,,,unmatched,,,
4311,Hickory Brewery / American Honor Ale House and Brewery,Hickory,NC,,Micro,,2020-03-03T00:00:00,confirmed_date,,not_recorded,,,,,unmatched,,,
4312,Blowing Rock Draft House and Brewery,Hickory,NC,,Brewpub,,,not_recorded,,not_recorded,,,,,unmatched,,,
4313,Olde Hickory Brewery - Production,Hickory,NC,,Micro,,,not_recorded,,not_recorded,,,,,unmatched,,,
4314,Olde Hickory Brewery & Amos Howards,Hickory,NC,,Brewpub,,,not_recorded,,not_recorded,,,,,unmatched,,,
4315,Brown Truck Brewery,High Point,NC,,Taproom,,2019-06-05T00:00:00,confirmed_date,,not_recorded,,,,,unmatched,,,
4316,Goofy Foot Taproom and Brewery,High Point,NC,,Taproom,,,not_recorded,,not_recorded,,,,,unmatched,,,
4317,Liberty Brewery & Grill,High Point,NC,,Brewpub,,,not_recorded,,not_recorded,,,,,unmatched,,,
4318,Satulah Mountain Brewing Co,Highlands,NC,,Brewpub,,,not_recorded,,not_recorded,,,,,unmatched,,,
4319,Bombshell Beer Company,Holly Springs,NC,,Micro,,2020-03-03T00:00:00,confirmed_date,,not_recorded,,,,,unmatched,,,
4320,Carolina Brewing Co,Holly Springs,NC,,Micro,,2020-04-11T00:00:00,confirmed_date,,not_recorded,,,,,exact,carolina-brewing-co,content/breweries/carolina-brewing-co.md,
4321,Dirtbag Ales Brewery and Taproom,Hope Mills,NC,,Micro,,,not_recorded,,not_recorded,,,,,unmatched,,,
4322,Primal Brewery,Huntersville,NC,,Taproom,,2020-04-11T00:00:00,confirmed_date,,not_recorded,,,,,unmatched,,,
4323,Sweet Union Brewing,Indian Trail,NC,,Taproom,,,not_recorded,,not_recorded,,,,,unmatched,,,
4324,The Other Side of the Moon - Jamestown,Jamestown,NC,,Brewpub,,,not_recorded,,not_recorded,,,,,unmatched,,,
4325,Gypsy Road Brewing Co,Kernersville,NC,,Taproom,,2020-04-11T00:00:00,confirmed_date,,not_recorded,,,,,unmatched,,,
4326,Kernersville Brewing Company,Kernersville,NC,,Micro,,2020-04-11T00:00:00,confirmed_date,,not_recorded,,,,,unmatched,,,
4327,Outer Banks Brewing Station,Kill Devil Hills,NC,,Brewpub,,2020-02-01T00:00:00,confirmed_date,,not_recorded,,,,,unmatched,,,
4328,Mother Earth Brewing,Kinston,NC,,Micro,,,not_recorded,,not_recorded,,,,,unmatched,,,
4329,Oak City Brewing Company,Knightdale,NC,,Taproom,,,not_recorded,,not_recorded,,,,,unmatched,,,
4330,Hickory Nut Gorge Brewery,Lake Lure,NC,,Taproom,,2020-03-03T00:00:00,confirmed_date,,not_recorded,,,,,unmatched,,,
4331,Liquid Roots Brewing Project,Lenoir,NC,,Taproom,,2020-03-03T00:00:00,confirmed_date,,not_recorded,,,,,unmatched,,,
4332,Westbend Winery and Brewery,Lewisville,NC,,Taproom,,,not_recorded,,not_recorded,,,,,unmatched,,,
4333,"Untapped Territory, LLC",Lincolnton,NC,,Contract,,2020-03-03T00:00:00,confirmed_date,,not_recorded,,,,,unmatched,,,
4334,Tar Banks Brewing Co.,Louisburg,NC,,Taproom,,2020-03-03T00:00:00,confirmed_date,,not_recorded,,,,,unmatched,,,
4335,Hell on Horsecreek Brewing,Madison,NC,,Taproom,,2020-03-03T00:00:00,confirmed_date,,not_recorded,,,,,unmatched,,,
4336,Lost Colony Brewery and Cafe,Manteo,NC,,Brewpub,,2020-03-03T00:00:00,confirmed_date,,not_recorded,,,,,unmatched,,,
4337,Mica Town Brewing,Marion,NC,,Taproom,,2020-03-03T00:00:00,confirmed_date,,not_recorded,,,,,unmatched,,,
4338,Mad County Brewing,Marshall,NC,,Brewpub,,2020-04-11T00:00:00,confirmed_date,,not_recorded,,,,,unmatched,,,
4339,Seaboard Brewing,Matthews,NC,,Taproom,,2020-04-11T00:00:00,confirmed_date,,not_recorded,,,,,unmatched,,,
4340,Bright Penny Brewing Company,Mebane,NC,,Brewpub,,2020-04-11T00:00:00,confirmed_date,,not_recorded,,,,,unmatched,,,
4341,Sierra Nevada Brewing Co,Mills River,NC,,Regional,,2020-03-03T00:00:00,confirmed_date,,not_recorded,,,,,unmatched,,,
4342,Southern Range Brewing,Monroe,NC,,Brewpub,,,not_recorded,,not_recorded,,,,,unmatched,,,
4343,Ghostface Brewing Company,Mooresville,NC,,Brewpub,,2020-03-03T00:00:00,confirmed_date,,not_recorded,,,,,unmatched,,,
4344,Jolly Roger Brew,Mooresville,NC,,Micro,,2020-03-03T00:00:00,confirmed_date,,not_recorded,,,,,unmatched,,,
4345,King Canary Brewing Company,Mooresville,NC,,Taproom,,2020-03-03T00:00:00,confirmed_date,,not_recorded,,,,,unmatched,,,
4346,Hootenanny Brewing,Mooresville,NC,,Micro,,2020-04-11T00:00:00,confirmed_date,,not_recorded,,,,,unmatched,,,
4347,Beer Lab By Ghostface Brewing,Mooresville,NC,,Micro,,,not_recorded,,not_recorded,,,,,unmatched,,,
4348,Tight Lines Pub,Morehead City,NC,,Brewpub,,,not_recorded,,not_recorded,,,,,unmatched,,,
4349,Fonta Flora Brewery,Morganton,NC,,Micro,,2020-02-01T00:00:00,confirmed_date,,not_recorded,,,,,unmatched,,,
4350,Catawba Brewing Co,Morganton,NC,,Regional,,2020-03-03T00:00:00,confirmed_date,,not_recorded,,,,,exact,catawba-brewing-co,content/breweries/catawba-brewing-co.md,
4351,Sidetracked Brewery,Morganton,NC,,Taproom,,,not_recorded,,not_recorded,,,,,unmatched,,,
4352,Thirsty Souls Community Brewing,Mount Airy,NC,,Taproom,,2020-02-01T00:00:00,confirmed_date,,not_recorded,,,,,unmatched,,,
4353,Skull Camp Brewing,Mount Airy,NC,,Micro,,,not_recorded,,not_recorded,,,,,unmatched,,,
4354,White Elephant Beer Company,Mount Airy,NC,,Micro,,,not_recorded,,not_recorded,,,,,unmatched,,,
4355,R & R Brewing,Mount Olive,NC,,Taproom,,2020-03-03T00:00:00,confirmed_date,,not_recorded,,,,,unmatched,,,
4356,73 & Main Restaurant and Brewery,Mount Pleasant,NC,,Brewpub,,2020-04-11T00:00:00,confirmed_date,,not_recorded,,,,,unmatched,,,
4357,Valley River Brewery & Eatery,Murphy,NC,,Brewpub,,2020-04-11T00:00:00,confirmed_date,,not_recorded,,,,,unmatched,,,
4358,Fonta Flora Brewery At Whipoorwill Farm,Nebo,NC,,Micro,,,not_recorded,,not_recorded,,,,,unmatched,,,
4359,BrÜtopia Brewing Co,New Bern,NC,,Taproom,,2020-03-03T00:00:00,confirmed_date,,not_recorded,,,,,unmatched,,,
4360,Brewery 99,New Bern,NC,,Taproom,,,not_recorded,,not_recorded,,,,,unmatched,,,
4361,Shortway Brewing Company,Newport,NC,,Taproom,,,not_recorded,,not_recorded,,,,,unmatched,,,
4362,Makai Brewing Company,Ocean Isle Beach,NC,,Taproom,,2020-04-11T00:00:00,confirmed_date,,not_recorded,,,,,unmatched,,,
4363,1718 Ocracoke Brewing,Ocracoke,NC,,Brewpub,,,not_recorded,,not_recorded,,,,,unmatched,,,
4364,New Village Brewery and Taproom,Oriental,NC,,Taproom,,2020-03-03T00:00:00,confirmed_date,,not_recorded,,,,,unmatched,,,
4365,Tobacco Wood Brewing Company,Oxford,NC,,Brewpub,,2020-04-11T00:00:00,confirmed_date,,not_recorded,,,,,unmatched,,,
4366,Pinehurst Brewing Company,Pinehurst,NC,,Brewpub,,2020-04-11T00:00:00,confirmed_date,,not_recorded,,,,,unmatched,,,
4367,Middle James Brewing Company,Pineville,NC,,Brewpub,,,not_recorded,,not_recorded,,,,,unmatched,,,
4368,Ecusta Brewing Co,Pisgah Forest,NC,,Micro,,,not_recorded,,not_recorded,,,,,unmatched,,,
4369,Carolina Brewery - Pittsboro,Pittsboro,NC,,Micro,,,not_recorded,,not_recorded,,,,,unmatched,,,
4370,Brice’s Brewing Company,Raleigh,NC,,Taproom,,2020-03-03T00:00:00,confirmed_date,,not_recorded,,,,,unmatched,,,
4371,Bull Durham Beer Co,Raleigh,NC,,Proprietor,,2020-03-03T00:00:00,confirmed_date,,not_recorded,,,,,unmatched,,,
4372,Gizmo Brew Works,Raleigh,NC,,Taproom,,2020-03-03T00:00:00,confirmed_date,,not_recorded,,,,,unmatched,,,
4373,Lonerider Brewing Co,Raleigh,NC,,Regional,,2020-03-03T00:00:00,confirmed_date,,not_recorded,,,,,unmatched,,,
4374,Lynnwood Brewing Concern,Raleigh,NC,,Brewpub,,2020-03-03T00:00:00,confirmed_date,,not_recorded,,,,,unmatched,,,
4375,Lynnwood Brewing Concern,Raleigh,NC,,Micro,,2020-03-03T00:00:00,confirmed_date,,not_recorded,,,,,unmatched,,,
4376,NC State Brewery,Raleigh,NC,,Micro,,2020-03-03T00:00:00,confirmed_date,,not_recorded,,,,,unmatched,,,
4377,Nickelpoint Brewing Co,Raleigh,NC,,Micro,,2020-03-03T00:00:00,confirmed_date,,not_recorded,,,,,unmatched,,,
4378,Oak and Dagger Public House,Raleigh,NC,,Contract,,2020-03-03T00:00:00,confirmed_date,,not_recorded,,,,,unmatched,,,
4379,R&D Brewing,Raleigh,NC,,Micro,,2020-03-03T00:00:00,confirmed_date,,not_recorded,,,,,unmatched,,,
4380,Big Boss Brewing Co,Raleigh,NC,,Micro,,2020-04-11T00:00:00,confirmed_date,,not_recorded,,,,,unmatched,,,
4381,Crank Arm Brewing Co,Raleigh,NC,,Micro,,2020-04-11T00:00:00,confirmed_date,,not_recorded,,,,,unmatched,,,
4382,Brewery Bhavana,Raleigh,NC,,Brewpub,,,not_recorded,,not_recorded,,,,,unmatched,,,
4383,Clouds Brewing,Raleigh,NC,,Micro,,,not_recorded,,not_recorded,,,,,unmatched,,,
4384,Compass Rose,Raleigh,NC,,Taproom,,,not_recorded,,not_recorded,,,,,unmatched,,,
4385,Funguys Brewery,Raleigh,NC,,Taproom,,,not_recorded,,not_recorded,,,,,unmatched,,,
4386,Little City Brewing Co.,Raleigh,NC,,Taproom,,,not_recorded,,not_recorded,,,,,unmatched,,,
4387,Neuse River Brewing Company,Raleigh,NC,,Micro,,,not_recorded,,not_recorded,,,,,unmatched,,,
4388,Raleigh Brewing Company,Raleigh,NC,,Micro,,,not_recorded,,not_recorded,,,,,unmatched,,,
4389,Tobacco Road Brewery,Raleigh,NC,,Brewpub,,,not_recorded,,not_recorded,,,,,unmatched,,,
4390,Trophy Brewing Company,Raleigh,NC,,Micro,,,not_recorded,,not_recorded,,,,,unmatched,,,
4391,BDD Brewing Company,Rocky Mount,NC,,Taproom,,2020-03-03T00:00:00,confirmed_date,,not_recorded,,,,,unmatched,,,
4392,Spaceway Brewing Company,Rocky Mount,NC,,Taproom,,2020-04-11T00:00:00,confirmed_date,,not_recorded,,,,,unmatched,,,
4393,HopFly Brewing Company,Rocky Mount,NC,,Micro,,,not_recorded,,not_recorded,,,,,unmatched,,,
4394,Koi Pond Brewing Co,Rocky Mount,NC,,Taproom,,,not_recorded,,not_recorded,,,,,unmatched,,,
4395,Rocky Mount Brewery,Rocky Mount,NC,,Taproom,,,not_recorded,,not_recorded,,,,,unmatched,,,
4396,Black Creek Brewery,Roxboro,NC,,Taproom,,,not_recorded,,not_recorded,,,,,unmatched,,,
4397,Yellow Sun Brewing Company,Rutherfordton,NC,,Brewpub,,2020-03-03T00:00:00,confirmed_date,,not_recorded,,,,,unmatched,,,
4398,Morgan Ridge Railwalk Brewery & Eatery,Salisbury,NC,,Brewpub,,,not_recorded,,not_recorded,,,,,unmatched,,,
4399,New Sarum Brewing,Salisbury,NC,,Micro,,,not_recorded,,not_recorded,,,,,unmatched,,,
4400,Camelback Brewing Company,Sanford,NC,,Brewpub,,2020-04-11T00:00:00,confirmed_date,,not_recorded,,,,,unmatched,,,
4401,Hugger Mugger Brewing Company,Sanford,NC,,Micro,,,not_recorded,,not_recorded,,,,,unmatched,,,
4402,Sapphire Mountain Brewing Co,Sapphire,NC,,Contract,,2020-03-03T00:00:00,confirmed_date,,not_recorded,,,,,unmatched,,,
4403,Haw River Farmhouse Ales,Saxapahaw,NC,,Micro,,,not_recorded,,not_recorded,,,,,unmatched,,,
4404,34 Degree North Experiment Station,Shallotte,NC,,Taproom,,,not_recorded,,not_recorded,,,,,unmatched,,,
4405,Newgrass Brewing Company,Shelby,NC,,Taproom,,,not_recorded,,not_recorded,,,,,unmatched,,,
4406,Thirsty Skull Brewing,Siler City,NC,,Micro,,,not_recorded,,not_recorded,,,,,unmatched,,,
4407,Double Barley Brewing,Smithfield,NC,,Brewpub,,2020-03-03T00:00:00,confirmed_date,,not_recorded,,,,,unmatched,,,
4408,Southern Pines Brewing Company,Southern Pines,NC,,Micro,,,not_recorded,,not_recorded,,,,,unmatched,,,
4409,Check Six Brewing Co,Southport,NC,,Taproom,,,not_recorded,,not_recorded,,,,,unmatched,,,
4410,Laconia Ale Works,Sparta,NC,,Taproom,,,not_recorded,,not_recorded,,,,,unmatched,,,
4411,Fourth Creek Brewing Co,Statesville,NC,,Taproom,,2020-03-03T00:00:00,confirmed_date,,not_recorded,,,,,unmatched,,,
4412,Red Buffalo Brewing Co,Statesville,NC,,Taproom,,,not_recorded,,not_recorded,,,,,unmatched,,,
4413,Salty Turtle Beer Company,Surf City,NC,,Taproom,,,not_recorded,,not_recorded,,,,,unmatched,,,
4414,Balsam Falls Brewing,Sylva,NC,,Taproom,,2020-03-03T00:00:00,confirmed_date,,not_recorded,,,,,unmatched,,,
4415,Innovation Brewing,Sylva,NC,,Brewpub,,2020-03-03T00:00:00,confirmed_date,,not_recorded,,,,,unmatched,,,
4416,Tarboro Brewing Company,Tarboro,NC,,Taproom,,,not_recorded,,not_recorded,,,,,candidate,,,Arbor Brewing Co
4417,Big Game Brewing,Trenton,NC,,Micro,,2020-03-03T00:00:00,confirmed_date,,not_recorded,,,,,unmatched,,,
4418,Bottle Tree Beer Co,Tryon,NC,,Contract,,2020-03-03T00:00:00,confirmed_date,,not_recorded,,,,,unmatched,,,
4419,The Levee Brewery and Pub,Valdese,NC,,Taproom,,,not_recorded,,not_recorded,,,,,unmatched,,,
4420,White Street Brewing Company,Wake Forest,NC,,Micro,,2020-03-03T00:00:00,confirmed_date,,not_recorded,,,,,unmatched,,,
4421,Billy Beer,Walstonburg,NC,,Micro,,,not_recorded,,not_recorded,,,,,unmatched,,,
4422,The Dreamchaser’s Brewery,Waxhaw,NC,,Taproom,,2020-03-03T00:00:00,confirmed_date,,not_recorded,,,,,unmatched,,,
4423,Boojum Brewing Company,Waynesville,NC,,Micro,,,not_recorded,,not_recorded,,,,,unmatched,,,
4424,Frog Level Brewing Company,Waynesville,NC,,Micro,,,not_recorded,,not_recorded,,,,,unmatched,,,
4425,Blue Mountain Pizza and Brew Pub,Weaverville,NC,,Brewpub,,2020-04-11T00:00:00,confirmed_date,,not_recorded,,,,,unmatched,,,
4426,Zebulon Artisan Ales,Weaverville,NC,,Micro,,2020-04-11T00:00:00,confirmed_date,,not_recorded,,,,,unmatched,,,
4427,Eluvium Brewing Co.,Weaverville,NC,,Taproom,,,not_recorded,,not_recorded,,,,,unmatched,,,
4428,New River Brewing,West Jefferson,NC,,Brewpub,,2020-04-11T00:00:00,confirmed_date,,not_recorded,,,,,unmatched,,,
4429,Boondocks Brewing,West Jefferson,NC,,Brewpub,,,not_recorded,,not_recorded,,,,,unmatched,,,
4430,Red Oak Brewing Co,Whitsett,NC,,Regional,,2020-03-03T00:00:00,confirmed_date,,not_recorded,,,,,unmatched,,,
4431,Bill’s Brewing Company,Wilmington,NC,,Brewpub,,2020-03-03T00:00:00,confirmed_date,,not_recorded,,,,,exact,bill-s-brewing-company,content/breweries/bill-s-brewing-company.md,
4432,Waterline Brewing Co.,Wilmington,NC,,Taproom,,2020-03-03T00:00:00,confirmed_date,,not_recorded,,,,,unmatched,,,
4433,Waterman’s Brewing Co,Wilmington,NC,,Brewpub,,2020-03-03T00:00:00,confirmed_date,,not_recorded,,,,,unmatched,,,
4434,Broomtail Craft Brewery,Wilmington,NC,,Taproom,,2020-04-11T00:00:00,confirmed_date,,not_recorded,,,,,unmatched,,,
4435,Edward Teach Brewing,Wilmington,NC,,Taproom,,2020-04-11T00:00:00,confirmed_date,,not_recorded,,,,,unmatched,,,
4436,Flytrap Brewing,Wilmington,NC,,Taproom,,2020-04-11T00:00:00,confirmed_date,,not_recorded,,,,,unmatched,,,
4437,New Anthem Beer Project,Wilmington,NC,,Taproom,,2020-04-11T00:00:00,confirmed_date,,not_recorded,,,,,unmatched,,,
4438,Flying Machine Brewing Company,Wilmington,NC,,Taproom,,,not_recorded,,not_recorded,,,,,unmatched,,,
4439,Front Street Brewery,Wilmington,NC,,Brewpub,,,not_recorded,,not_recorded,,,,,unmatched,,,
4440,Ironclad Brewery,Wilmington,NC,,Taproom,,,not_recorded,,not_recorded,,,,,unmatched,,,
4441,Mad Mole Brewing LLC,Wilmington,NC,,Taproom,,,not_recorded,,not_recorded,,,,,unmatched,,,
4442,Skytown Beer Company,Wilmington,NC,,Brewpub,,,not_recorded,,not_recorded,,,,,unmatched,,,
4443,Tek Mountain Brewing,Wilmington,NC,,Taproom,,,not_recorded,,not_recorded,,,,,unmatched,,,
4444,Wilmington Brewing Company,Wilmington,NC,,Taproom,,,not_recorded,,not_recorded,,,,,unmatched,,,
4445,Wrightsville Beach Brewery,Wilmington,NC,,Brewpub,,,not_recorded,,not_recorded,,,,,unmatched,,,
4446,217 Brew Works,Wilson,NC,,Taproom,,2020-03-03T00:00:00,confirmed_date,,not_recorded,,,,,unmatched,,,
4447,Fiddlin’ Fish Brewing Company,Winston Salem,NC,,Taproom,,2020-03-03T00:00:00,confirmed_date,,not_recorded,,,,,unmatched,,,
4448,Foothills Brewing Co,Winston Salem,NC,,Regional,,2020-03-03T00:00:00,confirmed_date,,not_recorded,,,,,unmatched,,,
4449,Incendiary Brewing Company,Winston Salem,NC,,Taproom,,2020-03-03T00:00:00,confirmed_date,,not_recorded,,,,,unmatched,,,
4450,Small Batch Beer Co,Winston Salem,NC,,Brewpub,,2020-03-03T00:00:00,confirmed_date,,not_recorded,,,,,unmatched,,,
4451,HOOTS Beer Co.,Winston Salem,NC,,Micro,,2020-04-11T00:00:00,confirmed_date,,not_recorded,,,,,unmatched,,,
4452,Cavern Brewing At Lowes Foods,Winston Salem,NC,,Brewpub,,,not_recorded,,not_recorded,,,,,unmatched,,,
4453,Foothills Brewing Co Brewpub,Winston Salem,NC,,Brewpub,,,not_recorded,,not_recorded,,,,,unmatched,,,
4454,Wise Man Brewing,Winston-Salem,NC,,Taproom,,2020-04-11T00:00:00,confirmed_date,,not_recorded,,,,,unmatched,,,
4455,Zillicoah Beer Company,Woodfin,NC,,Taproom,,2020-04-11T00:00:00,confirmed_date,,not_recorded,,,,,unmatched,,,
4456,White Street Brewing Company - Production Facility,Youngsville,NC,,Micro,,,not_recorded,,not_recorded,,,,,unmatched,,,
4457,Bismarck Brewing,Bismarck,ND,,Taproom,,2020-03-03T00:00:00,confirmed_date,,not_recorded,,,,,unmatched,,,
4458,Gideon’s Brewing Company,Bismarck,ND,,Taproom,,2020-03-03T00:00:00,confirmed_date,,not_recorded,,,,,unmatched,,,
4459,Laughing Sun Brewing,Bismarck,ND,,Brewpub,,2020-03-03T00:00:00,confirmed_date,,not_recorded,,,,,unmatched,,,
4460,Bird Dog Brewing,Bismarck,ND,,Micro,,2020-04-11T00:00:00,confirmed_date,,not_recorded,,,,,unmatched,,,
4461,Edwinton Brewing Company,Bismarck,ND,,Brewpub,,,not_recorded,,not_recorded,,,,,unmatched,,,
4462,Phat Fish Brewing,Dickinson,ND,,Brewpub,,,not_recorded,,not_recorded,,,,,unmatched,,,
4463,Drekker Brewing Company,Fargo,ND,,Micro,,2019-11-27T00:00:00,confirmed_date,yes,confirmed_yes,yes,,,,unmatched,,,
4464,Fargo Brewing Co,Fargo,ND,,Micro,,2019-11-27T00:00:00,confirmed_date,,not_recorded,,,,,unmatched,,,
4465,Pixeled Brewing Co.,Fargo,ND,,Taproom,,2019-11-27T00:00:00,confirmed_date,,not_recorded,,,,,unmatched,,,
4466,Prairie Brothers Brewing,Fargo,ND,,Taproom,,2020-04-11T00:00:00,confirmed_date,,not_recorded,,,,,unmatched,,,
4467,Drumconrath Brewing Company,Fargo,ND,,Taproom,,,not_recorded,,not_recorded,,,,,unmatched,,,
4468,Granite City Food & Brewery (#3),Fargo,ND,,Brewpub,,,not_recorded,,not_recorded,,,,,unmatched,,,
4469,Kilstone Brewing,Fargo,ND,,Micro,,,not_recorded,,not_recorded,,,,,unmatched,,,
4470,Rhombus Guys Brewing Co,Grand Forks,ND,,Brewpub,,2019-11-27T00:00:00,confirmed_date,,not_recorded,,,,,unmatched,,,
4471,Half Brothers Brewing Company,Grand Forks,ND,,Taproom,,,not_recorded,,not_recorded,,,,,unmatched,,,
4472,Buffalo Commons Brewing Company,Mandan,ND,,Taproom,,2020-04-11T00:00:00,confirmed_date,,not_recorded,,,,,unmatched,,,
4473,Dialectic Brewing Company,Mandan,ND,,Taproom,,,not_recorded,,not_recorded,,,,,unmatched,,,
4474,Black Leg Brewery,McKenzie,ND,,Micro,,2019-11-27T00:00:00,confirmed_date,,not_recorded,,,,,unmatched,,,
4475,Souris River Brewing,Minot,ND,,Brewpub,,2019-11-27T00:00:00,confirmed_date,,not_recorded,,,,,unmatched,,,
4476,Atypical Brewery & Barrelworks,Minot,ND,,Taproom,,,not_recorded,,not_recorded,,,,,unmatched,,,
4477,Stonehome Brewing Company,Watford City,ND,,Brewpub,,2020-03-03T00:00:00,confirmed_date,,not_recorded,,,,,unmatched,,,
4478,Flatland Brewery,West Fargo,ND,,Taproom,,,not_recorded,,not_recorded,,,,,unmatched,,,
4479,Hwy 14 Brewing Co.,Albion,NE,,Micro,,2020-03-03T00:00:00,confirmed_date,,not_recorded,,,,,unmatched,,,
4480,Brewery 719,Alliance,NE,,Micro,,2020-04-11T00:00:00,confirmed_date,,not_recorded,,,,,unmatched,,,
4481,Brush Creek Brewing Company,Atkinson,NE,,Brewpub,,2020-03-03T00:00:00,confirmed_date,,not_recorded,,,,,unmatched,,,
4482,Stone Hollow Brewing Company,Beatrice,NE,,Taproom,,2020-04-11T00:00:00,confirmed_date,,not_recorded,,,,,unmatched,,,
4483,Kinkaider Brewing Co,Broken Bow,NE,,Micro,,2020-04-11T00:00:00,confirmed_date,maybe???,recorded_needs_review,,,,,exact,kinkaider-brewing-co,content/breweries/kinkaider-brewing-co.md,
4484,Gottberg Brew Pub,Columbus,NE,,Brewpub,,,not_recorded,,not_recorded,,,,,unmatched,,,
4485,Jukes Ale Works LLC,Elkhorn,NE,,Brewpub,,2020-03-03T00:00:00,confirmed_date,,not_recorded,,,,,unmatched,,,
4486,Canyon Lakes Brewing Company,Elwood,NE,,Brewpub,,2020-04-11T00:00:00,confirmed_date,,not_recorded,,,,,unmatched,,,
4487,Fairfield Opera House Brewery,Fairfield,NE,,Brewpub,,,not_recorded,,not_recorded,,,,,unmatched,,,
4488,Prairie Pride Brewery,Grand Island,NE,,Taproom,,2020-04-11T00:00:00,confirmed_date,,not_recorded,,,,,unmatched,,,
4489,First Street Brewing,Hastings,NE,,Taproom,,,not_recorded,,not_recorded,,,,,unmatched,,,
4490,Steeple Brewing Co,Hastings,NE,,Taproom,,,not_recorded,,not_recorded,,,,,unmatched,,,
4491,Lost Way Brewery,Holdrege,NE,,Taproom,,2020-03-03T00:00:00,confirmed_date,,not_recorded,,,,,unmatched,,,
4492,Hanging Horseshoe Brewing Company,Imperial,NE,,Taproom,,,not_recorded,,not_recorded,,,,,unmatched,,,
4493,Thunderhead Brewing Co,Kearney,NE,,Brewpub,,,not_recorded,,not_recorded,,,,,unmatched,,,
4494,Pint Nine Brewing Company,La Vista,NE,,Micro,,2020-03-03T00:00:00,confirmed_date,,not_recorded,,,,,unmatched,,,
4495,Lucky Bucket Brewing Co,La Vista,NE,,Micro,,,not_recorded,,not_recorded,,,,,unmatched,,,
4496,Nebraska Brewing Co - La Vista,La Vista,NE,,Micro,,,not_recorded,,not_recorded,,,,,unmatched,,,
4497,Kros Strain Brewing Company,LaVista,NE,,Micro,,2020-03-03T00:00:00,confirmed_date,,not_recorded,,,,,unmatched,,,
4498,Backswing Brewing Co.,Lincoln,NE,,Micro,,2020-03-03T00:00:00,confirmed_date,,not_recorded,,,,,unmatched,,,
4499,Cosmic Eye Brewing,Lincoln,NE,,Taproom,,2020-03-03T00:00:00,confirmed_date,,not_recorded,,,,,unmatched,,,
4500,White Elm Brewing Co,Lincoln,NE,,Micro,,2020-04-11T00:00:00,confirmed_date,,not_recorded,,,,,unmatched,,,
4501,Zipline Brewing Co,Lincoln,NE,,Micro,,2020-04-11T00:00:00,confirmed_date,,not_recorded,,,,,unmatched,,,
4502,5168 Brewing Company,Lincoln,NE,,Brewpub,,,not_recorded,,not_recorded,,,,,unmatched,,,
4503,Boiler Brewing Company,Lincoln,NE,,Taproom,,,not_recorded,,not_recorded,,,,,unmatched,,,
4504,Code Beer Co.,Lincoln,NE,,Taproom,,,not_recorded,,not_recorded,,,,,unmatched,,,
4505,Empyrean Brewing Co,Lincoln,NE,,Micro,,,not_recorded,,not_recorded,,,,,unmatched,,,
4506,Granite City Food & Brewery (#7),Lincoln,NE,,Brewpub,,,not_recorded,,not_recorded,,,,,unmatched,,,
4507,Green Flash Brewing Co,Lincoln,NE,,Brewpub,,,not_recorded,,not_recorded,,,,,unmatched,,,
4508,Lazlo’s Brewery & Grill - Haymarket,Lincoln,NE,,Brewpub,,,not_recorded,,not_recorded,,,,,unmatched,,,
4509,Loop Brewing Co,Mc Cook,NE,,Brewpub,,2020-03-03T00:00:00,confirmed_date,,not_recorded,,,,,unmatched,,,
4510,Divots Brewery,Norfolk,NE,,Brewpub,,,not_recorded,,not_recorded,,,,,unmatched,,,
4511,Pals Brewing Company,North Platte,NE,,Taproom,,2020-03-03T00:00:00,confirmed_date,,not_recorded,,,,,unmatched,,,
4512,Lazy Horse Brewing,Ohiowa,NE,,Brewpub,,,not_recorded,,not_recorded,,,,,unmatched,,,
4513,Granite City Food & Brewery (#16),Omaha,NE,,Brewpub,,2020-03-03T00:00:00,confirmed_date,,not_recorded,,,,,unmatched,,,
4514,Scriptown Brewing Company,Omaha,NE,,Taproom,,2020-03-03T00:00:00,confirmed_date,,not_recorded,,,,,unmatched,,,
4515,Vis Major Brewing Co,Omaha,NE,,Brewpub,,2020-03-03T00:00:00,confirmed_date,,not_recorded,,,,,unmatched,,,
4516,Farnam House Brewing Company,Omaha,NE,,Brewpub,,2020-04-11T00:00:00,confirmed_date,,not_recorded,,,,,unmatched,,,
4517,Jaipur Restaurant and Brewpub,Omaha,NE,,Brewpub,,2020-04-11T00:00:00,confirmed_date,,not_recorded,,,,,unmatched,,,
4518,Benson Brewery,Omaha,NE,,Brewpub,,,not_recorded,,not_recorded,,,,,unmatched,,,
4519,Brickway Brewery and Distillery,Omaha,NE,,Micro,,,not_recorded,,not_recorded,,,,,unmatched,,,
4520,Infusion Brewing Company,Omaha,NE,,Micro,,,not_recorded,,not_recorded,,,,,unmatched,,,
4521,Infusion Brewing Company,Omaha,NE,,Micro,,,not_recorded,,not_recorded,,,,,unmatched,,,
4522,Upstream Brewing Co (#1),Omaha,NE,,Brewpub,,,not_recorded,,not_recorded,,,,,unmatched,,,
4523,Scratchtown Brewing Company,Ord,NE,,Taproom,,,not_recorded,,not_recorded,,,,,unmatched,,,
4524,Nebraska Brewing Co - Papillion,Papillion,NE,,Brewpub,,,not_recorded,,not_recorded,,,,,unmatched,,,
4525,SchillingBridge Winery & Microbrewery,Pawnee City,NE,,Brewpub,,2020-04-11T00:00:00,confirmed_date,,not_recorded,,,,,unmatched,,,
4526,Flyover Brewing Co,Scottsbluff,NE,,Brewpub,,,not_recorded,,not_recorded,,,,,unmatched,,,
4527,Bottle Rocket Brewing Co,Seward,NE,,Taproom,,2020-04-11T00:00:00,confirmed_date,,not_recorded,,,,,unmatched,,,
4528,Soaring Wings Brewing,Springfield,NE,,Taproom,,,not_recorded,,not_recorded,,,,,unmatched,,,
4529,Roc Hopper Brewing Company,Syracuse,NE,,Micro,,,not_recorded,,not_recorded,,,,,unmatched,,,
4530,Bootleg Brewers - Sandhills Brewing Company,Taylor,NE,,Brewpub,,,not_recorded,,not_recorded,,,,,unmatched,,,
4531,Bolo Beer Co,Valentine,NE,,Taproom,,,not_recorded,,not_recorded,,,,,unmatched,,,
4532,Johnnie Byrd Brewing Company,Wayne,NE,,Taproom,,,not_recorded,,not_recorded,,,,,unmatched,,,
4533,Belgian Mare Brewery,Alstead,NH,,Micro,,,not_recorded,,not_recorded,,,,,unmatched,,,
4534,Laughing Crow Beer,Amherst,NH,,Micro,,2020-03-03T00:00:00,confirmed_date,,not_recorded,,,,,unmatched,,,
4535,White Mountain Brewing Company,Ashland,NH,,Brewpub,,,not_recorded,,not_recorded,,,,,unmatched,,,
4536,Rek-Lis Brewing Company,Bethlehem,NH,,Brewpub,,,not_recorded,,not_recorded,,,,,unmatched,,,
4537,Shackett’s Brewing Company,Bristol,NH,,Brewpub,,,not_recorded,,not_recorded,,,,,unmatched,,,
4538,Woodman’s Brewery,Bristol,NH,,Taproom,,,not_recorded,,not_recorded,,,,,unmatched,,,
4539,"Dam Brewhouse, LLC.",Campton,NH,,Micro,,,not_recorded,,not_recorded,,,,,unmatched,,,
4540,Canterbury Aleworks,Canterbury,NH,,Taproom,,2020-03-03T00:00:00,confirmed_date,,not_recorded,,,,,unmatched,,,
4541,Coos Brewing Company,Colebrook,NH,,Micro,,2020-04-11T00:00:00,confirmed_date,,not_recorded,,,,,unmatched,,,
4542,Concord Craft Brewery,Concord,NH,,Micro,,2020-03-03T00:00:00,confirmed_date,,not_recorded,,,,,unmatched,,,
4543,Lithermans Limited Brewery,Concord,NH,,Micro,,,not_recorded,,not_recorded,,,,,unmatched,,,
4544,Tuckerman Brewing Co,Conway,NH,,Micro,,2020-03-03T00:00:00,confirmed_date,,not_recorded,,,,,unmatched,,,
4545,Sea Dog Brewing Co,Conway,NH,,Brewpub,,,not_recorded,,not_recorded,,,,,unmatched,,,
4546,Polyculture Brewing Company,Croydon,NH,,Taproom,,2020-03-03T00:00:00,confirmed_date,,not_recorded,,,,,unmatched,,,
4547,From the Barrel Brewing Company,Derry,NH,,Taproom,,,not_recorded,,not_recorded,,,,,unmatched,,,
4548,Kelsen Brewing Company,Derry,NH,,Brewpub,,,not_recorded,,not_recorded,,,,,unmatched,,,
4549,Rockingham Brewing Company,Derry,NH,,Taproom,,,not_recorded,,not_recorded,,,,,unmatched,,,
4550,Chapel and Main,Dover,NH,,Brewpub,,2020-03-03T00:00:00,confirmed_date,yes,confirmed_yes,,http://www.chapelandmain.com/,https://www.instagram.com/chapelandmain/,,exact,chapel-and-main,content/breweries/chapel-and-main.md,
4551,Garrison City Beerworks,Dover,NH,,Brewpub,,2020-04-11T00:00:00,confirmed_date,yes,confirmed_yes,,https://www.garrisoncitybeerworks.com/,https://www.instagram.com/garrisoncity/?hl=en,,exact,garrison-city-beerworks,content/breweries/garrison-city-beerworks.md,
4552,Empty Pint Brewing Company,Dover,NH,,Taproom,,2020-04-11T00:00:00,confirmed_date,,not_recorded,,,,,unmatched,,,
4553,University Of New Hampshire Brewery,Durham,NH,,Micro,,2020-04-11T00:00:00,confirmed_date,,not_recorded,,,,,unmatched,,,
4554,Blasty Bough Brewing Company,Epsom,NH,,Micro,,,not_recorded,,not_recorded,,,,,unmatched,,,
4555,Sea Dog Brewing Company Exeter,Exeter,NH,,Brewpub,,2020-04-11T00:00:00,confirmed_date,,not_recorded,,,,,unmatched,,,
4556,Iron Furnace Brewing,Franconia,NH,,Taproom,,2020-03-03T00:00:00,confirmed_date,,not_recorded,,,,,unmatched,,,
4557,Smuttynose Brewing Co,Hampton,NH,,Regional,,2020-03-03T00:00:00,confirmed_date,,not_recorded,,,,,unmatched,,,
4558,Tilton Brothers Brewing,Hampton,NH,,Micro,,,not_recorded,,not_recorded,,,,,unmatched,,,
4559,"Henniker Brewing Company, LLC",Henniker,NH,,Micro,,2020-04-11T00:00:00,confirmed_date,,not_recorded,,,,,unmatched,,,
4560,Branch and Blade Brewing,Keene,NH,,Brewpub,,2019-11-27T00:00:00,confirmed_date,,not_recorded,,,,,unmatched,,,
4561,Elm City Brewing Company,Keene,NH,,Brewpub,,2020-03-03T00:00:00,confirmed_date,,not_recorded,,,,,unmatched,,,
4562,The Brewers of Nye Hill Farm,Keene,NH,,Micro,,,not_recorded,,not_recorded,,,,,unmatched,,,
4563,Copper Pig Brewery,Lancaster,NH,,Brewpub,,,not_recorded,,not_recorded,,,,,unmatched,,,
4564,"Monadnock Brewing Company, Inc",Langdon,NH,,Micro,,2020-04-11T00:00:00,confirmed_date,,not_recorded,,,,,unmatched,,,
4565,One Love Brewery,Lincoln,NH,,Brewpub,,,not_recorded,,not_recorded,,,,,unmatched,,,
4566,Schilling Beer Co,Littleton,NH,,Brewpub,,2020-03-03T00:00:00,confirmed_date,,not_recorded,,,,,unmatched,,,
4567,603 Brewery,Londonderry,NH,,Micro,,2020-03-03T00:00:00,confirmed_date,,not_recorded,,,,,unmatched,,,
4568,Moonlight Meadery/Hidden Moon Brewing,Londonderry,NH,,Contract,,2020-03-03T00:00:00,confirmed_date,,not_recorded,,,,,unmatched,,,
4569,Long Blue Cat Brewing Co,Londonderry,NH,,Brewpub,,2020-04-11T00:00:00,confirmed_date,,not_recorded,,,,,unmatched,,,
4570,Pipe Dream Brewing,Londonderry,NH,,Brewpub,,,not_recorded,,not_recorded,,,,,unmatched,,,
4571,Stark Brewing Company,Manchester,NH,,Brewpub,,2020-03-03T00:00:00,confirmed_date,,not_recorded,,,,,unmatched,,,
4572,To Share Brewing Company,Manchester,NH,,Taproom,,2020-03-03T00:00:00,confirmed_date,,not_recorded,,,,,unmatched,,,
4573,Backyard Brewery,Manchester,NH,,Brewpub,,,not_recorded,,not_recorded,,,,,unmatched,,,
4574,Candia Road Brewing / Nepenthe Ale House,Manchester,NH,,Micro,,,not_recorded,,not_recorded,,,,,unmatched,,,
4575,Great North Aleworks,Manchester,NH,,Micro,,,not_recorded,,not_recorded,,,,,unmatched,,,
4576,Frogg Brewing,Marlborough,NH,,Micro,,2020-03-03T00:00:00,confirmed_date,,not_recorded,,,,,unmatched,,,
4577,Twin Barns Brewing Co,Meredith,NH,,Taproom,,2020-04-11T00:00:00,confirmed_date,,not_recorded,,,,,unmatched,,,
4578,Able Ebenezer Brewing Company,Merrimack,NH,,Taproom,,2019-08-29T00:00:00,confirmed_date,yes,confirmed_yes,yes,,,,unmatched,,,
4579,Anheuser-Busch Inc – Merrimack,Merrimack,NH,,Largge,,2020-03-03T00:00:00,confirmed_date,,not_recorded,,,,,unmatched,,,
4580,Martha’s Exchange Restaurant and Brewery,Nashua,NH,,Brewpub,,2020-03-03T00:00:00,confirmed_date,,not_recorded,,,,,unmatched,,,
4581,Odd Fellows Brewing Co,Nashua,NH,,Brewpub,,2020-04-11T00:00:00,confirmed_date,,not_recorded,,,,,unmatched,,,
4582,Liquid Therapy,Nashua,NH,,Brewpub,,,not_recorded,,not_recorded,,,,,unmatched,,,
4583,Millyard Brewing,Nashua,NH,,Taproom,,,not_recorded,,not_recorded,,,,,unmatched,,,
4584,White Birch Brewing,Nashua,NH,,Micro,,,not_recorded,,not_recorded,,,,,unmatched,,,
4585,Muddy Roads  Brewery,New Durham,NH,,Micro,,,not_recorded,,not_recorded,,,,,unmatched,,,
4586,Flying Goose Brewpub,New London,NH,,Brewpub,,,not_recorded,,not_recorded,,,,,unmatched,,,
4587,Stoneface Brewing Co,Newington,NH,,Micro,,,not_recorded,,not_recorded,,,,,unmatched,,,
4588,Deciduous Brewing Company,Newmarket,NH,,Micro,,,not_recorded,,not_recorded,,,,,unmatched,,,
4589,Moat Mountain Smoke House and Brewing Co,North Conway,NH,,Brewpub,,,not_recorded,,not_recorded,,,,,unmatched,,,
4590,Throwback Brewery,North Hampton,NH,,Brewpub,,2020-04-11T00:00:00,confirmed_date,,not_recorded,,,,,exact,throwback-brewery,content/breweries/throwback-brewery.md,
4591,Woodstock Inn Brewery,North Woodstock,NH,,Micro,,,not_recorded,,not_recorded,,,,,unmatched,,,
4592,Northwoods Brewing Co,Northwood,NH,,Brewpub,,,not_recorded,,not_recorded,,,,,unmatched,,,
4593,Out.Haus Ales,Northwood,NH,,Taproom,,,not_recorded,,not_recorded,,,,,unmatched,,,
4594,Post and Beam Brewing,Peterborough,NH,,Taproom,,,not_recorded,,not_recorded,,,,,unmatched,,,
4595,1766 Brewing Company,Plymouth,NH,,Micro,,,not_recorded,,not_recorded,,,,,unmatched,,,
4596,Cisco Brewers Portsmouth,Porstmouth,NH,,Brewpub,,,not_recorded,,not_recorded,,,,,unmatched,,,
4597,The Portsmouth Brewery,Portsmouth,NH,,Brewpub,,2020-03-03T00:00:00,confirmed_date,,not_recorded,,,,,unmatched,,,
4598,Appalachian Mountain Brewery - Portsmouth,Portsmouth,NH,,Micro,,2020-04-11T00:00:00,confirmed_date,,not_recorded,,,,,unmatched,,,
4599,Beara Brewing Co.,Portsmouth,NH,,Micro,,2020-04-11T00:00:00,confirmed_date,,not_recorded,,,,,unmatched,,,
4600,Loaded Question Brewing Co.,Portsmouth,NH,,Taproom,,2020-04-11T00:00:00,confirmed_date,,not_recorded,,,,,unmatched,,,
4601,Earth Eagle Brewing,Portsmouth,NH,,Brewpub,,,not_recorded,,not_recorded,,,,,unmatched,,,
4602,Great Rhythm Brewing Co.,Portsmouth,NH,,Taproom,,,not_recorded,,not_recorded,,,,,unmatched,,,
4603,Liars Bench Beer Company,Portsmouth,NH,,Micro,,,not_recorded,,not_recorded,,,,,unmatched,,,
4604,Ashuelot Brewing Company,Richmond,NH,,Taproom,,,not_recorded,,not_recorded,,,,,unmatched,,,
4605,Border Brewery/Border Brew Supply,Salem,NH,,Brewpub,,,not_recorded,,not_recorded,,,,,unmatched,,,
4606,Big Water Brewery,Salisbury,NH,,Micro,,,not_recorded,,not_recorded,,,,,unmatched,,,
4607,Bad Lab Beer Co.,Somersworth,NH,,Brewpub,,2020-03-03T00:00:00,confirmed_date,,not_recorded,,,,,unmatched,,,
4608,Stripe Nine Brewing Co.,Somersworth,NH,,Brewpub,,,not_recorded,,not_recorded,,,,,unmatched,,,
4609,Oddball Brewing,Suncook,NH,,Micro,,2020-03-03T00:00:00,confirmed_date,,not_recorded,,,,,unmatched,,,
4610,Kettlehead Brewing Company,Tilton,NH,,Brewpub,,,not_recorded,,not_recorded,,,,,unmatched,,,
4611,Granite Roots Brewing,Troy,NH,,Taproom,,2020-03-03T00:00:00,confirmed_date,,not_recorded,,,,,unmatched,,,
4612,Hobbs Tavern & Brewing Co.,West Ossipee,NH,,Brewpub,,2020-03-03T00:00:00,confirmed_date,,not_recorded,,,,,unmatched,,,
4613,The Outlaw Brewing Company,Winchester,NH,,Micro,,2019-10-26T00:00:00,confirmed_date,,not_recorded,,,,,unmatched,,,
4614,Burnt Timber Brewing,Wolfeboro,NH,,Brewpub,,2020-04-11T00:00:00,confirmed_date,,not_recorded,,,,,unmatched,,,
4615,The Lone Wolfe Brewing Co.,Wolfeboro,NH,,Brewpub,,,not_recorded,,not_recorded,,,,,unmatched,,,
4616,Asbury Park Brewery,Asbury Park,NJ,,Micro,,2020-03-03T00:00:00,confirmed_date,,not_recorded,,,,,unmatched,,,
4617,Dark City Brewing Company,Asbury Park,NJ,,Micro,,2020-04-11T00:00:00,confirmed_date,,not_recorded,,,,,unmatched,,,
4618,Atco Brewing LLC,Atco,NJ,,Micro,,,not_recorded,,not_recorded,,,,,unmatched,,,
4619,Tun Tavern Brewery and Restaurant,Atlantic City,NJ,,Brewpub,,,not_recorded,,not_recorded,,,,,unmatched,,,
4620,Carton Brewing Co,Atlantic Highlands,NJ,,Micro,,2020-04-11T00:00:00,confirmed_date,,not_recorded,,,,,candidate,,,Carbon Brewing Company
4621,Avalon Brew Pub,Avalon,NJ,,Brewpub,,,not_recorded,,not_recorded,,,,,unmatched,,,
4622,Ship Bottom Brewery,Beach Haven,NJ,,Micro,,2020-04-11T00:00:00,confirmed_date,,not_recorded,,,,,unmatched,,,
4623,Belford Brewing Company,Belford,NJ,,Taproom,,,not_recorded,,not_recorded,,,,,unmatched,,,
4624,Beach Haus Brewery,Belmar,NJ,,Micro,,2020-03-03T00:00:00,confirmed_date,,not_recorded,,,,,unmatched,,,
4625,Trap Rock Restaurant And Brewery,Berkeley Heights,NJ,,Brewpub,,2020-04-11T00:00:00,confirmed_date,,not_recorded,,,,,unmatched,,,
4626,Berlin Brewing Company,Berlin,NJ,,Taproom,,2020-03-03T00:00:00,confirmed_date,,not_recorded,,,,,unmatched,,,
4627,Buck Hill Brewery and Restaurant,Blairstown,NJ,,Brewpub,,,not_recorded,,not_recorded,,,,,unmatched,,,
4628,Bradley Brew Project,Bradley Beach,NJ,,Taproom,,,not_recorded,,not_recorded,,,,,unmatched,,,
4629,Third State Brewing,Burlington,NJ,,Taproom,,,not_recorded,,not_recorded,,,,,unmatched,,,
4630,"High Point Brewing Co, Inc.",Butler,NJ,,Micro,,,not_recorded,,not_recorded,,,,,unmatched,,,
4631,Cape May Brewery,Cape May,NJ,,Regional,,2020-03-03T00:00:00,confirmed_date,,not_recorded,,,,,unmatched,,,
4632,Cape May Brewery Production Facility,Cape May,NJ,,Micro,,,not_recorded,,not_recorded,,,,,unmatched,,,
4633,Cold Spring Brewery,Cape May,NJ,,Taproom,,,not_recorded,,not_recorded,,,,,unmatched,,,
4634,Coho Brewing Co,Cape May Court House,NJ,,Micro,,2020-03-03T00:00:00,confirmed_date,,not_recorded,,,,,unmatched,,,
4635,Bucket Brigade Brewery,Cape May Court House,NJ,,Taproom,,,not_recorded,,not_recorded,,,,,unmatched,,,
4636,Slack Tide Brewing Company,Cape May Court House,NJ,,Taproom,,,not_recorded,,not_recorded,,,,,unmatched,,,
4637,Twin Elephant Brewing Company,Chatham,NJ,,Micro,,2019-04-29T00:00:00,confirmed_date,,not_recorded,,,,,unmatched,,,
4638,Forgotten Boardwalk Brewing,Cherry Hill,NJ,,Micro,,2020-03-03T00:00:00,confirmed_date,,not_recorded,,,,,unmatched,,,
4639,Death Of The Fox,Clarksboro,NJ,,Taproom,,,not_recorded,,not_recorded,,,,,unmatched,,,
4640,Core3Brewery,Clayton,NJ,,Taproom,,2020-04-11T00:00:00,confirmed_date,,not_recorded,,,,,unmatched,,,
4641,Ghost Hawk Brewing Company,Clifton,NJ,,Taproom,,2020-03-03T00:00:00,confirmed_date,,not_recorded,,,,,exact,ghost-hawk-brewing-company,content/breweries/ghost-hawk-brewing-company.md,
4642,Devil’s Creek Brewery,Collingswood,NJ,,Taproom,,,not_recorded,,not_recorded,,,,,unmatched,,,
4643,Source Brewing,Colts Neck,NJ,,Taproom,,2020-03-03T00:00:00,confirmed_date,,not_recorded,,,,,unmatched,,,
4644,Yale Terrace Brewery,Cranford,NJ,,Taproom,,2020-03-03T00:00:00,confirmed_date,,not_recorded,,,,,unmatched,,,
4645,Screamin Hill Brewery,Cream Ridge,NJ,,Taproom,,,not_recorded,,not_recorded,,,,,unmatched,,,
4646,Fort Nonsense Brewing Company,Denville,NJ,,Taproom,,,not_recorded,,not_recorded,,,,,unmatched,,,
4647,2nd Act Beer,Dover,NJ,,Contract,,2020-03-03T00:00:00,confirmed_date,,not_recorded,,,,,unmatched,,,
4648,Cypress Brewing Company,Edison,NJ,,Micro,,,not_recorded,,not_recorded,,,,,unmatched,,,
4649,Hidden Sands Brewing Company,Egg Harbor Township,NJ,,Taproom,,2020-03-03T00:00:00,confirmed_date,,not_recorded,,,,,unmatched,,,
4650,Tuckahoe Brewing Co,Egg Harbor Township,NJ,,Micro,,,not_recorded,,not_recorded,,,,,unmatched,,,
4651,River Horse Brewing Company,Ewing,NJ,,Micro,,2020-03-03T00:00:00,confirmed_date,,not_recorded,,,,,unmatched,,,
4652,Magnify Brewing Company,Fairfield,NJ,,Micro,,2020-04-11T00:00:00,confirmed_date,,not_recorded,,,,,unmatched,,,
4653,Cricket Hill Brewing Co. Inc.,Fairfield,NJ,,Micro,,,not_recorded,,not_recorded,,,,,unmatched,,,
4654,Conclave Brewing,Flemington,NJ,,Taproom,,,not_recorded,,not_recorded,,,,,unmatched,,,
4655,Lone Eagle Brewing,Flemington,NJ,,Taproom,,,not_recorded,,not_recorded,,,,,unmatched,,,
4656,Opportunity Brewing,Flemington,NJ,,Micro,,,not_recorded,,not_recorded,,,,,unmatched,,,
4657,Backward Flag Brewing,Forked River,NJ,,Taproom,,2020-03-03T00:00:00,confirmed_date,,not_recorded,,,,,unmatched,,,
4658,Muckraker Beermaker,Franklin,NJ,,Micro,,,not_recorded,,not_recorded,,,,,unmatched,,,
4659,Garden State Beer Company,Galloway,NJ,,Taproom,,2020-03-03T00:00:00,confirmed_date,,not_recorded,,,,,unmatched,,,
4660,Axe And Arrow Brewery,Glassboro,NJ,,Micro,,2020-04-11T00:00:00,confirmed_date,,not_recorded,,,,,unmatched,,,
4661,Bonesaw Brewing Co.,Glassboro,NJ,,Taproom,,,not_recorded,,not_recorded,,,,,unmatched,,,
4662,Hackensack Brewing Company,Hackensack,NJ,,Taproom,,2020-04-11T00:00:00,confirmed_date,,not_recorded,,,,,unmatched,,,
4663,The Alementary,Hackensack,NJ,,Taproom,,,not_recorded,,not_recorded,,,,,unmatched,,,
4664,Czig Meister Brewing Co.,Hackettstown,NJ,,Taproom,,2020-03-03T00:00:00,confirmed_date,,not_recorded,,,,,unmatched,,,
4665,Jersey Girl Brewing Company,Hackettstown,NJ,,Micro,,2020-03-03T00:00:00,confirmed_date,,not_recorded,,,,,unmatched,,,
4666,Man Skirt Brewing,Hackettstown,NJ,,Micro,,2020-03-03T00:00:00,confirmed_date,,not_recorded,,,,,unmatched,,,
4667,Lunacy Brewing Company,Haddon Heights,NJ,,Taproom,,2020-03-03T00:00:00,confirmed_date,,not_recorded,,,,,unmatched,,,
4668,King’s Road Brewing Company,Haddonfield,NJ,,Taproom,,,not_recorded,,not_recorded,,,,,unmatched,,,
4669,Tomfoolery Brewing,Hammonton,NJ,,Taproom,,2020-03-03T00:00:00,confirmed_date,,not_recorded,,,,,unmatched,,,
4670,"Vinyl Brewing Company, LLC",Hammonton,NJ,,Taproom,,2020-04-11T00:00:00,confirmed_date,,not_recorded,,,,,unmatched,,,
4671,Three 3’s Brewery,Hammonton,NJ,,Micro,,,not_recorded,,not_recorded,,,,,unmatched,,,
4672,Highrail Brewing Company,High Bridge,NJ,,Taproom,,,not_recorded,,not_recorded,,,,,unmatched,,,
4673,Flounder Brewing Co,Hillsborough,NJ,,Taproom,,,not_recorded,,not_recorded,,,,,unmatched,,,
4674,Castle Point Brewery,Hoboken,NJ,,Contract,,2020-03-03T00:00:00,confirmed_date,,not_recorded,,,,,unmatched,,,
4675,Hoboken Brewing Company,Hoboken,NJ,,Contract,,2020-03-03T00:00:00,confirmed_date,,not_recorded,,,,,unmatched,,,
4676,Troon Brewing,Hopewell,NJ,,Micro,,2020-04-11T00:00:00,confirmed_date,,not_recorded,,,,,unmatched,,,
4677,Anheuser-Busch Inc – Newark,Jersey City,NJ,,Largge,,2020-03-03T00:00:00,confirmed_date,,not_recorded,,,,,unmatched,,,
4678,Departed Soles Brewing,Jersey City,NJ,,Micro,,,not_recorded,,not_recorded,,,,,unmatched,,,
4679,"Raritan Bay Brewing, LLC",Keansburg,NJ,,Taproom,,2020-04-11T00:00:00,confirmed_date,,not_recorded,,,,,unmatched,,,
4680,Two Ton Brewing,Kenilworth,NJ,,Taproom,,,not_recorded,,not_recorded,,,,,unmatched,,,
4681,Icarus Brewing Company,Lakewood,NJ,,Taproom,,2020-04-11T00:00:00,confirmed_date,,not_recorded,,,,,unmatched,,,
4682,Pinelands Brewing,Little Egg Harbor Twp,NJ,,Micro,,,not_recorded,,not_recorded,,,,,unmatched,,,
4683,Brix City Brewing,Little Ferry,NJ,,Taproom,,2020-04-11T00:00:00,confirmed_date,,not_recorded,,,,,unmatched,,,
4684,The Whitechapel Projects,Long Branch,NJ,,Brewpub,,,not_recorded,,not_recorded,,,,,unmatched,,,
4685,Chilton Mill Brewing,Long Valley,NJ,,Taproom,,2020-03-03T00:00:00,confirmed_date,,not_recorded,,,,,unmatched,,,
4686,Long Valley Pub and Brewery,Long Valley,NJ,,Brewpub,,,not_recorded,,not_recorded,,,,,unmatched,,,
4687,ManaFirkin Brewing Company,Manahawkin,NJ,,Taproom,,,not_recorded,,not_recorded,,,,,unmatched,,,
4688,Brooks Brewery / Northside Lounge,Manville,NJ,,Brewpub,,2020-04-11T00:00:00,confirmed_date,,not_recorded,,,,,unmatched,,,
4689,Iron Hill Brewery & Restaurant - Maple Shade,Maple Shade,NJ,,Brewpub,,,not_recorded,,not_recorded,,,,,unmatched,,,
4690,Zed’s Beer/Bado Brewing,Marlton,NJ,,Taproom,,,not_recorded,,not_recorded,,,,,unmatched,,,
4691,Lower Forge Brewery,Medford,NJ,,Taproom,,,not_recorded,,not_recorded,,,,,unmatched,,,
4692,Nale House Brewing Co,Medford,NJ,,Taproom,,,not_recorded,,not_recorded,,,,,unmatched,,,
4693,Eclipse Brewing,Merchantville,NJ,,Taproom,,2020-03-03T00:00:00,confirmed_date,,not_recorded,,,,,unmatched,,,
4694,Brainy Borough Brewing,Metuchen,NJ,,Contract,,2020-03-03T00:00:00,confirmed_date,,not_recorded,,,,,unmatched,,,
4695,Descendants Brewing Company,Milford,NJ,,Brewpub,,,not_recorded,,not_recorded,,,,,unmatched,,,
4696,Glasstown Brewing,Millville,NJ,,Micro,,2020-04-11T00:00:00,confirmed_date,,not_recorded,,,,,unmatched,,,
4697,Egan & Sons,Montclair,NJ,,Contract,,2020-03-03T00:00:00,confirmed_date,,not_recorded,,,,,unmatched,,,
4698,Montclair Brewery,Montclair,NJ,,Taproom,,2020-04-11T00:00:00,confirmed_date,,not_recorded,,,,,unmatched,,,
4699,Spellbound Brewing,Mount Holly,NJ,,Micro,,,not_recorded,,not_recorded,,,,,unmatched,,,
4700,Village Idiot Brewing Company,Mount Holly,NJ,,Taproom,,,not_recorded,,not_recorded,,,,,unmatched,,,
4701,Little Dog Brewing Co.,Neptune City,NJ,,Taproom,,2020-04-11T00:00:00,confirmed_date,,not_recorded,,,,,unmatched,,,
4702,Readington Brewery Inc.,Neshanic Station,NJ,,Planning,,2019-10-26T00:00:00,confirmed_date,,not_recorded,,,,,unmatched,,,
4703,Harvest Moon Brewery/Cafe,New Brunswick,NJ,,Brewpub,,2020-04-11T00:00:00,confirmed_date,,not_recorded,,,,,unmatched,,,
4704,Untied Brewing Company,New Providence,NJ,,Micro,,2020-03-03T00:00:00,confirmed_date,,not_recorded,,,,,unmatched,,,
4705,Angry Erik Brewing,Newton,NJ,,Taproom,,,not_recorded,,not_recorded,,,,,unmatched,,,
4706,New Jersey Beer Co,North Bergen,NJ,,Micro,,,not_recorded,,not_recorded,,,,,unmatched,,,
4707,Gusto Brewing Company,North Cape May,NJ,,Taproom,,,not_recorded,,not_recorded,,,,,unmatched,,,
4708,Tonewood Brewing,Oaklyn,NJ,,Micro,,,not_recorded,,not_recorded,,,,,unmatched,,,
4709,Kane Brewing,Ocean,NJ,,Micro,,2019-11-27T00:00:00,confirmed_date,,not_recorded,,,,,unmatched,,,
4710,Ludlam Island Brewery,Ocean View,NJ,,Taproom,,,not_recorded,,not_recorded,,,,,unmatched,,,
4711,Four City Brewing Company,Orange,NJ,,Taproom,,,not_recorded,,not_recorded,,,,,unmatched,,,
4712,The Referend Bier Blendery,Pennington,NJ,,Micro,,12/20.2019,date_needs_review,,not_recorded,,,,,unmatched,,,
4713,Double Nickel Brewing Company,Pennsauken,NJ,,Micro,,,not_recorded,,not_recorded,,,,,unmatched,,,
4714,Human Village Brewing Co.,Pitman,NJ,,Taproom,,,not_recorded,,not_recorded,,,,,unmatched,,,
4715,Kelly Green Brewing Co.,Pitman,NJ,,Taproom,,,not_recorded,,not_recorded,,,,,unmatched,,,
4716,Neck of the Woods Brewing Company,Pitman,NJ,,Taproom,,,not_recorded,,not_recorded,,,,,unmatched,,,
4717,Last Wave Brewing Company,Point Pleasant,NJ,,Taproom,,2020-03-03T00:00:00,confirmed_date,,not_recorded,,,,,unmatched,,,
4718,Frye Brewing,Point Pleasant Boro,NJ,,Micro,,,not_recorded,,not_recorded,,,,,unmatched,,,
4719,Triumph Brewing Co of Princeton,Princeton,NJ,,Brewpub,,,not_recorded,,not_recorded,,,,,unmatched,,,
4720,Wet Ticket Brewing,Rahway,NJ,,Micro,,,not_recorded,,not_recorded,,,,,unmatched,,,
4721,Birravino,Red Bank,NJ,,Brewpub,,2020-03-03T00:00:00,confirmed_date,,not_recorded,,,,,unmatched,,,
4722,Red Tank Brewing,Red Bank,NJ,,Taproom,,2020-03-03T00:00:00,confirmed_date,,not_recorded,,,,,unmatched,,,
4723,Bolero Snort Brewery,Ridgefield Park,NJ,,Contract,,2020-03-03T00:00:00,confirmed_date,,not_recorded,,,,,unmatched,,,
4724,7 Mile Brewery,Rio Grande,NJ,,Taproom,,2020-04-11T00:00:00,confirmed_date,,not_recorded,,,,,unmatched,,,
4725,Climax Brewing Co,Roselle Park,NJ,,Micro,,,not_recorded,,not_recorded,,,,,unmatched,,,
4726,Heavy Reel Brewing,Seaside Heights,NJ,,Taproom,,,not_recorded,,not_recorded,,,,,unmatched,,,
4727,Brotherton Brewing Company,Shamong,NJ,,Micro,,,not_recorded,,not_recorded,,,,,unmatched,,,
4728,Flying Fish Brewing Co,Somerdale,NJ,,Regional,,2020-03-03T00:00:00,confirmed_date,,not_recorded,,,,,unmatched,,,
4729,Somers Point Brewing Company,Somers Point,NJ,,Taproom,,2020-04-11T00:00:00,confirmed_date,,not_recorded,,,,,unmatched,,,
4730,Jersey Cyclone Brewing,Somerset,NJ,,Taproom,,2020-03-03T00:00:00,confirmed_date,,not_recorded,,,,,unmatched,,,
4731,Village Brewing Company,Somerville,NJ,,Brewpub,,2020-03-03T00:00:00,confirmed_date,,not_recorded,,,,,unmatched,,,
4732,Gaslight Brewery and Restaurant,South Orange,NJ,,Brewpub,,2020-03-03T00:00:00,confirmed_date,,not_recorded,,,,,unmatched,,,
4733,Krogh’s Restaurant and Brewpub,Sparta,NJ,,Brewpub,,2020-04-11T00:00:00,confirmed_date,,not_recorded,,,,,unmatched,,,
4734,Jughandle Brewing Co LLC,Tinton Falls,NJ,,Micro,,,not_recorded,,not_recorded,,,,,unmatched,,,
4735,Toms River Brewing,Toms River,NJ,,Micro,,2020-03-03T00:00:00,confirmed_date,,not_recorded,,,,,unmatched,,,
4736,Artisan’s Brewery & Italian Grill,Toms River,NJ,,Brewpub,,,not_recorded,,not_recorded,,,,,unmatched,,,
4737,Brinx Jones Brewery,Vineland,NJ,,Taproom,,2020-04-11T00:00:00,confirmed_date,,not_recorded,,,,,unmatched,,,
4738,Iron Hill Brewery & Restaurant - Voorhees,Voorhees,NJ,,Brewpub,,,not_recorded,,not_recorded,,,,,unmatched,,,
4739,Oyster Creek Brewing Company,Waretown,NJ,,Taproom,,,not_recorded,,not_recorded,,,,,unmatched,,,
4740,Westville Brewery,Westville,NJ,,Taproom,,,not_recorded,,not_recorded,,,,,unmatched,,,
4741,Mudhen Brewing Company,Wildwood,NJ,,Brewpub,,2020-03-03T00:00:00,confirmed_date,,not_recorded,,,,,unmatched,,,
4742,13th Child Brewery,Williamstown,NJ,,Micro,,2019-08-29T00:00:00,confirmed_date,,not_recorded,,,,,unmatched,,,
4743,Cross Keys Brewing Co,Williamstown,NJ,,Micro,,,not_recorded,,not_recorded,,,,,unmatched,,,
4744,J.J. Bitting Brewing Co.,Woodbridge,NJ,,Brewpub,,2020-03-03T00:00:00,confirmed_date,,not_recorded,,,,,unmatched,,,
4745,Eight & Sand Beer Co,Woodbury,NJ,,Taproom,,2020-04-11T00:00:00,confirmed_date,,not_recorded,,,,,unmatched,,,
4746,"Abbey Brewing Company, LLC",Abiquiu,NM,,Micro,,2019-08-29T00:00:00,confirmed_date,,not_recorded,,,,,exact,abbey-brewing-co,content/breweries/abbey-brewing-co.md,
4747,Alien Brewpub,Albuquerque,NM,,Brewpub,,2019-08-29T00:00:00,confirmed_date,,not_recorded,,,,,unmatched,,,
4748,Tractor Brewing Co,Albuquerque,NM,,Micro,,2019-10-21T00:00:00,confirmed_date,,not_recorded,,,,,unmatched,,,
4749,Flix Brewhouse,Albuquerque,NM,,Brewpub,,2019-11-13T00:00:00,confirmed_date,,not_recorded,,,,,unmatched,,,
4750,La Cumbre Brewing Co,Albuquerque,NM,,Regional,,2019-11-13T00:00:00,confirmed_date,,not_recorded,,,,,unmatched,,,
4751,Black Snout Brewhouse,Albuquerque,NM,,Taproom,,2019-11-27T00:00:00,confirmed_date,,not_recorded,,,,,unmatched,,,
4752,Boese Brothers Brewing,Albuquerque,NM,,Taproom,,2020-03-03T00:00:00,confirmed_date,,not_recorded,,,,,unmatched,,,
4753,Bombs Away Beer Company,Albuquerque,NM,,Brewpub,,2020-03-03T00:00:00,confirmed_date,,not_recorded,,,,,unmatched,,,
4754,Canteen Brewhouse,Albuquerque,NM,,Micro,,2020-03-03T00:00:00,confirmed_date,,not_recorded,,,,,unmatched,,,
4755,Desert Valley Brewing Co.,Albuquerque,NM,,Brewpub,,2020-03-03T00:00:00,confirmed_date,,not_recorded,,,,,unmatched,,,
4756,La Reforma,Albuquerque,NM,,Brewpub,,2020-03-03T00:00:00,confirmed_date,,not_recorded,,,,,unmatched,,,
4757,Marble Brewery - Production,Albuquerque,NM,,Regional,,2020-03-03T00:00:00,confirmed_date,,not_recorded,,,,,unmatched,,,
4758,Nexus Brewery,Albuquerque,NM,,Brewpub,,2020-03-03T00:00:00,confirmed_date,,not_recorded,,,,,unmatched,,,
4759,Quarter Celtic Brewpub,Albuquerque,NM,,Brewpub,,2020-03-03T00:00:00,confirmed_date,,not_recorded,,,,,unmatched,,,
4760,Toltec Brewing Co,Albuquerque,NM,,Brewpub,,2020-03-03T00:00:00,confirmed_date,,not_recorded,,,,,unmatched,,,
4761,Turquoise Trail Brewing,Albuquerque,NM,,Taproom,,2020-03-03T00:00:00,confirmed_date,,not_recorded,,,,,unmatched,,,
4762,Bow and Arrow Brewing Co.,Albuquerque,NM,,Micro,,2020-04-11T00:00:00,confirmed_date,,not_recorded,,,,,unmatched,,,
4763,Broken Trail Brewery & Distillery,Albuquerque,NM,,Taproom,,2020-04-11T00:00:00,confirmed_date,,not_recorded,,,,,unmatched,,,
4764,Differential,Albuquerque,NM,,Taproom,,2020-04-11T00:00:00,confirmed_date,,not_recorded,,,,,unmatched,,,
4765,Kellys Brewpub,Albuquerque,NM,,Brewpub,,2020-04-11T00:00:00,confirmed_date,,not_recorded,,,,,unmatched,,,
4766,Marble Brewery - Mav Lab,Albuquerque,NM,,Micro,,2020-04-11T00:00:00,confirmed_date,,not_recorded,,,,,unmatched,,,
4767,Ponderosa Brewing,Albuquerque,NM,,Brewpub,,2020-04-11T00:00:00,confirmed_date,,not_recorded,,,,,unmatched,,,
4768,Red Door Brewing Co,Albuquerque,NM,,Taproom,,2020-04-11T00:00:00,confirmed_date,,not_recorded,,,,,unmatched,,,
4769,Starr Brothers Brewing Co.,Albuquerque,NM,,Brewpub,,2020-04-11T00:00:00,confirmed_date,,not_recorded,,,,,unmatched,,,
4770,Bistronomy B2B Craft Brewery,Albuquerque,NM,,Brewpub,,,not_recorded,,not_recorded,,,,,unmatched,,,
4771,Boxing Bear Brewing Company,Albuquerque,NM,,Brewpub,,,not_recorded,,not_recorded,,,,,unmatched,,,
4772,Cantero Brewing Company,Albuquerque,NM,,Brewpub,,,not_recorded,,not_recorded,,,,,unmatched,,,
4773,Dialogue Brewing,Albuquerque,NM,,Taproom,,,not_recorded,,not_recorded,,,,,unmatched,,,
4774,High and Dry Brewing,Albuquerque,NM,,Taproom,,,not_recorded,,not_recorded,,,,,unmatched,,,
4775,Hops Brewery,Albuquerque,NM,,Brewpub,,,not_recorded,,not_recorded,,,,,unmatched,,,
4776,Kilt Check Brewing Co,Albuquerque,NM,,Taproom,,,not_recorded,,not_recorded,,,,,unmatched,,,
4777,Lava Rock Brewing Company,Albuquerque,NM,,Brewpub,,,not_recorded,,not_recorded,,,,,unmatched,,,
4778,Lizard Tail Brewing,Albuquerque,NM,,Brewpub,,,not_recorded,,not_recorded,,,,,unmatched,,,
4779,Palmer Brewery & Cider House,Albuquerque,NM,,Taproom,,,not_recorded,,not_recorded,,,,,unmatched,,,
4780,Rio Bravo Brewing Company,Albuquerque,NM,,Brewpub,,,not_recorded,,not_recorded,,,,,unmatched,,,
4781,Sidetrack Brewing Company,Albuquerque,NM,,Taproom,,,not_recorded,,not_recorded,,,,,unmatched,,,
4782,The 377 Brewery,Albuquerque,NM,,Brewpub,,,not_recorded,,not_recorded,,,,,unmatched,,,
4783,Thirsty Eye Brewing Company,Albuquerque,NM,,Taproom,,,not_recorded,,not_recorded,,,,,unmatched,,,
4784,Enchanted Circle Brewing Company,Angel Fire,NM,,Brewpub,,,not_recorded,,not_recorded,,,,,unmatched,,,
4785,Hopscotch Brewing,Artesia,NM,,Taproom,,2020-03-03T00:00:00,confirmed_date,,not_recorded,,,,,unmatched,,,
4786,Wellhead Restaurant/Brewpub,Artesia,NM,,Brewpub,,,not_recorded,,not_recorded,,,,,unmatched,,,
4787,550 Brewing,Aztec,NM,,Brewpub,,2020-04-11T00:00:00,confirmed_date,,not_recorded,,,,,unmatched,,,
4788,Hub City Brewing Company,Belen,NM,,Taproom,,2020-04-11T00:00:00,confirmed_date,,not_recorded,,,,,unmatched,,,
4789,Bosque Brewing Co,Bernalillo,NM,,Taproom,,,not_recorded,,not_recorded,,,,,unmatched,,,
4790,Kaktus Brewing Co.,Bernalillo,NM,,Brewpub,,,not_recorded,,not_recorded,,,,,unmatched,,,
4791,Guadalupe Mountain Brewing Company,Carlsbad,NM,,Brewpub,,2020-04-11T00:00:00,confirmed_date,,not_recorded,,,,,unmatched,,,
4792,Milton’s Brewing,Carlsbad,NM,,Taproom,,,not_recorded,,not_recorded,,,,,unmatched,,,
4793,Ale Republic,Cedar Crest,NM,,Brewpub,,2019-08-29T00:00:00,confirmed_date,,not_recorded,,,,,unmatched,,,
4794,Blü Dragonfly Brewing,Cimarron,NM,,Brewpub,,2020-03-03T00:00:00,confirmed_date,,not_recorded,,,,,unmatched,,,
4795,Cloudcroft Brewing Company,Cloudcroft,NM,,Brewpub,,2020-03-03T00:00:00,confirmed_date,,not_recorded,,,,,unmatched,,,
4796,Casa Vieja LLC,Corrales,NM,,Taproom,,,not_recorded,,not_recorded,,,,,unmatched,,,
4797,Corrales Bistro Brewery,Corrales,NM,,Brewpub,,,not_recorded,,not_recorded,,,,,unmatched,,,
4798,Ex NovoBrewing Co - Corrales,Corrales,NM,,Micro,,,not_recorded,,not_recorded,,,,,unmatched,,,
4799,Comanche Creek Brewing Co,Eagle Nest,NM,,Taproom,,2020-03-03T00:00:00,confirmed_date,,not_recorded,,,,,unmatched,,,
4800,Taos Mesa Brewing Co,El Prado,NM,,Brewpub,,,not_recorded,,not_recorded,,,,,unmatched,,,
4801,Blue Heron Brewing Co. LLC,Embudo,NM,,Brewpub,,2020-04-11T00:00:00,confirmed_date,,not_recorded,,,,,unmatched,,,
4802,Three Rivers Eatery and Brewery,Farmington,NM,,Brewpub,,,not_recorded,,not_recorded,,,,,unmatched,,,
4803,Route 66 Junkyard Brewery,Grants,NM,,Brewpub,,2020-04-11T00:00:00,confirmed_date,,not_recorded,,,,,unmatched,,,
4804,Elkins Brewing Company,Grants,NM,,Taproom,,,not_recorded,,not_recorded,,,,,unmatched,,,
4805,"Second Alarm Brewhouse, LLC",Jemez Springs,NM,,Proprietor,,2020-03-03T00:00:00,confirmed_date,,not_recorded,,,,,unmatched,,,
4806,High Desert Brewing Co,Las Cruces,NM,,Brewpub,,2020-03-03T00:00:00,confirmed_date,,not_recorded,,,,,unmatched,,,
4807,De La Vega’s Pecan Grill and Brewery,Las Cruces,NM,,Brewpub,,2020-04-11T00:00:00,confirmed_date,,not_recorded,,,,,unmatched,,,
4808,Icebox Brewing LLC,Las Cruces,NM,,Micro,,,not_recorded,,not_recorded,,,,,unmatched,,,
4809,Picacho Peak Brewing Company,Las Cruces,NM,,Brewpub,,,not_recorded,,not_recorded,,,,,unmatched,,,
4810,Spotted Dog Brewery,Las Cruces,NM,,Brewpub,,,not_recorded,,not_recorded,,,,,unmatched,,,
4811,Bonito Valley Brewing Company,Lincoln,NM,,Taproom,,,not_recorded,,not_recorded,,,,,unmatched,,,
4812,Bathtub Row Brewing Co-op,Los Alamos,NM,,Taproom,,,not_recorded,,not_recorded,,,,,unmatched,,,
4813,Steel Bender Brewyard,Los Ranchos de Albuquerque,NM,,Brewpub,,,not_recorded,,not_recorded,,,,,unmatched,,,
4814,Drylands Brewing,Lovington,NM,,Brewpub,,,not_recorded,,not_recorded,,,,,unmatched,,,
4815,Sierra Blanca Brewing Co,Moriarty,NM,,Micro,,2020-04-11T00:00:00,confirmed_date,,not_recorded,,,,,unmatched,,,
4816,Callahan West Brewery,Mosquero,NM,,Taproom,,2020-03-03T00:00:00,confirmed_date,,not_recorded,,,,,unmatched,,,
4817,Taos Trail Inn Brewery & Steakhouse,Ojo Caliente,NM,,Brewpub,,2020-03-03T00:00:00,confirmed_date,,not_recorded,,,,,unmatched,,,
4818,Roosevelt Brewing Company,Portales,NM,,Brewpub,,,not_recorded,,not_recorded,,,,,unmatched,,,
4819,Colfax Ale Cellar,Raton,NM,,Taproom,,,not_recorded,,not_recorded,,,,,unmatched,,,
4820,Red River Brewing Company,Red River,NM,,Brewpub,,,not_recorded,,not_recorded,,,,,unmatched,,,
4821,The Blue Grasshopper Brew Pub,Rio Rancho,NM,,Brewpub,,2020-04-11T00:00:00,confirmed_date,,not_recorded,,,,,unmatched,,,
4822,1933 Brewing Co,Rio Rancho,NM,,Brewpub,,,not_recorded,,not_recorded,,,,,unmatched,,,
4823,Las Cazuelas Brewing,Rio Rancho,NM,,Brewpub,,,not_recorded,,not_recorded,,,,,unmatched,,,
4824,Turtle Mountain Brewing Co,Rio Rancho,NM,,Brewpub,,,not_recorded,,not_recorded,,,,,unmatched,,,
4825,Black Cock Brewery,Roswell,NM,,Taproom,,,not_recorded,,not_recorded,,,,,unmatched,,,
4826,Lost Hiker Brewing Company,Ruidoso Downs,NM,,Taproom,,,not_recorded,,not_recorded,,,,,unmatched,,,
4827,Leaf & Hive,Santa Fe,NM,,Taproom,,2020-03-03T00:00:00,confirmed_date,,not_recorded,,,,,unmatched,,,
4828,Rowley Farmhouse Ales,Santa Fe,NM,,Taproom,,2020-03-03T00:00:00,confirmed_date,,not_recorded,,,,,unmatched,,,
4829,Santa Fe Brewing Co,Santa Fe,NM,,Regional,,2020-03-03T00:00:00,confirmed_date,,not_recorded,,,,,unmatched,,,
4830,Second Street Brewery,Santa Fe,NM,,Brewpub,,2020-03-03T00:00:00,confirmed_date,,not_recorded,,,,,unmatched,,,
4831,Tumbleroot Brewery And Distillery,Santa Fe,NM,,Brewpub,,2020-03-03T00:00:00,confirmed_date,,not_recorded,,,,,unmatched,,,
4832,Beer Creek Brewing Co,Santa Fe,NM,,Brewpub,,2020-04-11T00:00:00,confirmed_date,,not_recorded,,,,,unmatched,,,
4833,Blue Corn Cafe,Santa Fe,NM,,Brewpub,,,not_recorded,,not_recorded,,,,,unmatched,,,
4834,Chili Line Brewing Co.,Santa Fe,NM,,Brewpub,,,not_recorded,,not_recorded,,,,,unmatched,,,
4835,Second Street Brewery - Rufina,Santa Fe,NM,,Brewpub,,,not_recorded,,not_recorded,,,,,unmatched,,,
4836,Little Toad Creek Brewery & Distillery,Silver City,NM,,Brewpub,,2019-10-26T00:00:00,confirmed_date,,not_recorded,,,,,unmatched,,,
4837,Eskes Brew Pub,Taos,NM,,Brewpub,,,not_recorded,,not_recorded,,,,,unmatched,,,
4838,Taos Ale House,Taos,NM,,Brewpub,,,not_recorded,,not_recorded,,,,,unmatched,,,
4839,Truth Or Consequences Brewing Company,Truth or Consequences,NM,,Taproom,,,not_recorded,,not_recorded,,,,,unmatched,,,
4840,u/loveyournatalie,Norwich,Norfolk,UK,,,yes,confirmed_yes,,not_recorded,,,,,unmatched,,,
4841,Boulder Dam Brewing Company,Boulder City,NV,,Brewpub,,,not_recorded,,not_recorded,,,,,unmatched,,,
4842,Shoe Tree Brewing Co.,Carson City,NV,,Taproom,,2020-03-03T00:00:00,confirmed_date,,not_recorded,,,,,unmatched,,,
4843,The Fox Brewpub,Carson City,NV,,Brewpub,,,not_recorded,,not_recorded,,,,,unmatched,,,
4844,Bad Beat Brewing,Henderson,NV,,Micro,,2020-03-03T00:00:00,confirmed_date,,not_recorded,,,,,unmatched,,,
4845,Barley’s Casino and Brewing Co,Henderson,NV,,Brewpub,,2020-03-03T00:00:00,confirmed_date,,not_recorded,,,,,unmatched,,,
4846,Lovelady Brewing Company,Henderson,NV,,Micro,,2020-03-03T00:00:00,confirmed_date,,not_recorded,,,,,unmatched,,,
4847,Astronomy Aleworks,Henderson,NV,,Taproom,,2020-04-11T00:00:00,confirmed_date,,not_recorded,,,,,unmatched,,,
4848,CraftHaus Brewery,Henderson,NV,,Micro,,,not_recorded,,not_recorded,,,,,unmatched,,,
4849,"Joseph James Brewing Co, Inc",Henderson,NV,,Micro,,,not_recorded,,not_recorded,,,,,unmatched,,,
4850,Alibi Ale Works,Incline Village,NV,,Taproom,,2019-08-29T00:00:00,confirmed_date,,not_recorded,,,,,unmatched,,,
4851,Able Baker Brewing,Las Vegas,NV,,Brewpub,,2019-08-29T00:00:00,confirmed_date,,not_recorded,,,,,unmatched,,,
4852,Banger Brewing Co,Las Vegas,NV,,Taproom,,2019-11-27T00:00:00,confirmed_date,,not_recorded,,,,,exact,banger-brewing-co,content/breweries/banger-brewing-co.md,
4853,Chicago Brewing Co - NV,Las Vegas,NV,,Brewpub,,2020-03-03T00:00:00,confirmed_date,,not_recorded,,,,,unmatched,,,
4854,Scenic Brewing Company,Las Vegas,NV,,Brewpub,,2020-03-03T00:00:00,confirmed_date,,not_recorded,,,,,unmatched,,,
4855,Sin City Beer Co,Las Vegas,NV,,Contract,,2020-03-03T00:00:00,confirmed_date,,not_recorded,,,,,unmatched,,,
4856,Big Dog’s Brewing Co,Las Vegas,NV,,Brewpub,,2020-04-11T00:00:00,confirmed_date,,not_recorded,,,,,unmatched,,,
4857,Trustworthy Brewery &  BBQ,Las Vegas,NV,,Brewpub,,2020-04-11T00:00:00,confirmed_date,,not_recorded,,,,,unmatched,,,
4858,Ellis Island Casino and Brewery,Las Vegas,NV,,Brewpub,,,not_recorded,,not_recorded,,,,,unmatched,,,
4859,Gordon Biersch Brewery Restaurant - Las Vegas,Las Vegas,NV,,Brewpub,,,not_recorded,,not_recorded,,,,,unmatched,,,
4860,Hop Nuts Brewing,Las Vegas,NV,,Micro,,,not_recorded,,not_recorded,,,,,unmatched,,,
4861,PT’s Brewing Co.,Las Vegas,NV,,Micro,,,not_recorded,,not_recorded,,,,,unmatched,,,
4862,Tenaya Creek Brewery,Las Vegas,NV,,Taproom,,,not_recorded,,not_recorded,,,,,unmatched,,,
4863,Triple 7 Restaurant & Brewery at Main St Station,Las Vegas,NV,,Micro,,,not_recorded,,not_recorded,,,,,unmatched,,,
4864,Pints Brewery and Sports Bar,Laughlin,NV,,Brewpub,,,not_recorded,,not_recorded,,,,,unmatched,,,
4865,10 Torr Distilling and Brewing,Reno,NV,,Micro,,2019-08-29T00:00:00,confirmed_date,,not_recorded,,,,,unmatched,,,
4866,Battle Born® Beer,Reno,NV,,Contract,,2020-03-03T00:00:00,confirmed_date,,not_recorded,,,,,unmatched,,,
4867,Record Street Brewing Co,Reno,NV,,Contract,,2020-03-03T00:00:00,confirmed_date,,not_recorded,,,,,unmatched,,,
4868,Silver Peak Restaurant and Brewery,Reno,NV,,Brewpub,,2020-03-03T00:00:00,confirmed_date,,not_recorded,,,,,unmatched,,,
4869,The Brewer’s Cabinet,Reno,NV,,Micro,,2020-03-03T00:00:00,confirmed_date,,not_recorded,,,,,unmatched,,,
4870,Two Bald Guys Beverage Co,Reno,NV,,Contract,,2020-03-03T00:00:00,confirmed_date,,not_recorded,,,,,unmatched,,,
4871,Brasserie Saint James,Reno,NV,,Brewpub,,2020-04-11T00:00:00,confirmed_date,,not_recorded,,,,,unmatched,,,
4872,Great Basin Brewing Co - Production Facility,Reno,NV,,Micro,,2020-04-11T00:00:00,confirmed_date,,not_recorded,,,,,unmatched,,,
4873,Lead Dog Brewing,Reno,NV,,Micro,,2020-04-11T00:00:00,confirmed_date,,not_recorded,,,,,unmatched,,,
4874,Pigeon Head Brewery,Reno,NV,,Brewpub,,2020-04-11T00:00:00,confirmed_date,,not_recorded,,,,,unmatched,,,
4875,BJs Restaurant & Brewery - Reno,Reno,NV,,Brewpub,,,not_recorded,,not_recorded,,,,,unmatched,,,
4876,Brasserie Saint James - The Saint Barrelhouse,Reno,NV,,Micro,,,not_recorded,,not_recorded,,,,,unmatched,,,
4877,Great Basin Brewing Co,Reno,NV,,Brewpub,,,not_recorded,,not_recorded,,,,,unmatched,,,
4878,IMBIB Custom Brews,Reno,NV,,Taproom,,,not_recorded,,not_recorded,,,,,unmatched,,,
4879,Reno Brewery,Reno,NV,,Micro,,,not_recorded,,not_recorded,,,,,unmatched,,,
4880,StoneyHead Brewing LLC,Reno,NV,,Micro,,,not_recorded,,not_recorded,,,,,unmatched,,,
4881,The Brew Brothers/Eldorado Hotel and Casino,Reno,NV,,Micro,,,not_recorded,,not_recorded,,,,,unmatched,,,
4882,The Depot Craft Brewery Distillery,Reno,NV,,Brewpub,,,not_recorded,,not_recorded,,,,,unmatched,,,
4883,Great Basin Brewing Co,Sparks,NV,,Brewpub,,2020-03-03T00:00:00,confirmed_date,,not_recorded,,,,,unmatched,,,
4884,Revision Brewing Company,Sparks,NV,,Micro,,2020-04-11T00:00:00,confirmed_date,,not_recorded,,,,,unmatched,,,
4885,Occidental Brewing,Sparks,NV,,Brewpub,,,not_recorded,,not_recorded,,,,,unmatched,,,
4886,Tonopah Brewing Co,Tonopah,NV,,Brewpub,,2020-03-03T00:00:00,confirmed_date,,not_recorded,,,,,unmatched,,,
4887,Virginia City Brewery & Taphouse,Virginia City,NV,,Taproom,,2020-04-11T00:00:00,confirmed_date,,not_recorded,,,,,unmatched,,,
4888,Ruby Mountain Brewing Co,Wells,NV,,Micro,,2020-03-03T00:00:00,confirmed_date,,not_recorded,,,,,unmatched,,,
4889,Arrowood Farms,Accord,NY,,Taproom,,2020-03-03T00:00:00,confirmed_date,,not_recorded,,,,,unmatched,,,
4890,Akwesasne Mohawk Casino Resort,Akwesasne,NY,,Micro,,2019-08-29T00:00:00,confirmed_date,,not_recorded,,,,,unmatched,,,
4891,Steadfast Beer Co,Albany,NY,,Contract,,2020-03-03T00:00:00,confirmed_date,,not_recorded,,,,,unmatched,,,
4892,Druthers Brewing Albany,Albany,NY,,Brewpub,,2020-04-11T00:00:00,confirmed_date,,not_recorded,,,,,unmatched,,,
4893,CH Evans Brewing Co/Albany Pump Station,Albany,NY,,Brewpub,,,not_recorded,,not_recorded,,,,,unmatched,,,
4894,Fort Orange Brewing,Albany,NY,,Micro,,,not_recorded,,not_recorded,,,,,unmatched,,,
4895,Indian Ladder Farm Cidery & Brewery,Altamont,NY,,Taproom,,2019-11-27T00:00:00,confirmed_date,,not_recorded,,,,,unmatched,,,
4896,Amity Ales Brewpub and Eatery,Amityville,NY,,Brewpub,,2020-03-03T00:00:00,confirmed_date,,not_recorded,,,,,unmatched,,,
4897,Small Craft Brewing Co,Amityville,NY,,Taproom,,,not_recorded,,not_recorded,,,,,unmatched,,,
4898,Weaver Hollow Brewery,Andes,NY,,Micro,,,not_recorded,,not_recorded,,,,,unmatched,,,
4899,Singlecut Beersmiths,Astoria,NY,,Micro,,,not_recorded,,not_recorded,,,,,unmatched,,,
4900,Crossroads Brewing Co,Athens,NY,,Brewpub,,,not_recorded,,not_recorded,,,,,unmatched,,,
4901,Prison City Brewing,Auburn,NY,,Proprietor,,2019-10-26T00:00:00,confirmed_date,,not_recorded,,,,,unmatched,,,
4902,Next Chapter Brewpub,Auburn,NY,,Brewpub,,,not_recorded,,not_recorded,,,,,unmatched,,,
4903,The Good Shepherds Brewing Co,Auburn,NY,,Taproom,,,not_recorded,,not_recorded,,,,,unmatched,,,
4904,Rising Storm Brewing Company,Avon,NY,,Taproom,,,not_recorded,,not_recorded,,,,,unmatched,,,
4905,Anheuser-Busch Inc – Baldwinsville,Baldwinsville,NY,,Largge,,2020-03-03T00:00:00,confirmed_date,,not_recorded,,,,,unmatched,,,
4906,WT Brews LLC,Baldwinsville,NY,,Micro,,,not_recorded,,not_recorded,,,,,unmatched,,,
4907,Eli Fish Brewing Company,Batavia,NY,,Brewpub,,,not_recorded,,not_recorded,,,,,unmatched,,,
4908,Fire Island Beer Co,Bay Shore,NY,,Micro,,2020-04-11T00:00:00,confirmed_date,,not_recorded,,,,,unmatched,,,
4909,The Brewers Collective,Bay Shore,NY,,Taproom,,2020-04-11T00:00:00,confirmed_date,,not_recorded,,,,,unmatched,,,
4910,Destination Unknown Beer Company,Bay Shore,NY,,Micro,,,not_recorded,,not_recorded,,,,,unmatched,,,
4911,Great South Bay Brewery,Bay Shore,NY,,Micro,,,not_recorded,,not_recorded,,,,,unmatched,,,
4912,Old Tappan Brewing Company,Bayville,NY,,Taproom,,2020-04-11T00:00:00,confirmed_date,,not_recorded,,,,,unmatched,,,
4913,Hudson Valley Brewery,Beacon,NY,,Micro,,2020-04-11T00:00:00,confirmed_date,,not_recorded,,,,,unmatched,,,
4914,2 Way Brewing Company,Beacon,NY,,Micro,,,not_recorded,,not_recorded,,,,,unmatched,,,
4915,Ellicottville Brewing On Chautauqua,Bemus Point,NY,,Brewpub,,,not_recorded,,not_recorded,,,,,unmatched,,,
4916,Galaxy Brewing Co,Binghamton,NY,,Brewpub,,2020-03-03T00:00:00,confirmed_date,,not_recorded,,,,,exact,galaxy-brewing-co,content/breweries/galaxy-brewing-co.md,
4917,Water Street Brewing Co,Binghamton,NY,,Brewpub,,,not_recorded,,not_recorded,,,,,unmatched,,,
4918,Nap Time Liquid Creation,Blauvelt,NY,,Micro,,,not_recorded,,not_recorded,,,,,unmatched,,,
4919,Irish Mafia Brewing Co,Bloomfield,NY,,Brewpub,,2020-04-11T00:00:00,confirmed_date,,not_recorded,,,,,unmatched,,,
4920,Noble Shepherd Craft Brewery,Bloomfield,NY,,Taproom,,,not_recorded,,not_recorded,,,,,unmatched,,,
4921,Other Half Brewing,Bloomfield,NY,,Taproom,,,not_recorded,,not_recorded,,,,,unmatched,,,
4922,"Hex and Hop, Inc.",Bloomingdale,NY,,Brewpub,,2020-04-11T00:00:00,confirmed_date,,not_recorded,,,,,unmatched,,,
4923,Bolton Landing Brewing Co.,Bolton Landing,NY,,Taproom,,,not_recorded,,not_recorded,,,,,unmatched,,,
4924,Bull and Barrel Brew Pub,Brewster,NY,,Brewpub,,,not_recorded,,not_recorded,,,,,unmatched,,,
4925,RG Brewery / Five Sons Winery,Brockport,NY,,Brewpub,,2020-03-03T00:00:00,confirmed_date,,not_recorded,,,,,unmatched,,,
4926,Stoneyard Brewing Company,Brockport,NY,,Brewpub,,2020-03-03T00:00:00,confirmed_date,,not_recorded,,,,,unmatched,,,
4927,Stoneyard Production Brewery,Brockport,NY,,Micro,,2020-04-11T00:00:00,confirmed_date,,not_recorded,,,,,unmatched,,,
4928,Gun Hill Brewing Co,Bronx,NY,,Micro,,2020-03-03T00:00:00,confirmed_date,,not_recorded,,,,,unmatched,,,
4929,The Bronx Brewery,Bronx,NY,,Regional,,2020-03-03T00:00:00,confirmed_date,,not_recorded,,,,,unmatched,,,
4930,Five Boroughs Brewing Co,Brooklyn,NY,,Micro,,yes,confirmed_yes,yes,confirmed_yes,yes,,,,unmatched,,,
4931,The Way Station,Brooklyn,NY,,Bar,,yes,confirmed_yes,yes,confirmed_yes,yes,,,,exact,the-way-station,content/breweries/the-way-station.md,
4932,Transmitter Brewing,Brooklyn,NY,,Micro,,2019-10-21T00:00:00,confirmed_date,,not_recorded,,,,,unmatched,,,
4933,Interboro Spirits And Ales,Brooklyn,NY,,Brewpub,,2019-10-26T00:00:00,confirmed_date,,not_recorded,,,,,unmatched,,,
4934,Grimm Artisanal Ales,Brooklyn,NY,,Micro,,2019-11-27T00:00:00,confirmed_date,,not_recorded,,,,,unmatched,,,
4935,Brooklyn Brewery,Brooklyn,NY,,Regional,,2020-03-03T00:00:00,confirmed_date,,not_recorded,,,,,exact,brooklyn-brewery,content/breweries/brooklyn-brewery.md,
4936,Coney Island Beer,Brooklyn,NY,,Micro,,2020-03-03T00:00:00,confirmed_date,,not_recorded,,,,,unmatched,,,
4937,Folksbier,Brooklyn,NY,,Regional,,2020-03-03T00:00:00,confirmed_date,,not_recorded,,,,,unmatched,,,
4938,KelSo Beer Company,Brooklyn,NY,,Contract,,2020-03-03T00:00:00,confirmed_date,,not_recorded,,,,,unmatched,,,
4939,Sixpoint Brewery,Brooklyn,NY,,Regional,,2020-03-03T00:00:00,confirmed_date,,not_recorded,,,,,unmatched,,,
4940,Strong Rope Brewery,Brooklyn,NY,,Taproom,,2020-03-03T00:00:00,confirmed_date,,not_recorded,,,,,unmatched,,,
4941,War Flag Brewing Co,Brooklyn,NY,,Proprietor,,2020-03-03T00:00:00,confirmed_date,,not_recorded,,,,,unmatched,,,
4942,Circa Brewing Co,Brooklyn,NY,,Brewpub,,2020-04-11T00:00:00,confirmed_date,,not_recorded,,,,,unmatched,,,
4943,Greenpoint Beer,Brooklyn,NY,,Micro,,2020-04-11T00:00:00,confirmed_date,,not_recorded,,,,,unmatched,,,
4944,Threes Brewing,Brooklyn,NY,,Micro,,12/20.2019,date_needs_review,,not_recorded,,,,,unmatched,,,
4945,Island To Island Brewery,Brooklyn,NY,,Brewpub,,,not_recorded,,not_recorded,,,,,unmatched,,,
4946,Keg & Lantern Brewing Co,Brooklyn,NY,,Brewpub,,,not_recorded,,not_recorded,,,,,unmatched,,,
4947,Kings County Brewers Collective,Brooklyn,NY,,Micro,,,not_recorded,,not_recorded,,,,,unmatched,,,
4948,Other Half Brewing Company,Brooklyn,NY,,Micro,,,not_recorded,,not_recorded,,,,,unmatched,,,
4949,Randolph Beer Dumbo,Brooklyn,NY,,Brewpub,,,not_recorded,,not_recorded,,,,,unmatched,,,
4950,Wartega Brewing,Brooklyn,NY,,Micro,,,not_recorded,,not_recorded,,,,,unmatched,,,
4951,Community Beer Works,Buffalo,NY,,Brewpub,,2020-03-03T00:00:00,confirmed_date,,not_recorded,,,,,unmatched,,,
4952,Hydraulic Hearth,Buffalo,NY,,Brewpub,,2020-03-03T00:00:00,confirmed_date,,not_recorded,,,,,unmatched,,,
4953,Thin Man Brewery,Buffalo,NY,,Brewpub,,2020-03-03T00:00:00,confirmed_date,,not_recorded,,,,,unmatched,,,
4954,Buffalo RiverWorks Brewery,Buffalo,NY,,Brewpub,,2020-04-11T00:00:00,confirmed_date,,not_recorded,,,,,unmatched,,,
4955,Community Beer Works,Buffalo,NY,,Taproom,,2020-04-11T00:00:00,confirmed_date,,not_recorded,,,,,unmatched,,,
4956,Lafayette Brewing Co,Buffalo,NY,,Brewpub,,2020-04-11T00:00:00,confirmed_date,,not_recorded,,,,,unmatched,,,
4957,Resurgence Brewing Company,Buffalo,NY,,Taproom,,2020-04-11T00:00:00,confirmed_date,,not_recorded,,,,,unmatched,,,
4958,Belt Line Brewery & Kitchen,Buffalo,NY,,Brewpub,,,not_recorded,,not_recorded,,,,,unmatched,,,
4959,Big Ditch Brewing Company,Buffalo,NY,,Micro,,,not_recorded,,not_recorded,,,,,unmatched,,,
4960,Buffalo Brewing Company,Buffalo,NY,,Micro,,,not_recorded,,not_recorded,,,,,unmatched,,,
4961,Buffalo Brewpub,Buffalo,NY,,Brewpub,,,not_recorded,,not_recorded,,,,,unmatched,,,
4962,Flying Bison Brewing Co,Buffalo,NY,,Micro,,,not_recorded,,not_recorded,,,,,unmatched,,,
4963,Froth Brewing Company,Buffalo,NY,,Brewpub,,,not_recorded,,not_recorded,,,,,unmatched,,,
4964,Gene McCarthy’s/Old First Ward Brewing Company,Buffalo,NY,,Brewpub,,,not_recorded,,not_recorded,,,,,unmatched,,,
4965,Labatt Brew House,Buffalo,NY,,Micro,,,not_recorded,,not_recorded,,,,,unmatched,,,
4966,Pearl Street Grill and Brewery,Buffalo,NY,,Brewpub,,,not_recorded,,not_recorded,,,,,unmatched,,,
4967,Pressure Drop Brewing,Buffalo,NY,,Micro,,,not_recorded,,not_recorded,,,,,unmatched,,,
4968,Resurgence Brewing Company - Chicago Street,Buffalo,NY,,Micro,,,not_recorded,,not_recorded,,,,,unmatched,,,
4969,Rusty Nickel Brewing Co.,Buffalo,NY,,Brewpub,,,not_recorded,,not_recorded,,,,,unmatched,,,
4970,Sato Brewpub,Buffalo,NY,,Brewpub,,,not_recorded,,not_recorded,,,,,unmatched,,,
4971,Thin Man Brewery At Chandler Street,Buffalo,NY,,Taproom,,,not_recorded,,not_recorded,,,,,unmatched,,,
4972,Two Goats Brewing,Burdett,NY,,Brewpub,,2020-02-01T00:00:00,confirmed_date,,not_recorded,,,,,unmatched,,,
4973,Grist Iron Brewing Co.,Burdett,NY,,Brewpub,,,not_recorded,,not_recorded,,,,,unmatched,,,
4974,Naked Dove Brewing Company,Canandaigua,NY,,Micro,,2020-03-03T00:00:00,confirmed_date,,not_recorded,,,,,unmatched,,,
4975,Peacemaker Brewing Company,Canandaigua,NY,,Micro,,2020-04-11T00:00:00,confirmed_date,,not_recorded,,,,,unmatched,,,
4976,Twisted Rail Brewing Company,Canandaigua,NY,,Brewpub,,2020-04-11T00:00:00,confirmed_date,,not_recorded,,,,,unmatched,,,
4977,Three Huskies Brewing & Dobber’s Grill,Canandaigua,NY,,Brewpub,,,not_recorded,,not_recorded,,,,,unmatched,,,
4978,Young Lion Brewing Co,Canandaigua,NY,,Micro,,,not_recorded,,not_recorded,,,,,unmatched,,,
4979,Erie Canal Brewing Company,Canastota,NY,,Micro,,2020-03-03T00:00:00,confirmed_date,,not_recorded,,,,,unmatched,,,
4980,Cape Vincent Brewing Co,Cape Vincent,NY,,Taproom,,,not_recorded,,not_recorded,,,,,unmatched,,,
4981,Crossroads Brewing Company - Catskill Taproom,Catskill,NY,,Micro,,2020-04-11T00:00:00,confirmed_date,,not_recorded,,,,,unmatched,,,
4982,Rip Van Winkle Brewing Co.,Catskill,NY,,Brewpub,,,not_recorded,,not_recorded,,,,,unmatched,,,
4983,Critz Farms Brewing & Cider Co.,Cazenovia,NY,,Micro,,,not_recorded,,not_recorded,,,,,unmatched,,,
4984,Empire Farm Brewery,Cazenovia,NY,,Micro,,,not_recorded,,not_recorded,,,,,unmatched,,,
4985,"Blind Bat Brewery LLC, The",Centerport,NY,,Micro,,2020-03-03T00:00:00,confirmed_date,,not_recorded,,,,,unmatched,,,
4986,In-Law Brewing Co,Chase Mills,NY,,Taproom,,2020-04-11T00:00:00,confirmed_date,,not_recorded,,,,,unmatched,,,
4987,Chatham Brewing LLC,Chatham,NY,,Micro,,2020-04-11T00:00:00,confirmed_date,,not_recorded,,,,,unmatched,,,
4988,Subversive Malting,Chatham,NY,,Taproom,,2020-04-11T00:00:00,confirmed_date,,not_recorded,,,,,unmatched,,,
4989,Gordon Biersch Brewery Restaurant - Buffalo,Cheektowaga,NY,,Brewpub,,,not_recorded,,not_recorded,,,,,unmatched,,,
4990,Diversion Brewing Co,Chemung,NY,,Taproom,,2020-04-11T00:00:00,confirmed_date,,not_recorded,,,,,unmatched,,,
4991,The Beer Diviner,Cherry Plain,NY,,Taproom,,,not_recorded,,not_recorded,,,,,unmatched,,,
4992,Red Shed Brewing Company,Cherry Valley,NY,,Taproom,,2020-03-03T00:00:00,confirmed_date,,not_recorded,,,,,unmatched,,,
4993,Long Lot Farm Brewery,Chester,NY,,Taproom,,,not_recorded,,not_recorded,,,,,unmatched,,,
4994,Rushing Duck Brewing Co,Chester,NY,,Micro,,,not_recorded,,not_recorded,,,,,unmatched,,,
4995,Hot House Brewing At Barone Gardens,Cicero,NY,,Taproom,,,not_recorded,,not_recorded,,,,,unmatched,,,
4996,The New Buffalo Brewing Co. Inc,Clarence,NY,,Contract,,2020-03-03T00:00:00,confirmed_date,,not_recorded,,,,,unmatched,,,
4997,West Shore Brewing Co,Clarence,NY,,Taproom,,,not_recorded,,not_recorded,,,,,unmatched,,,
4998,Freight Yard Brewing LLC,Clay,NY,,Proprietor,,2020-03-03T00:00:00,confirmed_date,,not_recorded,,,,,unmatched,,,
4999,Wood Boat Brewery,Clayton,NY,,Brewpub,,2020-03-03T00:00:00,confirmed_date,,not_recorded,,,,,unmatched,,,
5000,Shmaltz Brewing Co,Clifton Park,NY,,Contract,,2020-03-03T00:00:00,confirmed_date,,not_recorded,,,,,unmatched,,,
5001,SingleCut Clifton Park,Clifton Park,NY,,Micro,,2020-04-11T00:00:00,confirmed_date,,not_recorded,,,,,unmatched,,,
5002,Table 41 Brewing Co.,Cohoes,NY,,Micro,,2020-03-03T00:00:00,confirmed_date,,not_recorded,,,,,unmatched,,,
5003,Brewery Ommegang,Cooperstown,NY,,Regional,,2020-03-03T00:00:00,confirmed_date,,not_recorded,,,,,unmatched,,,
5004,Council Rock Brewery,Cooperstown,NY,,Brewpub,,2020-04-11T00:00:00,confirmed_date,,not_recorded,,,,,unmatched,,,
5005,Market Street Brewing Co,Corning,NY,,Brewpub,,2020-03-03T00:00:00,confirmed_date,,not_recorded,,,,,unmatched,,,
5006,Carey’s Brew House,Corning,NY,,Brewpub,,,not_recorded,,not_recorded,,,,,unmatched,,,
5007,Iron Flamingo Brewery,Corning,NY,,Micro,,,not_recorded,,not_recorded,,,,,unmatched,,,
5008,Liquid Shoes Brewing,Corning,NY,,Taproom,,,not_recorded,,not_recorded,,,,,unmatched,,,
5009,Cortland Beer Company,Cortland,NY,,Micro,,,not_recorded,,not_recorded,,,,,unmatched,,,
5010,Battle Street Brewery,Dansville,NY,,Brewpub,,2020-04-11T00:00:00,confirmed_date,,not_recorded,,,,,unmatched,,,
5011,Back Barn Brewing Company,Delanson,NY,,Taproom,,2020-03-03T00:00:00,confirmed_date,,not_recorded,,,,,unmatched,,,
5012,Real McCoy Beer Co.,Delmar,NY,,Taproom,,,not_recorded,,not_recorded,,,,,unmatched,,,
5013,Township 7 Brewing Co. LLC,Dickinson Center,NY,,Taproom,,2020-03-03T00:00:00,confirmed_date,,not_recorded,,,,,unmatched,,,
5014,Ferrari Beer Company,Dobbs Ferry,NY,,Micro,,,not_recorded,,not_recorded,,,,,unmatched,,,
5015,Bacchus Brewing,Dryden,NY,,Taproom,,,not_recorded,,not_recorded,,,,,unmatched,,,
5016,Keg and Barrel Brewing Company Inc.,Dundee,NY,,Brewpub,,,not_recorded,,not_recorded,,,,,unmatched,,,
5017,Seneca Lake Brewing Company,Dundee,NY,,Taproom,,,not_recorded,,not_recorded,,,,,unmatched,,,
5018,Honey Hollow Brewery,Earlton,NY,,Taproom,,2020-04-11T00:00:00,confirmed_date,,not_recorded,,,,,unmatched,,,
5019,42 North Brewing Company,East Aurora,NY,,Brewpub,,,not_recorded,,not_recorded,,,,,unmatched,,,
5020,East Aurora Brewery,East Aurora,NY,,Micro,,,not_recorded,,not_recorded,,,,,unmatched,,,
5021,Helderberg Mountain Brewing Company,East Berne,NY,,Taproom,,2020-04-11T00:00:00,confirmed_date,,not_recorded,,,,,unmatched,,,
5022,Sloop Brewing,East Fishkill,NY,,Micro,,2020-03-03T00:00:00,confirmed_date,,not_recorded,,,,,unmatched,,,
5023,Shrewd Fox Brewery,Eldred,NY,,Taproom,,2020-04-11T00:00:00,confirmed_date,,not_recorded,,,,,unmatched,,,
5024,Ellicottville Brewing Co,Ellicottville,NY,,Micro,,2020-04-11T00:00:00,confirmed_date,,not_recorded,,,,,unmatched,,,
5025,Steelbound Brewery & Distillery,Ellicottville,NY,,Brewpub,,,not_recorded,,not_recorded,,,,,unmatched,,,
5026,Upstate Brewing Co,Elmira,NY,,Taproom,,2020-03-03T00:00:00,confirmed_date,,not_recorded,,,,,unmatched,,,
5027,Captain Lawrence Brewing Co,Elmsford,NY,,Regional,,2020-03-03T00:00:00,confirmed_date,,not_recorded,,,,,unmatched,,,
5028,North Brewery,Endicott,NY,,Taproom,,2020-03-03T00:00:00,confirmed_date,,not_recorded,,,,,unmatched,,,
5029,Triphammer Bierwerks,Fairport,NY,,Taproom,,,not_recorded,,not_recorded,,,,,unmatched,,,
5030,Black Forest Brew Haus,Farmingdale,NY,,Brewpub,,2020-03-03T00:00:00,confirmed_date,,not_recorded,,,,,unmatched,,,
5031,Flying Belgian Brewery,Farmingdale,NY,,Micro,,2020-03-03T00:00:00,confirmed_date,,not_recorded,,,,,unmatched,,,
5032,Barrage Brewing Co,Farmingdale,NY,,Taproom,,2020-04-11T00:00:00,confirmed_date,,not_recorded,,,,,unmatched,,,
5033,Lithology Brewing,Farmingdale,NY,,Taproom,,,not_recorded,,not_recorded,,,,,unmatched,,,
5034,Sevens Brew Pub,Farmington,NY,,Brewpub,,,not_recorded,,not_recorded,,,,,unmatched,,,
5035,"Glenmere Brewing Co, Inc",Florida,NY,,Micro,,,not_recorded,,not_recorded,,,,,unmatched,,,
5036,Mikkeller Brewing NYC,Flushing,NY,,Brewpub,,2019-11-03T00:00:00,confirmed_date,,not_recorded,,,,,unmatched,,,
5037,Battle Hill Brewing Company,Fort Ann,NY,,Brewpub,,,not_recorded,,not_recorded,,,,,unmatched,,,
5038,Slickfin Brewing Company LLC,Fort Edward,NY,,Micro,,,not_recorded,,not_recorded,,,,,unmatched,,,
5039,BrewSA Brewing Co,Freeport,NY,,Micro,,2020-04-11T00:00:00,confirmed_date,,not_recorded,,,,,unmatched,,,
5040,Hopshire Farm and Brewery,Freeville,NY,,Taproom,,2020-03-03T00:00:00,confirmed_date,,not_recorded,,,,,unmatched,,,
5041,Yard Owl Craft Brewery,Gardiner,NY,,Brewpub,,2019-10-26T00:00:00,confirmed_date,,not_recorded,,,,,unmatched,,,
5042,Gardiner Brewing Company,Gardiner,NY,,Taproom,,2020-04-11T00:00:00,confirmed_date,,not_recorded,,,,,unmatched,,,
5043,Industrial Arts Brewing Co.,Garnerville,NY,,Micro,,2020-03-03T00:00:00,confirmed_date,,not_recorded,,,,,unmatched,,,
5044,Butternuts Beer,Garrattsville,NY,,Micro,,2020-03-03T00:00:00,confirmed_date,,not_recorded,,,,,unmatched,,,
5045,G.C. Starkey Beer Company,Geneva,NY,,Contract,,2020-03-03T00:00:00,confirmed_date,,not_recorded,,,,,unmatched,,,
5046,WeBe Brewing Company,Geneva,NY,,Brewpub,,2020-03-03T00:00:00,confirmed_date,,not_recorded,,,,,unmatched,,,
5047,"Bottomless Brewing, LLC",Geneva,NY,,Brewpub,,2020-04-11T00:00:00,confirmed_date,,not_recorded,,,,,unmatched,,,
5048,Gael Brewing Co,Geneva,NY,,Taproom,,,not_recorded,,not_recorded,,,,,unmatched,,,
5049,Lake Drum Brewing,Geneva,NY,,Taproom,,,not_recorded,,not_recorded,,,,,unmatched,,,
5050,War Horse Brewing Company,Geneva,NY,,Brewpub,,,not_recorded,,not_recorded,,,,,unmatched,,,
5051,Noble Savage Brewing Company,Glen Cove,NY,,Taproom,,2020-04-11T00:00:00,confirmed_date,,not_recorded,,,,,unmatched,,,
5052,Garvies Point Brewery,Glen Cove,NY,,Micro,,,not_recorded,,not_recorded,,,,,unmatched,,,
5053,Mean Max Brew Works,Glens Falls,NY,,Taproom,,2020-03-03T00:00:00,confirmed_date,,not_recorded,,,,,exact,mean-max-brew-works,content/breweries/mean-max-brew-works.md,
5054,Coopers Cave Ale Co,Glens Falls,NY,,Brewpub,,,not_recorded,,not_recorded,,,,,unmatched,,,
5055,Davidson Brothers Restaurant and Brewery,Glens Falls,NY,,Brewpub,,,not_recorded,,not_recorded,,,,,unmatched,,,
5056,Stump City Brewing LLC,Gloversville,NY,,Taproom,,,not_recorded,,not_recorded,,,,,unmatched,,,
5057,Adirondack Toboggan Company Microbrewery,Gouverneur,NY,,Micro,,2019-08-29T00:00:00,confirmed_date,,not_recorded,,,,,unmatched,,,
5058,Slate Town Brewing Co,Granville,NY,,Taproom,,,not_recorded,,not_recorded,,,,,unmatched,,,
5059,Greenport Harbor Brewing,Greenport,NY,,Micro,,,not_recorded,,not_recorded,,,,,unmatched,,,
5060,Hop Barn Brewing,Greenville,NY,,Taproom,,,not_recorded,,not_recorded,,,,,unmatched,,,
5061,Argyle Brewing Company,Greenwich,NY,,Micro,,2020-04-11T00:00:00,confirmed_date,,not_recorded,,,,,unmatched,,,
5062,Summerhill Brewing LLC,Groton,NY,,Taproom,,2020-03-03T00:00:00,confirmed_date,,not_recorded,,,,,unmatched,,,
5063,Hamburg Brewing Company,Hamburg,NY,,Micro,,,not_recorded,,not_recorded,,,,,unmatched,,,
5064,Good Nature Farm Brewery,Hamilton,NY,,Micro,,,not_recorded,,not_recorded,,,,,unmatched,,,
5065,Finger Lakes Beer Co,Hammondsport,NY,,Taproom,,2020-03-03T00:00:00,confirmed_date,,not_recorded,,,,,unmatched,,,
5066,Keuka Brewing Co,Hammondsport,NY,,Micro,,2020-03-03T00:00:00,confirmed_date,,not_recorded,,,,,unmatched,,,
5067,Steuben Brewing Company,Hammondsport,NY,,Taproom,,2020-04-11T00:00:00,confirmed_date,,not_recorded,,,,,unmatched,,,
5068,The Brewery of Broken Dreams,Hammondsport,NY,,Taproom,,,not_recorded,,not_recorded,,,,,unmatched,,,
5069,Scale House Brewery,Hector,NY,,Brewpub,,2020-03-03T00:00:00,confirmed_date,,not_recorded,,,,,unmatched,,,
5070,Pantomime Mixtures,Hector,NY,,Taproom,,2020-04-11T00:00:00,confirmed_date,,not_recorded,,,,,unmatched,,,
5071,"Lucky Hare Brewing Company, Inc.",Hector,NY,,Taproom,,,not_recorded,,not_recorded,,,,,unmatched,,,
5072,Barnshed Brewing,Hicksville,NY,,Micro,,2020-03-03T00:00:00,confirmed_date,,not_recorded,,,,,unmatched,,,
5073,Bad Seed Cider co llc,highland,NY,,Largge,,2020-03-03T00:00:00,confirmed_date,,not_recorded,,,,,unmatched,,,
5074,Hudson Ale Works,Highland,NY,,Brewpub,,,not_recorded,,not_recorded,,,,,unmatched,,,
5075,Wood Kettle Brewing,Hilton,NY,,Brewpub,,,not_recorded,,not_recorded,,,,,unmatched,,,
5076,Miles Craft Ales @ Miles Wine Cellars,Himrod,NY,,Contract,,2020-03-03T00:00:00,confirmed_date,,not_recorded,,,,,unmatched,,,
5077,1940’s Brewing Company,Holbrook,NY,,Taproom,,2019-08-29T00:00:00,confirmed_date,,not_recorded,,,,,unmatched,,,
5078,Saint James Brewery,Holbrook,NY,,Micro,,2020-03-03T00:00:00,confirmed_date,,not_recorded,,,,,unmatched,,,
5079,Spider Bite Brewing Co,Holbrook,NY,,Taproom,,2020-03-03T00:00:00,confirmed_date,,not_recorded,,,,,unmatched,,,
5080,SquareHead Brewing,Holbrook,NY,,Taproom,,,not_recorded,,not_recorded,,,,,unmatched,,,
5081,16 Stone Brewpub,Holland Patent,NY,,Brewpub,,,not_recorded,,not_recorded,,,,,unmatched,,,
5082,Sloop Brewing,Hopewell Jct.,NY,,Micro,,,not_recorded,,not_recorded,,,,,unmatched,,,
5083,Railhead Brewing Company,Hornell,NY,,Brewpub,,,not_recorded,,not_recorded,,,,,unmatched,,,
5084,Serious Brewing Co.,Howes Cave,NY,,Taproom,,,not_recorded,,not_recorded,,,,,unmatched,,,
5085,Hudson Brewing Company,Hudson,NY,,Taproom,,,not_recorded,,not_recorded,,,,,unmatched,,,
5086,Old Klaverack Brewery,Hudson,NY,,Taproom,,,not_recorded,,not_recorded,,,,,unmatched,,,
5087,Suarez Family Brewery,Hudson,NY,,Taproom,,,not_recorded,,not_recorded,,,,,unmatched,,,
5088,Six Harbors Brewing Company,Huntington,NY,,Taproom,,,not_recorded,,not_recorded,,,,,unmatched,,,
5089,Brewery At The Culinary Institute Of America,Hyde Park,NY,,Brewpub,,2020-03-03T00:00:00,confirmed_date,,not_recorded,,,,,unmatched,,,
5090,Hyde Park Brewing Co,Hyde Park,NY,,Brewpub,,,not_recorded,,not_recorded,,,,,unmatched,,,
5091,Crazy Williez Brewery,Ilion,NY,,Taproom,,,not_recorded,,not_recorded,,,,,unmatched,,,
5092,Bandwagon Brewery,Interlaken,NY,,Taproom,,2020-03-03T00:00:00,confirmed_date,,not_recorded,,,,,unmatched,,,
5093,Ithaca Beer Co,Ithaca,NY,,Regional,,2020-03-03T00:00:00,confirmed_date,,not_recorded,,,,,unmatched,,,
5094,Liquid State Brewing Company,Ithaca,NY,,Taproom,,2020-03-03T00:00:00,confirmed_date,,not_recorded,,,,,unmatched,,,
5095,Scale House Brewery & Pub,Ithaca,NY,,Brewpub,,,not_recorded,,not_recorded,,,,,unmatched,,,
5096,Binghamton Brewing Co,Johnson City,NY,,Taproom,,2020-03-03T00:00:00,confirmed_date,,not_recorded,,,,,unmatched,,,
5097,Ausable Brewing Co,Keeseville,NY,,Taproom,,,not_recorded,,not_recorded,,,,,unmatched,,,
5098,Rough Cut Brewing Company,Kerhonkson,NY,,Brewpub,,2020-04-11T00:00:00,confirmed_date,,not_recorded,,,,,unmatched,,,
5099,Aurora Ale & Lager,King Ferry,NY,,Taproom,,2020-04-11T00:00:00,confirmed_date,,not_recorded,,,,,unmatched,,,
5100,Kingston Standard Brewing Co.,Kingston,NY,,Taproom,,2020-03-03T00:00:00,confirmed_date,,not_recorded,,,,,unmatched,,,
5101,Keegan Ales,Kingston,NY,,Micro,,,not_recorded,,not_recorded,,,,,unmatched,,,
5102,Adirondack Pub and Brewery,Lake George,NY,,Micro,,2019-08-29T00:00:00,confirmed_date,,not_recorded,,,,,unmatched,,,
5103,Great Adirondack Brewing Company,Lake Placid,NY,,Brewpub,,2020-04-11T00:00:00,confirmed_date,,not_recorded,,,,,unmatched,,,
5104,Big Slide Brewery,Lake Placid,NY,,Brewpub,,,not_recorded,,not_recorded,,,,,unmatched,,,
5105,Lake Placid Pub and Brewery,Lake Placid,NY,,Brewpub,,,not_recorded,,not_recorded,,,,,unmatched,,,
5106,Southern Tier Brewing Co,Lakewood,NY,,Regional,,2020-03-03T00:00:00,confirmed_date,,not_recorded,,,,,unmatched,,,
5107,"Salt Point Brewing Co, LLC",Lansing,NY,,Brewpub,,2020-04-11T00:00:00,confirmed_date,,not_recorded,,,,,unmatched,,,
5108,Brickyard Brewing Company,Lewiston,NY,,Brewpub,,,not_recorded,,not_recorded,,,,,unmatched,,,
5109,27A Brewing Company,Lindenhurst,NY,,Taproom,,,not_recorded,,not_recorded,,,,,unmatched,,,
5110,Dublin Corners Farm Brewery,Linwood,NY,,Taproom,,,not_recorded,,not_recorded,,,,,unmatched,,,
5111,Ellicottville Brewing - Little Valley,Little Valley,NY,,Micro,,,not_recorded,,not_recorded,,,,,unmatched,,,
5112,Catskill Brewery,Livingston Manor,NY,,Micro,,,not_recorded,,not_recorded,,,,,unmatched,,,
5113,No BS Brew Company,Livonia,NY,,Micro,,2020-03-03T00:00:00,confirmed_date,,not_recorded,,,,,unmatched,,,
5114,New York Beer Project,Lockport,NY,,Brewpub,,2020-04-11T00:00:00,confirmed_date,,not_recorded,,,,,unmatched,,,
5115,Wagner Valley Brewing Co,Lodi,NY,,Taproom,,2020-04-11T00:00:00,confirmed_date,,not_recorded,,,,,unmatched,,,
5116,Alewife Brewing Company,Long Island City,NY,,Brewpub,,2019-08-29T00:00:00,confirmed_date,,not_recorded,,,,,unmatched,,,
5117,LIC Beer Project,Long Island City,NY,,Micro,,2020-03-03T00:00:00,confirmed_date,,not_recorded,,,,,unmatched,,,
5118,Rockaway Brewing Company,Long Island City,NY,,Micro,,2020-03-03T00:00:00,confirmed_date,,not_recorded,,,,,unmatched,,,
5119,Big Alice Brewing Company,Long Island City,NY,,Micro,,,not_recorded,,not_recorded,,,,,unmatched,,,
5120,Fifth Hammer Brewing Company,Long Island City,NY,,Taproom,,,not_recorded,,not_recorded,,,,,unmatched,,,
5121,Iconyc Brewing Company,Long Island City,NY,,Taproom,,,not_recorded,,not_recorded,,,,,unmatched,,,
5122,Unified Beerworks,MALTA,NY,,Taproom,,,not_recorded,,not_recorded,,,,,unmatched,,,
5123,Decadent Ales,Mamaroneck,NY,,Micro,,2020-03-03T00:00:00,confirmed_date,,not_recorded,,,,,unmatched,,,
5124,Reinvention Brewing Co.,Manchester,NY,,Taproom,,,not_recorded,,not_recorded,,,,,unmatched,,,
5125,Seneca Street Brew Pub,Manlius,NY,,Taproom,,2020-04-11T00:00:00,confirmed_date,,not_recorded,,,,,unmatched,,,
5126,Tim’s Pumpkin Patch,Marietta,NY,,Taproom,,2020-04-11T00:00:00,confirmed_date,,not_recorded,,,,,unmatched,,,
5127,Eastern Front Brewing Co,Mattituck,NY,,Micro,,,not_recorded,,not_recorded,,,,,unmatched,,,
5128,Big Inlet Brewing,Mayville,NY,,Taproom,,,not_recorded,,not_recorded,,,,,unmatched,,,
5129,Hank Hudson Brewing At Fairways of Halfmoon,Mechanicville,NY,,Brewpub,,,not_recorded,,not_recorded,,,,,unmatched,,,
5130,Green Wolf Brewing Co,Middleburgh,NY,,Taproom,,,not_recorded,,not_recorded,,,,,unmatched,,,
5131,Equilibrium Brewery,Middletown,NY,,Micro,,2019-11-27T00:00:00,confirmed_date,,not_recorded,,,,,unmatched,,,
5132,Clemson Bros. Brewery,Middletown,NY,,Brewpub,,2020-03-03T00:00:00,confirmed_date,,not_recorded,,,,,unmatched,,,
5133,Svendale Brewing Co,Millerton,NY,,Taproom,,,not_recorded,,not_recorded,,,,,unmatched,,,
5134,Montauk Brewing Co,Montauk,NY,,Micro,,2020-04-11T00:00:00,confirmed_date,,not_recorded,,,,,unmatched,,,
5135,Copper Turret Restaurant and Brewhouse,Morrisville,NY,,Brewpub,,,not_recorded,,not_recorded,,,,,unmatched,,,
5136,Foothill Hops Farm Brewery,Munnsville,NY,,Taproom,,2020-03-03T00:00:00,confirmed_date,,not_recorded,,,,,unmatched,,,
5137,S & S Farm Brewery,Nassau,NY,,Taproom,,2020-03-03T00:00:00,confirmed_date,,not_recorded,,,,,unmatched,,,
5138,District 96 Beer Factory,New City,NY,,Brewpub,,,not_recorded,,not_recorded,,,,,unmatched,,,
5139,"Bradley Farm / RB Brew, LLC",New Paltz,NY,,Taproom,,2020-03-03T00:00:00,confirmed_date,,not_recorded,,,,,unmatched,,,
5140,Pull Brewing Co,New Paltz,NY,,Contract,,2020-03-03T00:00:00,confirmed_date,,not_recorded,,,,,unmatched,,,
5141,Gilded Otter Brewing Co,New Paltz,NY,,Brewpub,,,not_recorded,,not_recorded,,,,,unmatched,,,
5142,The Brewery At Bacchus,New Paltz,NY,,Brewpub,,,not_recorded,,not_recorded,,,,,unmatched,,,
5143,The Owls Brew,New York,NY,,Largge,,2019-10-26T00:00:00,confirmed_date,,not_recorded,,,,,unmatched,,,
5144,monday.com,New York,NY,,,,2019-12-08T00:00:00,confirmed_date,,not_recorded,,,,,unmatched,,,
5145,Alphabet City Brewing Co,New York,NY,,Contract,,2020-03-03T00:00:00,confirmed_date,,not_recorded,,,,,unmatched,,,
5146,B9 Beverages Inc,New York,NY,,Contract,,2020-03-03T00:00:00,confirmed_date,,not_recorded,,,,,unmatched,,,
5147,Death Avenue,New York,NY,,Brewpub,,2020-03-03T00:00:00,confirmed_date,,not_recorded,,,,,unmatched,,,
5148,Harlem Blue Beer,New York,NY,,Proprietor,,2020-03-03T00:00:00,confirmed_date,,not_recorded,,,,,unmatched,,,
5149,Heartland Brewery,New York,NY,,Contract,,2020-03-03T00:00:00,confirmed_date,,not_recorded,,,,,unmatched,,,
5150,Radiant Pig Craft Beers,New York,NY,,Contract,,2020-03-03T00:00:00,confirmed_date,,not_recorded,,,,,unmatched,,,
5151,Ruckus Brewing Co,New York,NY,,Contract,,2020-03-03T00:00:00,confirmed_date,,not_recorded,,,,,unmatched,,,
5152,Toast Ale,New York,NY,,Contract,,2020-03-03T00:00:00,confirmed_date,,not_recorded,,,,,unmatched,,,
5153,Birreria @ Eataly,New York,NY,,Brewpub,,2020-04-11T00:00:00,confirmed_date,,not_recorded,,,,,unmatched,,,
5154,Torch & Crown Brewing Company,New York,NY,,Micro,,,not_recorded,,not_recorded,,,,,unmatched,,,
5155,Newburgh Brewing Company,Newburgh,NY,,Micro,,2020-04-11T00:00:00,confirmed_date,,not_recorded,,,,,unmatched,,,
5156,Brown’s Brewing Co,North Hoosick,NY,,Brewpub,,2020-03-03T00:00:00,confirmed_date,,not_recorded,,,,,unmatched,,,
5157,Full Boar Craft Brewery,North Syracuse,NY,,Taproom,,,not_recorded,,not_recorded,,,,,unmatched,,,
5158,Woodcock Brothers Brewing - North Tonawanda,North Tonawanda,NY,,Brewpub,,2020-03-03T00:00:00,confirmed_date,,not_recorded,,,,,unmatched,,,
5159,Sand City Brewing Co.,Northport,NY,,Micro,,2019-11-27T00:00:00,confirmed_date,,not_recorded,,,,,unmatched,,,
5160,Harbor Head Brewing Co,Northport,NY,,Taproom,,2020-03-03T00:00:00,confirmed_date,,not_recorded,,,,,unmatched,,,
5161,Long Beach Brewing Company,Oceanside,NY,,Micro,,2020-04-11T00:00:00,confirmed_date,,not_recorded,,,,,unmatched,,,
5162,Barrier Brewing Co,Oceanside,NY,,Micro,,,not_recorded,,not_recorded,,,,,unmatched,,,
5163,Fulton Chain Craft Brewery,Old Forge,NY,,Taproom,,,not_recorded,,not_recorded,,,,,unmatched,,,
5164,Four Mile Brewing,Olean,NY,,Micro,,2020-03-03T00:00:00,confirmed_date,,not_recorded,,,,,unmatched,,,
5165,Cooperstown Brewing Co,Oneonta,NY,,Proprietor,,2020-03-03T00:00:00,confirmed_date,,not_recorded,,,,,unmatched,,,
5166,Roots Brewing Company,Oneonta,NY,,Brewpub,,2020-04-11T00:00:00,confirmed_date,,not_recorded,,,,,exact,roots-brewing-company,content/breweries/roots-brewing-company.md,
5167,Sing Sing Kill Brewery,Ossining,NY,,Taproom,,2020-03-03T00:00:00,confirmed_date,,not_recorded,,,,,unmatched,,,
5168,US Beer Brewers At the Cellar Door,Oswego,NY,,Brewpub,,,not_recorded,,not_recorded,,,,,unmatched,,,
5169,Lost Kingdom Brewery / Firehouse Distillery,Ovid,NY,,Taproom,,2020-03-03T00:00:00,confirmed_date,,not_recorded,,,,,unmatched,,,
5170,The FarmHouse Brewery,Owego,NY,,Taproom,,,not_recorded,,not_recorded,,,,,unmatched,,,
5171,Oyster Bay Brewing,Oyster Bay,NY,,Micro,,,not_recorded,,not_recorded,,,,,unmatched,,,
5172,Blue Point Brewing Co,Patchogue,NY,,Largge,,2020-03-03T00:00:00,confirmed_date,yes,confirmed_yes,,https://www.bluepointbrewing.com/home/,https://www.instagram.com/bluepointbrewing/,https://twitter.com/bluepointbrewer,exact,blue-point-brewing-co,content/breweries/blue-point-brewing-co.md,
5173,Patchogue Beer Project,Patchogue,NY,,Taproom,,2020-03-03T00:00:00,confirmed_date,,not_recorded,,,,,unmatched,,,
5174,Brick House Brewery and Restaurant,Patchogue,NY,,Brewpub,,,not_recorded,,not_recorded,,,,,unmatched,,,
5175,Gentle Giant Brewing Company,Pearl River,NY,,Brewpub,,2020-03-03T00:00:00,confirmed_date,,not_recorded,,,,,unmatched,,,
5176,Defiant Brewing Co,Pearl River,NY,,Brewpub,,,not_recorded,,not_recorded,,,,,unmatched,,,
5177,"Greenport Harbor Brewing Co, LLC",Peconic,NY,,Brewpub,,,not_recorded,,not_recorded,,,,,unmatched,,,
5178,Peekskill Brewing Co,Peekskill,NY,,Brewpub,,2020-04-11T00:00:00,confirmed_date,,not_recorded,,,,,unmatched,,,
5179,River Outpost Brewing,Peekskill,NY,,Brewpub,,,not_recorded,,not_recorded,,,,,unmatched,,,
5180,Rogers Beer,Penfield,NY,,Contract,,2020-03-03T00:00:00,confirmed_date,,not_recorded,,,,,unmatched,,,
5181,Abandon Brewing,Penn Yan,NY,,Taproom,,2019-08-29T00:00:00,confirmed_date,,not_recorded,,,,,unmatched,,,
5182,Climbing Bines Craft Ale Company,Penn Yan,NY,,Taproom,,,not_recorded,,not_recorded,,,,,unmatched,,,
5183,Silver Lake Brewing Project,Perry,NY,,Taproom,,2020-04-11T00:00:00,confirmed_date,,not_recorded,,,,,unmatched,,,
5184,Livingood’s Restaurant & Brewery,Peru,NY,,Brewpub,,,not_recorded,,not_recorded,,,,,unmatched,,,
5185,Crafty Ales and Lagers,Phelps,NY,,Taproom,,,not_recorded,,not_recorded,,,,,unmatched,,,
5186,Woodstock Brewing,Phoenicia,NY,,Micro,,2020-03-03T00:00:00,confirmed_date,,not_recorded,,,,,unmatched,,,
5187,Pine Island Brewing,Pine Island,NY,,Taproom,,,not_recorded,,not_recorded,,,,,unmatched,,,
5188,Lock 32 Brewing Company,Pittsford,NY,,Micro,,,not_recorded,,not_recorded,,,,,unmatched,,,
5189,Seven Story Brewing,Pittsford,NY,,Taproom,,,not_recorded,,not_recorded,,,,,unmatched,,,
5190,OVAL Craft Brewing,Plattsburgh,NY,,Taproom,,,not_recorded,,not_recorded,,,,,unmatched,,,
5191,Plattsburgh Brewing Co,Plattsburgh,NY,,Brewpub,,,not_recorded,,not_recorded,,,,,unmatched,,,
5192,Valcour Brewing Company LLC,Plattsburgh,NY,,Brewpub,,,not_recorded,,not_recorded,,,,,unmatched,,,
5193,Heritage Hill Brewhouse & Kitchen,Pompey,NY,,Brewpub,,2020-03-03T00:00:00,confirmed_date,,not_recorded,,,,,unmatched,,,
5194,Beer Tree Brew Co,Port Crane,NY,,Taproom,,,not_recorded,,not_recorded,,,,,unmatched,,,
5195,Port Jeff Brewing Co,Port Jefferson,NY,,Micro,,2020-04-11T00:00:00,confirmed_date,,not_recorded,,,,,unmatched,,,
5196,Po’Boy Brewing,Port Jefferson Station,NY,,Taproom,,2020-04-11T00:00:00,confirmed_date,,not_recorded,,,,,unmatched,,,
5197,Fox N Hare Brewing Company,Port Jervis,NY,,Brewpub,,,not_recorded,,not_recorded,,,,,unmatched,,,
5198,Mill House Brewing Company,Poughkeepsie,NY,,Brewpub,,2020-03-03T00:00:00,confirmed_date,,not_recorded,,,,,unmatched,,,
5199,Plan Bee Farm Brewery,Poughkeepsie,NY,,Taproom,,2020-04-11T00:00:00,confirmed_date,,not_recorded,,,,,unmatched,,,
5200,"Blue Collar Brewery, Inc.",Poughkeepsie,NY,,Brewpub,,,not_recorded,,not_recorded,,,,,unmatched,,,
5201,King’s Court Brewing Company,Poughkeepsie,NY,,Taproom,,,not_recorded,,not_recorded,,,,,unmatched,,,
5202,Finback Brewery,Queens,NY,,Micro,,2019-11-27T00:00:00,confirmed_date,,not_recorded,,,,,unmatched,,,
5203,Lake George Beer Hub,Queensbury,NY,,Micro,,,not_recorded,,not_recorded,,,,,unmatched,,,
5204,Emporium Farm Brewery,Rensselaer,NY,,Taproom,,2020-04-11T00:00:00,confirmed_date,,not_recorded,,,,,unmatched,,,
5205,Helderberg Brewery,Rensselaerville,NY,,Micro,,,not_recorded,,not_recorded,,,,,unmatched,,,
5206,Bridge And Tunnel Brewery,Ridgewood,NY,,Taproom,,2020-03-03T00:00:00,confirmed_date,,not_recorded,,,,,unmatched,,,
5207,Queens Brewery,Ridgewood,NY,,Proprietor,,2020-03-03T00:00:00,confirmed_date,,not_recorded,,,,,exact,queens-brewery,content/breweries/queens-brewery.md,
5208,Evil Twin Brewing,Ridgewood,NY,,Micro,,,not_recorded,,not_recorded,,,,,unmatched,,,
5209,7 Sins Brewery,Ripley,NY,,Taproom,,,not_recorded,,not_recorded,,,,,unmatched,,,
5210,Garden of Eve Farm Brewery,Riverhead,NY,,Taproom,,2020-03-03T00:00:00,confirmed_date,,not_recorded,,,,,unmatched,,,
5211,Crooked Ladder Brewery,Riverhead,NY,,Micro,,2020-04-11T00:00:00,confirmed_date,,not_recorded,,,,,unmatched,,,
5212,Jamesport Farm Brewery,Riverhead,NY,,Taproom,,,not_recorded,,not_recorded,,,,,unmatched,,,
5213,Long Ireland Brewing Co,Riverhead,NY,,Micro,,,not_recorded,,not_recorded,,,,,unmatched,,,
5214,Moustache Brewing Co,Riverhead,NY,,Taproom,,,not_recorded,,not_recorded,,,,,unmatched,,,
5215,North Fork Brewing Company,Riverhead,NY,,Taproom,,,not_recorded,,not_recorded,,,,,unmatched,,,
5216,Genesee Brewing Co,Rochester,NY,,Regional,,yes,confirmed_yes,yes,confirmed_yes,,,,,exact,genesee-brewing-co,content/breweries/genesee-brewing-co.md,
5217,Fifth Frame Brewing Co.,Rochester,NY,,Proprietor,,2020-03-03T00:00:00,confirmed_date,,not_recorded,,,,,unmatched,,,
5218,K2 Brothers Brewing,Rochester,NY,,Brewpub,,2020-03-03T00:00:00,confirmed_date,,not_recorded,,,,,unmatched,,,
5219,Nine Maidens Brewing Company,Rochester,NY,,Taproom,,2020-03-03T00:00:00,confirmed_date,,not_recorded,,,,,unmatched,,,
5220,Rohrbach Brewing Company,Rochester,NY,,Brewpub,,2020-03-03T00:00:00,confirmed_date,,not_recorded,,,,,unmatched,,,
5221,The Lost Borough Brewing Company,Rochester,NY,,Taproom,,2020-03-03T00:00:00,confirmed_date,,not_recorded,,,,,unmatched,,,
5222,Fairport Brewing Co,Rochester,NY,,Taproom,,2020-04-11T00:00:00,confirmed_date,,not_recorded,,,,,unmatched,,,
5223,Rohrbach’s Railroad St Brewery,Rochester,NY,,Micro,,2020-04-11T00:00:00,confirmed_date,,not_recorded,,,,,unmatched,,,
5224,Three Heads Brewing,Rochester,NY,,Micro,,2020-04-11T00:00:00,confirmed_date,,not_recorded,,,,,unmatched,,,
5225,Genesee Brew House,Rochester,NY,,Brewpub,,,not_recorded,,not_recorded,,,,,unmatched,,,
5226,Iron Tug Brewing,Rochester,NY,,Brewpub,,,not_recorded,,not_recorded,,,,,unmatched,,,
5227,Roc Brewing Co,Rochester,NY,,Taproom,,,not_recorded,,not_recorded,,,,,unmatched,,,
5228,Sager Beer Works,Rochester,NY,,Brewpub,,,not_recorded,,not_recorded,,,,,unmatched,,,
5229,Swiftwater Brewing Company,Rochester,NY,,Brewpub,,,not_recorded,,not_recorded,,,,,unmatched,,,
5230,Copper City Brewing Company,Rome,NY,,Taproom,,2020-04-11T00:00:00,confirmed_date,,not_recorded,,,,,unmatched,,,
5231,Roscoe Brewing Company,Roscoe,NY,,Micro,,,not_recorded,,not_recorded,,,,,unmatched,,,
5232,Sackets Harbor Brewing Co,Sackets Harbor,NY,,Brewpub,,2020-03-03T00:00:00,confirmed_date,,not_recorded,,,,,unmatched,,,
5233,R.S. Taylor & Sons Brewery,Salem,NY,,Brewpub,,,not_recorded,,not_recorded,,,,,unmatched,,,
5234,Blue Line Brewery,Saranac Lake,NY,,Brewpub,,,not_recorded,,not_recorded,,,,,unmatched,,,
5235,Racing City Brewing Company,Saratoga Springs,NY,,Brewpub,,2020-03-03T00:00:00,confirmed_date,,not_recorded,,,,,unmatched,,,
5236,Druthers Brewing Co,Saratoga Springs,NY,,Brewpub,,2020-04-11T00:00:00,confirmed_date,,not_recorded,,,,,unmatched,,,
5237,Artisanal Brew Works,Saratoga Springs,NY,,Micro,,,not_recorded,,not_recorded,,,,,unmatched,,,
5238,Druthers Brewing Schenectady,Schenectady,NY,,Brewpub,,2020-03-03T00:00:00,confirmed_date,,not_recorded,,,,,unmatched,,,
5239,Great Flats Brewing,Schenectady,NY,,Micro,,2020-03-03T00:00:00,confirmed_date,,not_recorded,,,,,unmatched,,,
5240,Frog Alley Brewing,Schenectady,NY,,Taproom,,2020-04-11T00:00:00,confirmed_date,,not_recorded,,,,,unmatched,,,
5241,Wolf Hollow Brewing Company,Schenectady,NY,,Taproom,,2020-04-11T00:00:00,confirmed_date,,not_recorded,,,,,unmatched,,,
5242,Mad Jack Brewing Co / Van Dyck Restaurant & Lounge,Schenectady,NY,,Brewpub,,,not_recorded,,not_recorded,,,,,unmatched,,,
5243,Paradox Brewery,Schroon Lake,NY,,Micro,,2020-03-03T00:00:00,confirmed_date,,not_recorded,,,,,unmatched,,,
5244,Fleur De Lis Brew Works,Seneca Falls,NY,,Taproom,,,not_recorded,,not_recorded,,,,,unmatched,,,
5245,Shelter Island Craft Brewery,Shelter Island,NY,,Brewpub,,2020-03-03T00:00:00,confirmed_date,,not_recorded,,,,,unmatched,,,
5246,Bullthistle Brewing Co.,Sherburne,NY,,Brewpub,,2020-03-03T00:00:00,confirmed_date,,not_recorded,,,,,unmatched,,,
5247,Common Roots Brewing Company,South Glens Falls,NY,,Taproom,,2020-03-03T00:00:00,confirmed_date,,not_recorded,,,,,unmatched,,,
5248,Southampton Publick House,Southampton,NY,,Contract,,2020-03-03T00:00:00,confirmed_date,,not_recorded,,,,,unmatched,,,
5249,Brindle Haus Brewing Company,Spencerport,NY,,Taproom,,2020-04-11T00:00:00,confirmed_date,,not_recorded,,,,,unmatched,,,
5250,Griffs Brewery,Spencerport,NY,,Taproom,,,not_recorded,,not_recorded,,,,,unmatched,,,
5251,Kills Boro Brewing Company,Staten Island,NY,,Micro,,2020-04-11T00:00:00,confirmed_date,,not_recorded,,,,,unmatched,,,
5252,"Flagship Brewery, LLC.",Staten Island,NY,,Taproom,,,not_recorded,,not_recorded,,,,,unmatched,,,
5253,Windy Brew,Strykersville,NY,,Brewpub,,,not_recorded,,not_recorded,,,,,unmatched,,,
5254,Eastwood Brewing Company,Syracuse,NY,,Taproom,,2020-03-03T00:00:00,confirmed_date,,not_recorded,,,,,unmatched,,,
5255,Gordon Biersch Brewery Restaurant - Syracuse,Syracuse,NY,,Brewpub,,2020-03-03T00:00:00,confirmed_date,,not_recorded,,,,,unmatched,,,
5256,IBU LLC,Syracuse,NY,,Taproom,,2020-03-03T00:00:00,confirmed_date,,not_recorded,,,,,unmatched,,,
5257,Talking Cursive Brewing Company,Syracuse,NY,,Taproom,,2020-03-03T00:00:00,confirmed_date,,not_recorded,,,,,unmatched,,,
5258,Syracuse Suds Factory,Syracuse,NY,,Brewpub,,2020-04-11T00:00:00,confirmed_date,,not_recorded,,,,,unmatched,,,
5259,Buried Acorn Brewing Company,Syracuse,NY,,Taproom,,,not_recorded,,not_recorded,,,,,unmatched,,,
5260,Empire Brewing Co,Syracuse,NY,,Brewpub,,,not_recorded,,not_recorded,,,,,unmatched,,,
5261,Middle Ages Brewing Co Ltd,Syracuse,NY,,Micro,,,not_recorded,,not_recorded,,,,,unmatched,,,
5262,Red Hawk Brewing,Syracuse,NY,,Taproom,,,not_recorded,,not_recorded,,,,,unmatched,,,
5263,Stout Beard Brewing Company,Syracuse,NY,,Brewpub,,,not_recorded,,not_recorded,,,,,unmatched,,,
5264,Willow Rock Brewing Company,Syracuse,NY,,Taproom,,,not_recorded,,not_recorded,,,,,unmatched,,,
5265,TripEnd Brewing LLC,Troupsburg,NY,,Taproom,,,not_recorded,,not_recorded,,,,,unmatched,,,
5266,Rare Form Brewing,Troy,NY,,Taproom,,2020-03-03T00:00:00,confirmed_date,,not_recorded,,,,,unmatched,,,
5267,Brown’s Brewing Co,Troy,NY,,Brewpub,,,not_recorded,,not_recorded,,,,,unmatched,,,
5268,Garrett’s Brewing Company,Trumansburg,NY,,Micro,,2020-04-11T00:00:00,confirmed_date,,not_recorded,,,,,unmatched,,,
5269,SnailMailMom,Tuckahoe,NY,,RAoC,,yes,confirmed_yes,yes,confirmed_yes,yes,,,,unmatched,,,
5270,Broken Bow Brewery,Tuckahoe,NY,,Micro,,,not_recorded,,not_recorded,,,,,unmatched,,,
5271,ONCO Fermentations,Tully,NY,,Taproom,,2020-03-03T00:00:00,confirmed_date,,not_recorded,,,,,unmatched,,,
5272,Raquette River Brewing,Tupper Lake,NY,,Brewpub,,2020-04-11T00:00:00,confirmed_date,,not_recorded,,,,,unmatched,,,
5273,Big Tupper Brewing,Tupper Lake,NY,,Brewpub,,,not_recorded,,not_recorded,,,,,unmatched,,,
5274,Muddy River Farm Brewery,Unadilla,NY,,Taproom,,,not_recorded,,not_recorded,,,,,unmatched,,,
5275,Baggs Square Brewing Co.,Utica,NY,,Brewpub,,2020-03-03T00:00:00,confirmed_date,,not_recorded,,,,,unmatched,,,
5276,Saranac Brewery / Matt Brewing Co,Utica,NY,,Regional,,2020-03-03T00:00:00,confirmed_date,,not_recorded,,,,,unmatched,,,
5277,Woodland Farm Brewery,Utica,NY,,Brewpub,,,not_recorded,,not_recorded,,,,,unmatched,,,
5278,Twin Elder Brewery,Victor,NY,,Taproom,,2020-04-11T00:00:00,confirmed_date,,not_recorded,,,,,unmatched,,,
5279,Stumblin’ Monkey Brewing Co,Victor,NY,,Taproom,,,not_recorded,,not_recorded,,,,,unmatched,,,
5280,The Brewery At Orange County Hops,Walden,NY,,Taproom,,2020-03-03T00:00:00,confirmed_date,,not_recorded,,,,,unmatched,,,
5281,Cousins Ale Works,Wappingers Falls,NY,,Brewpub,,2020-03-03T00:00:00,confirmed_date,,not_recorded,,,,,unmatched,,,
5282,Obercreek Brewing Company,Wappingers Falls,NY,,Taproom,,2020-04-11T00:00:00,confirmed_date,,not_recorded,,,,,unmatched,,,
5283,Local 315 Brewing Company,Warners,NY,,Taproom,,2020-04-11T00:00:00,confirmed_date,,not_recorded,,,,,unmatched,,,
5284,Amber Lantern Brewing Company,Warsaw,NY,,Brewpub,,,not_recorded,,not_recorded,,,,,unmatched,,,
5285,Garland City Beer Works,Watertown,NY,,Brewpub,,2020-04-11T00:00:00,confirmed_date,,not_recorded,,,,,unmatched,,,
5286,Skewed Brewing,Watertown,NY,,Brewpub,,2020-04-11T00:00:00,confirmed_date,,not_recorded,,,,,unmatched,,,
5287,"Boots Brewing Company, Inc.",Watertown,NY,,Taproom,,,not_recorded,,not_recorded,,,,,unmatched,,,
5288,Rooster Fish Brewing Co.,Watkins Glen,NY,,Brewpub,,,not_recorded,,not_recorded,,,,,unmatched,,,
5289,Seneca Lodge Craft Brewing At Seneca Lodge,Watkins Glen,NY,,Brewpub,,,not_recorded,,not_recorded,,,,,unmatched,,,
5290,New Paltz Brewing Company,Wawarsing,NY,,Micro,,,not_recorded,,not_recorded,,,,,unmatched,,,
5291,Knucklehead Craft Brewing,Webster,NY,,Brewpub,,2020-03-03T00:00:00,confirmed_date,,not_recorded,,,,,unmatched,,,
5292,WhichCraft Brews,Webster,NY,,Brewpub,,,not_recorded,,not_recorded,,,,,unmatched,,,
5293,Lunkenheimer Craft Brewing Co. LLC,Weedsport,NY,,Micro,,,not_recorded,,not_recorded,,,,,unmatched,,,
5294,Wellsville Brewing Company,Wellsville,NY,,Brewpub,,2020-04-11T00:00:00,confirmed_date,,not_recorded,,,,,unmatched,,,
5295,Secatogue Brewing Co.,West Islip,NY,,Taproom,,2020-03-03T00:00:00,confirmed_date,,not_recorded,,,,,unmatched,,,
5296,West Kill Brewing,West Kill,NY,,Taproom,,12/20.2019,date_needs_review,,not_recorded,,,,,unmatched,,,
5297,Five & 20 Spirits and Brewing,Westfield,NY,,Brewpub,,2020-04-11T00:00:00,confirmed_date,,not_recorded,,,,,unmatched,,,
5298,Westhampton Beach Brewing Company,Westhampton Beach,NY,,Taproom,,,not_recorded,,not_recorded,,,,,unmatched,,,
5299,Ledge Hill Brewing Co,Westport,NY,,Taproom,,2020-04-11T00:00:00,confirmed_date,,not_recorded,,,,,unmatched,,,
5300,Westtown Brew Works,Westtown,NY,,Taproom,,2020-04-11T00:00:00,confirmed_date,,not_recorded,,,,,unmatched,,,
5301,12 Gates Brewing Company,Williamsville,NY,,Taproom,,2019-08-29T00:00:00,confirmed_date,,not_recorded,,,,,unmatched,,,
5302,Woodcock Brothers Brewing,Wilson,NY,,Brewpub,,2020-04-11T00:00:00,confirmed_date,,not_recorded,,,,,unmatched,,,
5303,Yonkers Brewing Co,Yonkers,NY,,Micro,,2020-04-11T00:00:00,confirmed_date,,not_recorded,,,,,unmatched,,,
5304,Akronym Brewing LLC,Akron,OH,,Micro,,2019-08-29T00:00:00,confirmed_date,,not_recorded,,,,,unmatched,,,
5305,EarthQuaker Devices Karl Vorndran,Akron,OH,,,,2020-02-01T00:00:00,confirmed_date,,not_recorded,,,,,unmatched,,,
5306,Lock 15 Brewing Co,Akron,OH,,Brewpub,,2020-03-03T00:00:00,confirmed_date,,not_recorded,,,,,unmatched,,,
5307,Mucky Duck Brewery,Akron,OH,,Brewpub,,2020-03-03T00:00:00,confirmed_date,,not_recorded,,,,,unmatched,,,
5308,R.Shea Brewing,Akron,OH,,Brewpub,,2020-03-03T00:00:00,confirmed_date,,not_recorded,,,,,unmatched,,,
5309,The Brick Oven Brewpub,Akron,OH,,Brewpub,,2020-03-03T00:00:00,confirmed_date,,not_recorded,,,,,unmatched,,,
5310,Hoppin’ Frog Brewing,Akron,OH,,Micro,,2020-04-11T00:00:00,confirmed_date,,not_recorded,,,,,unmatched,,,
5311,Missing Falls Brewery,Akron,OH,,Taproom,,2020-04-11T00:00:00,confirmed_date,,not_recorded,,,,,unmatched,,,
5312,Thirsty Dog Brewing Company,Akron,OH,,Micro,,2020-04-11T00:00:00,confirmed_date,,not_recorded,,,,,unmatched,,,
5313,Eighty-Three Brewery,Akron,OH,,Taproom,,,not_recorded,,not_recorded,,,,,unmatched,,,
5314,Magic City Brewing Company,Akron,OH,,Taproom,,,not_recorded,,not_recorded,,,,,unmatched,,,
5315,Two Monks Brewing Company,Akron,OH,,Taproom,,,not_recorded,,not_recorded,,,,,unmatched,,,
5316,1487 Brewery,Alexandria,OH,,Proprietor,,2019-08-29T00:00:00,confirmed_date,,not_recorded,,,,,unmatched,,,
5317,Uniontown Brewing Co.,Ashland,OH,,Brewpub,,2020-03-03T00:00:00,confirmed_date,,not_recorded,,,,,unmatched,,,
5318,Cloven Hoof Brewing Co,Ashtabula,OH,,Taproom,,2020-03-03T00:00:00,confirmed_date,,not_recorded,,,,,unmatched,,,
5319,Jackie O’s Pub & Brewery,Athens,OH,,Brewpub,,2020-03-03T00:00:00,confirmed_date,,not_recorded,,,,,unmatched,,,
5320,Little Fish Brewing Company,Athens,OH,,Brewpub,,2020-03-03T00:00:00,confirmed_date,,not_recorded,,,,,unmatched,,,
5321,Devil’s Kettle Brewing,Athens,OH,,Micro,,,not_recorded,,not_recorded,,,,,unmatched,,,
5322,Jackie O’s Brewery,Athens,OH,,Micro,,,not_recorded,,not_recorded,,,,,unmatched,,,
5323,Paladin Brewing,Austintown,OH,,Micro,,2020-04-11T00:00:00,confirmed_date,,not_recorded,,,,,exact,paladin-brewing,content/breweries/paladin-brewing.md,
5324,Biker Brew House,Austintown,OH,,Taproom,,,not_recorded,,not_recorded,,,,,unmatched,,,
5325,Railroad Brewing Company,Avon,OH,,Micro,,,not_recorded,,not_recorded,,,,,unmatched,,,
5326,"Ignite Brewing Company, Ltd.",Barberton,OH,,Taproom,,,not_recorded,,not_recorded,,,,,unmatched,,,
5327,Roundhouse Depot Brewing Co. Llc,Bellefontaine,OH,,Taproom,,2020-03-03T00:00:00,confirmed_date,,not_recorded,,,,,unmatched,,,
5328,Cornerstone Brewing Co,Berea,OH,,Brewpub,,2020-03-03T00:00:00,confirmed_date,,not_recorded,,,,,unmatched,,,
5329,Old Mill Craft Beer,Bidwell,OH,,Taproom,,,not_recorded,,not_recorded,,,,,unmatched,,,
5330,Dungeon Hollow Brewing,Bloomingdale,OH,,Taproom,,,not_recorded,,not_recorded,,,,,unmatched,,,
5331,Fretboard Brewing Company,Blue Ash,OH,,Taproom,,,not_recorded,,not_recorded,,,,,unmatched,,,
5332,Lockport Brewery,Bolivar,OH,,Brewpub,,2020-03-03T00:00:00,confirmed_date,,not_recorded,,,,,unmatched,,,
5333,Lockport Brewery,Bolivar,OH,,Brewpub,,2020-03-03T00:00:00,confirmed_date,,not_recorded,,,,,unmatched,,,
5334,Aistear Brewing,Bowling Green,OH,,Planning,,2019-08-29T00:00:00,confirmed_date,,not_recorded,,,,,unmatched,,,
5335,Bowling Green Beer Works,Bowling Green,OH,,Taproom,,,not_recorded,,not_recorded,,,,,unmatched,,,
5336,The Vine N Hop Shop,Brunswick,OH,,Taproom,,,not_recorded,,not_recorded,,,,,unmatched,,,
5337,Father John’s Microbrewery,Bryan,OH,,Brewpub,,2020-03-03T00:00:00,confirmed_date,,not_recorded,,,,,unmatched,,,
5338,Buckeye Lake Brewery,Buckeye Lake,OH,,Micro,,,not_recorded,,not_recorded,,,,,unmatched,,,
5339,Monzula Farm Brewery / Vineyard 22,Cadiz,OH,,Taproom,,2020-03-03T00:00:00,confirmed_date,,not_recorded,,,,,unmatched,,,
5340,Southside Brewing Co,Cambridge,OH,,Brewpub,,2020-03-03T00:00:00,confirmed_date,,not_recorded,,,,,unmatched,,,
5341,"BrewDog Brewing Company, LLC",Canal Winchester,OH,,Regional,,2020-03-03T00:00:00,confirmed_date,,not_recorded,,,,,unmatched,,,
5342,Loose Rail Brewing,Canal Winchester,OH,,Taproom,,2020-04-11T00:00:00,confirmed_date,,not_recorded,,,,,unmatched,,,
5343,Canton Brewing Company,Canton,OH,,Brewpub,,2020-03-03T00:00:00,confirmed_date,,not_recorded,,,,,unmatched,,,
5344,Fat Head’s Brewery - Canton,Canton,OH,,Brewpub,,2020-03-03T00:00:00,confirmed_date,,not_recorded,,,,,unmatched,,,
5345,Royal Docks Brewing Company,Canton,OH,,Brewpub,,2020-03-03T00:00:00,confirmed_date,,not_recorded,,,,,unmatched,,,
5346,Muskellunge Brewing Company,Canton,OH,,Taproom,,,not_recorded,,not_recorded,,,,,unmatched,,,
5347,Outerbelt Brewing Company,Carroll,OH,,Micro,,2020-03-03T00:00:00,confirmed_date,,not_recorded,,,,,unmatched,,,
5348,Twin Oast Brewing,Catawba Island,OH,,Taproom,,2020-03-03T00:00:00,confirmed_date,,not_recorded,,,,,unmatched,,,
5349,Lake Rat Brewing,Celina,OH,,Brewpub,,2020-03-03T00:00:00,confirmed_date,,not_recorded,,,,,unmatched,,,
5350,Lock 27 Brewing,Centerville,OH,,Brewpub,,2020-03-03T00:00:00,confirmed_date,,not_recorded,,,,,unmatched,,,
5351,Heavier Than Air Brewing Co,Centerville,OH,,Taproom,,,not_recorded,,not_recorded,,,,,unmatched,,,
5352,Crooked Pecker Brewing,Chagrin Falls,OH,,Micro,,2020-03-03T00:00:00,confirmed_date,yes,confirmed_yes,,https://crookedpeckerbrewing.com/,,,unmatched,,,
5353,Chagrin Beer Company,Chagrin Falls,OH,,Contract,,2020-03-03T00:00:00,confirmed_date,,not_recorded,,,,,unmatched,,,
5354,Rebel Mettle Brewing LLC,Cincinnati,OH,,Planning,,2019-10-26T00:00:00,confirmed_date,,not_recorded,,,,,unmatched,,,
5355,Boston Beer Co - DBA Samuel Adams Brewing Co,Cincinnati,OH,,Regional,,2019-11-03T00:00:00,confirmed_date,,not_recorded,,,,,unmatched,,,
5356,Urban Artifact,Cincinnati,OH,,Micro,,2019-11-27T00:00:00,confirmed_date,,not_recorded,,,,,unmatched,,,
5357,13 Below Brewery,Cincinnati,OH,,Taproom,,2020-03-03T00:00:00,confirmed_date,,not_recorded,,,,,unmatched,,,
5358,Brink Brewing Company,Cincinnati,OH,,Taproom,,2020-03-03T00:00:00,confirmed_date,,not_recorded,,,,,unmatched,,,
5359,Christian Moerlein Brewing Co,Cincinnati,OH,,Regional,,2020-03-03T00:00:00,confirmed_date,,not_recorded,,,,,unmatched,,,
5360,Fibonacci Brewing Company,Cincinnati,OH,,Taproom,,2020-03-03T00:00:00,confirmed_date,,not_recorded,,,,,unmatched,,,
5361,Fifty West Brewing Co,Cincinnati,OH,,Brewpub,,2020-03-03T00:00:00,confirmed_date,,not_recorded,,,,,unmatched,,,
5362,HighGrain Brewing Co.,Cincinnati,OH,,Brewpub,,2020-03-03T00:00:00,confirmed_date,,not_recorded,,,,,unmatched,,,
5363,Karrikin Spirits,Cincinnati,OH,,Brewpub,,2020-03-03T00:00:00,confirmed_date,,not_recorded,,,,,unmatched,,,
5364,Listermann Brewing Company,Cincinnati,OH,,Taproom,,2020-03-03T00:00:00,confirmed_date,,not_recorded,,,,,unmatched,,,
5365,MadTree Brewing,Cincinnati,OH,,Regional,,2020-03-03T00:00:00,confirmed_date,,not_recorded,,,,,unmatched,,,
5366,MadTree Brewing,Cincinnati,OH,,Regional,,2020-03-03T00:00:00,confirmed_date,,not_recorded,,,,,unmatched,,,
5367,March First Brewing,Cincinnati,OH,,Brewpub,,2020-03-03T00:00:00,confirmed_date,,not_recorded,,,,,unmatched,,,
5368,Moerlein Lager House,Cincinnati,OH,,Brewpub,,2020-03-03T00:00:00,confirmed_date,,not_recorded,,,,,unmatched,,,
5369,Nine Giant Brewing,Cincinnati,OH,,Brewpub,,2020-03-03T00:00:00,confirmed_date,,not_recorded,,,,,unmatched,,,
5370,Platform Beer Co - Locoba,Cincinnati,OH,,Micro,,2020-03-03T00:00:00,confirmed_date,,not_recorded,,,,,unmatched,,,
5371,Rhinegeist Brewery,Cincinnati,OH,,Regional,,2020-03-03T00:00:00,confirmed_date,,not_recorded,,,,,unmatched,,,
5372,Rock Bottom Brewery - Cincinnati,Cincinnati,OH,,Brewpub,,2020-03-03T00:00:00,confirmed_date,,not_recorded,,,,,unmatched,,,
5373,Taft’s Ale House,Cincinnati,OH,,Taproom,,2020-03-03T00:00:00,confirmed_date,,not_recorded,,,,,unmatched,,,
5374,Taft’s Brewing Co,Cincinnati,OH,,Brewpub,,2020-03-03T00:00:00,confirmed_date,,not_recorded,,,,,unmatched,,,
5375,"Wiedemann Brewing Co, LLC",Cincinnati,OH,,Brewpub,,2020-03-03T00:00:00,confirmed_date,,not_recorded,,,,,unmatched,,,
5376,Bad Tom Smith Brewing,Cincinnati,OH,,Taproom,,2020-04-11T00:00:00,confirmed_date,,not_recorded,,,,,unmatched,,,
5377,Cincy Brewing Co.,Cincinnati,OH,,Taproom,,2020-04-11T00:00:00,confirmed_date,,not_recorded,,,,,unmatched,,,
5378,Northern Row Brewery & Distillery,Cincinnati,OH,,Micro,,2020-04-11T00:00:00,confirmed_date,,not_recorded,,,,,unmatched,,,
5379,Paradise Brewing / Paradise Brewing Supplies,Cincinnati,OH,,Taproom,,2020-04-11T00:00:00,confirmed_date,,not_recorded,,,,,unmatched,,,
5380,Platform Cincinnati,Cincinnati,OH,,Micro,,2020-04-11T00:00:00,confirmed_date,,not_recorded,,,,,unmatched,,,
5381,Three Points Urban Brewery,Cincinnati,OH,,Taproom,,2020-04-11T00:00:00,confirmed_date,,not_recorded,,,,,unmatched,,,
5382,Rhinegeist Brewery,Cincinnati,OH,,Micro,Yes,,not_recorded,,not_recorded,,,,,unmatched,,,
5383,Fifty West Brewing Co,Cincinnati,OH,,Micro,,,not_recorded,,not_recorded,,,,,unmatched,,,
5384,Humble Monk Brewing Co,Cincinnati,OH,,Micro,,,not_recorded,,not_recorded,,,,,unmatched,,,
5385,Mt. Carmel Brewing Co,Cincinnati,OH,,Micro,,,not_recorded,,not_recorded,,,,,unmatched,,,
5386,Off Track Brewing Company,Cincinnati,OH,,Micro,,,not_recorded,,not_recorded,,,,,unmatched,,,
5387,Streetside Brewery,Cincinnati,OH,,Taproom,yes-crippled anatomy,,not_recorded,,not_recorded,,,,,unmatched,,,
5388,The Woodburn Brewery,Cincinnati,OH,,Micro,,,not_recorded,,not_recorded,,,,,unmatched,,,
5389,West Side Brewing,Cincinnati,OH,,Taproom,,,not_recorded,,not_recorded,,,,,unmatched,,,
5390,Cleveland Brewing Company @ Butcher and The Brewer,Cleveland,OH,,Brewpub,,2019-11-27T00:00:00,confirmed_date,,not_recorded,,,,,unmatched,,,
5391,Market Garden Brewery,Cleveland,OH,,Micro,,2019-12-08T00:00:00,confirmed_date,,not_recorded,,,,,unmatched,,,
5392,Market Garden Brewery,Cleveland,OH,,Micro,,2019-12-08T00:00:00,confirmed_date,,not_recorded,,,,,unmatched,,,
5393,Bad Tom Smith Brewing,Cleveland,OH,,Brewpub,,2020-03-03T00:00:00,confirmed_date,,not_recorded,,,,,unmatched,,,
5394,Boss Dog Brewing,Cleveland,OH,,Brewpub,,2020-03-03T00:00:00,confirmed_date,,not_recorded,,,,,unmatched,,,
5395,Collision Bend Brewing Co,Cleveland,OH,,Brewpub,,2020-03-03T00:00:00,confirmed_date,,not_recorded,,,,,unmatched,,,
5396,Earlybird Brewing Company,Cleveland,OH,,Contract,,2020-03-03T00:00:00,confirmed_date,,not_recorded,,,,,unmatched,,,
5397,Goldhorn Brewery,Cleveland,OH,,Brewpub,,2020-03-03T00:00:00,confirmed_date,,not_recorded,,,,,unmatched,,,
5398,Granite City Food & Brewery,Cleveland,OH,,Brewpub,,2020-03-03T00:00:00,confirmed_date,,not_recorded,,,,,unmatched,,,
5399,Great Lakes Brewing Co,Cleveland,OH,,Regional,,2020-03-03T00:00:00,confirmed_date,,not_recorded,,,,,unmatched,,,
5400,Great Lakes Brewing Co,Cleveland,OH,,Brewpub,,2020-03-03T00:00:00,confirmed_date,,not_recorded,,,,,unmatched,,,
5401,Hansa Brewery,Cleveland,OH,,Brewpub,,2020-03-03T00:00:00,confirmed_date,,not_recorded,,,,,unmatched,,,
5402,Hofbrauhaus Cleveland / Cincinnati Restaurant Group,Cleveland,OH,,Brewpub,,2020-03-03T00:00:00,confirmed_date,,not_recorded,,,,,unmatched,,,
5403,Masthead Brewing Co,Cleveland,OH,,Taproom,,2020-03-03T00:00:00,confirmed_date,,not_recorded,,,,,unmatched,,,
5404,Nano Brew Cleveland,Cleveland,OH,,Brewpub,,2020-03-03T00:00:00,confirmed_date,,not_recorded,,,,,unmatched,,,
5405,Noble Beast Brewing Co.,Cleveland,OH,,Brewpub,,2020-03-03T00:00:00,confirmed_date,,not_recorded,,,,,unmatched,,,
5406,Platform Beer Co,Cleveland,OH,,Regional,,2020-03-03T00:00:00,confirmed_date,,not_recorded,,,,,unmatched,,,
5407,Platform Beer Phunkenship,Cleveland,OH,,Micro,,2020-03-03T00:00:00,confirmed_date,,not_recorded,,,,,unmatched,,,
5408,Saucy Brew Works,Cleveland,OH,,Brewpub,,2020-03-03T00:00:00,confirmed_date,,not_recorded,,,,,unmatched,,,
5409,Southern Tier Brewing Co,Cleveland,OH,,Brewpub,,2020-03-03T00:00:00,confirmed_date,,not_recorded,,,,,unmatched,,,
5410,The Jolly Scholar,Cleveland,OH,,Brewpub,,2020-03-03T00:00:00,confirmed_date,,not_recorded,,,,,unmatched,,,
5411,Thirsty Dog East Bank,Cleveland,OH,,Brewpub,,2020-03-03T00:00:00,confirmed_date,,not_recorded,,,,,unmatched,,,
5412,Working Class Brewery,Cleveland,OH,,Taproom,,2020-03-03T00:00:00,confirmed_date,,not_recorded,,,,,unmatched,,,
5413,"Bookhouse Brewing, LLC.",Cleveland,OH,,Taproom,,2020-04-11T00:00:00,confirmed_date,,not_recorded,,,,,unmatched,,,
5414,Brick and Barrel,Cleveland,OH,,Taproom,,2020-04-11T00:00:00,confirmed_date,,not_recorded,,,,,unmatched,,,
5415,CLE Brewing,Cleveland,OH,,Micro,,2020-04-11T00:00:00,confirmed_date,,not_recorded,,,,,unmatched,,,
5416,Forest City Brewery,Cleveland,OH,,Taproom,,2020-04-11T00:00:00,confirmed_date,,not_recorded,,,,,unmatched,,,
5417,Platform Beer Co - Production Facility,Cleveland,OH,,Micro,,,not_recorded,,not_recorded,,,,,unmatched,,,
5418,Terrestrial Brewing Company,Cleveland,OH,,Taproom,,,not_recorded,,not_recorded,,,,,unmatched,,,
5419,The Cleveland Brewery,Cleveland,OH,,Taproom,,,not_recorded,,not_recorded,,,,,unmatched,,,
5420,The BottleHouse Brewery And Meadery,Cleveland Heights,OH,,Taproom,,2020-03-03T00:00:00,confirmed_date,,not_recorded,,,,,unmatched,,,
5421,Tailspin Brewing Co,Coldwater,OH,,Taproom,,2020-04-11T00:00:00,confirmed_date,,not_recorded,,,,,unmatched,,,
5422,BirdFish Brewing Co,Columbiana,OH,,Taproom,,2020-03-03T00:00:00,confirmed_date,,not_recorded,,,,,unmatched,,,
5423,Birdfish Brewing Co - Down Low,Columbiana,OH,,Micro,,,not_recorded,,not_recorded,,,,,unmatched,,,
5424,Antiques On High,Columbus,OH,,Micro,,2019-12-08T00:00:00,confirmed_date,,not_recorded,,,,,unmatched,,,
5425,Anheuser-Busch Inc – Columbus,Columbus,OH,,Largge,,2020-03-03T00:00:00,confirmed_date,,not_recorded,,,,,unmatched,,,
5426,Barley’s Brewing Company (Ale House No. 1),Columbus,OH,,Brewpub,,2020-03-03T00:00:00,confirmed_date,,not_recorded,,,,,unmatched,,,
5427,Elevator Brewery and Draught Haus,Columbus,OH,,Brewpub,,2020-03-03T00:00:00,confirmed_date,,not_recorded,,,,,unmatched,,,
5428,Gemüt Biergarten,Columbus,OH,,Brewpub,,2020-03-03T00:00:00,confirmed_date,,not_recorded,,,,,unmatched,,,
5429,Gordon Biersch Brewery Restaurant - Columbus,Columbus,OH,,Brewpub,,2020-03-03T00:00:00,confirmed_date,,not_recorded,,,,,unmatched,,,
5430,Hofbrauhaus Columbus,Columbus,OH,,Brewpub,,2020-03-03T00:00:00,confirmed_date,,not_recorded,,,,,unmatched,,,
5431,Hoof Hearted Brewing - Brewery and Kitchen,Columbus,OH,,Brewpub,,2020-03-03T00:00:00,confirmed_date,,not_recorded,,,,,unmatched,,,
5432,Hoster Brewing Co,Columbus,OH,,Contract,,2020-03-03T00:00:00,confirmed_date,,not_recorded,,,,,unmatched,,,
5433,Kindred Beer,Columbus,OH,,Micro,,2020-03-03T00:00:00,confirmed_date,,not_recorded,,,,,unmatched,,,
5434,Knotty Pine Brewing,Columbus,OH,,Brewpub,,2020-03-03T00:00:00,confirmed_date,,not_recorded,,,,,unmatched,,,
5435,Lineage Brewing,Columbus,OH,,Brewpub,,2020-03-03T00:00:00,confirmed_date,,not_recorded,,,,,unmatched,,,
5436,Nostalgia Brewing,Columbus,OH,,Brewpub,,2020-03-03T00:00:00,confirmed_date,,not_recorded,,,,,unmatched,,,
5437,Smokehouse Brewing,Columbus,OH,,Brewpub,,2020-03-03T00:00:00,confirmed_date,,not_recorded,,,,,unmatched,,,
5438,Somewhere In Particular Brewing,Columbus,OH,,Brewpub,,2020-03-03T00:00:00,confirmed_date,,not_recorded,,,,,unmatched,,,
5439,The Brew Brothers / Scioto Downs Racino,Columbus,OH,,Brewpub,,2020-03-03T00:00:00,confirmed_date,,not_recorded,,,,,unmatched,,,
5440,Wolf’s Ridge Brewing,Columbus,OH,,Brewpub,,2020-03-03T00:00:00,confirmed_date,,not_recorded,,,,,unmatched,,,
5441,2 Tones Brewing Co.,Columbus,OH,,Micro,,2020-04-11T00:00:00,confirmed_date,,not_recorded,,,,,unmatched,,,
5442,Elevator Brewing Co - Production facility,Columbus,OH,,Micro,,2020-04-11T00:00:00,confirmed_date,,not_recorded,,,,,unmatched,,,
5443,Land-Grant Brewing Company,Columbus,OH,,Micro,,2020-04-11T00:00:00,confirmed_date,,not_recorded,,,,,unmatched,,,
5444,Random Precision Brewing Company,Columbus,OH,,Taproom,,2020-04-11T00:00:00,confirmed_date,,not_recorded,,,,,unmatched,,,
5445,Sideswipe Brewing,Columbus,OH,,Taproom,,2020-04-11T00:00:00,confirmed_date,,not_recorded,,,,,unmatched,,,
5446,Zaftig Brewing Co.,Columbus,OH,,Micro,,2020-04-11T00:00:00,confirmed_date,,not_recorded,,,,,unmatched,,,
5447,Columbus Brewing Co,Columbus,OH,,Regional,,yes,confirmed_yes,,not_recorded,,,,,exact,columbus-brewing-co,content/breweries/columbus-brewing-co.md,
5448,Commonhouse Ales,Columbus,OH,,Micro,,,not_recorded,,not_recorded,,,,,unmatched,,,
5449,Endeavor Brewing Company,Columbus,OH,,Micro,,,not_recorded,,not_recorded,,,,,unmatched,,,
5450,Kindred Beer,Columbus,OH,,Micro,,,not_recorded,,not_recorded,,,,,unmatched,,,
5451,North High Brewing,Columbus,OH,,Micro,,,not_recorded,,not_recorded,,,,,unmatched,,,
5452,Parsons North Brewing Company,Columbus,OH,,Micro,,,not_recorded,,not_recorded,,,,,unmatched,,,
5453,Platform Beer Co Taproom,Columbus,OH,,Micro,,,not_recorded,,not_recorded,,,,,unmatched,,,
5454,Pretentious Barrel House,Columbus,OH,,Taproom,,,not_recorded,,not_recorded,,,,,unmatched,,,
5455,Seventh Son Brewing Co,Columbus,OH,,Taproom,,,not_recorded,,not_recorded,,,,,unmatched,,,
5456,Greene Eagle Winery and Brewpub,Cortland,OH,,Brewpub,,2020-03-03T00:00:00,confirmed_date,,not_recorded,,,,,unmatched,,,
5457,HiHO Brewing Co,Cuyahoga Falls,OH,,Taproom,,2020-03-03T00:00:00,confirmed_date,,not_recorded,,,,,unmatched,,,
5458,McArthur’s Brew House,Cuyahoga Falls,OH,,Brewpub,,2020-03-03T00:00:00,confirmed_date,,not_recorded,,,,,unmatched,,,
5459,Missing Mountain Brewing Company,Cuyahoga Falls,OH,,Brewpub,,2020-03-03T00:00:00,confirmed_date,,not_recorded,,,,,unmatched,,,
5460,Ohio Brewing Company,Cuyahoga Falls,OH,,Brewpub,,2020-03-03T00:00:00,confirmed_date,,not_recorded,,,,,unmatched,,,
5461,H Gerstner and Sons,Dayton,OH,,Other,,yes,confirmed_yes,yes,confirmed_yes,yes,,,,unmatched,,,
5462,Dayton Beer Co Production Brewery & Bierhall,Dayton,OH,,Micro,,2019-11-27T00:00:00,confirmed_date,,not_recorded,,,,,unmatched,,,
5463,Carillon Brewing Company,Dayton,OH,,Brewpub,,2020-03-03T00:00:00,confirmed_date,,not_recorded,,,,,unmatched,,,
5464,Eudora Brewing Co,Dayton,OH,,Brewpub,,2020-03-03T00:00:00,confirmed_date,,not_recorded,,,,,unmatched,,,
5465,Fifth Street Brewpub,Dayton,OH,,Brewpub,,2020-03-03T00:00:00,confirmed_date,,not_recorded,,,,,unmatched,,,
5466,Lock 27 Brewing,Dayton,OH,,Brewpub,,2020-03-03T00:00:00,confirmed_date,,not_recorded,,,,,unmatched,,,
5467,Toxic Brew Company,Dayton,OH,,Brewpub,,2020-03-03T00:00:00,confirmed_date,,not_recorded,,,,,unmatched,,,
5468,Branch & Bone Artisan Ales,Dayton,OH,,Taproom,,,not_recorded,,not_recorded,,,,,unmatched,,,
5469,Warped Wing Brewing Co,Dayton,OH,,Micro,,,not_recorded,,not_recorded,,,,,unmatched,,,
5470,4kd Crick Brewery,Defiance,OH,,Brewpub,,2020-03-03T00:00:00,confirmed_date,,not_recorded,,,,,unmatched,,,
5471,Old Dog Alehouse,Delaware,OH,,Brewpub,,2020-03-03T00:00:00,confirmed_date,,not_recorded,,,,,unmatched,,,
5472,Restoration Brew Worx,Delaware,OH,,Brewpub,,2020-03-03T00:00:00,confirmed_date,,not_recorded,,,,,unmatched,,,
5473,Staas Brewing Company,Delaware,OH,,Taproom,,2020-03-03T00:00:00,confirmed_date,,not_recorded,,,,,unmatched,,,
5474,Hoodletown Brewing Co,Dover,OH,,Taproom,,,not_recorded,,not_recorded,,,,,unmatched,,,
5475,Franklin Brewing Co,Elyria,OH,,Taproom,,,not_recorded,,not_recorded,,,,,unmatched,,,
5476,Swine City Brewing Company,Fairfield,OH,,Taproom,,,not_recorded,,not_recorded,,,,,unmatched,,,
5477,Findlay Brewing Co,Findlay,OH,,Brewpub,,2019-12-08T00:00:00,confirmed_date,,not_recorded,,,,,unmatched,,,
5478,The Urban Woody Brewery,Fostoria,OH,,Taproom,,2020-03-03T00:00:00,confirmed_date,,not_recorded,,,,,unmatched,,,
5479,Wooly Pig Farm Brewery,Fresno,OH,,Taproom,,yes,confirmed_yes,yes,confirmed_yes,yes,,,,unmatched,,,
5480,Garrett’s Mill and Brewing Company,Garrettsville,OH,,Brewpub,,2020-03-03T00:00:00,confirmed_date,,not_recorded,,,,,unmatched,,,
5481,GOTL Brewing Co,Geneva,OH,,Brewpub,,2020-03-03T00:00:00,confirmed_date,,not_recorded,,,,,unmatched,,,
5482,Virant Family Winery / Black Angus Brewery,Geneva,OH,,Brewpub,,2020-03-03T00:00:00,confirmed_date,,not_recorded,,,,,unmatched,,,
5483,Quenched & Tempered Brewery,Grand Rapids,OH,,Micro,,2020-03-03T00:00:00,confirmed_date,,not_recorded,,,,,unmatched,,,
5484,Wild Side Brewing Company,Grand Rapids,OH,,Brewpub,,2020-03-03T00:00:00,confirmed_date,,not_recorded,,,,,unmatched,,,
5485,Neon Groundhog Brewery - Majestic Oak Winery,Grand Rapids,OH,,Taproom,,,not_recorded,,not_recorded,,,,,unmatched,,,
5486,Three Tigers Brewing Company,Granville,OH,,Brewpub,,2020-03-03T00:00:00,confirmed_date,,not_recorded,,,,,unmatched,,,
5487,Granville Brewing Company,Granville,OH,,Taproom,,,not_recorded,,not_recorded,,,,,unmatched,,,
5488,Grove City Brewing Company,Grove City,OH,,Brewpub,,2020-03-03T00:00:00,confirmed_date,,not_recorded,,,,,unmatched,,,
5489,Municipal Brew Works,Hamilton,OH,,Taproom,,2020-04-11T00:00:00,confirmed_date,,not_recorded,,,,,unmatched,,,
5490,Maize Valley Craft Brewery,Hartville,OH,,Taproom,,,not_recorded,,not_recorded,,,,,unmatched,,,
5491,Earthworks Brewing,Heath,OH,,Micro,,2020-03-03T00:00:00,confirmed_date,,not_recorded,,,,,unmatched,,,
5492,Homestead Beer Co.,Heath,OH,,Micro,,2020-04-11T00:00:00,confirmed_date,,not_recorded,,,,,unmatched,,,
5493,Two Bandits Brewing Company,Hicksville,OH,,Brewpub,,2020-03-03T00:00:00,confirmed_date,,not_recorded,,,,,unmatched,,,
5494,Black Frog Brewing Co,Holland,OH,,Taproom,,,not_recorded,,not_recorded,,,,,unmatched,,,
5495,Alematic Artisan Ales,Huber Heights,OH,,Taproom,,2019-08-29T00:00:00,confirmed_date,,not_recorded,,,,,unmatched,,,
5496,Hop Tree Brewing Company Ltd,Hudson,OH,,Brewpub,,2020-03-03T00:00:00,confirmed_date,,not_recorded,,,,,unmatched,,,
5497,Sixth Sense Brewing Company,Jackson,OH,,Brewpub,,2020-03-03T00:00:00,confirmed_date,,not_recorded,,,,,unmatched,,,
5498,Galena Brewing Company,Johnstown,OH,,Taproom,,,not_recorded,,not_recorded,,,,,unmatched,,,
5499,Kelleys Island Brewery,Kelleys Island,OH,,Brewpub,,2020-03-03T00:00:00,confirmed_date,,not_recorded,,,,,unmatched,,,
5500,MadCap Brew Co,Kent,OH,,Micro,,2020-03-03T00:00:00,confirmed_date,,not_recorded,,,,,unmatched,,,
5501,Lil Paws Winery,Lake Milton,OH,,Taproom,,,not_recorded,,not_recorded,,,,,unmatched,,,
5502,BottleHouse Brewery,Lakewood,OH,,Taproom,,2020-03-03T00:00:00,confirmed_date,,not_recorded,,,,,unmatched,,,
5503,Rich Regal,Lancaster,OH,,Other,,yes,confirmed_yes,yes,confirmed_yes,yes,,,,unmatched,,,
5504,Rockmill Brewing Co,Lancaster,OH,,Micro,,2020-03-03T00:00:00,confirmed_date,,not_recorded,,,,,unmatched,,,
5505,Double Edge Brewing Co,Lancaster,OH,,Taproom,,,not_recorded,,not_recorded,,,,,unmatched,,,
5506,Olentangy River Brewing Company,Lewis Center,OH,,Taproom,,2019-12-08T00:00:00,confirmed_date,,not_recorded,,,,,unmatched,,,
5507,Numbers Brewing Company,Lisbon,OH,,Brewpub,,2020-03-03T00:00:00,confirmed_date,,not_recorded,,,,,exact,numbers-brewing-company,content/breweries/numbers-brewing-company.md,
5508,Eldridge & Fiske Brewery and Taproom,Lithopolis,OH,,Taproom,,,not_recorded,,not_recorded,,,,,unmatched,,,
5509,"Brewery 33 Hocking Hills, LLC",Logan,OH,,Micro,,2020-03-03T00:00:00,confirmed_date,,not_recorded,,,,,unmatched,,,
5510,Bascule Brewery And Public House,Lorain,OH,,Taproom,,2020-03-03T00:00:00,confirmed_date,,not_recorded,,,,,unmatched,,,
5511,Narrow Path Brewing Company,Loveland,OH,,Taproom,,2020-03-03T00:00:00,confirmed_date,,not_recorded,,,,,unmatched,,,
5512,Cornerstone Brewing Co,Madison,OH,,Brewpub,,2020-03-03T00:00:00,confirmed_date,,not_recorded,,,,,unmatched,,,
5513,Double Wing Brewing Co,Madison,OH,,Brewpub,,2020-03-03T00:00:00,confirmed_date,,not_recorded,,,,,unmatched,,,
5514,The Phoenix Brewing Company,Mansfield,OH,,Taproom,,2020-03-03T00:00:00,confirmed_date,,not_recorded,,,,,unmatched,,,
5515,Laxton Hollow Brewing Works,Mansfield,OH,,Taproom,,,not_recorded,,not_recorded,,,,,unmatched,,,
5516,Hoof Hearted Brewing,Marengo,OH,,Micro,,2020-03-03T00:00:00,confirmed_date,,not_recorded,,,,,unmatched,,,
5517,Moeller Brew Barn,Maria Stein,OH,,Micro,,,not_recorded,,not_recorded,,,,,unmatched,,,
5518,Marietta Brewing Co,Marietta,OH,,Brewpub,,2020-03-03T00:00:00,confirmed_date,,not_recorded,,,,,unmatched,,,
5519,Dalton Union,MARYSVILLE,OH,,Taproom,,2020-03-03T00:00:00,confirmed_date,,not_recorded,,,,,unmatched,,,
5520,16 Lots Brewing,Mason,OH,,Brewpub,,2019-10-26T00:00:00,confirmed_date,,not_recorded,,,,,unmatched,,,
5521,Sonder Brewing,Mason,OH,,Taproom,,2020-04-11T00:00:00,confirmed_date,,not_recorded,,,,,unmatched,,,
5522,The Common Beer Company,Mason,OH,,Taproom,,2020-04-11T00:00:00,confirmed_date,,not_recorded,,,,,unmatched,,,
5523,Paradigm Shift Brewing,Massillon,OH,,Taproom,,2020-03-03T00:00:00,confirmed_date,,not_recorded,,,,,unmatched,,,
5524,Royal Docks Brewhouse and Cannery,Massillon,OH,,Micro,,,not_recorded,,not_recorded,,,,,unmatched,,,
5525,Granite City Food & Brewery (#25),Maumee,OH,,Brewpub,,2020-03-03T00:00:00,confirmed_date,,not_recorded,,,,,unmatched,,,
5526,Lager Heads Smokehouse,Medina,OH,,Brewpub,,2020-03-03T00:00:00,confirmed_date,,not_recorded,,,,,unmatched,,,
5527,Lager Heads Brewing Co.,Medina,OH,,Micro,,,not_recorded,,not_recorded,,,,,unmatched,,,
5528,Pinups & Pints,Medway,OH,,Taproom,,,not_recorded,,not_recorded,,,,,unmatched,,,
5529,The Brew Mentor,Mentor,OH,,Taproom,,,not_recorded,,not_recorded,,,,,unmatched,,,
5530,Lucky Star Brewery,Miamisburg,OH,,Brewpub,,2020-03-03T00:00:00,confirmed_date,,not_recorded,,,,,unmatched,,,
5531,Star City Brewing Company,Miamisburg,OH,,Taproom,,,not_recorded,,not_recorded,,,,,unmatched,,,
5532,Saint Hazards Brewery,Middle Bass Island,OH,,Brewpub,,2020-03-03T00:00:00,confirmed_date,,not_recorded,,,,,unmatched,,,
5533,Fat Head’s Brewery,Middleburg Heights,OH,,Regional,,2020-03-03T00:00:00,confirmed_date,,not_recorded,,,,,unmatched,,,
5534,Rivals Sports Grille,Middleburg Heights,OH,,Contract,,2020-03-03T00:00:00,confirmed_date,,not_recorded,,,,,unmatched,,,
5535,FigLeaf Brewing Company,Middletown,OH,,Brewpub,,2020-03-03T00:00:00,confirmed_date,,not_recorded,,,,,unmatched,,,
5536,Rolling Mill Brewing Company,Middletown,OH,,Taproom,,,not_recorded,,not_recorded,,,,,unmatched,,,
5537,Little Miami Brewing Company,Milford,OH,,Brewpub,,2020-03-03T00:00:00,confirmed_date,,not_recorded,,,,,unmatched,,,
5538,Millersburg Brewing,Millersburg,OH,,Taproom,,,not_recorded,,not_recorded,,,,,unmatched,,,
5539,Sandy Springs Brewing Company,Minerva,OH,,Brewpub,,2020-03-03T00:00:00,confirmed_date,,not_recorded,,,,,unmatched,,,
5540,Rivertown Brewing Co - Monroe Barrel House,Monroe,OH,,Micro,,2020-04-11T00:00:00,confirmed_date,,not_recorded,,,,,unmatched,,,
5541,Drop Tine Winery and Tap House,Montpelier,OH,,Brewpub,,2020-03-03T00:00:00,confirmed_date,,not_recorded,,,,,unmatched,,,
5542,Valley Vineyards Winery & Cellar Dweller Brewing,Morrow,OH,,Brewpub,,2020-03-03T00:00:00,confirmed_date,,not_recorded,,,,,unmatched,,,
5543,Bardwell Winery and Brewery,Mount Orab,OH,,Brewpub,,2020-03-03T00:00:00,confirmed_date,,not_recorded,,,,,unmatched,,,
5544,Sons Of Toil Brewing LLC,Mount Orab,OH,,Taproom,,,not_recorded,,not_recorded,,,,,unmatched,,,
5545,Happy Street Bru-Werks,Mount Vernon,OH,,Brewpub,,2020-03-03T00:00:00,confirmed_date,,not_recorded,,,,,unmatched,,,
5546,Stein Brewing Company,Mount Vernon,OH,,Brewpub,,2020-03-03T00:00:00,confirmed_date,,not_recorded,,,,,exact,stein-brewing-company,content/breweries/stein-brewing-company.md,
5547,Flatrock Brewing Company,Napoleon,OH,,Brewpub,,2020-03-03T00:00:00,confirmed_date,,not_recorded,,,,,unmatched,,,
5548,White Shutter Winery and Brewery,Nevada,OH,,Taproom,,,not_recorded,,not_recorded,,,,,unmatched,,,
5549,Gongoozlers Brewery,New Bremen,OH,,Taproom,,2020-03-03T00:00:00,confirmed_date,,not_recorded,,,,,unmatched,,,
5550,DankHouse Brewing Company,Newark,OH,,Taproom,,2019-11-27T00:00:00,confirmed_date,,not_recorded,,,,,unmatched,,,
5551,Buck’s Brewing Co,Newark,OH,,Taproom,,,not_recorded,,not_recorded,,,,,unmatched,,,
5552,Trek Brewing,Newark,OH,,Taproom,,,not_recorded,,not_recorded,,,,,unmatched,,,
5553,Shale Brewing Co,North Canton,OH,,Micro,,2020-04-11T00:00:00,confirmed_date,,not_recorded,,,,,unmatched,,,
5554,Spider Monkey Brewing Company,North Canton,OH,,,,2020-07-31T00:00:00,confirmed_date,,not_recorded,,,,,unmatched,,,
5555,Fat Head’s Brewery & Saloon,North Olmsted,OH,,Brewpub,,2020-03-03T00:00:00,confirmed_date,,not_recorded,,,,,unmatched,,,
5556,Combustion Brewery,Pickerington,OH,,Taproom,,yes,confirmed_yes,,not_recorded,,,,,exact,combustion-brewery,content/breweries/combustion-brewery.md,
5557,Maple Lawn Brewery,Pomeroy,OH,,Taproom,,2020-03-03T00:00:00,confirmed_date,,not_recorded,,,,,unmatched,,,
5558,Catawba Island Brewing Company,Port Clinton,OH,,Taproom,,,not_recorded,,not_recorded,,,,,unmatched,,,
5559,7 Pour 0 Brewery,Portsmouth,OH,,Micro,,2019-11-27T00:00:00,confirmed_date,,not_recorded,,,,,unmatched,,,
5560,Portsmouth Brewing Co/Maults,Portsmouth,OH,,Brewpub,,2020-03-03T00:00:00,confirmed_date,,not_recorded,,,,,unmatched,,,
5561,Nocterra Brewing Company,Powell,OH,,Micro,,2020-03-03T00:00:00,confirmed_date,,not_recorded,,,,,unmatched,,,
5562,Ill Mannered Brewing Company,Powell,OH,,Taproom,,2020-04-11T00:00:00,confirmed_date,,not_recorded,,,,,unmatched,,,
5563,Put-In-Bay Brewing Co,Put In Bay,OH,,Brewpub,,2020-03-03T00:00:00,confirmed_date,,not_recorded,,,,,unmatched,,,
5564,Hightower Brewing Co,Rayland,OH,,Taproom,,,not_recorded,,not_recorded,,,,,unmatched,,,
5565,Rocky River Brewing Co,Rocky River,OH,,Brewpub,,2020-03-03T00:00:00,confirmed_date,,not_recorded,,,,,unmatched,,,
5566,Bait House Brewery,Sandusky,OH,,Taproom,,,not_recorded,,not_recorded,,,,,unmatched,,,
5567,Main Sail Brewery / Atwood Yacht Club,Sherrodsville,OH,,Taproom,,2020-04-11T00:00:00,confirmed_date,,not_recorded,,,,,unmatched,,,
5568,Crooked Handle Brewing Co.,Springboro,OH,,Taproom,,2020-04-11T00:00:00,confirmed_date,,not_recorded,,,,,unmatched,,,
5569,Mother Stewart’s Brewing Co,Springfield,OH,,Taproom,,2020-04-11T00:00:00,confirmed_date,,not_recorded,,,,,unmatched,,,
5570,Headtrip Brewery,Stow,OH,,Taproom,,2020-04-11T00:00:00,confirmed_date,,not_recorded,,,,,unmatched,,,
5571,"The Brew Kettle, Taproom and Smokehouse",Strongsville,OH,,Brewpub,,2020-03-03T00:00:00,confirmed_date,,not_recorded,,,,,unmatched,,,
5572,Brew Kettle - Production Works,Strongsville,OH,,Micro,,,not_recorded,,not_recorded,,,,,unmatched,,,
5573,The Lodge Restaurant & Microbrewery,Sugar Grove,OH,,Brewpub,,2020-03-03T00:00:00,confirmed_date,,not_recorded,,,,,unmatched,,,
5574,Inside The Five Brewing,Sylvania,OH,,Brewpub,,2020-03-03T00:00:00,confirmed_date,,not_recorded,,,,,unmatched,,,
5575,Upside Brewing,Sylvania,OH,,Brewpub,,2020-03-03T00:00:00,confirmed_date,,not_recorded,,,,,unmatched,,,
5576,The Laird Arcade Brewery,Tiffin,OH,,Taproom,,,not_recorded,,not_recorded,,,,,unmatched,,,
5577,"The Tiffin Brewery / AH Brewing, LLC",Tiffin,OH,,Micro,,,not_recorded,,not_recorded,,,,,unmatched,,,
5578,Earnest Brew Works,Toledo,OH,,Taproom,,2020-03-03T00:00:00,confirmed_date,,not_recorded,,,,,unmatched,,,
5579,Maumee Bay Brewing Co,Toledo,OH,,Brewpub,,2020-03-03T00:00:00,confirmed_date,,not_recorded,,,,,unmatched,,,
5580,Great Black Swamp Brewing Co,Toledo,OH,,Taproom,,,not_recorded,,not_recorded,,,,,unmatched,,,
5581,Patron Saints Brewery,Toledo,OH,,Taproom,,,not_recorded,,not_recorded,,,,,unmatched,,,
5582,MillerCoors Brewing Co - Trenton,Trenton,OH,,Largge,,2019-12-08T00:00:00,confirmed_date,,not_recorded,,,,,unmatched,,,
5583,Hairless Hare Brewery,Vandalia,OH,,Brewpub,,2020-03-03T00:00:00,confirmed_date,,not_recorded,,,,,unmatched,,,
5584,Endless Pint Brewing,Versailles,OH,,Brewpub,,2020-03-03T00:00:00,confirmed_date,,not_recorded,,,,,unmatched,,,
5585,Wadsworth Brewing Company,Wadsworth,OH,,Brewpub,,2020-03-03T00:00:00,confirmed_date,,not_recorded,,,,,unmatched,,,
5586,Clubhouse Brewing Company Ltd,Warren,OH,,Brewpub,,2020-03-03T00:00:00,confirmed_date,,not_recorded,,,,,unmatched,,,
5587,Modern Methods Brewing Company,Warren,OH,,Taproom,,,not_recorded,,not_recorded,,,,,unmatched,,,
5588,Ramblin Reds Brewing Company,Wauseon,OH,,Taproom,,2020-03-03T00:00:00,confirmed_date,,not_recorded,,,,,unmatched,,,
5589,Grainworks Brewing Company,West Chester,OH,,Taproom,,2020-04-11T00:00:00,confirmed_date,,not_recorded,,,,,unmatched,,,
5590,DogBerry Brewing LLC,West Chester,OH,,Micro,,,not_recorded,,not_recorded,,,,,unmatched,,,
5591,Temperance Row Brewing and Uptown Deli,Westerville,OH,,Brewpub,,2020-03-03T00:00:00,confirmed_date,,not_recorded,,,,,unmatched,,,
5592,Sibling Revelry Brewing,Westlake,OH,,Micro,,2020-03-03T00:00:00,confirmed_date,,not_recorded,,,,,unmatched,,,
5593,Old Firehouse Brewery,Williamsburg,OH,,Micro,,,not_recorded,,not_recorded,,,,,unmatched,,,
5594,Brim Kitchen and Brewery,Willoughby,OH,,Brewpub,,2020-03-03T00:00:00,confirmed_date,,not_recorded,,,,,unmatched,,,
5595,Willoughby Brewing Co,Willoughby,OH,,Brewpub,,2020-03-03T00:00:00,confirmed_date,,not_recorded,,,,,unmatched,,,
5596,Brausch Brewery,Wilmington,OH,,Taproom,,,not_recorded,,not_recorded,,,,,unmatched,,,
5597,JAFB Brewery,Wooster,OH,,Taproom,,2020-03-03T00:00:00,confirmed_date,,not_recorded,,,,,unmatched,,,
5598,Devil Wind Brewing LLC,Xenia,OH,,Taproom,,2020-03-03T00:00:00,confirmed_date,,not_recorded,,,,,unmatched,,,
5599,Yellow Springs Brewery,Yellow Springs,OH,,Micro,,2020-03-03T00:00:00,confirmed_date,,not_recorded,,,,,unmatched,,,
5600,Off the Rail Brewing,Youngstown,OH,,Micro,,2019-11-27T00:00:00,confirmed_date,,not_recorded,,,,,unmatched,,,
5601,Noble Creature Cask House,Youngstown,OH,,Brewpub,,2020-03-03T00:00:00,confirmed_date,,not_recorded,,,,,unmatched,,,
5602,Penguin City Beer,Youngstown,OH,,Micro,,,not_recorded,,not_recorded,,,,,unmatched,,,
5603,Weasel Boy Brewing Co  LLC,Zanesville,OH,,Brewpub,,2020-03-03T00:00:00,confirmed_date,,not_recorded,,,,,unmatched,,,
5604,Y Bridge Brewing Company,Zanesville,OH,,Taproom,,2020-04-11T00:00:00,confirmed_date,,not_recorded,,,,,unmatched,,,
5605,Broken Arrow Brewing Co.,Broken Arrow,OK,,Taproom,,,not_recorded,,not_recorded,,,,,unmatched,,,
5606,Beavers Bend Brewery,Broken Bow,OK,,Micro,,,not_recorded,,not_recorded,,,,,unmatched,,,
5607,Mountain Fork Brewery,Broken Bow,OK,,Brewpub,,,not_recorded,,not_recorded,,,,,unmatched,,,
5608,Balls Deep Tackle,Catoosa,OK,,,,2020-07-31T00:00:00,confirmed_date,,not_recorded,,,,,unmatched,,,
5609,Canadian River Brewing Co,Chickasha,OK,,Micro,,2020-04-11T00:00:00,confirmed_date,,not_recorded,,,,,unmatched,,,
5610,Battered Boar Brewing Co,Edmond,OK,,Micro,,2020-04-11T00:00:00,confirmed_date,,not_recorded,,,,,unmatched,,,
5611,Enid Brewing Company,Enid,OK,,Taproom,,,not_recorded,,not_recorded,,,,,unmatched,,,
5612,Choc Beer Co,Krebs,OK,,Micro,,,not_recorded,,not_recorded,,,,,unmatched,,,
5613,Lake Texoma Lodge And Resort,Mead,OK,,Brewpub,,2020-04-11T00:00:00,confirmed_date,,not_recorded,,,,,unmatched,,,
5614,"Royal Bavaria Brewhouse, Restaurant and Biergarten",Moore,OK,,Brewpub,,2020-03-03T00:00:00,confirmed_date,,not_recorded,,,,,unmatched,,,
5615,Muskogee Brewing Company,Muskogee,OK,,Micro,,2020-04-11T00:00:00,confirmed_date,,not_recorded,,,,,unmatched,,,
5616,(405) Brewing Co,Norman,OK,,Taproom,,yes,confirmed_yes,yes,confirmed_yes,,http://www.405brewing.com/,https://www.instagram.com/405brewing/,,unmatched,,,
5617,Beer Is Good Brewing Company,Norman,OK,,Taproom,,2020-03-03T00:00:00,confirmed_date,,not_recorded,,,,,unmatched,,,
5618,Black Mesa Brewing Company,Norman,OK,,Micro,,2020-04-11T00:00:00,confirmed_date,,not_recorded,,,,,unmatched,,,
5619,Lazy Circles Brewing,Norman,OK,,Taproom,,2020-04-11T00:00:00,confirmed_date,,not_recorded,,,,,unmatched,,,
5620,Lively Beerworks,Oklahoma City,OK,,Micro,,2019-11-13T00:00:00,confirmed_date,,not_recorded,,,,,unmatched,,,
5621,Roughtail Brewing,Oklahoma City,OK,,Micro,,2019-11-27T00:00:00,confirmed_date,,not_recorded,,,,,unmatched,,,
5622,Twisted Spike Brewing Company,Oklahoma City,OK,,Micro,,2019-11-27T00:00:00,confirmed_date,,not_recorded,,,,,unmatched,,,
5623,Anthem Brewing Co,Oklahoma City,OK,,Micro,,2020-03-03T00:00:00,confirmed_date,,not_recorded,,,,,unmatched,,,
5624,Brewers Union,Oklahoma City,OK,,Micro,,2020-03-03T00:00:00,confirmed_date,,not_recorded,,,,,unmatched,,,
5625,COOP Ale Works,Oklahoma City,OK,,Regional,,2020-03-03T00:00:00,confirmed_date,,not_recorded,,,,,unmatched,,,
5626,Crossed Cannons Brewery,Oklahoma City,OK,,Contract,,2020-03-03T00:00:00,confirmed_date,,not_recorded,,,,,unmatched,,,
5627,Stonecloud Brewing Co.,Oklahoma City,OK,,Micro,,2020-03-03T00:00:00,confirmed_date,,not_recorded,,,,,unmatched,,,
5628,Angry Scotsman Brewing,Oklahoma City,OK,,Micro,,,not_recorded,,not_recorded,,,,,unmatched,,,
5629,Belle Isle Restaurant and Brewing Co,Oklahoma City,OK,,Brewpub,,,not_recorded,,not_recorded,,,,,unmatched,,,
5630,Bricktown Brewery,Oklahoma City,OK,,Brewpub,,,not_recorded,,not_recorded,,,,,unmatched,,,
5631,Elk Valley Brewing,Oklahoma City,OK,,Micro,,,not_recorded,,not_recorded,,,,,unmatched,,,
5632,Skydance Brewing Company,Oklahoma City,OK,,Micro,,,not_recorded,,not_recorded,,,,,unmatched,,,
5633,Vanessa House Beer Company,Oklahoma City,OK,,Taproom,,,not_recorded,,not_recorded,,,,,unmatched,,,
5634,Vortex Alley Brewery,Ponca City,OK,,Taproom,,,not_recorded,,not_recorded,,,,,unmatched,,,
5635,Fat Toad Brewing Company,Pryor,OK,,Taproom,,2019-10-26T00:00:00,confirmed_date,,not_recorded,,,,,unmatched,,,
5636,Iron Monk Brewing Company,Stillwater,OK,,Taproom,,2020-03-03T00:00:00,confirmed_date,,not_recorded,,,,,unmatched,,,
5637,Dead Armadillo Brewery,Tulsa,OK,,Micro,,2020-03-03T00:00:00,confirmed_date,yes,confirmed_yes,,https://www.dabrewery.com/,https://www.instagram.com/dabrewery/,http://www.twitter.com/dabrewery,exact,dead-armadillo-brewery,content/breweries/dead-armadillo-brewery.md,
5638,Nothing’s Left Brewing Co,Tulsa,OK,,Micro,,2019-11-03T00:00:00,confirmed_date,,not_recorded,,,,,unmatched,,,
5639,Hanson Brothers Beer Company,Tulsa,OK,,Contract,,2019-11-27T00:00:00,confirmed_date,,not_recorded,,,,,unmatched,,,
5640,Prairie Artisan Ales,Tulsa,OK,,Micro,,2019-11-27T00:00:00,confirmed_date,,not_recorded,,,,,unmatched,,,
5641,Elgin Park Brewery,Tulsa,OK,,Brewpub,,2020-03-03T00:00:00,confirmed_date,,not_recorded,,,,,unmatched,,,
5642,Cabin Boys Brewery,Tulsa,OK,,Taproom,,2020-04-11T00:00:00,confirmed_date,,not_recorded,,,,,unmatched,,,
5643,New Era Fine Fermentations,Tulsa,OK,,Brewpub,,2020-04-11T00:00:00,confirmed_date,,not_recorded,,,,,unmatched,,,
5644,Pearl Beach Brew Pub,Tulsa,OK,,Taproom,,2020-04-11T00:00:00,confirmed_date,,not_recorded,,,,,unmatched,,,
5645,American Solera,Tulsa,OK,,Micro,,,not_recorded,,not_recorded,,,,,unmatched,,,
5646,High Gravity Brewing Company,Tulsa,OK,,Taproom,,,not_recorded,,not_recorded,,,,,unmatched,,,
5647,"Marshall Brewing Co, LLC",Tulsa,OK,,Micro,,,not_recorded,,not_recorded,,,,,unmatched,,,
5648,Renaissance Brewing Co,Tulsa,OK,,Taproom,,,not_recorded,,not_recorded,,,,,unmatched,,,
5649,Welltown Brewing,Tulsa,OK,,Taproom,,,not_recorded,,not_recorded,,,,,unmatched,,,
5650,3 Sheets Brewery,Albany,OR,,Taproom,,2020-03-03T00:00:00,confirmed_date,,not_recorded,,,,,unmatched,,,
5651,Deluxe Brewing Co,Albany,OR,,Taproom,,2020-03-03T00:00:00,confirmed_date,,not_recorded,,,,,unmatched,,,
5652,Calapooia Brewing Co / Siletz Ales,Albany,OR,,Brewpub,,,not_recorded,,not_recorded,,,,,unmatched,,,
5653,Siuslaw Brewing,Alsea,OR,,Taproom,,2020-03-03T00:00:00,confirmed_date,,not_recorded,,,,,unmatched,,,
5654,Caldera Brewing Co,Ashland,OR,,Micro,,,not_recorded,,not_recorded,,,,,unmatched,,,
5655,Standing Stone Brewing Co,Ashland,OR,,Brewpub,,,not_recorded,,not_recorded,,,,,unmatched,,,
5656,Astoria Brewing Company,Astoria,OR,,Brewpub,,2020-03-03T00:00:00,confirmed_date,,not_recorded,,,,,unmatched,,,
5657,Buoy Beer Company,Astoria,OR,,Micro,,2020-03-03T00:00:00,confirmed_date,,not_recorded,,,,,unmatched,,,
5658,Fort George Brewery,Astoria,OR,,Regional,,2020-03-03T00:00:00,confirmed_date,,not_recorded,,,,,unmatched,,,
5659,Hondo’s Brew and Cork Pub,Astoria,OR,,Taproom,,2020-04-11T00:00:00,confirmed_date,,not_recorded,,,,,unmatched,,,
5660,Reach Break Brewing,Astoria,OR,,Taproom,,2020-04-11T00:00:00,confirmed_date,,not_recorded,,,,,unmatched,,,
5661,Wet Dog Cafe & Brewery,Astoria,OR,,Brewpub,,,not_recorded,,not_recorded,,,,,unmatched,,,
5662,Barley Browns Brewpub,Baker City,OR,,Micro,,2020-04-11T00:00:00,confirmed_date,,not_recorded,,,,,unmatched,,,
5663,Baker City Brewing Co,Baker City,OR,,Micro,,,not_recorded,,not_recorded,,,,,unmatched,,,
5664,Bandon Brewing Company,Bandon,OR,,Brewpub,,2020-04-11T00:00:00,confirmed_date,,not_recorded,,,,,unmatched,,,
5665,Hop Cycle Brewing Company,Banks,OR,,Brewpub,,2020-04-11T00:00:00,confirmed_date,,not_recorded,,,,,unmatched,,,
5666,Cascade Brewing Blending House,Beaverton,OR,,Micro,,2019-11-27T00:00:00,confirmed_date,,not_recorded,,,,,unmatched,,,
5667,Cooper Mountain Ale Works,Beaverton,OR,,Micro,,2020-03-03T00:00:00,confirmed_date,,not_recorded,,,,,unmatched,,,
5668,McMenamins - Cedar Hills,Beaverton,OR,,Brewpub,,2020-04-11T00:00:00,confirmed_date,,not_recorded,,,,,unmatched,,,
5669,McMenamins Murray & Allen,Beaverton,OR,,Brewpub,,,not_recorded,,not_recorded,,,,,unmatched,,,
5670,10 Barrel Brewing Co,Bend,OR,,Largge,,2020-03-03T00:00:00,confirmed_date,,not_recorded,,,,,exact,10-barrel-brewing-co,content/breweries/10-barrel-brewing-co.md,
5671,10 Barrel Brewing Co,Bend,OR,,Largge,,2020-03-03T00:00:00,confirmed_date,,not_recorded,,,,,exact,10-barrel-brewing-co,content/breweries/10-barrel-brewing-co.md,
5672,10 Barrel Brewing Co - Bend Pub,Bend,OR,,Largge,,2020-03-03T00:00:00,confirmed_date,,not_recorded,,,,,unmatched,,,
5673,Boneyard Beer Co,Bend,OR,,Regional,,2020-03-03T00:00:00,confirmed_date,,not_recorded,,,,,unmatched,,,
5674,Boss Rambler Beer Club,Bend,OR,,Proprietor,,2020-03-03T00:00:00,confirmed_date,,not_recorded,,,,,unmatched,,,
5675,Deschutes Brewery,Bend,OR,,Regional,,2020-03-03T00:00:00,confirmed_date,,not_recorded,,,,,unmatched,,,
5676,Deschutes Brewery & Public House,Bend,OR,,Brewpub,,2020-03-03T00:00:00,confirmed_date,,not_recorded,,,,,unmatched,,,
5677,GoodLife Brewing Company,Bend,OR,,Regional,,2020-03-03T00:00:00,confirmed_date,,not_recorded,,,,,unmatched,,,
5678,Immersion Brewing,Bend,OR,,Brewpub,,2020-03-03T00:00:00,confirmed_date,,not_recorded,,,,,unmatched,,,
5679,Monkless Belgian Ales,Bend,OR,,Micro,,2020-03-03T00:00:00,confirmed_date,,not_recorded,,,,,unmatched,,,
5680,RiverBend Brewing Company,Bend,OR,,Micro,,2020-03-03T00:00:00,confirmed_date,,not_recorded,,,,,unmatched,,,
5681,Boneyard Beer Co,Bend,OR,,Micro,,2020-04-11T00:00:00,confirmed_date,,not_recorded,,,,,unmatched,,,
5682,Craft Kitchen and Brewery,Bend,OR,,Brewpub,,2020-04-11T00:00:00,confirmed_date,,not_recorded,,,,,unmatched,,,
5683,Crux Fermentation Project - Crux2,Bend,OR,,Micro,,2020-04-11T00:00:00,confirmed_date,,not_recorded,,,,,unmatched,,,
5684,Bend Brewing Co,Bend,OR,,Brewpub,,,not_recorded,,not_recorded,,,,,unmatched,,,
5685,Bend Brewing High Desert,Bend,OR,,Micro,,,not_recorded,,not_recorded,,,,,unmatched,,,
5686,Bevel Craft Brewing,BEND,OR,,Taproom,,,not_recorded,,not_recorded,,,,,unmatched,,,
5687,Bridge 99 Brewery,Bend,OR,,Taproom,,,not_recorded,,not_recorded,,,,,unmatched,,,
5688,Crux Fermentation Project,Bend,OR,,Micro,,,not_recorded,,not_recorded,,,,,unmatched,,,
5689,McMenamins Old St. Francis School,Bend,OR,,Brewpub,,,not_recorded,,not_recorded,,,,,unmatched,,,
5690,Oblivion Brewing Co,Bend,OR,,Micro,,,not_recorded,,not_recorded,,,,,unmatched,,,
5691,Silver Moon Brewing,Bend,OR,,Micro,,,not_recorded,,not_recorded,,,,,unmatched,,,
5692,Spider City Brewing Company,Bend,OR,,Taproom,,,not_recorded,,not_recorded,,,,,unmatched,,,
5693,The Ale Apothecary,Bend,OR,,Micro,,,not_recorded,,not_recorded,,,,,unmatched,,,
5694,Worthy Brewing Company,Bend,OR,,Micro,,,not_recorded,,not_recorded,,,,,candidate,,,Worth Brewing Co
5695,Ordnance Brewing,Boardman,OR,,Micro,,2020-03-03T00:00:00,confirmed_date,,not_recorded,,,,,unmatched,,,
5696,Burnt Field Brewing,Boardman,OR,,Brewpub,,2020-04-11T00:00:00,confirmed_date,,not_recorded,,,,,unmatched,,,
5697,Chetco Brewing Company,Brookings,OR,,Taproom,,2020-03-03T00:00:00,confirmed_date,,not_recorded,,,,,unmatched,,,
5698,Misty Mountain Brewery,Brookings,OR,,Brewpub,,2020-03-03T00:00:00,confirmed_date,,not_recorded,,,,,unmatched,,,
5699,Steens Mountain Brewing Company,Burns,OR,,Taproom,,,not_recorded,,not_recorded,,,,,unmatched,,,
5700,Bill’s Tavern and Brewhouse,Cannon Beach,OR,,Brewpub,,,not_recorded,,not_recorded,,,,,unmatched,,,
5701,Pelican Brewing Company - Cannon Beach,Cannon Beach,OR,,Brewpub,,,not_recorded,,not_recorded,,,,,unmatched,,,
5702,Public Coast Brewing Co.,Cannon Beach,OR,,Micro,,,not_recorded,,not_recorded,,,,,unmatched,,,
5703,Thunder Island Brewing,Cascade Locks,OR,,Brewpub,,2020-04-11T00:00:00,confirmed_date,,not_recorded,,,,,unmatched,,,
5704,Wild River Brewing and Pizza Co,Cave Junction,OR,,Brewpub,,,not_recorded,,not_recorded,,,,,unmatched,,,
5705,RAM Restaurant and Brewery - Clackamas,Clackamas,OR,,Brewpub,,2020-03-03T00:00:00,confirmed_date,,not_recorded,,,,,unmatched,,,
5706,Little Beast Brewing,Clackamas,OR,,Micro,,,not_recorded,,not_recorded,,,,,unmatched,,,
5707,7 Devils Brewing Co,Coos Bay,OR,,Micro,,,not_recorded,,not_recorded,,,,,unmatched,,,
5708,McMenamins on Monroe,Corvallis,OR,,Brewpub,,2020-04-11T00:00:00,confirmed_date,,not_recorded,,,,,unmatched,,,
5709,Block 15,Corvallis,OR,,Brewpub,,,not_recorded,,not_recorded,,,,,unmatched,,,
5710,Block 15 Brewery & Tap Room,Corvallis,OR,,Brewpub,,,not_recorded,,not_recorded,,,,,unmatched,,,
5711,Flat Tail Brewing Co,Corvallis,OR,,Brewpub,,,not_recorded,,not_recorded,,,,,unmatched,,,
5712,Mazama Brewing Co,Corvallis,OR,,Micro,,,not_recorded,,not_recorded,,,,,unmatched,,,
5713,Oregon Trail Brewery,Corvallis,OR,,Taproom,,,not_recorded,,not_recorded,,,,,unmatched,,,
5714,Sky High Brewing,Corvallis,OR,,Brewpub,,,not_recorded,,not_recorded,,,,,unmatched,,,
5715,Depoe Bay Brewing Company / The Horn Public House and Brewery,Depoe Bay,OR,,Brewpub,,,not_recorded,,not_recorded,,,,,unmatched,,,
5716,Deception Brewing Company,Dundee,OR,,Taproom,,,not_recorded,,not_recorded,,,,,unmatched,,,
5717,Terminal Gravity Brewing Co,Enterprise,OR,,Micro,,2020-04-11T00:00:00,confirmed_date,,not_recorded,,,,,unmatched,,,
5718,Fearless Brewing Co,Estacada,OR,,Brewpub,,2020-03-03T00:00:00,confirmed_date,,not_recorded,,,,,unmatched,,,
5719,Alesong Brewing and Blending,Eugene,OR,,Micro,,2019-08-29T00:00:00,confirmed_date,,not_recorded,,,,,unmatched,,,
5720,Alesong Brewing and Tasting Room,Eugene,OR,,Micro,,2019-08-29T00:00:00,confirmed_date,,not_recorded,,,,,unmatched,,,
5721,Ninkasi Brewing Co,Eugene,OR,,Regional,,2019-11-27T00:00:00,confirmed_date,,not_recorded,,,,,unmatched,,,
5722,Claim 52 Brewing,Eugene,OR,,Micro,,2020-04-11T00:00:00,confirmed_date,,not_recorded,,,,,unmatched,,,
5723,Coldfire Brewing,Eugene,OR,,Taproom,,2020-04-11T00:00:00,confirmed_date,,not_recorded,,,,,unmatched,,,
5724,Elk Horn Brewery,Eugene,OR,,Brewpub,,2020-04-11T00:00:00,confirmed_date,,not_recorded,,,,,unmatched,,,
5725,Oakshire Brewing,Eugene,OR,,Micro,,2020-04-11T00:00:00,confirmed_date,,not_recorded,,,,,unmatched,,,
5726,The Viking Braggot Company,Eugene,OR,,Taproom,,2020-04-11T00:00:00,confirmed_date,,not_recorded,,,,,unmatched,,,
5727,Falling Sky Brewing,Eugene,OR,,Brewpub,,,not_recorded,,not_recorded,,,,,unmatched,,,
5728,Manifest Beer Company,Eugene,OR,,Micro,,,not_recorded,,not_recorded,,,,,unmatched,,,
5729,McKenzie Brewing Company,Eugene,OR,,Brewpub,,,not_recorded,,not_recorded,,,,,unmatched,,,
5730,McMenamins High Street Brewery,Eugene,OR,,Brewpub,,,not_recorded,,not_recorded,,,,,unmatched,,,
5731,The Wheel Apizza Pub,Eugene,OR,,Brewpub,,,not_recorded,,not_recorded,,,,,unmatched,,,
5732,What’cha Brewing,Florence,OR,,Brewpub,,2020-03-03T00:00:00,confirmed_date,,not_recorded,,,,,unmatched,,,
5733,Ridgewalker Brewing,Forest Grove,OR,,Brewpub,,2020-04-11T00:00:00,confirmed_date,,not_recorded,,,,,unmatched,,,
5734,"Kaiser Brewing Company, LLC",Forest Grove,OR,,Brewpub,,,not_recorded,,not_recorded,,,,,unmatched,,,
5735,Waltz Brewing,Forest Grove,OR,,Taproom,,,not_recorded,,not_recorded,,,,,unmatched,,,
5736,Beachcrest Brewing Company,Gleneden Beach,OR,,Micro,,2020-03-03T00:00:00,confirmed_date,,not_recorded,,,,,unmatched,,,
5737,Arch Rock Brewing Co,Gold Beach,OR,,Micro,,,not_recorded,,not_recorded,,,,,unmatched,,,
5738,Mount Hood Brewing Co,Government Camp,OR,,Brewpub,,,not_recorded,,not_recorded,,,,,unmatched,,,
5739,Climate City Brewing Co.,Grants Pass,OR,,Brewpub,,2020-04-11T00:00:00,confirmed_date,,not_recorded,,,,,unmatched,,,
5740,Mountain View Brewing,Grants Pass,OR,,Micro,,2020-04-11T00:00:00,confirmed_date,,not_recorded,,,,,unmatched,,,
5741,Vice Brewing Company,Grants Pass,OR,,Taproom,,2020-04-11T00:00:00,confirmed_date,,not_recorded,,,,,unmatched,,,
5742,Wild River Brewing and Pizza Co - Grants Pass,Grants Pass,OR,,Brewpub,,2020-04-11T00:00:00,confirmed_date,,not_recorded,,,,,unmatched,,,
5743,Conner Fields Brewing,Grants Pass,OR,,Brewpub,,,not_recorded,,not_recorded,,,,,unmatched,,,
5744,JD’s Sports Pub and Brewery,Grants Pass,OR,,Brewpub,,,not_recorded,,not_recorded,,,,,unmatched,,,
5745,Krauski’s Brewskis / The Hoppy Brewer,Gresham,OR,,Taproom,,2020-03-03T00:00:00,confirmed_date,,not_recorded,,,,,unmatched,,,
5746,Barley Sprouts Brewery,Gresham,OR,,Brewpub,,,not_recorded,,not_recorded,,,,,unmatched,,,
5747,McMenamins Highland Pub and Brewery,Gresham,OR,,Brewpub,,,not_recorded,,not_recorded,,,,,unmatched,,,
5748,Solvana Brewing,Gresham,OR,,Micro,,,not_recorded,,not_recorded,,,,,unmatched,,,
5749,Hermiston Brewing Co,Hermiston,OR,,Brewpub,,,not_recorded,,not_recorded,,,,,unmatched,,,
5750,BDSM Brewing Company,Hillsboro,OR,,Taproom,,2020-03-03T00:00:00,confirmed_date,,not_recorded,,,,,unmatched,,,
5751,Deep Space Brewing / Out of This World Pizza,Hillsboro,OR,,Brewpub,,2020-03-03T00:00:00,confirmed_date,,not_recorded,,,,,unmatched,,,
5752,McMenamins Cornelius Pass Roadhouse,Hillsboro,OR,,Brewpub,,2020-03-03T00:00:00,confirmed_date,,not_recorded,,,,,unmatched,,,
5753,Three Mugs Brewing Company,Hillsboro,OR,,Taproom,,2020-03-03T00:00:00,confirmed_date,,not_recorded,,,,,unmatched,,,
5754,Vertigo Brewing,Hillsboro,OR,,Taproom,,2020-04-11T00:00:00,confirmed_date,,not_recorded,,,,,unmatched,,,
5755,Ambacht Brewing,Hillsboro,OR,,Taproom,,,not_recorded,,not_recorded,,,,,unmatched,,,
5756,Logsdon Farmhouse Ales,Hood River,OR,,Taproom,,2019-11-27T00:00:00,confirmed_date,,not_recorded,,,,,unmatched,,,
5757,Full Sail Brewing Co,Hood River,OR,,Regional,,2020-03-03T00:00:00,confirmed_date,,not_recorded,,,,,unmatched,,,
5758,Ferment Brewing Company,Hood River,OR,,Taproom,,2020-04-11T00:00:00,confirmed_date,,not_recorded,,,,,exact,ferment-brewing-company,content/breweries/ferment-brewing-company.md,
5759,pFriem Family Brewers,Hood River,OR,,Regional,,12/20.2019,date_needs_review,,not_recorded,,,,,unmatched,,,
5760,Double Mountain Brewery,Hood River,OR,,Micro,,,not_recorded,,not_recorded,,,,,unmatched,,,
5761,Parallel 45 Brewing,Independence,OR,,Micro,,2020-04-11T00:00:00,confirmed_date,,not_recorded,,,,,unmatched,,,
5762,Chatoe Rogue Farmstead Brewery,Independence,OR,,Micro,,,not_recorded,,not_recorded,,,,,unmatched,,,
5763,1188 Brewing Co,John Day,OR,,Brewpub,,2019-08-29T00:00:00,confirmed_date,,not_recorded,,,,,unmatched,,,
5764,East Fork Brewery,Joseph,OR,,Brewpub,,2020-04-11T00:00:00,confirmed_date,,not_recorded,,,,,unmatched,,,
5765,Skyline Brewing Company,Klamath Falls,OR,,Micro,,2020-03-03T00:00:00,confirmed_date,,not_recorded,,,,,unmatched,,,
5766,Klamath Basin Brewing Co,Klamath Falls,OR,,Brewpub,,2020-04-11T00:00:00,confirmed_date,,not_recorded,,,,,unmatched,,,
5767,Mia and Pias Pizzeria/Brewhouse,Klamath Falls,OR,,Brewpub,,,not_recorded,,not_recorded,,,,,unmatched,,,
5768,Side A Brewing,La Grande,OR,,Brewpub,,,not_recorded,,not_recorded,,,,,unmatched,,,
5769,Stickmen Brewery,Lake Oswego,OR,,Brewpub,,,not_recorded,,not_recorded,,,,,unmatched,,,
5770,Barsideous Brewing,Lebanon,OR,,Brewpub,,2020-03-03T00:00:00,confirmed_date,,not_recorded,,,,,unmatched,,,
5771,Conversion Brewing,Lebanon,OR,,Brewpub,,,not_recorded,,not_recorded,,,,,unmatched,,,
5772,McMenamins Lighthouse Brewery,Lincoln City,OR,,Brewpub,,2020-04-11T00:00:00,confirmed_date,,not_recorded,,,,,unmatched,,,
5773,Rusty Truck Brewing Company,Lincoln City,OR,,Brewpub,,,not_recorded,,not_recorded,,,,,unmatched,,,
5774,Allegory Brewing,McMinnville,OR,,Taproom,,,not_recorded,,not_recorded,,,,,unmatched,,,
5775,Evasion Brewing - Production Facility,McMinnville,OR,,Micro,,,not_recorded,,not_recorded,,,,,unmatched,,,
5776,Golden Valley Brewery and Pub,McMinnville,OR,,Brewpub,,,not_recorded,,not_recorded,,,,,unmatched,,,
5777,Grain Station Brew Works,McMinnville,OR,,Brewpub,,,not_recorded,,not_recorded,,,,,unmatched,,,
5778,Heater Allen Brewery,McMinnville,OR,,Micro,,,not_recorded,,not_recorded,,,,,unmatched,,,
5779,Common Block Brewing Company,Medford,OR,,Proprietor,,2020-03-03T00:00:00,confirmed_date,,not_recorded,,,,,unmatched,,,
5780,Walkabout Brewing Co,Medford,OR,,Micro,,2020-04-11T00:00:00,confirmed_date,,not_recorded,,,,,unmatched,,,
5781,Bricktowne Brewing Co,Medford,OR,,Brewpub,,,not_recorded,,not_recorded,,,,,unmatched,,,
5782,Opposition Brewing Company,Medford,OR,,Taproom,,,not_recorded,,not_recorded,,,,,unmatched,,,
5783,Osmo’s Alehouse,Medford,OR,,Taproom,,,not_recorded,,not_recorded,,,,,unmatched,,,
5784,Portal Brewing Co,Medford,OR,,Brewpub,,,not_recorded,,not_recorded,,,,,unmatched,,,
5785,RAM Restaurant and Brewery - Medford,Medford,OR,,Brewpub,,,not_recorded,,not_recorded,,,,,unmatched,,,
5786,Dragon’s Gate Brewery,Milton Freewater,OR,,Taproom,,,not_recorded,,not_recorded,,,,,unmatched,,,
5787,Breakside Brewery & Taproom,Milwaukie,OR,,Regional,,2020-03-03T00:00:00,confirmed_date,,not_recorded,,,,,unmatched,,,
5788,Tiger Town Brewing Company,Mitchell,OR,,Brewpub,,,not_recorded,,not_recorded,,,,,unmatched,,,
5789,Long Timber Brewing Co,Monroe,OR,,Brewpub,,,not_recorded,,not_recorded,,,,,unmatched,,,
5790,Benedictine Brewery,Mount Angel,OR,,Taproom,,2020-04-11T00:00:00,confirmed_date,,not_recorded,,,,,unmatched,,,
5791,Solera Brewery,Mount Hood Parkdale,OR,,Brewpub,,2020-03-03T00:00:00,confirmed_date,,not_recorded,,,,,unmatched,,,
5792,Chehalem Valley Brewery,Newberg,OR,,Brewpub,,2020-03-03T00:00:00,confirmed_date,,not_recorded,,,,,unmatched,,,
5793,Wolves & People Farmhouse Brewery,Newberg,OR,,Taproom,,,not_recorded,,not_recorded,,,,,unmatched,,,
5794,Rogue Ales Brewery,Newport,OR,,Regional,,2020-03-03T00:00:00,confirmed_date,,not_recorded,,,,,unmatched,,,
5795,Bier One Brewing,Newport,OR,,Brewpub,,2020-04-11T00:00:00,confirmed_date,,not_recorded,,,,,unmatched,,,
5796,Newport Brewing Company,Newport,OR,,Brewpub,,,not_recorded,,not_recorded,,,,,unmatched,,,
5797,Brewers Union Local 180,Oakridge,OR,,Brewpub,,,not_recorded,,not_recorded,,,,,unmatched,,,
5798,Beer Valley Brewing Co,Ontario,OR,,Micro,,,not_recorded,,not_recorded,,,,,unmatched,,,
5799,Tandem Brewing Co,Ontario,OR,,Brewpub,,,not_recorded,,not_recorded,,,,,unmatched,,,
5800,Oregon City Brewing Company,Oregon City,OR,,Brewpub,,2020-03-03T00:00:00,confirmed_date,,not_recorded,,,,,unmatched,,,
5801,Bent Shovel Brewing,Oregon City,OR,,Micro,,,not_recorded,,not_recorded,,,,,unmatched,,,
5802,Coin Toss Brewing Co,Oregon City,OR,,Taproom,,,not_recorded,,not_recorded,,,,,unmatched,,,
5803,Feckin Brewery,Oregon City,OR,,Brewpub,,,not_recorded,,not_recorded,,,,,unmatched,,,
5804,Shattered Oak Brewing,Oregon City,OR,,Micro,,,not_recorded,,not_recorded,,,,,unmatched,,,
5805,Pelican Brewing Company,Pacific City,OR,,Regional,,2020-03-03T00:00:00,confirmed_date,,not_recorded,,,,,unmatched,,,
5806,Wm Roesch Brewing Company,Pendleton,OR,,Micro,,2020-03-03T00:00:00,confirmed_date,,not_recorded,,,,,unmatched,,,
5807,"Prodigal Son Brewery and Pub, The",Pendleton,OR,,Brewpub,,,not_recorded,,not_recorded,,,,,unmatched,,,
5808,Dirt Road Brewing,Philomath,OR,,Brewpub,,2020-03-03T00:00:00,confirmed_date,,not_recorded,,,,,unmatched,,,
5809,Bierly Brewing @ Eats and Treats,Philomath,OR,,Brewpub,,,not_recorded,,not_recorded,,,,,unmatched,,,
5810,13 Virtues Brewing Co,Portland,OR,,Taproom,,2019-08-29T00:00:00,confirmed_date,yes,confirmed_yes,yes,,,,unmatched,,,
5811,True Terpenes,Portland,OR,,Vaporents,,yes,confirmed_yes,yes,confirmed_yes,yes,https://trueterpenes.com/,https://www.instagram.com/trueterpenes/,https://twitter.com/TrueTerpenes,exact,true-terpenes,content/breweries/true-terpenes.md,
5812,Hopworks Urban Brewery,Portland,OR,,Micro,,2019-06-04T00:00:00,confirmed_date,,not_recorded,,,,,unmatched,,,
5813,Cascade Brewing,Portland,OR,,Brewpub,,2019-11-27T00:00:00,confirmed_date,,not_recorded,,,,,unmatched,,,
5814,Cascade Brewing Barrel House,Portland,OR,,Micro,,2019-11-27T00:00:00,confirmed_date,,not_recorded,,,,,unmatched,,,
5815,Modern Times - The Belmont Fermentorium,Portland,OR,,Brewpub,,2019-11-27T00:00:00,confirmed_date,,not_recorded,,,,,unmatched,,,
5816,10 Barrel Brewing Co,Portland,OR,,Largge,,2020-03-03T00:00:00,confirmed_date,,not_recorded,,,,,exact,10-barrel-brewing-co,content/breweries/10-barrel-brewing-co.md,
5817,Away Days Brewing,portland,OR,,Taproom,,2020-03-03T00:00:00,confirmed_date,,not_recorded,,,,,unmatched,,,
5818,Binary Brewing Co,Portland,OR,,Micro,,2020-03-03T00:00:00,confirmed_date,,not_recorded,,,,,unmatched,,,
5819,Breakside Brewery,Portland,OR,,Brewpub,,2020-03-03T00:00:00,confirmed_date,,not_recorded,,,,,unmatched,,,
5820,Craft Brew Alliance,Portland,OR,,Regional,,2020-03-03T00:00:00,confirmed_date,,not_recorded,,,,,unmatched,,,
5821,Deschutes Brewery & Public House,Portland,OR,,Brewpub,,2020-03-03T00:00:00,confirmed_date,,not_recorded,,,,,unmatched,,,
5822,Ecliptic Brewing,Portland,OR,,Micro,,2020-03-03T00:00:00,confirmed_date,,not_recorded,,,,,unmatched,,,
5823,FlyBoyBrewery and Pub,Portland,OR,,Brewpub,,2020-03-03T00:00:00,confirmed_date,,not_recorded,,,,,unmatched,,,
5824,Funhouse Brews,Portland,OR,,Micro,,2020-03-03T00:00:00,confirmed_date,,not_recorded,,,,,unmatched,,,
5825,Great Notion Brewing NW,Portland,OR,,Micro,,2020-03-03T00:00:00,confirmed_date,,not_recorded,,,,,unmatched,,,
5826,Grixsen Brewing Co,Portland,OR,,Brewpub,,2020-03-03T00:00:00,confirmed_date,,not_recorded,,,,,unmatched,,,
5827,Kells Brewery,Portland,OR,,Brewpub,,2020-03-03T00:00:00,confirmed_date,,not_recorded,,,,,unmatched,,,
5828,Laurelwood Public House and Brewery - NE,Portland,OR,,Brewpub,,2020-03-03T00:00:00,confirmed_date,,not_recorded,,,,,unmatched,,,
5829,McMenamins Breweries,Portland,OR,,Regional,,2020-03-03T00:00:00,confirmed_date,,not_recorded,,,,,unmatched,,,
5830,McMenamins Fulton Pub and Brewery,Portland,OR,,Micro,,2020-03-03T00:00:00,confirmed_date,,not_recorded,,,,,unmatched,,,
5831,Natian Brewery,Portland,OR,,Micro,,2020-03-03T00:00:00,confirmed_date,,not_recorded,,,,,unmatched,,,
5832,Pono Brewing Company,Portland,OR,,Contract,,2020-03-03T00:00:00,confirmed_date,,not_recorded,,,,,unmatched,,,
5833,Portland Brewing/North American Breweries,Portland,OR,,Regional,,2020-03-03T00:00:00,confirmed_date,,not_recorded,,,,,unmatched,,,
5834,Rosenstadt Brewery LLC,Portland,OR,,Proprietor,,2020-03-03T00:00:00,confirmed_date,,not_recorded,,,,,unmatched,,,
5835,"Ruse Brewing, LLC.",Portland,OR,,Proprietor,,2020-03-03T00:00:00,confirmed_date,,not_recorded,,,,,unmatched,,,
5836,StormBreaker Brewing St. Johns,Portland,OR,,Brewpub,,2020-03-03T00:00:00,confirmed_date,,not_recorded,,,,,unmatched,,,
5837,Von Ebert Brewing,Portland,OR,,Brewpub,,2020-03-03T00:00:00,confirmed_date,,not_recorded,,,,,unmatched,,,
5838,Arlington Club,Portland,OR,,Taproom,,2020-04-11T00:00:00,confirmed_date,,not_recorded,,,,,unmatched,,,
5839,Ascendant Beer Company,Portland,OR,,Micro,,2020-04-11T00:00:00,confirmed_date,,not_recorded,,,,,unmatched,,,
5840,Base Camp Brewing Co,Portland,OR,,Micro,,2020-04-11T00:00:00,confirmed_date,,not_recorded,,,,,unmatched,,,
5841,Breakside Brewery NW Slabtown,Portland,OR,,Brewpub,,2020-04-11T00:00:00,confirmed_date,,not_recorded,,,,,unmatched,,,
5842,Culmination Brewing Co,Portland,OR,,Micro,,2020-04-11T00:00:00,confirmed_date,,not_recorded,,,,,unmatched,,,
5843,Ex Novo Brewing Co,Portland,OR,,Micro,,2020-04-11T00:00:00,confirmed_date,,not_recorded,,,,,unmatched,,,
5844,Ground Breaker Brewing,Portland,OR,,Brewpub,,2020-04-11T00:00:00,confirmed_date,,not_recorded,,,,,unmatched,,,
5845,Level Beer,Portland,OR,,Taproom,,2020-04-11T00:00:00,confirmed_date,,not_recorded,,,,,unmatched,,,
5846,Lucky Labrador Beer Hall,Portland,OR,,Brewpub,,2020-04-11T00:00:00,confirmed_date,,not_recorded,,,,,unmatched,,,
5847,Madcow Brewing Co.,Portland,OR,,Micro,,2020-04-11T00:00:00,confirmed_date,,not_recorded,,,,,unmatched,,,
5848,McMenamins Oak Hills Brewery,Portland,OR,,Micro,,2020-04-11T00:00:00,confirmed_date,,not_recorded,,,,,unmatched,,,
5849,Migration Brewing Co,Portland,OR,,Micro,,2020-04-11T00:00:00,confirmed_date,,not_recorded,,,,,unmatched,,,
5850,Migration Brewing Co,Portland,OR,,Brewpub,,2020-04-11T00:00:00,confirmed_date,,not_recorded,,,,,unmatched,,,
5851,Montavilla Brew Works,Portland,OR,,Taproom,,2020-04-11T00:00:00,confirmed_date,,not_recorded,,,,,unmatched,,,
5852,Occidental Brewing,Portland,OR,,Micro,,2020-04-11T00:00:00,confirmed_date,,not_recorded,,,,,unmatched,,,
5853,Old Town Brewing,Portland,OR,,Brewpub,,2020-04-11T00:00:00,confirmed_date,,not_recorded,,,,,unmatched,,,
5854,Portland U-Brew & Pub,Portland,OR,,Brewpub,,2020-04-11T00:00:00,confirmed_date,,not_recorded,,,,,unmatched,,,
5855,Royale Brewing Company,Portland,OR,,Micro,,2020-04-11T00:00:00,confirmed_date,,not_recorded,,,,,unmatched,,,
5856,Sasquatch Pub,Portland,OR,,Brewpub,,2020-04-11T00:00:00,confirmed_date,,not_recorded,,,,,unmatched,,,
5857,StormBreaker Brewing,Portland,OR,,Brewpub,,2020-04-11T00:00:00,confirmed_date,,not_recorded,,,,,unmatched,,,
5858,West Coast Grocery Company,Portland,OR,,Brewpub,,2020-04-11T00:00:00,confirmed_date,,not_recorded,,,,,unmatched,,,
5859,Zoiglhaus Brewing Company,Portland,OR,,Brewpub,,2020-04-11T00:00:00,confirmed_date,,not_recorded,,,,,unmatched,,,
5860,Assembly Brewing,Portland,OR,,Brewpub,,,not_recorded,,not_recorded,,,,,unmatched,,,
5861,Back Pedal Brewing Company,Portland,OR,,Taproom,,,not_recorded,,not_recorded,,,,,unmatched,,,
5862,Baerlic Brewing Co,Portland,OR,,Taproom,,,not_recorded,,not_recorded,,,,,unmatched,,,
5863,Brewed By Gnomes,Portland,OR,,Micro,,,not_recorded,,not_recorded,,,,,unmatched,,,
5864,Coalition Brewing Co,Portland,OR,,Micro,,,not_recorded,,not_recorded,,,,,unmatched,,,
5865,Fire On the Mountain Brewing Co,Portland,OR,,Taproom,,,not_recorded,,not_recorded,,,,,unmatched,,,
5866,"Gateway Brewing, Inc",Portland,OR,,Micro,,,not_recorded,,not_recorded,,,,,unmatched,,,
5867,Gigantic Brewing Co,Portland,OR,,Micro,,,not_recorded,,not_recorded,,,,,unmatched,,,
5868,Great Notion Brewing,Portland,OR,,Brewpub,,,not_recorded,,not_recorded,,,,,unmatched,,,
5869,Hair of the Dog Brewing Co,Portland,OR,,Brewpub,,,not_recorded,,not_recorded,,,,,unmatched,,,
5870,LABrewatory,Portland,OR,,Taproom,,,not_recorded,,not_recorded,,,,,unmatched,,,
5871,Laurelwood Public House & Brewery - SE Portland,Portland,OR,,Brewpub,,,not_recorded,,not_recorded,,,,,unmatched,,,
5872,"Lompoc Brewing, LLC/ The 5th Quadrant",Portland,OR,,Brewpub,,,not_recorded,,not_recorded,,,,,unmatched,,,
5873,Look Long Brewing Company,Portland,OR,,Taproom,,,not_recorded,,not_recorded,,,,,unmatched,,,
5874,Lucky Labrador Brewpub,Portland,OR,,Brewpub,,,not_recorded,,not_recorded,,,,,unmatched,,,
5875,McMenamins Concordia Brewery at Kennedy School,Portland,OR,,Brewpub,,,not_recorded,,not_recorded,,,,,unmatched,,,
5876,McMenamins Crystal Ballroom Brewery,Portland,OR,,Brewpub,,,not_recorded,,not_recorded,,,,,unmatched,,,
5877,McMenamins Hillsdale Brewery and Public House,Portland,OR,,Micro,,,not_recorded,,not_recorded,,,,,unmatched,,,
5878,Moonshrimp Brewing,Portland,OR,,Micro,,,not_recorded,,not_recorded,,,,,unmatched,,,
5879,Mt Tabor Brewing Co,Portland,OR,,Micro,,,not_recorded,,not_recorded,,,,,unmatched,,,
5880,Old Market Pub and Brewery,Portland,OR,,Brewpub,,,not_recorded,,not_recorded,,,,,unmatched,,,
5881,Rock Bottom Brewery - Portland,Portland,OR,,Brewpub,,,not_recorded,,not_recorded,,,,,unmatched,,,
5882,Rogue East Side Pub & Pilot Brewery,Portland,OR,,Micro,,,not_recorded,,not_recorded,,,,,unmatched,,,
5883,Sasquatch Brewing Co.,Portland,OR,,Micro,,,not_recorded,,not_recorded,,,,,unmatched,,,
5884,Scout Beer,Portland,OR,,Taproom,,,not_recorded,,not_recorded,,,,,unmatched,,,
5885,Second Profession Brewing Company,Portland,OR,,Brewpub,,,not_recorded,,not_recorded,,,,,unmatched,,,
5886,Threshold Brewing & Blending,Portland,OR,,Micro,,,not_recorded,,not_recorded,,,,,unmatched,,,
5887,Upright Brewing Co,Portland,OR,,Micro,,,not_recorded,,not_recorded,,,,,unmatched,,,
5888,Von Ebert Brewing,Portland,OR,,Brewpub,,,not_recorded,,not_recorded,,,,,unmatched,,,
5889,Wayfinder Beer,Portland,OR,,Brewpub,,,not_recorded,,not_recorded,,,,,unmatched,,,
5890,Ochoco Brewing Co,Prineville,OR,,Brewpub,,2020-04-11T00:00:00,confirmed_date,,not_recorded,,,,,unmatched,,,
5891,Wild Ride Brewing,Redmond,OR,,Taproom,,2020-03-03T00:00:00,confirmed_date,Yes,confirmed_yes,,,,,unmatched,,,
5892,Cascade Lakes Brewing Co,Redmond,OR,,Micro,,2019-11-27T00:00:00,confirmed_date,,not_recorded,,,,,unmatched,,,
5893,Geist Beerworks,Redmond,OR,,Taproom,,2020-03-03T00:00:00,confirmed_date,,not_recorded,,,,,unmatched,,,
5894,Porter Brewing Co.,Redmond,OR,,Brewpub,,2020-03-03T00:00:00,confirmed_date,,not_recorded,,,,,exact,porter-brewing-co,content/breweries/porter-brewing-co.md,
5895,Silver Moon Brewing,Redmond,OR,,Micro,,2020-04-11T00:00:00,confirmed_date,,not_recorded,,,,,unmatched,,,
5896,Initiative Brewing,Redmond,OR,,Brewpub,,,not_recorded,,not_recorded,,,,,unmatched,,,
5897,Kobold Brewing,Redmond,OR,,Taproom,,,not_recorded,,not_recorded,,,,,unmatched,,,
5898,Defeat River Brewery,Reedsport,OR,,Micro,,,not_recorded,,not_recorded,,,,,unmatched,,,
5899,North Forty Beer Company,Roseburg,OR,,Taproom,,2020-03-03T00:00:00,confirmed_date,,not_recorded,,,,,unmatched,,,
5900,Old 99 Brewing Co,Roseburg,OR,,Taproom,,2020-04-11T00:00:00,confirmed_date,,not_recorded,,,,,unmatched,,,
5901,Backside Brewing Co,Roseburg,OR,,Brewpub,,,not_recorded,,not_recorded,,,,,unmatched,,,
5902,Draper Brewing,Roseburg,OR,,Micro,,,not_recorded,,not_recorded,,,,,unmatched,,,
5903,McMenamins Roseburg Station Brewery,Roseburg,OR,,Micro,,,not_recorded,,not_recorded,,,,,unmatched,,,
5904,Two-Shy Brewing,Roseburg,OR,,Taproom,,,not_recorded,,not_recorded,,,,,unmatched,,,
5905,Running Dogs Brewery,Saint Helens,OR,,Brewpub,,2020-03-03T00:00:00,confirmed_date,,not_recorded,,,,,unmatched,,,
5906,HOB NOB BREWERY,Saint Helens,OR,,Brewpub,,2020-04-11T00:00:00,confirmed_date,,not_recorded,,,,,unmatched,,,
5907,McMenamins Thompson Brewery,Salem,OR,,Micro,,2020-03-03T00:00:00,confirmed_date,,not_recorded,,,,,unmatched,,,
5908,Ratchet Brewery,Salem,OR,,Taproom,,2020-03-03T00:00:00,confirmed_date,,not_recorded,,,,,unmatched,,,
5909,Santiam Brewing Co,Salem,OR,,Micro,,2020-03-03T00:00:00,confirmed_date,,not_recorded,,,,,unmatched,,,
5910,Xicha Brewing Co.,Salem,OR,,Brewpub,,2020-03-03T00:00:00,confirmed_date,,not_recorded,,,,,unmatched,,,
5911,Gilgamesh Brewing Co,Salem,OR,,Micro,,2020-04-11T00:00:00,confirmed_date,,not_recorded,,,,,unmatched,,,
5912,Salem Ale Works,Salem,OR,,Brewpub,,2020-04-11T00:00:00,confirmed_date,,not_recorded,,,,,unmatched,,,
5913,B2 Taphouse & Brewery,Salem,OR,,Brewpub,,,not_recorded,,not_recorded,,,,,unmatched,,,
5914,Bine Valley Brewing,Salem,OR,,Taproom,,,not_recorded,,not_recorded,,,,,unmatched,,,
5915,Hopheads,Salem,OR,,Brewpub,,,not_recorded,,not_recorded,,,,,unmatched,,,
5916,RAM Restaurant and Brewery - Salem,Salem,OR,,Brewpub,,,not_recorded,,not_recorded,,,,,unmatched,,,
5917,Vagabond Brewing,Salem,OR,,Brewpub,,,not_recorded,,not_recorded,,,,,unmatched,,,
5918,"Boring Brewing Co., LLC",Sandy,OR,,Taproom,,2020-03-03T00:00:00,confirmed_date,,not_recorded,,,,,unmatched,,,
5919,Bunsenbrewer,Sandy,OR,,Brewpub,,2020-03-03T00:00:00,confirmed_date,,not_recorded,,,,,unmatched,,,
5920,Wolf Tree Brewery,Seal Rock,OR,,Micro,,2019-06-04T00:00:00,confirmed_date,,not_recorded,,,,,unmatched,,,
5921,Seaside Brewery,Seaside,OR,,Brewpub,,2020-03-03T00:00:00,confirmed_date,,not_recorded,,,,,unmatched,,,
5922,Smockville Brewhouse,Sherwood,OR,,Brewpub,,2020-04-11T00:00:00,confirmed_date,,not_recorded,,,,,unmatched,,,
5923,Silver Falls Brewery,Silverton,OR,,Brewpub,,2020-03-03T00:00:00,confirmed_date,,not_recorded,,,,,unmatched,,,
5924,Three Creeks Production,Sisters,OR,,Micro,,2020-03-03T00:00:00,confirmed_date,,not_recorded,,,,,unmatched,,,
5925,Three Creeks Brewing Co,Sisters,OR,,Micro,,,not_recorded,,not_recorded,,,,,unmatched,,,
5926,Hop Valley Brewing Co,Springfield,OR,,Largge,,2020-03-03T00:00:00,confirmed_date,,not_recorded,,,,,unmatched,,,
5927,Plank Town Brewing,Springfield,OR,,Brewpub,,,not_recorded,,not_recorded,,,,,unmatched,,,
5928,Sunriver Brewing,Sunriver,OR,,Micro,,2020-04-11T00:00:00,confirmed_date,,not_recorded,,,,,unmatched,,,
5929,Splintercat Brewing,Tenmile,OR,,Micro,,,not_recorded,,not_recorded,,,,,unmatched,,,
5930,Mystic Roots Brewing,Terrebonne,OR,,Micro,,,not_recorded,,not_recorded,,,,,unmatched,,,
5931,Freebridge Brewing,The Dalles,OR,,Brewpub,,2020-04-11T00:00:00,confirmed_date,,not_recorded,,,,,unmatched,,,
5932,Sedition Brewing Co,The Dalles,OR,,Brewpub,,,not_recorded,,not_recorded,,,,,unmatched,,,
5933,Max’s Fanno Creek Brew Pub,Tigard,OR,,Brewpub,,2020-03-03T00:00:00,confirmed_date,,not_recorded,,,,,unmatched,,,
5934,McMenamins John Barleycorns,Tigard,OR,,Brewpub,,2020-03-03T00:00:00,confirmed_date,,not_recorded,,,,,unmatched,,,
5935,De Garde Brewing,Tillamook,OR,,Micro,,2020-03-03T00:00:00,confirmed_date,,not_recorded,,,,,unmatched,,,
5936,Pelican Brewing Company - Tillamook,Tillamook,OR,,Micro,,,not_recorded,,not_recorded,,,,,unmatched,,,
5937,Werner Brewing Company,Tillamook,OR,,Taproom,,,not_recorded,,not_recorded,,,,,unmatched,,,
5938,McMenamins Edgefield Brewery,Troutdale,OR,,Micro,,,not_recorded,,not_recorded,,,,,unmatched,,,
5939,Ancestry Brewery,Tualatin,OR,,Brewpub,,2020-04-11T00:00:00,confirmed_date,,not_recorded,,,,,unmatched,,,
5940,G Man Brewery / G-Man Sports Bar,Tualatin,OR,,Micro,,,not_recorded,,not_recorded,,,,,unmatched,,,
5941,Stickmen Brewing Company - Tualatin Beer Hall,Tualatin,OR,,Brewpub,,,not_recorded,,not_recorded,,,,,unmatched,,,
5942,Tiny Wolf Brewing,Tualatin,OR,,Taproom,,,not_recorded,,not_recorded,,,,,unmatched,,,
5943,McMenamins West Linn Brewery,West Linn,OR,,Micro,,,not_recorded,,not_recorded,,,,,unmatched,,,
5944,McMenamins Old Church Brewery,Wilsonville,OR,,Brewpub,,2020-03-03T00:00:00,confirmed_date,,not_recorded,,,,,unmatched,,,
5945,Vanguard Brewing Company,Wilsonville,OR,,Taproom,,2020-03-03T00:00:00,confirmed_date,,not_recorded,,,,,unmatched,,,
5946,Ordnance Brewing Taproom,Wilsonville,OR,,Brewpub,,2020-04-11T00:00:00,confirmed_date,,not_recorded,,,,,unmatched,,,
5947,Lookingglass Brewery,Winston,OR,,Taproom,,2020-03-03T00:00:00,confirmed_date,,not_recorded,,,,,unmatched,,,
5948,Yachats Brewing,Yachats,OR,,Brewpub,,,not_recorded,,not_recorded,,,,,unmatched,,,
5949,Center Square Brewing / Altland House,Abbottstown,PA,,Brewpub,,,not_recorded,,not_recorded,,,,,unmatched,,,
5950,Stoudts Brewing Co,Adamstown,PA,,Micro,,2019-10-26T00:00:00,confirmed_date,,not_recorded,,,,,unmatched,,,
5951,Fegley’s Brew Works,Allentown,PA,,Taproom,,2020-03-03T00:00:00,confirmed_date,,not_recorded,,,,,unmatched,,,
5952,HiJinx Brewing Co,Allentown,PA,,Micro,,,not_recorded,,not_recorded,,,,,unmatched,,,
5953,Railroad City Brewing Company,Altoona,PA,,Brewpub,,2020-03-03T00:00:00,confirmed_date,,not_recorded,,,,,unmatched,,,
5954,Ambler Beer Company,Ambler,PA,,Taproom,,2020-03-03T00:00:00,confirmed_date,,not_recorded,,,,,unmatched,,,
5955,Tannery Run Brew Works,Ambler,PA,,Brewpub,,2020-03-03T00:00:00,confirmed_date,,not_recorded,,,,,unmatched,,,
5956,Forest & Main Brewery and Pub,Ambler,PA,,Brewpub,,,not_recorded,,not_recorded,,,,,unmatched,,,
5957,Rotunda Brewing,Annville,PA,,Brewpub,,,not_recorded,,not_recorded,,,,,unmatched,,,
5958,Tired Hands Brewing Co,Ardmore,PA,,Brewpub,,2019-11-13T00:00:00,confirmed_date,,not_recorded,,,,,unmatched,,,
5959,Tired Hands Brewing Co,Ardmore,PA,,Brewpub,,2019-11-13T00:00:00,confirmed_date,,not_recorded,,,,,unmatched,,,
5960,Iron Hill Brewery & Restaurant (Ardmore),Ardmore,PA,,Brewpub,,2020-04-11T00:00:00,confirmed_date,,not_recorded,,,,,unmatched,,,
5961,2SP Brewing Company,Aston,PA,,Micro,,2020-03-03T00:00:00,confirmed_date,,not_recorded,,,,,unmatched,,,
5962,Aston Abbey Brewing Co,Aston,PA,,Taproom,,2020-04-11T00:00:00,confirmed_date,,not_recorded,,,,,unmatched,,,
5963,Bald Birds Brewing Company,Audubon,PA,,Taproom,,,not_recorded,,not_recorded,,,,,unmatched,,,
5964,Bangor Trust Brewing,Bangor,PA,,Brewpub,,,not_recorded,,not_recorded,,,,,unmatched,,,
5965,Beaver Brewing Co,Beaver Falls,PA,,Brewpub,,,not_recorded,,not_recorded,,,,,unmatched,,,
5966,Olde Bedford Brewing Company,Bedford,PA,,Taproom,,2020-04-11T00:00:00,confirmed_date,,not_recorded,,,,,unmatched,,,
5967,Broken Goblet Brewing,Bensalem,PA,,Brewpub,,,not_recorded,,not_recorded,,,,,unmatched,,,
5968,Whitehorse Brewing LLC,Berlin,PA,,Taproom,,2020-04-11T00:00:00,confirmed_date,,not_recorded,,,,,unmatched,,,
5969,Berwick Brewing Co,Berwick,PA,,Brewpub,,2020-03-03T00:00:00,confirmed_date,,not_recorded,,,,,unmatched,,,
5970,La Cabra Brewing,Berwyn,PA,,Brewpub,,,not_recorded,,not_recorded,,,,,unmatched,,,
5971,McKenzie Brew House (#3),Berwyn,PA,,Brewpub,,,not_recorded,,not_recorded,,,,,unmatched,,,
5972,Cave Brewing Co,Bethlehem,PA,,Micro,,2020-04-11T00:00:00,confirmed_date,,not_recorded,,,,,unmatched,,,
5973,Fegley’s Brew Works,Bethlehem,PA,,Brewpub,,2020-04-11T00:00:00,confirmed_date,,not_recorded,,,,,unmatched,,,
5974,Bonn Place Brewing,Bethlehem,PA,,Taproom,,,not_recorded,,not_recorded,,,,,unmatched,,,
5975,Hop Hill Brewing Company,Bethlehem,PA,,Taproom,,,not_recorded,,not_recorded,,,,,unmatched,,,
5976,Thirsty Farmer Brew Works,Biglerville,PA,,Brewpub,,2020-04-11T00:00:00,confirmed_date,,not_recorded,,,,,unmatched,,,
5977,Rumspringa Brewing Co,Bird In Hand,PA,,Taproom,,2020-04-11T00:00:00,confirmed_date,,not_recorded,,,,,unmatched,,,
5978,Turkey Hill Brewing Co Pub,Bloomsburg,PA,,Brewpub,,2020-04-11T00:00:00,confirmed_date,,not_recorded,,,,,unmatched,,,
5979,Marley’s Brewery,Bloomsburg,PA,,Brewpub,,,not_recorded,,not_recorded,,,,,unmatched,,,
5980,The Other Farm & Forge,Boyertown,PA,,Brewpub,,2020-03-03T00:00:00,confirmed_date,,not_recorded,,,,,unmatched,,,
5981,Brew Gentlemen,Braddock,PA,,Taproom,,2020-03-03T00:00:00,confirmed_date,yes,confirmed_yes,,,,,unmatched,,,
5982,Bradford Brew Station,Bradford,PA,,Micro,,,not_recorded,,not_recorded,,,,,unmatched,,,
5983,Samuel Adams Pennsylvania Brewing Co,Breinigsville,PA,,Regional,,2020-03-03T00:00:00,confirmed_date,,not_recorded,,,,,unmatched,,,
5984,Conshohocken Brewing - Bridgeport,Bridgeport,PA,,Brewpub,,,not_recorded,,not_recorded,,,,,unmatched,,,
5985,Wrong Crowd Beer Company,Bryn Mawr,PA,,Micro,,2020-04-11T00:00:00,confirmed_date,,not_recorded,,,,,unmatched,,,
5986,Tin Lizard Brewing Co,Bryn Mawr,PA,,Brewpub,,,not_recorded,,not_recorded,,,,,unmatched,,,
5987,Mad Princes Brewing,Buckingham,PA,,Taproom,,2020-04-11T00:00:00,confirmed_date,,not_recorded,,,,,unmatched,,,
5988,Coal Tipple Brewery / Kramer Farms,Burgettstown,PA,,Taproom,,2020-04-11T00:00:00,confirmed_date,,not_recorded,,,,,unmatched,,,
5989,Butler Brew Works,Butler,PA,,Brewpub,,2020-04-11T00:00:00,confirmed_date,,not_recorded,,,,,unmatched,,,
5990,Reclamation Brewing Company,Butler,PA,,Brewpub,,,not_recorded,,not_recorded,,,,,unmatched,,,
5991,Recon Brewing,Butler,PA,,Brewpub,,,not_recorded,,not_recorded,,,,,unmatched,,,
5992,Riverside Brewing Company,Cambridge Springs,PA,,Brewpub,,2020-03-03T00:00:00,confirmed_date,,not_recorded,,,,,unmatched,,,
5993,Ever Grain Brewing Co,Camp Hill,PA,,Brewpub,,2020-03-03T00:00:00,confirmed_date,,not_recorded,,,,,unmatched,,,
5994,Highway Manor Brewing Co,Camp Hill,PA,,Micro,,,not_recorded,,not_recorded,,,,,unmatched,,,
5995,Rusty Gold Brewing,Canonsburg,PA,,Brewpub,,,not_recorded,,not_recorded,,,,,unmatched,,,
5996,Iron Hart,Carbondale,PA,,Brewpub,,2020-03-03T00:00:00,confirmed_date,,not_recorded,,,,,unmatched,,,
5997,Market Cross Pub & Brewery,Carlisle,PA,,Brewpub,,2020-03-03T00:00:00,confirmed_date,,not_recorded,,,,,unmatched,,,
5998,Burd’s Nest Brewing Co,Carlisle,PA,,Taproom,,,not_recorded,,not_recorded,,,,,unmatched,,,
5999,Desperate Times Brewing Co,Carlisle,PA,,Brewpub,,,not_recorded,,not_recorded,,,,,unmatched,,,
6000,Molly Pitcher Brewing Co,Carlisle,PA,,Brewpub,,,not_recorded,,not_recorded,,,,,unmatched,,,
6001,Headley’s Brewing Company,Carnegie,PA,,Taproom,,,not_recorded,,not_recorded,,,,,unmatched,,,
6002,Mindful Brewing Company,Castle Shannon,PA,,Brewpub,,,not_recorded,,not_recorded,,,,,unmatched,,,
6003,Taylor House Brewing Co,Catasauqua,PA,,Taproom,,2020-03-03T00:00:00,confirmed_date,,not_recorded,,,,,unmatched,,,
6004,Tower Hill Brewery,Chalfont,PA,,Brewpub,,,not_recorded,,not_recorded,,,,,unmatched,,,
6005,GearHouse Brewing Company,Chambersburg,PA,,Brewpub,,,not_recorded,,not_recorded,,,,,unmatched,,,
6006,Roy Pitz Brewing Co,Chambersburg,PA,,Brewpub,,,not_recorded,,not_recorded,,,,,unmatched,,,
6007,Kegg Brewing Company,Champion,PA,,Taproom,,2020-03-03T00:00:00,confirmed_date,,not_recorded,,,,,unmatched,,,
6008,Four Points Brewing,Charleroi,PA,,Brewpub,,,not_recorded,,not_recorded,,,,,unmatched,,,
6009,The Larimer,Chester,PA,,Taproom,,,not_recorded,,not_recorded,,,,,unmatched,,,
6010,Mechanistic Brewing,Clarion,PA,,Taproom,,2020-04-11T00:00:00,confirmed_date,,not_recorded,,,,,unmatched,,,
6011,Clarion River Brewing Company,Clarion,PA,,Brewpub,,,not_recorded,,not_recorded,,,,,unmatched,,,
6012,Race Street Brew Works,Clearfield,PA,,Brewpub,,,not_recorded,,not_recorded,,,,,unmatched,,,
6013,Stargazer Brewing Company,Coatesville,PA,,Micro,,2020-03-03T00:00:00,confirmed_date,,not_recorded,,,,,unmatched,,,
6014,Intercourse Brewing Co,Collegeville,PA,,Contract,,2020-03-03T00:00:00,confirmed_date,,not_recorded,,,,,unmatched,,,
6015,Columbia Kettle Works,Columbia,PA,,Brewpub,,2020-04-11T00:00:00,confirmed_date,,not_recorded,,,,,unmatched,,,
6016,Conshohocken Brewing Co.,Conshohocken,PA,,Micro,,2020-03-03T00:00:00,confirmed_date,,not_recorded,,,,,unmatched,,,
6017,Conyngham Brewing Company,Conyngham,PA,,Taproom,,,not_recorded,,not_recorded,,,,,unmatched,,,
6018,Sage Alley Brewery,Coopersburg,PA,,Taproom,,,not_recorded,,not_recorded,,,,,unmatched,,,
6019,Cobblehaus Brewing Company,Coraopolis,PA,,Taproom,,2020-03-03T00:00:00,confirmed_date,,not_recorded,,,,,unmatched,,,
6020,180 and Tapped,Coraopolis,PA,,Micro,,,not_recorded,,not_recorded,,,,,unmatched,,,
6021,Neshaminy Creek Brewing Co,Croydon,PA,,Regional,,2020-03-03T00:00:00,confirmed_date,,not_recorded,,,,,unmatched,,,
6022,The North Slope Brewing Company,Dallas,PA,,Brewpub,,,not_recorded,,not_recorded,,,,,unmatched,,,
6023,Wyndridge Farm Brewing,Dallastown,PA,,Brewpub,,,not_recorded,,not_recorded,,,,,unmatched,,,
6024,Old Forge Brewing Co,Danville,PA,,Brewpub,,2020-03-03T00:00:00,confirmed_date,,not_recorded,,,,,unmatched,,,
6025,Old Forge Brewing Co,Danville,PA,,Micro,,,not_recorded,,not_recorded,,,,,unmatched,,,
6026,Rock God Brewing Company,Danville,PA,,Taproom,,,not_recorded,,not_recorded,,,,,unmatched,,,
6027,Yellow Bridge Brewing Co.,Delmont,PA,,Taproom,,2020-03-03T00:00:00,confirmed_date,,not_recorded,,,,,unmatched,,,
6028,Devil’s Eye Brewing Company,Dillsburg,PA,,Brewpub,,2020-03-03T00:00:00,confirmed_date,,not_recorded,,,,,unmatched,,,
6029,Big Bottom Brewery,Dillsburg,PA,,Brewpub,,,not_recorded,,not_recorded,,,,,unmatched,,,
6030,Manatawny Creek Brewery,Douglassville,PA,,Taproom,,2020-03-03T00:00:00,confirmed_date,,not_recorded,,,,,unmatched,,,
6031,Hidden River Brewing Co,Douglassville,PA,,Taproom,,2020-04-11T00:00:00,confirmed_date,,not_recorded,,,,,unmatched,,,
6032,Victory Brewing Co,Downingtown,PA,,Regional,,2020-03-03T00:00:00,confirmed_date,,not_recorded,,,,,unmatched,,,
6033,East Branch Brewing Company,Downingtown,PA,,Brewpub,,,not_recorded,,not_recorded,,,,,unmatched,,,
6034,Doylestown Brewing Co,Doylestown,PA,,Micro,,2020-03-03T00:00:00,confirmed_date,,not_recorded,,,,,unmatched,,,
6035,Geronimo Brewing Inc,Doylestown,PA,,Brewpub,,2020-04-11T00:00:00,confirmed_date,,not_recorded,,,,,unmatched,,,
6036,Track 3 Microbrewery and Coffee House,Dresher,PA,,Taproom,,2019-10-21T00:00:00,confirmed_date,,not_recorded,,,,,unmatched,,,
6037,Boxcar Brew Works,Du Bois,PA,,Taproom,,,not_recorded,,not_recorded,,,,,unmatched,,,
6038,Lindgren Craft Brewery,Duncannon,PA,,Micro,,,not_recorded,,not_recorded,,,,,unmatched,,,
6039,Marzoni’s Brick Oven and Brewery,Duncansville,PA,,Brewpub,,2020-04-11T00:00:00,confirmed_date,,not_recorded,,,,,unmatched,,,
6040,Mad Chef Craft Brewing,East Petersburg,PA,,Brewpub,,2020-04-11T00:00:00,confirmed_date,,not_recorded,,,,,unmatched,,,
6041,Weyerbacher Brewing Co,Easton,PA,,Regional,,2020-03-03T00:00:00,confirmed_date,,not_recorded,,,,,unmatched,,,
6042,"The Brewery Böser Geist Brewing Co., LLC",Easton,PA,,Brewpub,,2020-04-11T00:00:00,confirmed_date,,not_recorded,,,,,unmatched,,,
6043,Separatist Beer Project,Easton,PA,,Micro,,12/20.2019,date_needs_review,,not_recorded,,,,,unmatched,,,
6044,Two Rivers Brewing Co,Easton,PA,,Brewpub,,,not_recorded,,not_recorded,,,,,unmatched,,,
6045,Coal Country Brewing,Ebensburg,PA,,Taproom,,2020-03-03T00:00:00,confirmed_date,,not_recorded,,,,,unmatched,,,
6046,Crooked Tongue Brewing,Edinburg,PA,,Brewpub,,2020-04-11T00:00:00,confirmed_date,,not_recorded,,,,,unmatched,,,
6047,Funk Brewing,Elizabethtown,PA,,Brewpub,,2020-03-03T00:00:00,confirmed_date,,not_recorded,,,,,unmatched,,,
6048,Moo-Duck Brewery,Elizabethtown,PA,,Brewpub,,2020-03-03T00:00:00,confirmed_date,,not_recorded,,,,,unmatched,,,
6049,Cox Brewing Company,Elizabethtown,PA,,Taproom,,,not_recorded,,not_recorded,,,,,unmatched,,,
6050,Koehler Brewing Co,Ellwood City,PA,,Taproom,,,not_recorded,,not_recorded,,,,,unmatched,,,
6051,Funk Brewing Company,Emmaus,PA,,Micro,,,not_recorded,,not_recorded,,,,,unmatched,,,
6052,Yergey Brewing,Emmaus,PA,,Taproom,,,not_recorded,,not_recorded,,,,,unmatched,,,
6053,Jigsy’s Brewpub & Restaurant,Enola,PA,,Brewpub,,2020-04-11T00:00:00,confirmed_date,,not_recorded,,,,,unmatched,,,
6054,Pizza Boy Brewing Co,Enola,PA,,Micro,,,not_recorded,,not_recorded,,,,,unmatched,,,
6055,Pour Mans Brewing Company,Ephrata,PA,,Taproom,,2019-10-26T00:00:00,confirmed_date,,not_recorded,,,,,unmatched,,,
6056,Saint Boniface Craft Brewing Co,Ephrata,PA,,Micro,,2020-03-03T00:00:00,confirmed_date,,not_recorded,,,,,unmatched,,,
6057,Black Forest Brewery,Ephrata,PA,,Brewpub,,,not_recorded,,not_recorded,,,,,unmatched,,,
6058,Erie Brewing Company,Erie,PA,,Micro,,2020-03-03T00:00:00,confirmed_date,,not_recorded,,,,,unmatched,,,
6059,Black Monk Brewery,Erie,PA,,Taproom,,2020-04-11T00:00:00,confirmed_date,,not_recorded,,,,,unmatched,,,
6060,"Brewerie at Union Station, The",Erie,PA,,Brewpub,,2020-04-11T00:00:00,confirmed_date,,not_recorded,,,,,unmatched,,,
6061,Lavery Brewing Co,Erie,PA,,Brewpub,,2020-04-11T00:00:00,confirmed_date,,not_recorded,,,,,unmatched,,,
6062,Erie Ale Works,Erie,PA,,Taproom,,,not_recorded,,not_recorded,,,,,unmatched,,,
6063,Nostrovia Brewing Co,Erie,PA,,Taproom,,,not_recorded,,not_recorded,,,,,unmatched,,,
6064,Helltown Brewing,Export,PA,,Micro,,2020-04-11T00:00:00,confirmed_date,,not_recorded,,,,,unmatched,,,
6065,Helltown Brewing,Export,PA,,Micro,,2020-04-11T00:00:00,confirmed_date,,not_recorded,,,,,unmatched,,,
6066,Devout Brewing,Export,PA,,Taproom,,,not_recorded,,not_recorded,,,,,unmatched,,,
6067,Stolen Sun Brewing Co,Exton,PA,,Brewpub,,,not_recorded,,not_recorded,,,,,unmatched,,,
6068,South County Brewing Co,Fawn Grove,PA,,Taproom,,2020-04-11T00:00:00,confirmed_date,,not_recorded,,,,,unmatched,,,
6069,Spigot Brewing,Ford City,PA,,Taproom,,,not_recorded,,not_recorded,,,,,unmatched,,,
6070,Trails to Ales Brewery,Franklin,PA,,Brewpub,,2019-10-21T00:00:00,confirmed_date,,not_recorded,,,,,unmatched,,,
6071,Appalachian Brewing Co - Gettysburg Battlefield,Gettysburg,PA,,Brewpub,,2020-03-03T00:00:00,confirmed_date,,not_recorded,,,,,unmatched,,,
6072,Battlefield Brew Works,Gettysburg,PA,,Brewpub,,2020-04-11T00:00:00,confirmed_date,,not_recorded,,,,,unmatched,,,
6073,Appalachian Brewing Co - Gettysburg Gateway,Gettysburg,PA,,Brewpub,,,not_recorded,,not_recorded,,,,,unmatched,,,
6074,Fourscore Beer Co / Tommy’s Pizza Inc.,Gettysburg,PA,,Brewpub,,,not_recorded,,not_recorded,,,,,unmatched,,,
6075,Strange Roots Experimental Ales,Gibsonia,PA,,Micro,,2020-04-11T00:00:00,confirmed_date,,not_recorded,,,,,unmatched,,,
6076,McKenzie Brew House,Glen Mills,PA,,Brewpub,,2020-03-03T00:00:00,confirmed_date,,not_recorded,,,,,unmatched,,,
6077,"Acrospire Brewing, LLC",Glenshaw,PA,,Planning,,2019-08-29T00:00:00,confirmed_date,,not_recorded,,,,,unmatched,,,
6078,Bill’s Best Brewery,Glenside,PA,,Taproom,,,not_recorded,,not_recorded,,,,,unmatched,,,
6079,The Ways Restaurant and Brewery,Glenside,PA,,Brewpub,,,not_recorded,,not_recorded,,,,,unmatched,,,
6080,All Saints Brewing Co,Greensburg,PA,,Taproom,,2019-08-29T00:00:00,confirmed_date,,not_recorded,,,,,unmatched,,,
6081,Depot Saloon,Greenville,PA,,Brewpub,,,not_recorded,,not_recorded,,,,,unmatched,,,
6082,Koehler Brewing Co,Grove City,PA,,Micro,,,not_recorded,,not_recorded,,,,,unmatched,,,
6083,1787 Brewing Company,Hamburg,PA,,Brewpub,,yes,confirmed_yes,yes,confirmed_yes,yes,https://1787brewingcompany.com/,https://www.instagram.com/1787brewingcompany,https://twitter.com/1787brewingco,unmatched,,,
6084,Aldus Brewing Company,Hanover,PA,,Taproom,,2019-08-29T00:00:00,confirmed_date,,not_recorded,,,,,unmatched,,,
6085,Something Wicked Brewing Company,Hanover,PA,,Brewpub,,2020-03-03T00:00:00,confirmed_date,,not_recorded,,,,,unmatched,,,
6086,Miscreation Brewing Company,Hanover,PA,,Brewpub,,,not_recorded,,not_recorded,,,,,unmatched,,,
6087,Warehouse Gourmet Bistro & Brew Pub,Hanover,PA,,Micro,,,not_recorded,,not_recorded,,,,,unmatched,,,
6088,Blueprint Brewing Co.,Harleysville,PA,,Taproom,,2020-04-11T00:00:00,confirmed_date,,not_recorded,,,,,candidate,,,Blue Point Brewing Co
6089,The Harmony Inn,Harmony,PA,,Brewpub,,2020-03-03T00:00:00,confirmed_date,,not_recorded,,,,,unmatched,,,
6090,Shubrew Taproom,Harmony,PA,,Micro,,2020-04-11T00:00:00,confirmed_date,,not_recorded,,,,,unmatched,,,
6091,Newfangled Brew Works,Harrisburg,PA,,Brewpub,,2019-11-03T00:00:00,confirmed_date,,not_recorded,,,,,unmatched,,,
6092,SpringGate Brewery,Harrisburg,PA,,Taproom,,2020-03-03T00:00:00,confirmed_date,,not_recorded,,,,,unmatched,,,
6093,Zeroday Brewing Company,Harrisburg,PA,,Brewpub,,2020-03-03T00:00:00,confirmed_date,,not_recorded,,,,,unmatched,,,
6094,Boneshire Brew Works,Harrisburg,PA,,Micro,,2020-04-11T00:00:00,confirmed_date,,not_recorded,,,,,unmatched,,,
6095,The Millworks Brewery,Harrisburg,PA,,Brewpub,,2020-04-11T00:00:00,confirmed_date,,not_recorded,,,,,unmatched,,,
6096,Appalachian Brewing Co - Harrisburg,Harrisburg,PA,,Brewpub,,,not_recorded,,not_recorded,,,,,unmatched,,,
6097,The Vegetable Hunter,Harrisburg,PA,,Brewpub,,,not_recorded,,not_recorded,,,,,unmatched,,,
6098,Crooked Eye Brewery,Hatboro,PA,,Taproom,,2020-03-03T00:00:00,confirmed_date,,not_recorded,,,,,unmatched,,,
6099,Imprint Beer Company,Hatfield,PA,,Taproom,,2020-04-11T00:00:00,confirmed_date,,not_recorded,,,,,unmatched,,,
6100,Hopping Eagle Brewing Company,Hawley,PA,,Taproom,,2020-03-03T00:00:00,confirmed_date,,not_recorded,,,,,unmatched,,,
6101,Wallenpaupack Brewing Company,Hawley,PA,,Brewpub,,,not_recorded,,not_recorded,,,,,unmatched,,,
6102,Bonsai Brew Works,Hegins,PA,,Micro,,2020-03-03T00:00:00,confirmed_date,,not_recorded,,,,,unmatched,,,
6103,Insurrection Aleworks,Heidelberg,PA,,Brewpub,,,not_recorded,,not_recorded,,,,,unmatched,,,
6104,Lost Tavern Brewing,Hellertown,PA,,Taproom,,2020-03-03T00:00:00,confirmed_date,,not_recorded,,,,,unmatched,,,
6105,Troegs Brewing Co,Hershey,PA,,Regional,,2020-03-03T00:00:00,confirmed_date,,not_recorded,,,,,unmatched,,,
6106,Iron Hill Brewery & Restaurant,Hershey,PA,,Brewpub,,2020-04-11T00:00:00,confirmed_date,,not_recorded,,,,,unmatched,,,
6107,Voodoo Brewing Co,Homestead,PA,,Brewpub,,yes,confirmed_yes,yes,confirmed_yes,yes,,,,exact,voodoo-brewing-co,content/breweries/voodoo-brewing-co.md,
6108,Enix Brewing,Homestead,PA,,Brewpub,,,not_recorded,,not_recorded,,,,,unmatched,,,
6109,Rock Bottom Brewery - Pittsburgh,Homestead,PA,,Brewpub,,,not_recorded,,not_recorded,,,,,unmatched,,,
6110,Irving Cliff Brewery,Honesdale,PA,,Brewpub,,2020-03-03T00:00:00,confirmed_date,,not_recorded,,,,,unmatched,,,
6111,Here and Now Brewing Co,Honesdale,PA,,Brewpub,,,not_recorded,,not_recorded,,,,,unmatched,,,
6112,Suburban Brewing Co,Honey Brook,PA,,Micro,,2020-04-11T00:00:00,confirmed_date,,not_recorded,,,,,unmatched,,,
6113,Mad-K Brewery,Howard,PA,,Micro,,,not_recorded,,not_recorded,,,,,unmatched,,,
6114,Howling Henry’s Brewery,Hummelstown,PA,,Micro,,2020-03-03T00:00:00,confirmed_date,,not_recorded,,,,,unmatched,,,
6115,Iron Hill Brewery & Restaurant - Huntingdon Valley,Huntingdon Valley,PA,,Brewpub,,2020-03-03T00:00:00,confirmed_date,,not_recorded,,,,,unmatched,,,
6116,Moss Mill Brewing,Huntingdon Valley,PA,,Taproom,,2020-03-03T00:00:00,confirmed_date,,not_recorded,,,,,unmatched,,,
6117,Naked Brewing Co,Huntingdon Valley,PA,,Taproom,,,not_recorded,,not_recorded,,,,,unmatched,,,
6118,Levity Brewing Co,Indiana,PA,,Brewpub,,,not_recorded,,not_recorded,,,,,unmatched,,,
6119,Noble Stein Brewing Co.,Indiana,PA,,Micro,,,not_recorded,,not_recorded,,,,,unmatched,,,
6120,New Crescent Brewing Co.,Irwin,PA,,Micro,,2020-04-11T00:00:00,confirmed_date,,not_recorded,,,,,unmatched,,,
6121,Fury Brewing Company,Irwin,PA,,Taproom,,,not_recorded,,not_recorded,,,,,unmatched,,,
6122,Quinn Brewing Company,Irwin,PA,,Taproom,,,not_recorded,,not_recorded,,,,,unmatched,,,
6123,Mortals Key Brewing Company,Jamestown,PA,,Brewpub,,,not_recorded,,not_recorded,,,,,unmatched,,,
6124,Warwick Farm Brewing,Jamison,PA,,Micro,,2020-03-03T00:00:00,confirmed_date,,not_recorded,,,,,unmatched,,,
6125,Stone Bridge Brewing Company,Johnstown,PA,,Taproom,,,not_recorded,,not_recorded,,,,,unmatched,,,
6126,Logyard Brewing,Kane,PA,,Taproom,,2020-04-11T00:00:00,confirmed_date,,not_recorded,,,,,unmatched,,,
6127,Braeloch Brewing Company,Kennett Square,PA,,Brewpub,,,not_recorded,,not_recorded,,,,,unmatched,,,
6128,Kennett Brewing Company,Kennett Square,PA,,Brewpub,,,not_recorded,,not_recorded,,,,,unmatched,,,
6129,Victory Brewing Co,Kennett Square,PA,,Brewpub,,,not_recorded,,not_recorded,,,,,unmatched,,,
6130,Conshocken King of Prussia,King Of Prussia,PA,,Brewpub,,,not_recorded,,not_recorded,,,,,unmatched,,,
6131,Workhorse Brewing Co,King Of Prussia,PA,,Micro,,,not_recorded,,not_recorded,,,,,unmatched,,,
6132,Golden Avalanche Brewing Co,Kutztown,PA,,Brewpub,,,not_recorded,,not_recorded,,,,,unmatched,,,
6133,Saucony Creek Brewing Company,Kutztown,PA,,Micro,,,not_recorded,,not_recorded,,,,,unmatched,,,
6134,Lancaster Brewing Co,Lancaster,PA,,Micro,,2020-04-11T00:00:00,confirmed_date,,not_recorded,,,,,exact,lancaster-brewing-co,content/breweries/lancaster-brewing-co.md,
6135,Iron Hill Brewery & Restaurant - Lancaster,Lancaster,PA,,Brewpub,,,not_recorded,,not_recorded,,,,,unmatched,,,
6136,Spring House Brewery,Lancaster,PA,,Micro,,,not_recorded,,not_recorded,,,,,unmatched,,,
6137,Wacker Brewing Co,Lancaster,PA,,Micro,,,not_recorded,,not_recorded,,,,,unmatched,,,
6138,Bent Run Brewing Co,Lander,PA,,Taproom,,2020-03-03T00:00:00,confirmed_date,,not_recorded,,,,,unmatched,,,
6139,Langhorne Brewing Co,Langhorne,PA,,Brewpub,,2020-03-03T00:00:00,confirmed_date,,not_recorded,,,,,unmatched,,,
6140,Round Guys Brewing Co,Lansdale,PA,,Brewpub,,2020-04-11T00:00:00,confirmed_date,,not_recorded,,,,,unmatched,,,
6141,Well Crafted Beer Company,Lansdale,PA,,Brewpub,,2020-04-11T00:00:00,confirmed_date,,not_recorded,,,,,unmatched,,,
6142,Western Pennsylvania Brewing Co,Latrobe,PA,,Regional,,2020-03-03T00:00:00,confirmed_date,,not_recorded,,,,,unmatched,,,
6143,Four Seasons Brewing Co,Latrobe,PA,,Brewpub,,2020-04-11T00:00:00,confirmed_date,,not_recorded,,,,,unmatched,,,
6144,Snitz Creek Brewery,Lebanon,PA,,Brewpub,,,not_recorded,,not_recorded,,,,,unmatched,,,
6145,Half Barrel Brewing Co,Lehighton,PA,,Micro,,,not_recorded,,not_recorded,,,,,unmatched,,,
6146,Shy Bear Brewing,Lewistown,PA,,Brewpub,,2020-04-11T00:00:00,confirmed_date,,not_recorded,,,,,unmatched,,,
6147,Appalachian Brewing Co - Lititz,Lititz,PA,,Brewpub,,,not_recorded,,not_recorded,,,,,unmatched,,,
6148,Fetish Brewing Co,Lititz,PA,,Taproom,,,not_recorded,,not_recorded,,,,,unmatched,,,
6149,JoBoy’s Brew Pub,Lititz,PA,,Brewpub,,,not_recorded,,not_recorded,,,,,unmatched,,,
6150,Locust Lane Craft Brewery,Malvern,PA,,Taproom,,,not_recorded,,not_recorded,,,,,unmatched,,,
6151,McKenzie Brew House (#2),Malvern,PA,,Brewpub,,,not_recorded,,not_recorded,,,,,unmatched,,,
6152,Swashbuckler Brewing Co,Manheim,PA,,Micro,,2020-04-11T00:00:00,confirmed_date,,not_recorded,,,,,unmatched,,,
6153,Yorkholo Brewing Co,Mansfield,PA,,Brewpub,,2020-04-11T00:00:00,confirmed_date,,not_recorded,,,,,unmatched,,,
6154,Pig Iron Brewing Co,Marietta,PA,,Brewpub,,2020-04-11T00:00:00,confirmed_date,,not_recorded,,,,,unmatched,,,
6155,Stick City Brewing Company,Mars,PA,,Taproom,,,not_recorded,,not_recorded,,,,,unmatched,,,
6156,Short Bus Brew House,Mc Clure,PA,,Brewpub,,2020-04-11T00:00:00,confirmed_date,,not_recorded,,,,,unmatched,,,
6157,Abjuration Brewing,Mc Kees Rocks,PA,,Taproom,,2019-08-29T00:00:00,confirmed_date,,not_recorded,,,,,unmatched,,,
6158,Voodoo Brewing Co,Meadville,PA,,Brewpub,,yes,confirmed_yes,yes,confirmed_yes,yes,,,,exact,voodoo-brewing-co,content/breweries/voodoo-brewing-co.md,
6159,Timber Creek Tap & Table,Meadville,PA,,Brewpub,,2020-03-03T00:00:00,confirmed_date,,not_recorded,,,,,unmatched,,,
6160,Voodoo Brewing Production Facility,Meadville,PA,,Brewpub,,2020-03-03T00:00:00,confirmed_date,,not_recorded,,,,,unmatched,,,
6161,Appalachian Brewing Co - Mechanicsburg,Mechanicsburg,PA,,Brewpub,,2020-03-03T00:00:00,confirmed_date,,not_recorded,,,,,unmatched,,,
6162,Cold Springs Inn and Brewing Company,Mechanicsburg,PA,,Brewpub,,,not_recorded,,not_recorded,,,,,unmatched,,,
6163,Harty Brewing Company,Mechanicsburg,PA,,Brewpub,,,not_recorded,,not_recorded,,,,,unmatched,,,
6164,Mellow Mink Brewing,Mechanicsburg,PA,,Taproom,,,not_recorded,,not_recorded,,,,,unmatched,,,
6165,Sterling Pig Brewery,Media,PA,,Brewpub,,2020-03-03T00:00:00,confirmed_date,,not_recorded,,,,,unmatched,,,
6166,Iron Hill Brewery & Restaurant - Media,Media,PA,,Brewpub,,,not_recorded,,not_recorded,,,,,unmatched,,,
6167,The Brewery At Hershey,Middletown,PA,,Taproom,,2020-03-03T00:00:00,confirmed_date,,not_recorded,,,,,unmatched,,,
6168,"Rubber Soul Brewing, Co.",Middletown,PA,,Micro,,2020-04-11T00:00:00,confirmed_date,,not_recorded,,,,,unmatched,,,
6169,Tattered Flag Brewery,Middletown,PA,,Brewpub,,,not_recorded,,not_recorded,,,,,unmatched,,,
6170,Rusty Rail Brewing,Mifflinburg,PA,,Brewpub,,2020-03-03T00:00:00,confirmed_date,,not_recorded,,,,,unmatched,,,
6171,Log Tavern Brewing,Milford,PA,,Taproom,,,not_recorded,,not_recorded,,,,,unmatched,,,
6172,Elk Creek Cafe + Aleworks,Millheim,PA,,Brewpub,,,not_recorded,,not_recorded,,,,,unmatched,,,
6173,Therapy Brewing,Montoursville,PA,,Taproom,,,not_recorded,,not_recorded,,,,,unmatched,,,
6174,Endless Brewing,Montrose,PA,,Taproom,,2020-04-11T00:00:00,confirmed_date,,not_recorded,,,,,unmatched,,,
6175,2 Dogz and A Guy Brewing,Montrose,PA,,Taproom,,,not_recorded,,not_recorded,,,,,unmatched,,,
6176,Vault Brewing Co,Morrisville,PA,,Brewpub,,,not_recorded,,not_recorded,,,,,unmatched,,,
6177,Curran Brewing Co,Moscow,PA,,Micro,,,not_recorded,,not_recorded,,,,,unmatched,,,
6178,Bubes Brewery,Mount Joy,PA,,Brewpub,,2020-04-11T00:00:00,confirmed_date,,not_recorded,,,,,unmatched,,,
6179,Twisted Bine Beer Co.,Mount Joy,PA,,Brewpub,,,not_recorded,,not_recorded,,,,,unmatched,,,
6180,Birthright Brewing Co.,Nazareth,PA,,Brewpub,,,not_recorded,,not_recorded,,,,,unmatched,,,
6181,Petrucci Brothers Brewing Co,New Brighton,PA,,Micro,,,not_recorded,,not_recorded,,,,,unmatched,,,
6182,CR Brewing Company,New Castle,PA,,Brewpub,,,not_recorded,,not_recorded,,,,,unmatched,,,
6183,Croaker’s Brewing Company,New Castle,PA,,Taproom,,,not_recorded,,not_recorded,,,,,unmatched,,,
6184,Gunpowder Falls Brewing Co,New Freedom,PA,,Micro,,2020-03-03T00:00:00,confirmed_date,,not_recorded,,,,,unmatched,,,
6185,Great Barn Brewery,New Hope,PA,,Taproom,,2020-04-11T00:00:00,confirmed_date,,not_recorded,,,,,unmatched,,,
6186,Triumph Brewing Co of New Hope,New Hope,PA,,Brewpub,,,not_recorded,,not_recorded,,,,,unmatched,,,
6187,Conny Creek Brewing Co,New Kensington,PA,,Brewpub,,2020-03-03T00:00:00,confirmed_date,,not_recorded,,,,,unmatched,,,
6188,Hop Asylum Brewing,New Wilmington,PA,,Brewpub,,,not_recorded,,not_recorded,,,,,unmatched,,,
6189,Jam Room Brewing Co,Newfoundland,PA,,Taproom,,,not_recorded,,not_recorded,,,,,unmatched,,,
6190,River Bend Hop Farm And Brewery,Newport,PA,,Brewpub,,,not_recorded,,not_recorded,,,,,unmatched,,,
6191,Arundel Cellars & Brewing Co,North East,PA,,Brewpub,,2020-04-11T00:00:00,confirmed_date,,not_recorded,,,,,unmatched,,,
6192,Full Pint Brewing Company,North Versailles,PA,,Micro,,2020-04-11T00:00:00,confirmed_date,,not_recorded,,,,,unmatched,,,
6193,Iron Hill Brewery & Restaurant - North Wales,North Wales,PA,,Brewpub,,2020-04-11T00:00:00,confirmed_date,,not_recorded,,,,,unmatched,,,
6194,McAllister Brewing Company,North Wales,PA,,Brewpub,,2020-04-11T00:00:00,confirmed_date,,not_recorded,,,,,unmatched,,,
6195,Ten7 Brewing Company,North Wales,PA,,Taproom,,2020-04-11T00:00:00,confirmed_date,,not_recorded,,,,,unmatched,,,
6196,Helicon Brewing,Oakdale,PA,,Taproom,,2020-03-03T00:00:00,confirmed_date,,not_recorded,,,,,unmatched,,,
6197,Hollow Earth Brewing Co,Oxford,PA,,Brewpub,,2020-04-11T00:00:00,confirmed_date,,not_recorded,,,,,unmatched,,,
6198,"Bog Turtle Brewery, LLC",Oxford,PA,,Taproom,,,not_recorded,,not_recorded,,,,,unmatched,,,
6199,Mount Gretna Craft Brewery,Palmyra,PA,,Brewpub,,,not_recorded,,not_recorded,,,,,unmatched,,,
6200,Victory Brewing Co,Parkesburg,PA,,Regional,,2020-03-03T00:00:00,confirmed_date,,not_recorded,,,,,unmatched,,,
6201,Free Will Brewing Company,Perkasie,PA,,Micro,,,not_recorded,,not_recorded,,,,,unmatched,,,
6202,Chestnut Hill Brewing Co,Philadelphia,PA,,Brewpub,,2020-03-03T00:00:00,confirmed_date,,not_recorded,,,,,unmatched,,,
6203,Crime & Punishment Brewing Company,Philadelphia,PA,,Brewpub,,2020-03-03T00:00:00,confirmed_date,,not_recorded,,,,,unmatched,,,
6204,Earth Bread + Brewery,Philadelphia,PA,,Brewpub,,2020-03-03T00:00:00,confirmed_date,,not_recorded,,,,,unmatched,,,
6205,Fermentery Form,Philadelphia,PA,,Taproom,,2020-03-03T00:00:00,confirmed_date,,not_recorded,,,,,unmatched,,,
6206,Philadelphia Brewing Co,Philadelphia,PA,,Micro,,2020-03-03T00:00:00,confirmed_date,,not_recorded,,,,,unmatched,,,
6207,Punch Buggy Brewing Company,Philadelphia,PA,,Taproom,,2020-03-03T00:00:00,confirmed_date,,not_recorded,,,,,unmatched,,,
6208,Yards Brewing Co,Philadelphia,PA,,Regional,,2020-03-03T00:00:00,confirmed_date,,not_recorded,,,,,unmatched,,,
6209,Dock Street Brewery,Philadelphia,PA,,Brewpub,,2020-04-11T00:00:00,confirmed_date,,not_recorded,,,,,unmatched,,,
6210,Dock Street Brewing Co,Philadelphia,PA,,Brewpub,,2020-04-11T00:00:00,confirmed_date,,not_recorded,,,,,unmatched,,,
6211,Iron Hill Brewery & Restaurant - Chestnut Hill,Philadelphia,PA,,Brewpub,,2020-04-11T00:00:00,confirmed_date,,not_recorded,,,,,unmatched,,,
6212,Kurant Brew & Brew,Philadelphia,PA,,Taproom,,2020-04-11T00:00:00,confirmed_date,,not_recorded,,,,,unmatched,,,
6213,Second District Brewing Co.,Philadelphia,PA,,Brewpub,,2020-04-11T00:00:00,confirmed_date,,not_recorded,,,,,unmatched,,,
6214,Triple Bottom Brewing Company,Philadelphia,PA,,Taproom,,2020-04-11T00:00:00,confirmed_date,,not_recorded,,,,,unmatched,,,
6215,Urban Village Brewing Company,Philadelphia,PA,,Brewpub,,2020-04-11T00:00:00,confirmed_date,,not_recorded,,,,,unmatched,,,
6216,2nd Story Brewing Company,Philadelphia,PA,,Brewpub,,,not_recorded,,not_recorded,,,,,unmatched,,,
6217,Bar Hygge / Brewery Techne,Philadelphia,PA,,Brewpub,,,not_recorded,,not_recorded,,,,,unmatched,,,
6218,Brewery ARS,Philadelphia,PA,,Taproom,,,not_recorded,,not_recorded,,,,,unmatched,,,
6219,Evil Genius Beer Co,Philadelphia,PA,,Micro,,,not_recorded,,not_recorded,,,,,unmatched,,,
6220,Fishtown Brewing Co,Philadelphia,PA,,Brewpub,,,not_recorded,,not_recorded,,,,,unmatched,,,
6221,Iron Hill Brewery & Restaurant - Center City,Philadelphia,PA,,Brewpub,,,not_recorded,,not_recorded,,,,,unmatched,,,
6222,Love City Brewing Company,Philadelphia,PA,,Taproom,,,not_recorded,,not_recorded,,,,,unmatched,,,
6223,Mainstay Independent Brewing Company,Philadelphia,PA,,Brewpub,,,not_recorded,,not_recorded,,,,,unmatched,,,
6224,Manayunk Brewing Co & Restaurant,Philadelphia,PA,,Micro,,,not_recorded,,not_recorded,,,,,unmatched,,,
6225,Sacred Vice Brewing,Philadelphia,PA,,Taproom,,,not_recorded,,not_recorded,,,,,unmatched,,,
6226,Wissahickon Brewing Company,Philadelphia,PA,,Taproom,,,not_recorded,,not_recorded,,,,,unmatched,,,
6227,Rebel Hill Brewing Company,Phoenixville,PA,,Brewpub,,2019-10-26T00:00:00,confirmed_date,,not_recorded,,,,,unmatched,,,
6228,Iron Hill Brewery & Restaurant - Phoenixville,Phoenixville,PA,,Brewpub,,2020-03-03T00:00:00,confirmed_date,,not_recorded,,,,,unmatched,,,
6229,Root Down Brewing Company,Phoenixville,PA,,Brewpub,,2020-04-11T00:00:00,confirmed_date,,not_recorded,,,,,unmatched,,,
6230,Stable 12 Brewing Company,Phoenixville,PA,,Brewpub,,2020-04-11T00:00:00,confirmed_date,,not_recorded,,,,,unmatched,,,
6231,Crowded Castle Brewing Co. Inc.,Phoenixville,PA,,Micro,,,not_recorded,,not_recorded,,,,,unmatched,,,
6232,Sly Fox Brewhouse and Eatery,Phoenixville,PA,,Micro,,,not_recorded,,not_recorded,,,,,unmatched,,,
6233,Steel City Coffeehouse & Brewery,Phoenixville,PA,,Brewpub,,,not_recorded,,not_recorded,,,,,unmatched,,,
6234,Bucks County Brewery,Pipersville,PA,,Taproom,,,not_recorded,,not_recorded,,,,,unmatched,,,
6235,Southern Tier Brewing Co,Pittsburgh,PA,,Brewpub,,2019-11-27T00:00:00,confirmed_date,,not_recorded,,,,,unmatched,,,
6236,Cinderlands Warehouse,Pittsburgh,PA,,Brewpub,,2020-03-03T00:00:00,confirmed_date,,not_recorded,,,,,unmatched,,,
6237,Duquesne Brewing of Pittsburgh,Pittsburgh,PA,,Contract,,2020-03-03T00:00:00,confirmed_date,,not_recorded,,,,,unmatched,,,
6238,Links Brewing Company,Pittsburgh,PA,,Micro,,2020-03-03T00:00:00,confirmed_date,,not_recorded,,,,,exact,links-brewing-company,content/breweries/links-brewing-company.md,
6239,Pittsburgh Brewing Co,Pittsburgh,PA,,Contract,,2020-03-03T00:00:00,confirmed_date,,not_recorded,,,,,exact,pittsburgh-brewing-co,content/breweries/pittsburgh-brewing-co.md,
6240,Roundabout Brewery,Pittsburgh,PA,,Taproom,,2020-03-03T00:00:00,confirmed_date,,not_recorded,,,,,unmatched,,,
6241,Spring Hill Brewing,Pittsburgh,PA,,Taproom,,2020-03-03T00:00:00,confirmed_date,,not_recorded,,,,,unmatched,,,
6242,412 Brews,Pittsburgh,PA,,Micro,,2020-04-11T00:00:00,confirmed_date,,not_recorded,,,,,unmatched,,,
6243,Church Brew Works/Lawrenceville Brewery Inc.,Pittsburgh,PA,,Brewpub,,2020-04-11T00:00:00,confirmed_date,,not_recorded,,,,,unmatched,,,
6244,Cinderlands Beer Co.,Pittsburgh,PA,,Brewpub,,2020-04-11T00:00:00,confirmed_date,,not_recorded,,,,,unmatched,,,
6245,Couch Brewery,Pittsburgh,PA,,Taproom,,2020-04-11T00:00:00,confirmed_date,,not_recorded,,,,,unmatched,,,
6246,East End Brewing Co,Pittsburgh,PA,,Micro,,2020-04-11T00:00:00,confirmed_date,,not_recorded,,,,,unmatched,,,
6247,Pennsylvania Brewing Co,Pittsburgh,PA,,Micro,,2020-04-11T00:00:00,confirmed_date,,not_recorded,,,,,unmatched,,,
6248,Strange Roots Experimental Ales,Pittsburgh,PA,,Micro,Yes,,not_recorded,,not_recorded,,,,,unmatched,,,
6249,Allegheny City Brewing,Pittsburgh,PA,,Taproom,,,not_recorded,,not_recorded,,,,,unmatched,,,
6250,Aurochs Brewing Company,Pittsburgh,PA,,Micro,,,not_recorded,,not_recorded,,,,,unmatched,,,
6251,CoStar Brewing Inc.,Pittsburgh,PA,,Taproom,,,not_recorded,,not_recorded,,,,,unmatched,,,
6252,Dancing Gnome Beer,Pittsburgh,PA,,Taproom,,,not_recorded,,not_recorded,,,,,unmatched,,,
6253,Eleventh Hour Brewing Co,Pittsburgh,PA,,Micro,,,not_recorded,,not_recorded,,,,,unmatched,,,
6254,Grist House Craft Brewery,Pittsburgh,PA,,Taproom,,,not_recorded,,not_recorded,,,,,unmatched,,,
6255,Hofbrauhaus Pittsburgh,Pittsburgh,PA,,Brewpub,,,not_recorded,,not_recorded,,,,,unmatched,,,
6256,Hop Farm Brewing Co,Pittsburgh,PA,,Micro,,,not_recorded,,not_recorded,,,,,unmatched,,,
6257,Lincoln Avenue Brewery,Pittsburgh,PA,,Brewpub,,,not_recorded,,not_recorded,,,,,unmatched,,,
6258,Spoonwood Brewing Company,Pittsburgh,PA,,Brewpub,,,not_recorded,,not_recorded,,,,,unmatched,,,
6259,War Streets Brewery,Pittsburgh,PA,,Brewpub,,,not_recorded,,not_recorded,,,,,unmatched,,,
6260,Susquehanna Brewing Co,Pittston,PA,,Regional,,2020-03-03T00:00:00,confirmed_date,,not_recorded,,,,,unmatched,,,
6261,Sly Fox Brewing Co,Pottstown,PA,,Regional,,2020-03-03T00:00:00,confirmed_date,,not_recorded,,,,,unmatched,,,
6262,Amruth Brewery,Pottstown,PA,,Brewpub,,2020-04-11T00:00:00,confirmed_date,,not_recorded,,,,,unmatched,,,
6263,Pottstown United Brewing Co,Pottstown,PA,,Brewpub,,,not_recorded,,not_recorded,,,,,unmatched,,,
6264,D. G. Yuengling and Son Inc,Pottsville,PA,,Regional,,2020-03-03T00:00:00,confirmed_date,,not_recorded,,,,,unmatched,,,
6265,D. G. Yuengling and Son Inc,Pottsville,PA,,Regional,,2020-03-03T00:00:00,confirmed_date,,not_recorded,,,,,unmatched,,,
6266,The Proper Brewing Company,Quakertown,PA,,Brewpub,,,not_recorded,,not_recorded,,,,,unmatched,,,
6267,Chatty Monks Brewing Company - Production Facility,Reading,PA,,Micro,,2019-10-26T00:00:00,confirmed_date,,not_recorded,,,,,unmatched,,,
6268,Oakbrook Brewing Company,Reading,PA,,Brewpub,,2019-10-26T00:00:00,confirmed_date,,not_recorded,,,,,unmatched,,,
6269,Schaylor Brewing Company,Reading,PA,,Brewpub,,2019-10-26T00:00:00,confirmed_date,,not_recorded,,,,,unmatched,,,
6270,Missing Links Brewery,Renfrew,PA,,Brewpub,,2020-04-11T00:00:00,confirmed_date,,not_recorded,,,,,unmatched,,,
6271,the brew bank brewing co.,ridgway,PA,,Brewpub,,,not_recorded,,not_recorded,,,,,unmatched,,,
6272,Stickman Brews,Royersford,PA,,Brewpub,,,not_recorded,,not_recorded,,,,,unmatched,,,
6273,Straub Brewery,Saint Marys,PA,,Regional,,2020-03-03T00:00:00,confirmed_date,,not_recorded,,,,,unmatched,,,
6274,Cellar Works Brewing Co.,Sarver,PA,,Taproom,,,not_recorded,,not_recorded,,,,,unmatched,,,
6275,Bluestone Brewing Company,Sayre,PA,,Brewpub,,2020-04-11T00:00:00,confirmed_date,,not_recorded,,,,,unmatched,,,
6276,Last Minute Brewing,Scott Township,PA,,Micro,,,not_recorded,,not_recorded,,,,,unmatched,,,
6277,Isle Of Que Brewing Company,Selinsgrove,PA,,Taproom,,,not_recorded,,not_recorded,,,,,unmatched,,,
6278,Selins Grove Brewing Co,Selinsgrove,PA,,Brewpub,,,not_recorded,,not_recorded,,,,,unmatched,,,
6279,Covered Bridge Brewhaus Taproom,Shamokin,PA,,Taproom,,2020-03-03T00:00:00,confirmed_date,,not_recorded,,,,,unmatched,,,
6280,Hitchhiker Brewing Co.,Sharpsburg,PA,,Brewpub,,2020-03-03T00:00:00,confirmed_date,,not_recorded,,,,,unmatched,,,
6281,ShawneeCraft Brewery,Shawnee on Delaware,PA,,Taproom,,2020-03-03T00:00:00,confirmed_date,,not_recorded,,,,,unmatched,,,
6282,Five Mountain Brewing Co,Shickshinny,PA,,Taproom,,2020-04-11T00:00:00,confirmed_date,,not_recorded,,,,,unmatched,,,
6283,Brothers Kershner Brewing Co,Skippack,PA,,Taproom,,2020-04-11T00:00:00,confirmed_date,,not_recorded,,,,,unmatched,,,
6284,North Country Canning Co,Slippery Rock,PA,,Micro,,2020-03-03T00:00:00,confirmed_date,,not_recorded,,,,,unmatched,,,
6285,North Country Brewing Co. LLC,Slippery Rock,PA,,Micro,,,not_recorded,,not_recorded,,,,,unmatched,,,
6286,Jones Brewing Co,Smithton,PA,,Contract,,2020-03-03T00:00:00,confirmed_date,,not_recorded,,,,,exact,jones-brewing-co,content/breweries/jones-brewing-co.md,
6287,Tuned Up Brewing Company,Spring City,PA,,Taproom,,,not_recorded,,not_recorded,,,,,unmatched,,,
6288,Buon Appetito Ristorante,Spring Grove,PA,,Brewpub,,2020-03-03T00:00:00,confirmed_date,,not_recorded,,,,,unmatched,,,
6289,Leaning Cask Brewing Co,Springdale,PA,,Taproom,,,not_recorded,,not_recorded,,,,,unmatched,,,
6290,Happy Valley Brewing Company,State College,PA,,Brewpub,,2020-03-03T00:00:00,confirmed_date,,not_recorded,,,,,unmatched,,,
6291,Ottos Pub & Brewery,State College,PA,,Brewpub,,,not_recorded,,not_recorded,,,,,unmatched,,,
6292,Union Barrel Works,Stevens,PA,,Brewpub,,2020-03-03T00:00:00,confirmed_date,,not_recorded,,,,,unmatched,,,
6293,Mountain View Brewing Company,Stroudsburg,PA,,Taproom,,,not_recorded,,not_recorded,,,,,unmatched,,,
6294,Eclipse Craft Brewing,Sunbury,PA,,Brewpub,,,not_recorded,,not_recorded,,,,,unmatched,,,
6295,Pocono Brewery Company,Swiftwater,PA,,Brewpub,,2020-03-03T00:00:00,confirmed_date,,not_recorded,,,,,unmatched,,,
6296,Revere Brewery,Tamaqua,PA,,Taproom,,,not_recorded,,not_recorded,,,,,unmatched,,,
6297,Stoker’s Brewing Company,Tamaqua,PA,,Taproom,,,not_recorded,,not_recorded,,,,,unmatched,,,
6298,Barley Creek Brewing Co,Tannersville,PA,,Brewpub,,2020-03-03T00:00:00,confirmed_date,,not_recorded,,,,,unmatched,,,
6299,Lavery Brewing Co - Titusville,Titusville,PA,,Brewpub,,,not_recorded,,not_recorded,,,,,unmatched,,,
6300,Orr’s Brewing Company,Titusville,PA,,Brewpub,,,not_recorded,,not_recorded,,,,,unmatched,,,
6301,Nimble Hill Brewing Co,Tunkhannock,PA,,Micro,,,not_recorded,,not_recorded,,,,,unmatched,,,
6302,Laurel Highlands Brewing,Uniontown,PA,,Micro,,2020-03-03T00:00:00,confirmed_date,,not_recorded,,,,,unmatched,,,
6303,Sprague Farm and Brew Works,Venango,PA,,Brewpub,,,not_recorded,,not_recorded,,,,,unmatched,,,
6304,Acclamation Brewing,Verona,PA,,Planning,,2019-08-29T00:00:00,confirmed_date,,not_recorded,,,,,unmatched,,,
6305,Inner Groove Brewing,Verona,PA,,Taproom,,2020-04-11T00:00:00,confirmed_date,,not_recorded,,,,,unmatched,,,
6306,Washington Brewing Co,Washington,PA,,Brewpub,,2020-03-03T00:00:00,confirmed_date,,not_recorded,,,,,exact,washington-brewing-co,content/breweries/washington-brewing-co.md,
6307,Wellsboro House,Wellsboro,PA,,Brewpub,,,not_recorded,,not_recorded,,,,,unmatched,,,
6308,Artillery Brewing Co,West Chester,PA,,Taproom,,,not_recorded,,not_recorded,,,,,unmatched,,,
6309,Iron Hill Brewery & Restaurant - West Chester,West Chester,PA,,Brewpub,,,not_recorded,,not_recorded,,,,,unmatched,,,
6310,Levante Brewing Company,West Chester,PA,,Micro,,,not_recorded,,not_recorded,,,,,unmatched,,,
6311,Bloom Brew,West Newton,PA,,Taproom,,2020-03-03T00:00:00,confirmed_date,,not_recorded,,,,,unmatched,,,
6312,Broken Chair Brewery,West Reading,PA,,Taproom,,2019-10-26T00:00:00,confirmed_date,,not_recorded,,,,,unmatched,,,
6313,Chatty Monks Brewing Company,West Reading,PA,,Brewpub,,2019-10-26T00:00:00,confirmed_date,,not_recorded,,,,,unmatched,,,
6314,American Honor Beer Co,Wilkes Barre,PA,,Contract,,2020-03-03T00:00:00,confirmed_date,,not_recorded,,,,,unmatched,,,
6315,"Lion Brewery Inc, The",Wilkes Barre,PA,,Regional,,2020-03-03T00:00:00,confirmed_date,,not_recorded,,,,,unmatched,,,
6316,Benny Brewing Co.,Wilkes Barre,PA,,Micro,,,not_recorded,,not_recorded,,,,,unmatched,,,
6317,Breaker Brewing Company,Wilkes Barre,PA,,Brewpub,,,not_recorded,,not_recorded,,,,,unmatched,,,
6318,Boom City Brewing,Williamsport,PA,,Brewpub,,2020-03-03T00:00:00,confirmed_date,,not_recorded,,,,,unmatched,,,
6319,New Trail Brewing Company,Williamsport,PA,,Micro,,2020-03-03T00:00:00,confirmed_date,,not_recorded,,,,,unmatched,,,
6320,Bullfrog Brewery - Production Only,Williamsport,PA,,Micro,,2020-04-11T00:00:00,confirmed_date,,not_recorded,,,,,unmatched,,,
6321,Riepstines Pub,Williamsport,PA,,Brewpub,,2020-04-11T00:00:00,confirmed_date,,not_recorded,,,,,unmatched,,,
6322,Bullfrog Brewery,Williamsport,PA,,Brewpub,,,not_recorded,,not_recorded,,,,,unmatched,,,
6323,Gift Horse Brewing Company,York,PA,,Taproom,,2020-03-03T00:00:00,confirmed_date,,not_recorded,,,,,unmatched,,,
6324,Mexitaly Brick Oven Brewhouse,York,PA,,Brewpub,,2020-03-03T00:00:00,confirmed_date,,not_recorded,,,,,unmatched,,,
6325,Liquid Hero Brewery,York,PA,,Micro,,2020-04-11T00:00:00,confirmed_date,,not_recorded,,,,,unmatched,,,
6326,Mudhook Brewing Co,York,PA,,Brewpub,,2020-04-11T00:00:00,confirmed_date,,not_recorded,,,,,unmatched,,,
6327,Stony Run Brew House,York,PA,,Brewpub,,2020-04-11T00:00:00,confirmed_date,,not_recorded,,,,,unmatched,,,
6328,Collusion Tap Works,York,PA,,Brewpub,,,not_recorded,,not_recorded,,,,,unmatched,,,
6329,Crystal Ball Brewing,York,PA,,Micro,,,not_recorded,,not_recorded,,,,,unmatched,,,
6330,Lydian Stone Brewing Company,York Haven,PA,,Taproom,,,not_recorded,,not_recorded,,,,,unmatched,,,
6331,"ShuBrew, LLC",Zelienople,PA,,Brewpub,,2020-03-03T00:00:00,confirmed_date,,not_recorded,,,,,unmatched,,,
6332,Burgh’ers Brewing,Zelienople,PA,,Brewpub,,,not_recorded,,not_recorded,,,,,unmatched,,,
6333,Boqueron Brewing Company,Boqueron,PR,,Micro,,2019-11-27T00:00:00,confirmed_date,yes,confirmed_yes,,,,,unmatched,,,
6334,Ocean Lab Brewing,Carolina,PR,,Brewpub,,2019-11-27T00:00:00,confirmed_date,,not_recorded,,,,,unmatched,,,
6335,Zurc Brauhaus,Coamo,PR,,Micro,,2019-11-27T00:00:00,confirmed_date,,not_recorded,,,,,unmatched,,,
6336,Old Harbor Brewery,Guiynavo,PR,,Brewpub,,2019-11-27T00:00:00,confirmed_date,,not_recorded,,,,,unmatched,,,
6337,Mohegan Cafe and Brewery,Block Island,RI,,Brewpub,,2019-11-27T00:00:00,confirmed_date,,not_recorded,,,,,unmatched,,,
6338,Revival Foodworks and Brewery,Cranston,RI,,Brewpub,,2019-11-27T00:00:00,confirmed_date,,not_recorded,,,,,unmatched,,,
6339,Buttonwoods Brewery,Cranston,RI,,Taproom,,,not_recorded,,not_recorded,,,,,unmatched,,,
6340,LineSider Brewing Company,East Greenwich,RI,,Taproom,,2020-03-03T00:00:00,confirmed_date,,not_recorded,,,,,unmatched,,,
6341,Tilted Barn Brewery,Exeter,RI,,Taproom,,,not_recorded,,not_recorded,,,,,unmatched,,,
6342,Taproot Brewing Co / Newport Vineyards,Middletown,RI,,Micro,,2020-03-03T00:00:00,confirmed_date,,not_recorded,,,,,unmatched,,,
6343,Coddington Brewing Co,Middletown,RI,,Brewpub,,,not_recorded,,not_recorded,,,,,unmatched,,,
6344,Newport Craft Brewing and Distilling,Newport,RI,,Micro,,,not_recorded,,not_recorded,,,,,unmatched,,,
6345,Smug Brewing,Pawtucket,RI,,Taproom,,2020-03-03T00:00:00,confirmed_date,,not_recorded,,,,,unmatched,,,
6346,Foolproof Brewing Company,Pawtucket,RI,,Micro,,2020-04-11T00:00:00,confirmed_date,,not_recorded,,,,,unmatched,,,
6347,Isle Brewers Guild,Pawtucket,RI,,Taproom,,2020-04-11T00:00:00,confirmed_date,,not_recorded,,,,,unmatched,,,
6348,Willie’s Superbrew,Pawtucket,RI,,Micro,,2020-04-11T00:00:00,confirmed_date,,not_recorded,,,,,unmatched,,,
6349,Crooked Current Brewery,Pawtucket,RI,,Taproom,,,not_recorded,,not_recorded,,,,,unmatched,,,
6350,Ragged Island Brewing Company,Portsmouth,RI,,Micro,,,not_recorded,,not_recorded,,,,,unmatched,,,
6351,Union Station Brewery,Providence,RI,,Brewpub,,2020-03-03T00:00:00,confirmed_date,,not_recorded,,,,,unmatched,,,
6352,Providence Brewing Company,Providence,RI,,Taproom,,2020-04-11T00:00:00,confirmed_date,,not_recorded,,,,,unmatched,,,
6353,Trinity Brewhouse,Providence,RI,,Brewpub,,2020-04-11T00:00:00,confirmed_date,,not_recorded,,,,,unmatched,,,
6354,Beer On Earth,Providence,RI,,Taproom,,,not_recorded,,not_recorded,,,,,unmatched,,,
6355,Long Live Beerworks,Providence,RI,,Taproom,,,not_recorded,,not_recorded,,,,,unmatched,,,
6356,Sons of Liberty Beer & Spirits Co.,Wakefield,RI,,Taproom,,,not_recorded,,not_recorded,,,,,unmatched,,,
6357,Whalers Brewing Company,Wakefield,RI,,Micro,,,not_recorded,,not_recorded,,,,,unmatched,,,
6358,Proclamation Ale Company,Warwick,RI,,Micro,,2019-04-20T00:00:00,confirmed_date,,not_recorded,,,,,unmatched,,,
6359,Apponaug Brewing,Warwick,RI,,Brewpub,,2020-04-11T00:00:00,confirmed_date,,not_recorded,,,,,unmatched,,,
6360,Community Bruin Company,West Greenwich,RI,,Taproom,,2020-03-03T00:00:00,confirmed_date,,not_recorded,,,,,unmatched,,,
6361,"Shaidzon Beer Company, LLC",West Kingston,RI,,Taproom,,2019-11-27T00:00:00,confirmed_date,,not_recorded,,,,,unmatched,,,
6362,Grey Sail Brewing Co. LLC,Westerly,RI,,Micro,,2020-03-03T00:00:00,confirmed_date,,not_recorded,,,,,unmatched,,,
6363,Ravenous Brewing Company,Woonsocket,RI,,Taproom,,2020-04-11T00:00:00,confirmed_date,,not_recorded,,,,,unmatched,,,
6364,Lops Brewing,Woonsocket,RI,,Taproom,,,not_recorded,,not_recorded,,,,,unmatched,,,
6365,Aiken Brewing Co,Aiken,SC,,Brewpub,,2019-08-29T00:00:00,confirmed_date,,not_recorded,,,,,unmatched,,,
6366,Carolina Bauernhaus Ales,Anderson,SC,,Taproom,,,not_recorded,,not_recorded,,,,,unmatched,,,
6367,Salt Marsh Brewing,Bluffton,SC,,Brewpub,,2020-04-11T00:00:00,confirmed_date,,not_recorded,,,,,unmatched,,,
6368,Southern Barrel Brewing Company,Bluffton,SC,,Micro,,,not_recorded,,not_recorded,,,,,unmatched,,,
6369,New Groove Artisan Brewery,Boiling Springs,SC,,Brewpub,,2020-04-11T00:00:00,confirmed_date,,not_recorded,,,,,unmatched,,,
6370,Plankowner Brewing Co,Boiling Springs,SC,,Brewpub,,,not_recorded,,not_recorded,,,,,unmatched,,,
6371,Steel Hands Brewing,Cayce,SC,,Brewpub,,,not_recorded,,not_recorded,,,,,unmatched,,,
6372,Tradesman Brewing Company,Charleston,SC,,Taproom,,2019-10-21T00:00:00,confirmed_date,,not_recorded,,,,,unmatched,,,
6373,Cooper River Brewing Company,Charleston,SC,,Micro,,2020-03-03T00:00:00,confirmed_date,,not_recorded,,,,,unmatched,,,
6374,Dockery’s,Charleston,SC,,Brewpub,,2020-03-03T00:00:00,confirmed_date,,not_recorded,,,,,unmatched,,,
6375,Edmund’s Oast Brewing Co,Charleston,SC,,Taproom,,2020-03-03T00:00:00,confirmed_date,,not_recorded,,,,,unmatched,,,
6376,Freehouse Brewery,Charleston,SC,,Micro,,2020-03-03T00:00:00,confirmed_date,,not_recorded,,,,,unmatched,,,
6377,Palmetto Brewing Co,Charleston,SC,,Regional,,2020-03-03T00:00:00,confirmed_date,,not_recorded,,,,,unmatched,,,
6378,Revelry Brewing Co.,Charleston,SC,,Micro,,2020-03-03T00:00:00,confirmed_date,,not_recorded,,,,,unmatched,,,
6379,The Hold By Revelry Brewing,Charleston,SC,,Micro,,2020-03-03T00:00:00,confirmed_date,,not_recorded,,,,,unmatched,,,
6380,Holy City Brewing - Production,Charleston,SC,,Micro,,2020-04-11T00:00:00,confirmed_date,,not_recorded,,,,,unmatched,,,
6381,Twisted Cypress Brewing Company,Charleston,SC,,Taproom,,2020-04-11T00:00:00,confirmed_date,,not_recorded,,,,,unmatched,,,
6382,Charles Towne Fermentory,Charleston,SC,,Brewpub,,,not_recorded,,not_recorded,,,,,unmatched,,,
6383,Edmund’s Oast Restaurant,Charleston,SC,,Brewpub,,,not_recorded,,not_recorded,,,,,unmatched,,,
6384,Fam’s Brewing Company,Charleston,SC,,Brewpub,,,not_recorded,,not_recorded,,,,,unmatched,,,
6385,Fatty’s Beer Works,Charleston,SC,,Micro,,,not_recorded,,not_recorded,,,,,unmatched,,,
6386,Frothy Beard Brewing Co,Charleston,SC,,Micro,,,not_recorded,,not_recorded,,,,,unmatched,,,
6387,Holy City Brewing,Charleston,SC,,Micro,,,not_recorded,,not_recorded,,,,,unmatched,,,
6388,Holy City Brewing Baker and Brewer,Charleston,SC,,Brewpub,,,not_recorded,,not_recorded,,,,,unmatched,,,
6389,Indigo Reef Brewing Company,Charleston,SC,,Taproom,,,not_recorded,,not_recorded,,,,,unmatched,,,
6390,Munkle Brewing Company,Charleston,SC,,Taproom,,,not_recorded,,not_recorded,,,,,unmatched,,,
6391,Snafu Brewing Company,Charleston,SC,,Micro,,,not_recorded,,not_recorded,,,,,unmatched,,,
6392,Columbia Craft Brewing Company,Columbia,SC,,Taproom,,2020-03-03T00:00:00,confirmed_date,,not_recorded,,,,,unmatched,,,
6393,Hunter Gatherer Brewery and Alehouse,Columbia,SC,,Brewpub,,2020-03-03T00:00:00,confirmed_date,,not_recorded,,,,,unmatched,,,
6394,River Rat Brewery,Columbia,SC,,Brewpub,,2020-03-03T00:00:00,confirmed_date,,not_recorded,,,,,unmatched,,,
6395,Swamp Cabbage Brewing Company,Columbia,SC,,Taproom,,2020-03-03T00:00:00,confirmed_date,,not_recorded,,,,,unmatched,,,
6396,Twisted Spur Brewing,Columbia,SC,,Brewpub,,2020-03-03T00:00:00,confirmed_date,,not_recorded,,,,,unmatched,,,
6397,CottonTown Brew Lab,Columbia,SC,,Micro,,,not_recorded,,not_recorded,,,,,unmatched,,,
6398,Seminar Brewing,Florence,SC,,Brewpub,,2020-03-03T00:00:00,confirmed_date,,not_recorded,,,,,unmatched,,,
6399,Local Motive Brewing Company,Florence,SC,,Brewpub,,,not_recorded,,not_recorded,,,,,unmatched,,,
6400,Southern Hops Brewing Co.,Florence,SC,,Brewpub,,,not_recorded,,not_recorded,,,,,unmatched,,,
6401,Amor Artis Brewing,Fort Mill,SC,,Taproom,,2020-04-11T00:00:00,confirmed_date,,not_recorded,,,,,unmatched,,,
6402,Fireforge Crafted Beer,Greenville,SC,,Taproom,,2020-03-03T00:00:00,confirmed_date,,not_recorded,,,,,unmatched,,,
6403,Liability Brewing Co.,Greenville,SC,,Taproom,,2020-03-03T00:00:00,confirmed_date,,not_recorded,,,,,unmatched,,,
6404,Iron Hill Brewery & Restaurant - Greenville,Greenville,SC,,Brewpub,,2020-04-11T00:00:00,confirmed_date,,not_recorded,,,,,unmatched,,,
6405,The Eighth State Brewing Company,Greenville,SC,,Brewpub,,2020-04-11T00:00:00,confirmed_date,,not_recorded,,,,,unmatched,,,
6406,Yee-Haw Brewing- Greenville,Greenville,SC,,Brewpub,,2020-04-11T00:00:00,confirmed_date,,not_recorded,,,,,unmatched,,,
6407,Birds Fly South Ale Project,Greenville,SC,,Taproom,,,not_recorded,,not_recorded,,,,,unmatched,,,
6408,Brewery 85,Greenville,SC,,Taproom,,,not_recorded,,not_recorded,,,,,unmatched,,,
6409,Quest Brewing Company,Greenville,SC,,Micro,,,not_recorded,,not_recorded,,,,,unmatched,,,
6410,Shoeless Brewing Company,Greenville,SC,,Taproom,,,not_recorded,,not_recorded,,,,,unmatched,,,
6411,The Velo Fellow,Greenville,SC,,Brewpub,,,not_recorded,,not_recorded,,,,,unmatched,,,
6412,Thomas Creek Brewery,Greenville,SC,,Micro,,,not_recorded,,not_recorded,,,,,unmatched,,,
6413,Good Times Brewing,Greenwood,SC,,Brewpub,,,not_recorded,,not_recorded,,,,,unmatched,,,
6414,The Southern Growl,Greer,SC,,Contract,,2020-03-03T00:00:00,confirmed_date,,not_recorded,,,,,unmatched,,,
6415,Wild Ace Pizza & Pub,Greer,SC,,Brewpub,,2020-04-11T00:00:00,confirmed_date,,not_recorded,,,,,unmatched,,,
6416,Blue Ridge Brewing Co,Greer,SC,,Brewpub,,,not_recorded,,not_recorded,,,,,unmatched,,,
6417,Hilton Head Brewing Co,Hilton Head Island,SC,,Brewpub,,,not_recorded,,not_recorded,,,,,unmatched,,,
6418,Fat Pig Brewing Co.,Johns Island,SC,,Micro,,2020-04-11T00:00:00,confirmed_date,,not_recorded,,,,,unmatched,,,
6419,Low Tide Brewing,Johns Island,SC,,Taproom,,,not_recorded,,not_recorded,,,,,unmatched,,,
6420,Benford Brewing Co.,Lancaster,SC,,Micro,,,not_recorded,,not_recorded,,,,,unmatched,,,
6421,Angry Fish Brewing Company,Lexington,SC,,Taproom,,2020-03-03T00:00:00,confirmed_date,,not_recorded,,,,,unmatched,,,
6422,Old Mill Brewpub,Lexington,SC,,Brewpub,,2020-03-03T00:00:00,confirmed_date,,not_recorded,,,,,unmatched,,,
6423,Krafty Draft Brew Pub,Lexington,SC,,Brewpub,,,not_recorded,,not_recorded,,,,,unmatched,,,
6424,Westbrook Brewing Co,Mount Pleasant,SC,,Regional,,2019-11-27T00:00:00,confirmed_date,,not_recorded,,,,,unmatched,,,
6425,Ghost Monkey Brewery,Mount Pleasant,SC,,Taproom,,,not_recorded,,not_recorded,,,,,unmatched,,,
6426,Two Blokes Brewing Co.,Mount Pleasant,SC,,Taproom,,,not_recorded,,not_recorded,,,,,unmatched,,,
6427,Gordon Biersch Brewery Restaurant - Myrtle Beach,Myrtle Beach,SC,,Brewpub,,2020-04-11T00:00:00,confirmed_date,,not_recorded,,,,,unmatched,,,
6428,Liberty Steakhouse and Brewery,Myrtle Beach,SC,,Brewpub,,,not_recorded,,not_recorded,,,,,unmatched,,,
6429,New South Brewing Co,Myrtle Beach,SC,,Micro,,,not_recorded,,not_recorded,,,,,unmatched,,,
6430,Lo-Fi Brewing,North Charleston,SC,,Micro,,2020-03-03T00:00:00,confirmed_date,,not_recorded,,,,,unmatched,,,
6431,Commonhouse Aleworks,North Charleston,SC,,Taproom,,2020-04-11T00:00:00,confirmed_date,,not_recorded,,,,,unmatched,,,
6432,COAST Brewing Co,North Charleston,SC,,Micro,,,not_recorded,,not_recorded,,,,,unmatched,,,
6433,Pawleys Island Brewing Company,North Charleston,SC,,Brewpub,,,not_recorded,,not_recorded,,,,,unmatched,,,
6434,Rusty Bull Brewing Company,North Charleston,SC,,Brewpub,,,not_recorded,,not_recorded,,,,,unmatched,,,
6435,Quigley’s Pint and Plate,Pawleys Island,SC,,Brewpub,,2020-04-11T00:00:00,confirmed_date,,not_recorded,,,,,unmatched,,,
6436,Golden Grove Farm & Brew,Piedmont,SC,,Brewpub,,2020-03-03T00:00:00,confirmed_date,,not_recorded,,,,,unmatched,,,
6437,River Dog Brewing Co,Ridgeland,SC,,Micro,,2020-04-11T00:00:00,confirmed_date,,not_recorded,,,,,unmatched,,,
6438,Slow Play Brewing,Rock Hill,SC,,Taproom,,2020-04-11T00:00:00,confirmed_date,,not_recorded,,,,,unmatched,,,
6439,Dust Off Brewing Co.,Rock Hill,SC,,Taproom,,,not_recorded,,not_recorded,,,,,unmatched,,,
6440,Legal Remedy Brewing,Rock Hill,SC,,Brewpub,,,not_recorded,,not_recorded,,,,,unmatched,,,
6441,Rock Hill Brewing Company,Rock Hill,SC,,Taproom,,,not_recorded,,not_recorded,,,,,unmatched,,,
6442,Keowee Brewing Company,Seneca,SC,,Taproom,,,not_recorded,,not_recorded,,,,,unmatched,,,
6443,Ciclops Cyderi and Brewery,Spartanburg,SC,,Brewpub,,2020-04-11T00:00:00,confirmed_date,,not_recorded,,,,,unmatched,,,
6444,Holliday Brewing,Spartanburg,SC,,Taproom,,2020-04-11T00:00:00,confirmed_date,,not_recorded,,,,,unmatched,,,
6445,RJ Rockers Brewing Co,Spartanburg,SC,,Micro,,2020-04-11T00:00:00,confirmed_date,,not_recorded,,,,,unmatched,,,
6446,Oak Road Brewery,Summerville,SC,,Taproom,,2020-04-11T00:00:00,confirmed_date,,not_recorded,,,,,unmatched,,,
6447,Wide Awake Brewing Company,Summerville,SC,,Micro,,,not_recorded,,not_recorded,,,,,unmatched,,,
6448,13 Stripes Brewery,Taylors,SC,,Brewpub,,2019-08-29T00:00:00,confirmed_date,,not_recorded,,,,,unmatched,,,
6449,Swamp Rabbit Brewery and Taproom,Travelers Rest,SC,,Taproom,,,not_recorded,,not_recorded,,,,,unmatched,,,
6450,Dakota Territory Brewing,Aberdeen,SD,,Micro,,,not_recorded,,not_recorded,,,,,unmatched,,,
6451,Eponymous Brewing Co,Brookings,SD,,Taproom,,2020-04-11T00:00:00,confirmed_date,,not_recorded,,,,,unmatched,,,
6452,Wooden Legs Brewing Co,Brookings,SD,,Brewpub,,,not_recorded,,not_recorded,,,,,unmatched,,,
6453,Mt. Rushmore Brewing Company,Custer,SD,,Brewpub,,2020-03-03T00:00:00,confirmed_date,,not_recorded,,,,,unmatched,,,
6454,Buffalo Ridge Brewing,Hartford,SD,,Brewpub,,2020-03-03T00:00:00,confirmed_date,,not_recorded,,,,,unmatched,,,
6455,Miner Brewing Co,Hill City,SD,,Brewpub,,,not_recorded,,not_recorded,,,,,unmatched,,,
6456,Sick N Twisted Brewing Co,Hill City,SD,,Brewpub,,,not_recorded,,not_recorded,,,,,unmatched,,,
6457,Highway 79 Brewery,Hot Springs,SD,,Brewpub,,2020-04-11T00:00:00,confirmed_date,,not_recorded,,,,,unmatched,,,
6458,Dakota Shivers Brewing,Lead,SD,,Taproom,,,not_recorded,,not_recorded,,,,,unmatched,,,
6459,Dakota Point Brewing LLC,Rapid City,SD,,Taproom,,2020-03-03T00:00:00,confirmed_date,,not_recorded,,,,,unmatched,,,
6460,Lost Cabin Beer Co.,Rapid City,SD,,Taproom,,2020-03-03T00:00:00,confirmed_date,,not_recorded,,,,,unmatched,,,
6461,Firehouse Brewing Co,Rapid City,SD,,Brewpub,,,not_recorded,,not_recorded,,,,,unmatched,,,
6462,Hay Camp Brewing Company,Rapid City,SD,,Micro,,,not_recorded,,not_recorded,,,,,unmatched,,,
6463,Zymurcracy Beer Company,Rapid City,SD,,Taproom,,,not_recorded,,not_recorded,,,,,unmatched,,,
6464,Granite City Food & Brewery (#2),Sioux Falls,SD,,Brewpub,,2020-03-03T00:00:00,confirmed_date,,not_recorded,,,,,unmatched,,,
6465,Lupulin Brewing - Sioux Falls,Sioux Falls,SD,,Taproom,,2020-03-03T00:00:00,confirmed_date,,not_recorded,,,,,unmatched,,,
6466,WoodGrain Brewing Company,Sioux Falls,SD,,Taproom,,2020-03-03T00:00:00,confirmed_date,,not_recorded,,,,,unmatched,,,
6467,Fernson Brewing Company,Sioux Falls,SD,,Micro,,2020-04-11T00:00:00,confirmed_date,,not_recorded,,,,,unmatched,,,
6468,Gandy Dancer Brew Works,Sioux Falls,SD,,Brewpub,,2020-04-11T00:00:00,confirmed_date,,not_recorded,,,,,unmatched,,,
6469,Obscure Brewing,Sioux Falls,SD,,Taproom,,2020-04-11T00:00:00,confirmed_date,,not_recorded,,,,,unmatched,,,
6470,Panacea Brewing Company / Remedy Brewing Company,Sioux Falls,SD,,Taproom,,,not_recorded,,not_recorded,,,,,unmatched,,,
6471,Severance Brewing Company,Sioux Falls,SD,,Taproom,,,not_recorded,,not_recorded,,,,,unmatched,,,
6472,Lean Horse Productions,Spearfish,SD,,Contract,,2020-03-03T00:00:00,confirmed_date,,not_recorded,,,,,unmatched,,,
6473,Crow Peak Brewing Co,Spearfish,SD,,Micro,,,not_recorded,,not_recorded,,,,,unmatched,,,
6474,Spearfish Brewing Company,Spearfish,SD,,Taproom,,,not_recorded,,not_recorded,,,,,unmatched,,,
6475,The Knuckle Brewing Company,Sturgis,SD,,Brewpub,,,not_recorded,,not_recorded,,,,,unmatched,,,
6476,A Homestead Brew,Valley Springs,SD,,Taproom,,2019-08-29T00:00:00,confirmed_date,,not_recorded,,,,,unmatched,,,
6477,"Dempseys Brewery, Pub",Watertown,SD,,Brewpub,,2020-04-11T00:00:00,confirmed_date,,not_recorded,,,,,unmatched,,,
6478,Watertown Brewing Co,Watertown,SD,,Brewpub,,2020-04-11T00:00:00,confirmed_date,,not_recorded,,,,,unmatched,,,
6479,Ben’s Brewing Co,Yankton,SD,,Brewpub,,,not_recorded,,not_recorded,,,,,unmatched,,,
6480,Gas City Vapes,Medicine Hat,T1B 2X2,CA,eCig,,yes,confirmed_yes,yes,confirmed_yes,,https://www.gascityvapes.com/,https://instagram.com/gascityvapes,https://www.twitter.com/gascityvapes,unmatched,,,
6481,Blackhorse Pub and Brewery -  Knoxville,Alcoa,TN,,Brewpub,,,not_recorded,,not_recorded,,,,,unmatched,,,
6482,Elderbrew,Bristol,TN,,Taproom,,2020-03-03T00:00:00,confirmed_date,,not_recorded,,,,,unmatched,,,
6483,Holston River Brewing Company,Bristol,TN,,Brewpub,,,not_recorded,,not_recorded,,,,,unmatched,,,
6484,Mad Knight Brewing Company,Chattanooga,TN,,Taproom,,2019-11-27T00:00:00,confirmed_date,yes,confirmed_yes,,,,,unmatched,,,
6485,Naked River Brewing Company,Chattanooga,TN,,Brewpub,,2019-11-27T00:00:00,confirmed_date,,not_recorded,,,,,unmatched,,,
6486,Oddstory Brewing Co,Chattanooga,TN,,Taproom,,2019-11-27T00:00:00,confirmed_date,,not_recorded,,,,,unmatched,,,
6487,BREWSKI,Chattanooga,TN,,Contract,,2020-03-03T00:00:00,confirmed_date,,not_recorded,,,,,exact,brewski,content/breweries/brewski.md,
6488,"Hutton & Smith Brewing Company, M. L. King",Chattanooga,TN,,Taproom,,2020-03-03T00:00:00,confirmed_date,,not_recorded,,,,,unmatched,,,
6489,The Naked River Brewing Company,Chattanooga,TN,,Brewpub,,2020-03-03T00:00:00,confirmed_date,,not_recorded,,,,,unmatched,,,
6490,WanderLinger Brewing Co,Chattanooga,TN,,Taproom,,2020-03-03T00:00:00,confirmed_date,,not_recorded,,,,,unmatched,,,
6491,Big River Grille & Brewing Works - Chattanooga,Chattanooga,TN,,Brewpub,,2020-04-11T00:00:00,confirmed_date,,not_recorded,,,,,unmatched,,,
6492,Chattanooga Brewing Co,Chattanooga,TN,,Micro,,2020-04-11T00:00:00,confirmed_date,,not_recorded,,,,,unmatched,,,
6493,Heaven & Ale Brewing Co,Chattanooga,TN,,Brewpub,,2020-04-11T00:00:00,confirmed_date,,not_recorded,,,,,unmatched,,,
6494,The Terminal Brewhouse,Chattanooga,TN,,Brewpub,,2020-04-11T00:00:00,confirmed_date,,not_recorded,,,,,unmatched,,,
6495,Hutton & Smith Brewing Company,Chattanooga,TN,,Micro,,,not_recorded,,not_recorded,,,,,unmatched,,,
6496,Kings Bluff Brewery,Clarksville,TN,,Micro,,2019-11-27T00:00:00,confirmed_date,,not_recorded,,,,,unmatched,,,
6497,Gladiator Brewing Co.,Clarksville,TN,,Taproom,,2020-03-03T00:00:00,confirmed_date,,not_recorded,,,,,unmatched,,,
6498,Strawberry Alley Ale Works,Clarksville,TN,,Brewpub,,2020-04-11T00:00:00,confirmed_date,,not_recorded,,,,,unmatched,,,
6499,Tennessee Valley Brewing Company,Clarksville,TN,,Taproom,,2020-04-11T00:00:00,confirmed_date,,not_recorded,,,,,unmatched,,,
6500,Blackhorse Pub and Brewery,Clarksville,TN,,Brewpub,,,not_recorded,,not_recorded,,,,,unmatched,,,
6501,The Star Spangled Brewing Co.,Clarksville,TN,,Taproom,,,not_recorded,,not_recorded,,,,,unmatched,,,
6502,Asgard Brewing Company,Columbia,TN,,Micro,,2020-03-03T00:00:00,confirmed_date,,not_recorded,,,,,unmatched,,,
6503,Bad Idea Brewing,Columbia,TN,,Taproom,,,not_recorded,,not_recorded,,,,,unmatched,,,
6504,Red Silo Brewing Co,Cookeville,TN,,Taproom,,2019-11-27T00:00:00,confirmed_date,,not_recorded,,,,,unmatched,,,
6505,Hix Farm Brewery,Cookeville,TN,,Taproom,,2020-04-11T00:00:00,confirmed_date,,not_recorded,,,,,unmatched,,,
6506,Jig Head Brewing Company,Cookeville,TN,,Taproom,,,not_recorded,,not_recorded,,,,,unmatched,,,
6507,Copperhill Brewery,Copperhill,TN,,Taproom,,2019-11-27T00:00:00,confirmed_date,,not_recorded,,,,,unmatched,,,
6508,Buck Bald Brewing Corporation,Copperhill,TN,,Taproom,,2020-04-11T00:00:00,confirmed_date,,not_recorded,,,,,unmatched,,,
6509,Meddlesome Brewing Company,Cordova,TN,,Micro,,2019-06-02T00:00:00,confirmed_date,,not_recorded,,,,,unmatched,,,
6510,BriarScratch Brewing,Cottontown,TN,,Micro,,2020-03-03T00:00:00,confirmed_date,,not_recorded,,,,,unmatched,,,
6511,Monkey Town Brewing Company,Dayton,TN,,Brewpub,,2019-11-27T00:00:00,confirmed_date,,not_recorded,,,,,unmatched,,,
6512,Mantra Artisan Ales,Franklin,TN,,Micro,,2019-11-27T00:00:00,confirmed_date,,not_recorded,,,,,unmatched,,,
6513,Cool Springs Brewery,Franklin,TN,,Brewpub,,2020-04-11T00:00:00,confirmed_date,,not_recorded,,,,,unmatched,,,
6514,Granite City Food & Brewery,Franklin,TN,,Brewpub,,,not_recorded,,not_recorded,,,,,unmatched,,,
6515,Gatlinburg Brewing Company,Gatlinburg,TN,,Micro,,2020-03-03T00:00:00,confirmed_date,,not_recorded,,,,,unmatched,,,
6516,Smoky Mountain Brewery (#2) - Gatlinburg,Gatlinburg,TN,,Brewpub,,,not_recorded,,not_recorded,,,,,unmatched,,,
6517,Rock’n Dough Pizza and Brewery,Germantown,TN,,Brewpub,,2019-11-27T00:00:00,confirmed_date,,not_recorded,,,,,unmatched,,,
6518,Half Batch Brewing,Hendersonville,TN,,Micro,,,not_recorded,,not_recorded,,,,,unmatched,,,
6519,Rock’n Dough Pizza and Brewery,Jackson,TN,,Brewpub,,2019-11-27T00:00:00,confirmed_date,,not_recorded,,,,,unmatched,,,
6520,"Yee-Haw Brewing, LLC.",Johnson City,TN,,Regional,,2019-11-27T00:00:00,confirmed_date,,not_recorded,,,,,unmatched,,,
6521,Great Oak Brewing Company,Johnson City,TN,,Taproom,,2020-04-11T00:00:00,confirmed_date,,not_recorded,,,,,unmatched,,,
6522,Johnson City Brewing Co,Johnson City,TN,,Taproom,,,not_recorded,,not_recorded,,,,,unmatched,,,
6523,JRH Brewing,Johnson City,TN,,Micro,,,not_recorded,,not_recorded,,,,,unmatched,,,
6524,Depot Street Brewing Co,Jonesborough,TN,,Micro,,2020-04-11T00:00:00,confirmed_date,,not_recorded,,,,,unmatched,,,
6525,Sleepy Owl Brewery,Kingsport,TN,,Taproom,,2019-10-26T00:00:00,confirmed_date,,not_recorded,,,,,unmatched,,,
6526,Bays Mountain Brewing Company,Kingsport,TN,,Taproom,,2020-03-03T00:00:00,confirmed_date,,not_recorded,,,,,unmatched,,,
6527,Abridged Beer Company,Knoxville,TN,,Brewpub,,2019-08-29T00:00:00,confirmed_date,,not_recorded,,,,,unmatched,,,
6528,Albright Grove Brewing Company,Knoxville,TN,,Taproom,,2019-08-29T00:00:00,confirmed_date,,not_recorded,,,,,unmatched,,,
6529,Last Days of Autumn Brewing,Knoxville,TN,,Brewpub,,2019-11-27T00:00:00,confirmed_date,,not_recorded,,,,,unmatched,,,
6530,Printshop Beer Co,Knoxville,TN,,Taproom,,2019-11-27T00:00:00,confirmed_date,,not_recorded,,,,,unmatched,,,
6531,Balter Beerworks,Knoxville,TN,,Brewpub,,2020-03-03T00:00:00,confirmed_date,,not_recorded,,,,,unmatched,,,
6532,Crafty Bastard Brewery,Knoxville,TN,,Taproom,,2020-03-03T00:00:00,confirmed_date,,not_recorded,,,,,unmatched,,,
6533,Elkmont Exchange Brewery and Eating House,Knoxville,TN,,Brewpub,,2020-03-03T00:00:00,confirmed_date,,not_recorded,,,,,unmatched,,,
6534,Pretentious Beer Co,Knoxville,TN,,Micro,,2020-03-03T00:00:00,confirmed_date,,not_recorded,,,,,unmatched,,,
6535,Fanatic Brewing Company,Knoxville,TN,,Micro,,2020-04-11T00:00:00,confirmed_date,,not_recorded,,,,,unmatched,,,
6536,Hexagon Brewing Co,Knoxville,TN,,Micro,,2020-04-11T00:00:00,confirmed_date,,not_recorded,,,,,unmatched,,,
6537,Alliance Brewing Company,Knoxville,TN,,Taproom,,,not_recorded,,not_recorded,,,,,unmatched,,,
6538,Downtown Grill & Brewery / Woodruff Brewing,Knoxville,TN,,Brewpub,,,not_recorded,,not_recorded,,,,,unmatched,,,
6539,Schulz Brau Brewing Company,Knoxville,TN,,Micro,,,not_recorded,,not_recorded,,,,,unmatched,,,
6540,Smoky Mountain Brewery (#1),Knoxville,TN,,Brewpub,,,not_recorded,,not_recorded,,,,,unmatched,,,
6541,Smoky Mountain Brewery (#4) - Turkey Creek,Knoxville,TN,,Brewpub,,,not_recorded,,not_recorded,,,,,unmatched,,,
6542,Lilly Pad Hopyard Brewery,Lancing,TN,,Brewpub,,2019-11-27T00:00:00,confirmed_date,,not_recorded,,,,,unmatched,,,
6543,Yazoo Brewing Co,Madison,TN,,Regional,,2020-03-03T00:00:00,confirmed_date,,not_recorded,,,,,unmatched,,,
6544,Blackberry Farm Brewery,Maryville,TN,,Micro,,2020-04-11T00:00:00,confirmed_date,,not_recorded,,,,,unmatched,,,
6545,Depot Bottom Brewery,McMinnville,TN,,Taproom,,,not_recorded,,not_recorded,,,,,unmatched,,,
6546,Southern Charm Botanicals,Memphis,TN,,Vaporents,,yes,confirmed_yes,yes,confirmed_yes,,https://www.southerncharmcbd.com/,https://www.instagram.com/southern_charm_botanicals/,,unmatched,,,
6547,Blues City Brewing Co,Memphis,TN,,Regional,,2019-06-03T00:00:00,confirmed_date,,not_recorded,,,,,unmatched,,,
6548,Crosstown Brewing Company,Memphis,TN,,Micro,,2020-03-03T00:00:00,confirmed_date,,not_recorded,,,,,unmatched,,,
6549,High Cotton Brewing,Memphis,TN,,Micro,,2020-03-03T00:00:00,confirmed_date,,not_recorded,,,,,unmatched,,,
6550,Memphis Made Brewing Company,Memphis,TN,,Micro,,2020-03-03T00:00:00,confirmed_date,,not_recorded,,,,,unmatched,,,
6551,Wiseacre Brewing Co.,Memphis,TN,,Regional,,2020-03-03T00:00:00,confirmed_date,,not_recorded,,,,,unmatched,,,
6552,Boscos Squared,Memphis,TN,,Brewpub,,,not_recorded,,not_recorded,,,,,unmatched,,,
6553,Ghost River Brewing,Memphis,TN,,Micro,,,not_recorded,,not_recorded,,,,,unmatched,,,
6554,Mayday Brewery,Murfreesboro,TN,,Micro,,2019-11-27T00:00:00,confirmed_date,,not_recorded,,,,,unmatched,,,
6555,Adam Robertson,Murfreesboro,TN,,,,2019-12-08T00:00:00,confirmed_date,,not_recorded,,,,,unmatched,,,
6556,Corsair Artisan LLC,Nashville,TN,,Taproom,,2019-06-03T00:00:00,confirmed_date,,not_recorded,,,,,unmatched,,,
6557,"Jackalope Brewing Company, LLC",Nashville,TN,,Micro,,2019-11-27T00:00:00,confirmed_date,,not_recorded,,,,,unmatched,,,
6558,Jubilee Craft Beer Co,Nashville,TN,,Contract,,2019-11-27T00:00:00,confirmed_date,,not_recorded,,,,,unmatched,,,
6559,Little Harpeth Brewing Co,Nashville,TN,,Micro,,2019-11-27T00:00:00,confirmed_date,,not_recorded,,,,,unmatched,,,
6560,Rock Bottom Brewery - Nashville,Nashville,TN,,Brewpub,,2020-03-03T00:00:00,confirmed_date,,not_recorded,,,,,unmatched,,,
6561,Southern Grist Brewing Company,Nashville,TN,,Proprietor,,2020-03-03T00:00:00,confirmed_date,,not_recorded,,,,,unmatched,,,
6562,Tennessee Brew Works,Nashville,TN,,Micro,,2020-04-11T00:00:00,confirmed_date,,not_recorded,,,,,unmatched,,,
6563,The Black Abbey Brewing Company,Nashville,TN,,Micro,,2020-04-11T00:00:00,confirmed_date,,not_recorded,,,,,unmatched,,,
6564,Bearded Iris Brewing,Nashville,TN,,Micro,,,not_recorded,,not_recorded,,,,,unmatched,,,
6565,Blackstone Brewing Co,Nashville,TN,,Micro,,,not_recorded,,not_recorded,,,,,unmatched,,,
6566,Czann’s Brewing,Nashville,TN,,Micro,,,not_recorded,,not_recorded,,,,,unmatched,,,
6567,East Nashville Beer Works,Nashville,TN,,Taproom,,,not_recorded,,not_recorded,,,,,unmatched,,,
6568,Fat Bottom Brewing,Nashville,TN,,Micro,,,not_recorded,,not_recorded,,,,,unmatched,,,
6569,Harding House Brewing Company,Nashville,TN,,Taproom,,,not_recorded,,not_recorded,,,,,unmatched,,,
6570,Honky Tonk Brewing Co,Nashville,TN,,Micro,,,not_recorded,,not_recorded,,,,,unmatched,,,
6571,Living Waters Brewing Company,Nashville,TN,,Taproom,,,not_recorded,,not_recorded,,,,,unmatched,,,
6572,New Heights Brewing Co,Nashville,TN,,Micro,,,not_recorded,,not_recorded,,,,,unmatched,,,
6573,Smith & Lentz Brewing,Nashville,TN,,Taproom,,,not_recorded,,not_recorded,,,,,unmatched,,,
6574,Tailgate Brewery,Nashville,TN,,Brewpub,,,not_recorded,,not_recorded,,,,,unmatched,,,
6575,TailGate Brewery Music Row,Nashville,TN,,Brewpub,,,not_recorded,,not_recorded,,,,,unmatched,,,
6576,Turtle Anarchy Brewing Co,Nashville,TN,,Micro,,,not_recorded,,not_recorded,,,,,unmatched,,,
6577,Mill Creek Brewing Co.,Nolensville,TN,,Micro,,2020-04-11T00:00:00,confirmed_date,,not_recorded,,,,,unmatched,,,
6578,Clinch River Brewing,Norris,TN,,Taproom,,,not_recorded,,not_recorded,,,,,unmatched,,,
6579,Perrylodgic Brewing Company,Paris,TN,,Brewpub,,2019-11-27T00:00:00,confirmed_date,,not_recorded,,,,,unmatched,,,
6580,Smoky Mountain Brewery (#3) - Pigeon Forge,Pigeon Forge,TN,,Brewpub,,2020-03-03T00:00:00,confirmed_date,,not_recorded,,,,,unmatched,,,
6581,Big Frog Brewing Company,Red Bank,TN,,Taproom,,,not_recorded,,not_recorded,,,,,unmatched,,,
6582,VonSeitz TheoreticAles,Smithville,TN,,Micro,,2020-03-03T00:00:00,confirmed_date,,not_recorded,,,,,unmatched,,,
6583,Calfkiller Brewing Co,Sparta,TN,,Micro,,,not_recorded,,not_recorded,,,,,unmatched,,,
6584,Happy Trails Brewing Company,Sparta,TN,,Taproom,,,not_recorded,,not_recorded,,,,,unmatched,,,
6585,Ole Shed Brewing Company,Tullahoma,TN,,Micro,,2019-11-27T00:00:00,confirmed_date,,not_recorded,,,,,unmatched,,,
6586,Grain Theory,Abilene,TX,,Brewpub,,2020-03-03T00:00:00,confirmed_date,,not_recorded,,,,,unmatched,,,
6587,Brick & Forge Brew Works,Abilene,TX,,Brewpub,,,not_recorded,,not_recorded,,,,,unmatched,,,
6588,Pappy Slokum Brewing Co.,Abilene,TX,,Micro,,,not_recorded,,not_recorded,,,,,unmatched,,,
6589,Sockdolager Brewing Company,Abilene,TX,,Taproom,,,not_recorded,,not_recorded,,,,,unmatched,,,
6590,Bitter Sisters Brewing Company,Addison,TX,,Micro,,,not_recorded,,not_recorded,,,,,unmatched,,,
6591,Cactus Land Brewing Company,Adkins,TX,,Brewpub,,2020-04-11T00:00:00,confirmed_date,,not_recorded,,,,,unmatched,,,
6592,Two Rows Restaurant and Brewery - Allen,Allen,TX,,Contract,,2020-03-03T00:00:00,confirmed_date,,not_recorded,,,,,unmatched,,,
6593,Nine Band Brewing Co.,Allen,TX,,Micro,,,not_recorded,,not_recorded,,,,,unmatched,,,
6594,Fetching Lab Brewing Co.,Alvin,TX,,Micro,,,not_recorded,,not_recorded,,,,,unmatched,,,
6595,Gordon Street Tavern,Alvin,TX,,Brewpub,,,not_recorded,,not_recorded,,,,,unmatched,,,
6596,Long Wooden Spoon Brewing,Amarillo,TX,,Micro,,2020-04-11T00:00:00,confirmed_date,,not_recorded,,,,,unmatched,,,
6597,Pondaseta Brewing Co.,Amarillo,TX,,Taproom,,2020-04-11T00:00:00,confirmed_date,,not_recorded,,,,,unmatched,,,
6598,Big Texan Brewery,Amarillo,TX,,Brewpub,,,not_recorded,,not_recorded,,,,,unmatched,,,
6599,Six Car Pub and Brewery,Amarillo,TX,,Brewpub,,,not_recorded,,not_recorded,,,,,unmatched,,,
6600,Legal Draft Beer Company,Arlington,TX,,Micro,,2020-03-03T00:00:00,confirmed_date,,not_recorded,,,,,unmatched,,,
6601,Division Brewing,Arlington,TX,,Brewpub,,,not_recorded,,not_recorded,,,,,unmatched,,,
6602,Humperdinks - Arlington,Arlington,TX,,Brewpub,,,not_recorded,,not_recorded,,,,,unmatched,,,
6603,Athens Brewing Co,Athens,TX,,Brewpub,,,not_recorded,,not_recorded,,,,,unmatched,,,
6604,St. Elmo Brewing Company,Austin,TX,,Taproom,,2020-03-03T00:00:00,confirmed_date,yes,confirmed_yes,,http://www.stelmobrewing.com/,https://www.instagram.com/stelmobrewing/,https://twitter.com/stelmobrewing,exact,st-elmo-brewing-company,content/breweries/st-elmo-brewing-company.md,
6605,(512) Brewing Co,Austin,TX,,Micro,,2019-08-29T00:00:00,confirmed_date,,not_recorded,,,,,unmatched,,,
6606,Adelbert’s Brewery LLC,Austin,TX,,Micro,,2019-08-29T00:00:00,confirmed_date,,not_recorded,,,,,unmatched,,,
6607,Blue Owl Brewing,Austin,TX,,Micro,,2019-10-26T00:00:00,confirmed_date,,not_recorded,,,,,unmatched,,,
6608,Jester King Brewery,Austin,TX,,Brewpub,,2019-11-13T00:00:00,confirmed_date,,not_recorded,,,,,unmatched,,,
6609,4th Tap Brewing Cooperative,Austin,TX,,Micro,,2019-11-27T00:00:00,confirmed_date,,not_recorded,,,,,unmatched,,,
6610,Austin Beerworks,Austin,TX,,Regional,,2020-03-03T00:00:00,confirmed_date,,not_recorded,,,,,unmatched,,,
6611,Barbershop Brewhouse,Austin,TX,,Taproom,,2020-03-03T00:00:00,confirmed_date,,not_recorded,,,,,unmatched,,,
6612,Batch Craft Beer and Kolaches,Austin,TX,,Brewpub,,2020-03-03T00:00:00,confirmed_date,,not_recorded,,,,,unmatched,,,
6613,Black Star Co-op,Austin,TX,,Brewpub,,2020-03-03T00:00:00,confirmed_date,,not_recorded,,,,,unmatched,,,
6614,Destination Brewing Company,Austin,TX,,Contract,,2020-03-03T00:00:00,confirmed_date,,not_recorded,,,,,unmatched,,,
6615,Draught House Pub and Brewery,Austin,TX,,Taproom,,2020-03-03T00:00:00,confirmed_date,,not_recorded,,,,,unmatched,,,
6616,Independence Brewing,Austin,TX,,Regional,,2020-03-03T00:00:00,confirmed_date,,not_recorded,,,,,unmatched,,,
6617,Nomadic Beerworks,Austin,TX,,Taproom,,2020-03-03T00:00:00,confirmed_date,,not_recorded,,,,,unmatched,,,
6618,Oskar Blues Brewery,Austin,TX,,Regional,,2020-03-03T00:00:00,confirmed_date,,not_recorded,,,,,unmatched,,,
6619,Resignation Brewery,Austin,TX,,Contract,,2020-03-03T00:00:00,confirmed_date,,not_recorded,,,,,unmatched,,,
6620,The Brewtorium,Austin,TX,,Brewpub,,2020-03-03T00:00:00,confirmed_date,,not_recorded,,,,,unmatched,,,
6621,Uncultured Ales,Austin,TX,,Micro,,2020-03-03T00:00:00,confirmed_date,,not_recorded,,,,,unmatched,,,
6622,Zilker Brewing Co,Austin,TX,,Micro,,2020-03-03T00:00:00,confirmed_date,,not_recorded,,,,,unmatched,,,
6623,Flying Man Brewing Company,Austin,TX,,Micro,,2020-04-11T00:00:00,confirmed_date,,not_recorded,,,,,unmatched,,,
6624,Friends and Allies Brewing Company,Austin,TX,,Micro,,2020-04-11T00:00:00,confirmed_date,,not_recorded,,,,,unmatched,,,
6625,Frontyard Brewing,Austin,TX,,Micro,,2020-04-11T00:00:00,confirmed_date,,not_recorded,,,,,unmatched,,,
6626,Hi Sign Brewing,Austin,TX,,Micro,,2020-04-11T00:00:00,confirmed_date,,not_recorded,,,,,unmatched,,,
6627,Hitmaker Brewing Company,Austin,TX,,Taproom,,2020-04-11T00:00:00,confirmed_date,,not_recorded,,,,,unmatched,,,
6628,Oddwood Ales,Austin,TX,,Brewpub,,2020-04-11T00:00:00,confirmed_date,,not_recorded,,,,,unmatched,,,
6629,Skull Mechanix Brewing,Austin,TX,,Taproom,,2020-04-11T00:00:00,confirmed_date,,not_recorded,,,,,unmatched,,,
6630,The Austin Beer Garden Brewing Co,Austin,TX,,Brewpub,,2020-04-11T00:00:00,confirmed_date,,not_recorded,,,,,unmatched,,,
6631,Celis Brewery,Austin,TX,,Micro,,,not_recorded,,not_recorded,,,,,unmatched,,,
6632,Central District Brewing,Austin,TX,,Taproom,,,not_recorded,,not_recorded,,,,,unmatched,,,
6633,Circle Brewing Company,Austin,TX,,Micro,,,not_recorded,,not_recorded,,,,,unmatched,,,
6634,Hops & Grain Brewing,Austin,TX,,Micro,,,not_recorded,,not_recorded,,,,,unmatched,,,
6635,Infamous Brewing,Austin,TX,,Micro,,,not_recorded,,not_recorded,,,,,unmatched,,,
6636,Last Stand Brewing Company,Austin,TX,,Micro,,,not_recorded,,not_recorded,,,,,unmatched,,,
6637,Lazarus Brewing Company,Austin,TX,,Brewpub,,,not_recorded,,not_recorded,,,,,unmatched,,,
6638,North By Northwest Restaurant and Brewery - North Capital,Austin,TX,,Brewpub,,,not_recorded,,not_recorded,,,,,unmatched,,,
6639,Oasis Texas Brewing Company,Austin,TX,,Brewpub,,,not_recorded,,not_recorded,,,,,unmatched,,,
6640,Orf Brewing,Austin,TX,,Taproom,,,not_recorded,,not_recorded,,,,,unmatched,,,
6641,Pinthouse Pizza North,Austin,TX,,Brewpub,,,not_recorded,,not_recorded,,,,,unmatched,,,
6642,Pinthouse Pizza South,Austin,TX,,Brewpub,,,not_recorded,,not_recorded,,,,,unmatched,,,
6643,Southern Heights Brewing Co LLC,Austin,TX,,Taproom,,,not_recorded,,not_recorded,,,,,unmatched,,,
6644,Strange Land Brewery,Austin,TX,,Micro,,,not_recorded,,not_recorded,,,,,unmatched,,,
6645,The Brewer’s Table,Austin,TX,,Brewpub,,,not_recorded,,not_recorded,,,,,unmatched,,,
6646,Thirsty Planet Brewing Co,Austin,TX,,Micro,,,not_recorded,,not_recorded,,,,,unmatched,,,
6647,Uncle Billy’s Brewery,Austin,TX,,Micro,,,not_recorded,,not_recorded,,,,,unmatched,,,
6648,Primal Brewing Company,Baird,TX,,Taproom,,2020-03-03T00:00:00,confirmed_date,,not_recorded,,,,,unmatched,,,
6649,"Bandera Ale Project, LLC",Bandera,TX,,Taproom,,2020-04-11T00:00:00,confirmed_date,,not_recorded,,,,,unmatched,,,
6650,"Turning Point Beer, LLC",Bedford,TX,,Taproom,,2019-04-20T00:00:00,confirmed_date,,not_recorded,,,,,unmatched,,,
6651,"Huff Brewing Company, LLC",Bellville,TX,,Micro,,,not_recorded,,not_recorded,,,,,unmatched,,,
6652,Bold Republic Brewing Company,Belton,TX,,Brewpub,,2020-04-11T00:00:00,confirmed_date,,not_recorded,,,,,unmatched,,,
6653,Real Ale Brewing Co,Blanco,TX,,Regional,,2020-03-03T00:00:00,confirmed_date,,not_recorded,,,,,unmatched,,,
6654,Boerne Brewery,Boerne,TX,,Micro,,2020-03-03T00:00:00,confirmed_date,yes,confirmed_yes,,http://www.boernebrewery.com/,,http://instagram.com/boernebrewery/,exact,boerne-brewery,content/breweries/boerne-brewery.md,
6655,Cibolo Creek Brewing Co.,Boerne,TX,,Brewpub,,2020-03-03T00:00:00,confirmed_date,,not_recorded,,,,,unmatched,,,
6656,Dodging Duck Brewhaus,Boerne,TX,,Brewpub,,,not_recorded,,not_recorded,,,,,unmatched,,,
6657,Brazos Valley Brewing Company,Brenham,TX,,Micro,,,not_recorded,,not_recorded,,,,,unmatched,,,
6658,Walking Beam Brewing Co,Bridgeport,TX,,Brewpub,,2020-04-11T00:00:00,confirmed_date,,not_recorded,,,,,unmatched,,,
6659,Baa Baa Brewhouse,Brookshire,TX,,Micro,,2020-03-03T00:00:00,confirmed_date,,not_recorded,,,,,unmatched,,,
6660,B-CS  Zoigl Brewery,Bryan,TX,,Taproom,,,not_recorded,,not_recorded,,,,,unmatched,,,
6661,Blackwater Draw Brewing Company,Bryan,TX,,Brewpub,,,not_recorded,,not_recorded,,,,,unmatched,,,
6662,Two Wheel Brewing Company,Buda,TX,,Taproom,,2019-04-20T00:00:00,confirmed_date,,not_recorded,,,,,unmatched,,,
6663,Sun Brewing Co.,Canutillo,TX,,Brewpub,,2020-03-03T00:00:00,confirmed_date,,not_recorded,,,,,unmatched,,,
6664,Guadalupe Brewing Company,Canyon Lake,TX,,Micro,,,not_recorded,,not_recorded,,,,,unmatched,,,
6665,Whitestone Brewery,Cedar Park,TX,,Taproom,,2020-02-07T00:00:00,confirmed_date,,not_recorded,,,,,unmatched,,,
6666,Lake Austin Ales,Cedar Park,TX,,Micro,,2020-04-11T00:00:00,confirmed_date,,not_recorded,,,,,unmatched,,,
6667,Red Horn Brewing Co.,Cedar Park,TX,,Brewpub,,2020-04-11T00:00:00,confirmed_date,,not_recorded,,,,,unmatched,,,
6668,Hedgehog Brewing,Cedar Park,TX,,Micro,,,not_recorded,,not_recorded,,,,,unmatched,,,
6669,Red Gap Brewing,Cisco,TX,,Micro,,,not_recorded,,not_recorded,,,,,unmatched,,,
6670,New Republic Brewing,College Station,TX,,Micro,,2019-04-20T00:00:00,confirmed_date,,not_recorded,,,,,unmatched,,,
6671,Hullabaloo Diner,College Station,TX,,Brewpub,,,not_recorded,,not_recorded,,,,,unmatched,,,
6672,Copperhead Brewery,Conroe,TX,,Micro,,2020-03-03T00:00:00,confirmed_date,,not_recorded,,,,,unmatched,,,
6673,B-52 Brewing,Conroe,TX,,Micro,,,not_recorded,,not_recorded,,,,,unmatched,,,
6674,Southern Star Brewing,Conroe,TX,,Micro,,,not_recorded,,not_recorded,,,,,unmatched,,,
6675,Rebel Toad Brewing Co,Corpus Christi,TX,,Brewpub,,2019-10-26T00:00:00,confirmed_date,,not_recorded,,,,,unmatched,,,
6676,Railroad Seafood Station & Brewing Co.,Corpus Christi,TX,,Brewpub,,2020-03-03T00:00:00,confirmed_date,,not_recorded,,,,,unmatched,,,
6677,B and J’s Handcrafted Texas Ales,Corpus Christi,TX,,Brewpub,,,not_recorded,,not_recorded,,,,,unmatched,,,
6678,Lazy Beach Brewing,Corpus Christi,TX,,Taproom,,,not_recorded,,not_recorded,,,,,unmatched,,,
6679,Lorelei Brewing Co,Corpus Christi,TX,,Micro,,,not_recorded,,not_recorded,,,,,unmatched,,,
6680,Nueces Brewing Company,Corpus Christi,TX,,Taproom,,,not_recorded,,not_recorded,,,,,unmatched,,,
6681,Third Coast Beer LLC dba Nueces Brewing Co.,Corpus Christi,TX,,Taproom,,,not_recorded,,not_recorded,,,,,unmatched,,,
6682,Wicked Boxer Brewing,Cypress,TX,,Taproom,,2020-02-07T00:00:00,confirmed_date,,not_recorded,,,,,unmatched,,,
6683,Twisted Acre Brewery LLC,Cypress,TX,,Taproom,,,not_recorded,,not_recorded,,,,,unmatched,,,
6684,Community Beer Co,Dallas,TX,,Regional,,2020-03-03T00:00:00,confirmed_date,,not_recorded,,,,,unmatched,,,
6685,Deep Ellum Brewing Co,Dallas,TX,,Regional,,2020-03-03T00:00:00,confirmed_date,,not_recorded,,,,,unmatched,,,
6686,Four Corners Brewing Co,Dallas,TX,,Largge,,2020-03-03T00:00:00,confirmed_date,,not_recorded,,,,,unmatched,,,
6687,Oak Highlands Brewery,Dallas,TX,,Micro,,2020-03-03T00:00:00,confirmed_date,,not_recorded,,,,,unmatched,,,
6688,On Rotation Brewery,Dallas,TX,,Taproom,,2020-03-03T00:00:00,confirmed_date,,not_recorded,,,,,unmatched,,,
6689,Peticolas Brewing Co,Dallas,TX,,Micro,,2020-03-03T00:00:00,confirmed_date,,not_recorded,,,,,unmatched,,,
6690,Small Brewpub,Dallas,TX,,Brewpub,,2020-03-03T00:00:00,confirmed_date,,not_recorded,,,,,unmatched,,,
6691,Texas Ale Project,Dallas,TX,,Micro,,2020-03-03T00:00:00,confirmed_date,,not_recorded,,,,,unmatched,,,
6692,The Manhattan Project Beer Company,Dallas,TX,,Proprietor,,2020-03-03T00:00:00,confirmed_date,,not_recorded,,,,,unmatched,,,
6693,Oak Cliff Brewing Co,Dallas,TX,,Micro,,2020-04-11T00:00:00,confirmed_date,,not_recorded,,,,,unmatched,,,
6694,Pegasus City Brewery,Dallas,TX,,Micro,,2020-04-11T00:00:00,confirmed_date,,not_recorded,,,,,unmatched,,,
6695,Steam Theory Brewing Co,Dallas,TX,,Brewpub,,2020-04-11T00:00:00,confirmed_date,,not_recorded,,,,,unmatched,,,
6696,Bluffview Growler,Dallas,TX,,Taproom,,,not_recorded,,not_recorded,,,,,unmatched,,,
6697,Braindead Brewing,Dallas,TX,,Brewpub,,,not_recorded,,not_recorded,,,,,unmatched,,,
6698,Celestial Brewing LLC,Dallas,TX,,Taproom,,,not_recorded,,not_recorded,,,,,unmatched,,,
6699,Humperdinks - Dallas (Greenville),Dallas,TX,,Brewpub,,,not_recorded,,not_recorded,,,,,unmatched,,,
6700,Humperdinks Restaurant,Dallas,TX,,Brewpub,,,not_recorded,,not_recorded,,,,,unmatched,,,
6701,Outfit Brewing,Dallas,TX,,Taproom,,,not_recorded,,not_recorded,,,,,unmatched,,,
6702,The Malai Kitchen,Dallas,TX,,Brewpub,,,not_recorded,,not_recorded,,,,,unmatched,,,
6703,White Rock Alehouse & Brewery,Dallas,TX,,Brewpub,,,not_recorded,,not_recorded,,,,,unmatched,,,
6704,Live Oak Brewing Co,Del Valle,TX,,Regional,,2020-03-03T00:00:00,confirmed_date,,not_recorded,,,,,unmatched,,,
6705,Ivanhoe Aleworks,Denison,TX,,Taproom,,2020-04-11T00:00:00,confirmed_date,,not_recorded,,,,,unmatched,,,
6706,Denton County Brewing Company,Denton,TX,,Taproom,,2020-03-03T00:00:00,confirmed_date,,not_recorded,,,,,unmatched,,,
6707,Armadillo Ale Works,Denton,TX,,Micro,,2020-04-11T00:00:00,confirmed_date,,not_recorded,,,,,unmatched,,,
6708,Barley & Board,Denton,TX,,Brewpub,,2020-04-11T00:00:00,confirmed_date,,not_recorded,,,,,unmatched,,,
6709,Texas Beer Refinery,Dickinson,TX,,Taproom,,2020-04-11T00:00:00,confirmed_date,,not_recorded,,,,,unmatched,,,
6710,"Galveston Bay Beer Company, Inc.",Dickinson,TX,,Micro,,,not_recorded,,not_recorded,,,,,unmatched,,,
6711,Vista Brewing,Driftwood,TX,,Brewpub,,,not_recorded,,not_recorded,,,,,unmatched,,,
6712,12 Fox Beer Co,Dripping Springs,TX,,Taproom,,2019-08-29T00:00:00,confirmed_date,,not_recorded,,,,,unmatched,,,
6713,Acopon Brewing Co,Dripping Springs,TX,,Taproom,,2019-08-29T00:00:00,confirmed_date,,not_recorded,,,,,unmatched,,,
6714,Suds Monkey Brewing,Dripping Springs,TX,,Taproom,,2020-03-03T00:00:00,confirmed_date,,not_recorded,,,,,unmatched,,,
6715,Family Business Beer Company,Dripping Springs,TX,,Taproom,,,not_recorded,,not_recorded,,,,,unmatched,,,
6716,Twisted X Brewing Co,Dripping Springs,TX,,Micro,,,not_recorded,,not_recorded,,,,,unmatched,,,
6717,Aurellias Bottle and Brew,El Paso,TX,,Brewpub,,2020-04-11T00:00:00,confirmed_date,yes,confirmed_yes,,https://aurellias.com/,https://www.instagram.com/aurelliasbrewery/,,unmatched,,,
6718,Blazing Tree Brewery,El Paso,TX,,Taproom,,2020-03-03T00:00:00,confirmed_date,,not_recorded,,,,,unmatched,,,
6719,Deadbeach Brewery,El Paso,TX,,Brewpub,,2020-03-03T00:00:00,confirmed_date,,not_recorded,,,,,unmatched,,,
6720,Ode Brewing Co.,El Paso,TX,,Brewpub,,2020-03-03T00:00:00,confirmed_date,,not_recorded,,,,,unmatched,,,
6721,El Paso Brewing Company,El Paso,TX,,Brewpub,,,not_recorded,,not_recorded,,,,,unmatched,,,
6722,Eola School Restaurant,Eola,TX,,Brewpub,,2020-03-03T00:00:00,confirmed_date,,not_recorded,,,,,unmatched,,,
6723,3 Nations Brewing,Farmers Branch,TX,,Micro,,,not_recorded,,not_recorded,,,,,unmatched,,,
6724,Birchwood Brewing,Flower Mound,TX,,Planning,,2019-04-20T00:00:00,confirmed_date,,not_recorded,,,,,unmatched,,,
6725,Martin House Brewing Company,Fort Worth,TX,,Micro,,2020-03-03T00:00:00,confirmed_date,,not_recorded,,,,,unmatched,,,
6726,MillerCoors Brewing Co - Fort Worth,Fort Worth,TX,,Largge,,2020-03-03T00:00:00,confirmed_date,,not_recorded,,,,,unmatched,,,
6727,Rahr and Sons Brewing Co,Fort Worth,TX,,Regional,,2020-03-03T00:00:00,confirmed_date,,not_recorded,,,,,unmatched,,,
6728,Cowtown Brewing Company,Fort Worth,TX,,Brewpub,,2020-04-11T00:00:00,confirmed_date,,not_recorded,,,,,unmatched,,,
6729,Funky Picnic Brewery,Fort Worth,TX,,Brewpub,,2020-04-11T00:00:00,confirmed_date,,not_recorded,,,,,exact,funky-picnic-brewery,content/breweries/funky-picnic-brewery.md,
6730,Malai Fort Worth,Fort Worth,TX,,Brewpub,,2020-04-11T00:00:00,confirmed_date,,not_recorded,,,,,unmatched,,,
6731,The Collective Brewing Project,Fort Worth,TX,,Micro,,2020-04-11T00:00:00,confirmed_date,,not_recorded,,,,,unmatched,,,
6732,Wild Acre Brewing Company,Fort Worth,TX,,Micro,,2020-04-11T00:00:00,confirmed_date,,not_recorded,,,,,unmatched,,,
6733,Fort Brewery and Pizza,Fort Worth,TX,,Brewpub,,,not_recorded,,not_recorded,,,,,unmatched,,,
6734,Hopfusion Ale Works,Fort Worth,TX,,Taproom,,,not_recorded,,not_recorded,,,,,unmatched,,,
6735,Panther Island Brewing Company,Fort Worth,TX,,Micro,,,not_recorded,,not_recorded,,,,,unmatched,,,
6736,Fredericksburg Brewing Co,Fredericksburg,TX,,Brewpub,,2020-03-03T00:00:00,confirmed_date,,not_recorded,,,,,unmatched,,,
6737,Altstadt Brewery,Fredericksburg,TX,,Micro,,,not_recorded,,not_recorded,,,,,unmatched,,,
6738,Flix Brewhouse - Frisco/Little Elm,Frisco,TX,,Micro,,2019-11-13T00:00:00,confirmed_date,,not_recorded,,,,,unmatched,,,
6739,SportsBreweries,Frisco,TX,,Contract,,2020-03-03T00:00:00,confirmed_date,,not_recorded,,,,,unmatched,,,
6740,Krootz Brewing Company,Gainesville,TX,,Brewpub,,2020-04-11T00:00:00,confirmed_date,,not_recorded,,,,,unmatched,,,
6741,Beerfoot Brewery,Galveston,TX,,Taproom,,2020-04-11T00:00:00,confirmed_date,,not_recorded,,,,,unmatched,,,
6742,Galveston Island Brewing,Galveston,TX,,Taproom,,2020-04-11T00:00:00,confirmed_date,,not_recorded,,,,,unmatched,,,
6743,Devil and the Deep,Galveston,TX,,Taproom,,,not_recorded,,not_recorded,,,,,unmatched,,,
6744,Intrinsic Brewing,Garland,TX,,Brewpub,,2020-03-03T00:00:00,confirmed_date,,not_recorded,,,,,unmatched,,,
6745,Lakewood Brewing Co,Garland,TX,,Micro,,,not_recorded,,not_recorded,,,,,unmatched,,,
6746,"Wild Bunch Brewing Co, LLC",Georgetown,TX,,Taproom,,2020-02-07T00:00:00,confirmed_date,,not_recorded,,,,,unmatched,,,
6747,Rentsch Brewery,Georgetown,TX,,Micro,,2020-04-11T00:00:00,confirmed_date,,not_recorded,,,,,unmatched,,,
6748,Goliad Brewing Company,Goliad,TX,,Micro,,2020-03-03T00:00:00,confirmed_date,,not_recorded,,,,,unmatched,,,
6749,Revolver Brewing,Granbury,TX,,Largge,,2019-04-20T00:00:00,confirmed_date,,not_recorded,,,,,unmatched,,,
6750,Granger City Brewing Company,Granger,TX,,Brewpub,,2020-04-11T00:00:00,confirmed_date,,not_recorded,,,,,unmatched,,,
6751,Uncle Buck’s Brewery And Steakhouse,Grapevine,TX,,Brewpub,,2020-04-11T00:00:00,confirmed_date,,not_recorded,,,,,unmatched,,,
6752,Hop And Sting Brewing Company,Grapevine,TX,,Taproom,,,not_recorded,,not_recorded,,,,,unmatched,,,
6753,Landon Winery,Greenville,TX,,Taproom,,2020-04-11T00:00:00,confirmed_date,,not_recorded,,,,,unmatched,,,
6754,8th Wonder Brewery,Houston,TX,,Micro,,2019-08-29T00:00:00,confirmed_date,yes,confirmed_yes,yes,https://8thwonder.com/,http://instagram.com/8thwonderbrew,http://twitter.com/8thwonderbrew,unmatched,,,
6755,11 Below Brewing Company,Houston,TX,,Micro,,2019-08-29T00:00:00,confirmed_date,,not_recorded,,,,,unmatched,,,
6756,Moon Tower Sudworks,Houston,TX,,Brewpub,,2019-10-26T00:00:00,confirmed_date,,not_recorded,,,,,unmatched,,,
6757,4J Brewing Company,Houston,TX,,Brewpub,,2019-11-27T00:00:00,confirmed_date,,not_recorded,,,,,unmatched,,,
6758,Saint Arnold Brewing Co,Houston,TX,,Regional,,2019-11-27T00:00:00,confirmed_date,,not_recorded,,,,,unmatched,,,
6759,Walking Stick Brewing Company,Houston,TX,,Taproom,,2020-02-07T00:00:00,confirmed_date,,not_recorded,,,,,unmatched,,,
6760,Whole Foods Market Brewing Company,Houston,TX,,Taproom,,2020-02-07T00:00:00,confirmed_date,,not_recorded,,,,,unmatched,,,
6761,Anheuser-Busch Inc – Houston,Houston,TX,,Largge,,2020-03-03T00:00:00,confirmed_date,,not_recorded,,,,,unmatched,,,
6762,"Baileson Brewing Company, LLC",Houston,TX,,Taproom,,2020-03-03T00:00:00,confirmed_date,,not_recorded,,,,,unmatched,,,
6763,Holler Brewing Company,Houston,TX,,Taproom,,2020-03-03T00:00:00,confirmed_date,,not_recorded,,,,,unmatched,,,
6764,Karbach Brewing Co,Houston,TX,,Largge,,2020-03-03T00:00:00,confirmed_date,,not_recorded,,,,,unmatched,,,
6765,Klaus Brewing Company,Houston,TX,,Taproom,,2020-03-03T00:00:00,confirmed_date,,not_recorded,,,,,unmatched,,,
6766,Ruba Brewing,Houston,TX,,Micro,,2020-03-03T00:00:00,confirmed_date,,not_recorded,,,,,unmatched,,,
6767,Sigma Brewing Company,Houston,TX,,Taproom,,2020-03-03T00:00:00,confirmed_date,,not_recorded,,,,,unmatched,,,
6768,Brash Brewing Company,Houston,TX,,Micro,,2020-04-11T00:00:00,confirmed_date,,not_recorded,,,,,unmatched,,,
6769,Buffalo Bayou Brewing Co,Houston,TX,,Micro,,2020-04-11T00:00:00,confirmed_date,,not_recorded,,,,,unmatched,,,
6770,City Acre Brewing Co,Houston,TX,,Brewpub,,2020-04-11T00:00:00,confirmed_date,,not_recorded,,,,,unmatched,,,
6771,SpindleTap Brewery,Houston,TX,,Micro,,2020-04-11T00:00:00,confirmed_date,,not_recorded,,,,,unmatched,,,
6772,The Phoenix On Westheimer,Houston,TX,,Brewpub,,2020-04-11T00:00:00,confirmed_date,,not_recorded,,,,,unmatched,,,
6773,Under The Radar Brewery,Houston,TX,,Micro,,2020-04-11T00:00:00,confirmed_date,,not_recorded,,,,,unmatched,,,
6774,Astral Brewing,Houston,TX,,Taproom,,,not_recorded,,not_recorded,,,,,unmatched,,,
6775,Eureka Heights Brewing Company,Houston,TX,,Micro,,,not_recorded,,not_recorded,,,,,unmatched,,,
6776,Great Heights Brewing Company,Houston,TX,,Taproom,,,not_recorded,,not_recorded,,,,,unmatched,,,
6777,Platypus Brewing,Houston,TX,,Brewpub,,,not_recorded,,not_recorded,,,,,unmatched,,,
6778,Southern Yankee Beer Company,Houston,TX,,Taproom,,,not_recorded,,not_recorded,,,,,unmatched,,,
6779,True Anomaly Brewing,Houston,TX,,Taproom,,,not_recorded,,not_recorded,,,,,unmatched,,,
6780,Ingenious Brewing Company,Humble,TX,,Taproom,,,not_recorded,,not_recorded,,,,,unmatched,,,
6781,Twin Peaks Brewery,Irving,TX,,Micro,,2020-04-11T00:00:00,confirmed_date,,not_recorded,,,,,unmatched,,,
6782,Pecan Street Brewing Co,Johnson City,TX,,Brewpub,,2020-03-03T00:00:00,confirmed_date,,not_recorded,,,,,unmatched,,,
6783,BattleHops Brewing,Katy,TX,,Taproom,,,not_recorded,,not_recorded,,,,,unmatched,,,
6784,No Label Brewing Co,Katy,TX,,Micro,,,not_recorded,,not_recorded,,,,,unmatched,,,
6785,"Shannon Brewing Company, LLC",Keller,TX,,Micro,,2020-03-03T00:00:00,confirmed_date,,not_recorded,,,,,unmatched,,,
6786,Pint & Plow,Kerrville,TX,,Brewpub,,2020-04-11T00:00:00,confirmed_date,,not_recorded,,,,,unmatched,,,
6787,Basement Brewers of Texas,Kerrville,TX,,Taproom,,,not_recorded,,not_recorded,,,,,unmatched,,,
6788,Megaton Brewery,Kingwood,TX,,Taproom,,,not_recorded,,not_recorded,,,,,unmatched,,,
6789,Old Town Brewhouse,Lewisville,TX,,Taproom,,2020-04-11T00:00:00,confirmed_date,,not_recorded,,,,,unmatched,,,
6790,TKO Libations,Lewisville,TX,,Taproom,,2020-04-11T00:00:00,confirmed_date,,not_recorded,,,,,unmatched,,,
6791,Bull Creek Brewing Company,Liberty Hill,TX,,Taproom,,2020-03-03T00:00:00,confirmed_date,,not_recorded,,,,,unmatched,,,
6792,San Gabriel River Brewery Inc,Liberty Hill,TX,,Taproom,,,not_recorded,,not_recorded,,,,,unmatched,,,
6793,Oil Horse Brewing Company,Longview,TX,,Taproom,,,not_recorded,,not_recorded,,,,,unmatched,,,
6794,Stesti Brewing Company,Lovelady,TX,,Micro,,2020-04-11T00:00:00,confirmed_date,,not_recorded,,,,,unmatched,,,
6795,Two Docs Brewing Co.,Lubbock,TX,,Taproom,,2020-03-03T00:00:00,confirmed_date,,not_recorded,,,,,unmatched,,,
6796,The Brewery LBK,Lubbock,TX,,Brewpub,,,not_recorded,,not_recorded,,,,,unmatched,,,
6797,The Plains Brewing Company,Lubbock,TX,,Micro,,,not_recorded,,not_recorded,,,,,unmatched,,,
6798,Triple J Chophouse and Brew Co,Lubbock,TX,,Brewpub,,,not_recorded,,not_recorded,,,,,unmatched,,,
6799,"Angelina Brewing Company, LLC.",Lufkin,TX,,Brewpub,,,not_recorded,,not_recorded,,,,,unmatched,,,
6800,Lone Pint Brewery,Magnolia,TX,,Micro,,2019-04-20T00:00:00,confirmed_date,,not_recorded,,,,,unmatched,,,
6801,By the horns brewing,Mansfield,TX,,Brewpub,,2019-04-20T00:00:00,confirmed_date,,not_recorded,,,,,unmatched,,,
6802,Dirty Job Brewing,Mansfield,TX,,Taproom,,2020-04-11T00:00:00,confirmed_date,,not_recorded,,,,,unmatched,,,
6803,Brick Vault Brewery & BBQ,Marathon,TX,,Brewpub,,2020-03-03T00:00:00,confirmed_date,,not_recorded,,,,,unmatched,,,
6804,Save The World Brewing Co,Marble Falls,TX,,Micro,,2020-04-11T00:00:00,confirmed_date,,not_recorded,,,,,unmatched,,,
6805,Bear King Brewing,Marble Falls,TX,,Brewpub,,,not_recorded,,not_recorded,,,,,unmatched,,,
6806,Double Horn Brewing Co,Marble Falls,TX,,Brewpub,,,not_recorded,,not_recorded,,,,,unmatched,,,
6807,Brewsome Brewery,McAllen,TX,,Brewpub,,,not_recorded,,not_recorded,,,,,unmatched,,,
6808,Harvest Seasonal Kitchen,McKinney,TX,,Brewpub,,2020-03-03T00:00:00,confirmed_date,,not_recorded,,,,,unmatched,,,
6809,Tupps Brewery,McKinney,TX,,Micro,,2020-03-03T00:00:00,confirmed_date,,not_recorded,,,,,unmatched,,,
6810,Franconia Brewing Co,McKinney,TX,,Micro,,,not_recorded,,not_recorded,,,,,unmatched,,,
6811,Eccentric Brewing Company,Midland,TX,,Micro,,,not_recorded,,not_recorded,,,,,unmatched,,,
6812,5x5 Brewing Co.,Mission,TX,,Micro,,,not_recorded,,not_recorded,,,,,unmatched,,,
6813,Texas Leaguer Brewing Company,Missouri City,TX,,Micro,,2019-04-20T00:00:00,confirmed_date,,not_recorded,,,,,unmatched,,,
6814,Cycler’s Brewing,Montgomery,TX,,Micro,,,not_recorded,,not_recorded,,,,,unmatched,,,
6815,"Fredonia Brewery, LLC",Nacogdoches,TX,,Taproom,,,not_recorded,,not_recorded,,,,,unmatched,,,
6816,5 Stones Artisan Brewery,New Braunfels,TX,,Micro,,2020-04-11T00:00:00,confirmed_date,,not_recorded,,,,,unmatched,,,
6817,Faust Hotel Restaurant and Brew Pub,New Braunfels,TX,,Brewpub,,,not_recorded,,not_recorded,,,,,unmatched,,,
6818,New Braunfels Brewing,New Braunfels,TX,,Micro,,,not_recorded,,not_recorded,,,,,unmatched,,,
6819,Ruggedman Brewing Company,New Braunfels,TX,,Taproom,,,not_recorded,,not_recorded,,,,,unmatched,,,
6820,Nocona Beer and Brewery,Nocona,TX,,Taproom,,2020-04-11T00:00:00,confirmed_date,,not_recorded,,,,,unmatched,,,
6821,Frisky Brewing Company,Odessa,TX,,Brewpub,,,not_recorded,,not_recorded,,,,,unmatched,,,
6822,New Main Brewing,Pantego,TX,,Taproom,,,not_recorded,,not_recorded,,,,,unmatched,,,
6823,Brigadoon Brewery & Brew School,Pasadena,TX,,Taproom,,,not_recorded,,not_recorded,,,,,unmatched,,,
6824,BAKFISH Brewing Company,Pearland,TX,,Taproom,,,not_recorded,,not_recorded,,,,,unmatched,,,
6825,Vallensons Brewing Co.,Pearland,TX,,Taproom,,,not_recorded,,not_recorded,,,,,unmatched,,,
6826,"Big River Brewery, LLC",Pharr,TX,,Brewpub,,2020-04-11T00:00:00,confirmed_date,,not_recorded,,,,,unmatched,,,
6827,Anvil Brewing,Pittsburg,TX,,Brewpub,,2020-04-11T00:00:00,confirmed_date,,not_recorded,,,,,unmatched,,,
6828,Union Bear Brewing Co.,Plano,TX,,Brewpub,,2020-03-03T00:00:00,confirmed_date,,not_recorded,,,,,unmatched,,,
6829,Unlawful Assembly Brewing Company,Plano,TX,,Brewpub,,,not_recorded,,not_recorded,,,,,unmatched,,,
6830,O’Neil & Sons Brewing Company,Port Lavaca,TX,,Taproom,,,not_recorded,,not_recorded,,,,,unmatched,,,
6831,Neches Brewing Company,Port Neches,TX,,Brewpub,,2020-03-03T00:00:00,confirmed_date,,not_recorded,,,,,unmatched,,,
6832,Back Pew Brewing,Porter,TX,,Micro,,2020-04-11T00:00:00,confirmed_date,,not_recorded,,,,,unmatched,,,
6833,Four Bullets Brewery,Richardson,TX,,Micro,,2020-03-03T00:00:00,confirmed_date,,not_recorded,,,,,unmatched,,,
6834,Fulbrook Ale Works,Richmond,TX,,Micro,,,not_recorded,,not_recorded,,,,,unmatched,,,
6835,Running Walker Brewery & Braman Winery,Richmond,TX,,Micro,,,not_recorded,,not_recorded,,,,,unmatched,,,
6836,"Alcazar Brewery, LLC.",Rio Grande City,TX,,Planning,,2019-08-29T00:00:00,confirmed_date,,not_recorded,,,,,unmatched,,,
6837,Woodcreek Brewing Company,Rockwall,TX,,Taproom,,2020-02-07T00:00:00,confirmed_date,,not_recorded,,,,,unmatched,,,
6838,Hemisphere Brewing Co,Rockwall,TX,,Taproom,,2020-03-03T00:00:00,confirmed_date,,not_recorded,,,,,unmatched,,,
6839,Bluebonnet Beer Co,Round Rock,TX,,Taproom,,2019-10-26T00:00:00,confirmed_date,,not_recorded,,,,,unmatched,,,
6840,Compadre Brewing,Round Rock,TX,,Taproom,,2019-10-26T00:00:00,confirmed_date,,not_recorded,,,,,unmatched,,,
6841,Flix Brewhouse,Round Rock,TX,,Micro,,2019-10-26T00:00:00,confirmed_date,,not_recorded,,,,,unmatched,,,
6842,Pinthouse Pizza Round Rock,Round Rock,TX,,Brewpub,,2019-10-26T00:00:00,confirmed_date,,not_recorded,,,,,unmatched,,,
6843,"Horny Toad Brewing Co, LLC",Rowena,TX,,Taproom,,2019-10-26T00:00:00,confirmed_date,,not_recorded,,,,,unmatched,,,
6844,Bankhead Brewing Company,Rowlett,TX,,Brewpub,,2020-03-03T00:00:00,confirmed_date,,not_recorded,,,,,unmatched,,,
6845,Thirsty Bro Brewing,Royse City,TX,,Taproom,,,not_recorded,,not_recorded,,,,,unmatched,,,
6846,Barrow Brewing Company,Salado,TX,,Micro,,,not_recorded,,not_recorded,,,,,unmatched,,,
6847,The SoCo Taphouse,San Angelo,TX,,Brewpub,,,not_recorded,,not_recorded,,,,,unmatched,,,
6848,Zero One Ale House,San Angelo,TX,,Brewpub,,,not_recorded,,not_recorded,,,,,unmatched,,,
6849,Ranger Creek Brewery,San Antonio,TX,,Micro,,2019-04-20T00:00:00,confirmed_date,,not_recorded,,,,,unmatched,,,
6850,Alamo Beer Co,San Antonio,TX,,Micro,,2019-08-29T00:00:00,confirmed_date,,not_recorded,,,,,unmatched,,,
6851,Freetail Brewing Co - Brewpub,San Antonio,TX,,Micro,,2020-03-03T00:00:00,confirmed_date,,not_recorded,,,,,unmatched,,,
6852,Islla St. Brewing,San Antonio,TX,,Micro,,2020-03-03T00:00:00,confirmed_date,,not_recorded,,,,,unmatched,,,
6853,Weathered Souls Brewing Co.,San Antonio,TX,,Brewpub,,2020-03-03T00:00:00,confirmed_date,,not_recorded,,,,,unmatched,,,
6854,Busted Sandal Brewing Company,San Antonio,TX,,Micro,,2020-04-11T00:00:00,confirmed_date,,not_recorded,,,,,unmatched,,,
6855,Dorcol Distilling and Brewing CO,San Antonio,TX,,Micro,,2020-04-11T00:00:00,confirmed_date,,not_recorded,,,,,unmatched,,,
6856,Longtab Brewing Company LLC,San Antonio,TX,,Brewpub,,2020-04-11T00:00:00,confirmed_date,,not_recorded,,,,,unmatched,,,
6857,Blue Star Brewing Co,San Antonio,TX,,Brewpub,,,not_recorded,,not_recorded,,,,,unmatched,,,
6858,Freetail Brewing Co,San Antonio,TX,,Micro,,,not_recorded,,not_recorded,,,,,unmatched,,,
6859,Granary ‘Cue and Brew,San Antonio,TX,,Brewpub,,,not_recorded,,not_recorded,,,,,unmatched,,,
6860,Künstler Brewing,San Antonio,TX,,Brewpub,,,not_recorded,,not_recorded,,,,,unmatched,,,
6861,Mad Pecker Brewing,San Antonio,TX,,Brewpub,,,not_recorded,,not_recorded,,,,,unmatched,,,
6862,Roadmap Brewing Co,San Antonio,TX,,Taproom,,,not_recorded,,not_recorded,,,,,unmatched,,,
6863,Southerleigh Brewing,San Antonio,TX,,Brewpub,,,not_recorded,,not_recorded,,,,,unmatched,,,
6864,Aquabrew,San Marcos,TX,,Brewpub,,2020-03-03T00:00:00,confirmed_date,,not_recorded,,,,,unmatched,,,
6865,Middleton Brewing (MBTX),San Marcos,TX,,Taproom,,2020-03-03T00:00:00,confirmed_date,,not_recorded,,,,,unmatched,,,
6866,Hops & Grain San Marcos,San Marcos,TX,,Taproom,,2020-04-11T00:00:00,confirmed_date,,not_recorded,,,,,unmatched,,,
6867,Roughhouse Brewing,San Marcos,TX,,Micro,,,not_recorded,,not_recorded,,,,,unmatched,,,
6868,Sean Patrick’s Pub,San Marcos,TX,,Brewpub,,,not_recorded,,not_recorded,,,,,unmatched,,,
6869,The Root Cellar,San Marcos,TX,,Brewpub,,,not_recorded,,not_recorded,,,,,unmatched,,,
6870,Bar D Brewhouse,San Saba,TX,,Brewpub,,,not_recorded,,not_recorded,,,,,unmatched,,,
6871,BS Brewing,Seguin,TX,,Taproom,,2020-04-11T00:00:00,confirmed_date,,not_recorded,,,,,unmatched,,,
6872,Seguin Brewing Company,Seguin,TX,,Taproom,,,not_recorded,,not_recorded,,,,,unmatched,,,
6873,Cedar Creek Brewery,Seven Points,TX,,Brewpub,,,not_recorded,,not_recorded,,,,,unmatched,,,
6874,903 Brewers,Sherman,TX,,Brewpub,,2019-08-29T00:00:00,confirmed_date,,not_recorded,,,,,unmatched,,,
6875,Cellarman’s Pub & Brewery,Sherman,TX,,Brewpub,,,not_recorded,,not_recorded,,,,,unmatched,,,
6876,Spoetzl Brewery,Shiner,TX,,Regional,,12/20.2019,date_needs_review,,not_recorded,,,,,unmatched,,,
6877,Padre Island Brewing Co,South Padre Island,TX,,Brewpub,,,not_recorded,,not_recorded,,,,,unmatched,,,
6878,Fortress BeerWorks,Spring,TX,,Taproom,,2020-03-03T00:00:00,confirmed_date,,not_recorded,,,,,unmatched,,,
6879,Shade Tree Saloon & Grill,Spring Branch,TX,,Brewpub,,2020-04-11T00:00:00,confirmed_date,,not_recorded,,,,,unmatched,,,
6880,Rough Diamond Brewery,Spring Branch,TX,,Brewpub,,,not_recorded,,not_recorded,,,,,unmatched,,,
6881,BackStory Brewery,Sulphur Springs,TX,,Taproom,,,not_recorded,,not_recorded,,,,,unmatched,,,
6882,Texas Beer Company,Taylor,TX,,Micro,,,not_recorded,,not_recorded,,,,,unmatched,,,
6883,Texas Beer Company,Taylor,TX,,Micro,,,not_recorded,,not_recorded,,,,,unmatched,,,
6884,BJ’s Brewhouse,Temple,TX,,Regional,,2020-03-03T00:00:00,confirmed_date,,not_recorded,,,,,unmatched,,,
6885,Redbone Magic Brewing Co LLC,Texarkana,TX,,Brewpub,,,not_recorded,,not_recorded,,,,,unmatched,,,
6886,Bearded Fox Brewing Co.,Tomball,TX,,Brewpub,,2020-04-11T00:00:00,confirmed_date,,not_recorded,,,,,unmatched,,,
6887,Rusty Gate Brewery,Trinity,TX,,Taproom,,2020-03-03T00:00:00,confirmed_date,,not_recorded,,,,,unmatched,,,
6888,ETX Brewing Co.,Tyler,TX,,Brewpub,,2020-04-11T00:00:00,confirmed_date,,not_recorded,,,,,unmatched,,,
6889,True Vine Brewing Company,Tyler,TX,,Micro,,,not_recorded,,not_recorded,,,,,unmatched,,,
6890,Brotherwell Brewing,Waco,TX,,Micro,,2020-03-03T00:00:00,confirmed_date,,not_recorded,,,,,unmatched,,,
6891,Bare Arms Brewing,Waco,TX,,Taproom,,,not_recorded,,not_recorded,,,,,unmatched,,,
6892,Waco Ale Company,Waco,TX,,Taproom,,,not_recorded,,not_recorded,,,,,unmatched,,,
6893,Stoic Brewing,Waxahachie,TX,,Contract,,2020-03-03T00:00:00,confirmed_date,,not_recorded,,,,,unmatched,,,
6894,Railport Brewing Company,Waxahachie,TX,,Taproom,,2020-04-11T00:00:00,confirmed_date,,not_recorded,,,,,unmatched,,,
6895,Edgewise Eight Brewing,Weatherford,TX,,Micro,,2020-03-03T00:00:00,confirmed_date,,not_recorded,,,,,unmatched,,,
6896,Saloon Door Brewing Co,Webster,TX,,Brewpub,,2020-03-03T00:00:00,confirmed_date,,not_recorded,,,,,unmatched,,,
6897,The Blue Onion Brewpub,Weslaco,TX,,Brewpub,,,not_recorded,,not_recorded,,,,,unmatched,,,
6898,Wichita Falls Brewing Co.,Wichita Falls,TX,,Brewpub,,,not_recorded,,not_recorded,,,,,unmatched,,,
6899,Parker County Brewing Co.,Willow Park,TX,,Brewpub,,2020-04-11T00:00:00,confirmed_date,,not_recorded,,,,,unmatched,,,
6900,Wimberley Brewing Co & Brewsters Pizza,Wimberley,TX,,Brewpub,,2020-03-03T00:00:00,confirmed_date,,not_recorded,,,,,unmatched,,,
6901,Cypress Creek Southern Ales,Winnsboro,TX,,Taproom,,,not_recorded,,not_recorded,,,,,unmatched,,,
6902,Policy Kings Brewery LLC,Cedar City,UT,,Taproom,,2020-02-07T00:00:00,confirmed_date,,not_recorded,,,,,unmatched,,,
6903,Pinnacle Brewing Co/Groggs,Helper,UT,,Contract,,2020-02-07T00:00:00,confirmed_date,,not_recorded,,,,,unmatched,,,
6904,Roosters Brewing Co (#2),Layton,UT,,Brewpub,,2020-02-07T00:00:00,confirmed_date,,not_recorded,,,,,unmatched,,,
6905,2 Row Brewing,Midvale,UT,,Micro,,2020-02-07T00:00:00,confirmed_date,,not_recorded,,,,,unmatched,,,
6906,Hoppers Grill and Brewing Co,Midvale,UT,,Brewpub,,2020-02-07T00:00:00,confirmed_date,,not_recorded,,,,,unmatched,,,
6907,Moab Brewery,Moab,UT,,Micro,,2019-11-03T00:00:00,confirmed_date,,not_recorded,,,,,unmatched,,,
6908,Eddie McStiffs Brewing Co c/o Eddie Snyder,Moab,UT,,Contract,,2020-02-07T00:00:00,confirmed_date,,not_recorded,,,,,unmatched,,,
6909,Talisman Brewing Company,Ogden,UT,,Taproom,,2019-11-27T00:00:00,confirmed_date,,not_recorded,,,,,unmatched,,,
6910,Cerveza Zólupez Beer Co.,Ogden,UT,,Micro,,2020-02-07T00:00:00,confirmed_date,,not_recorded,,,,,unmatched,,,
6911,Roosters B Street Brewery,Ogden,UT,,Micro,,2020-02-07T00:00:00,confirmed_date,,not_recorded,,,,,unmatched,,,
6912,Roosters Brewing Co  (#1),Ogden,UT,,Micro,,2020-02-07T00:00:00,confirmed_date,,not_recorded,,,,,unmatched,,,
6913,Ruby River Steak House and Brewery,Ogden,UT,,Brewpub,,2020-02-07T00:00:00,confirmed_date,,not_recorded,,,,,unmatched,,,
6914,UTOG Brewing Company,Ogden,UT,,Brewpub,,2020-02-07T00:00:00,confirmed_date,,not_recorded,,,,,unmatched,,,
6915,High West Distillery,Park City,UT,,Distillery,,yes,confirmed_yes,yes,confirmed_yes,yes,https://www.voodoobrewery.com/,https://www.instagram.com/voodoobrewery/,https://twitter.com/VoodooBrewery,unmatched,,,
6916,Park City Brewery,Park City,UT,,Micro,,2020-02-07T00:00:00,confirmed_date,,not_recorded,,,,,unmatched,,,
6917,Wasatch Brew Pub - Park City,Park City,UT,,Micro,,2020-02-07T00:00:00,confirmed_date,,not_recorded,,,,,unmatched,,,
6918,Billet Box Vapor,Roy,UT,,eCig,,yes,confirmed_yes,yes,confirmed_yes,,,,,unmatched,,,
6919,Silver Reef Brewing Company,Saint George,UT,,Micro,,2020-02-07T00:00:00,confirmed_date,,not_recorded,,,,,unmatched,,,
6920,Fisher Brewing Company,Salt Lake City,UT,,Micro,,2020-02-07T00:00:00,confirmed_date,yes,confirmed_yes,,,,,exact,fisher-brewing-company,content/breweries/fisher-brewing-company.md,
6921,Hammer Springs Distillers,Salt Lake City,UT,,Distillery,,yes,confirmed_yes,yes,confirmed_yes,yes,http://hammerspring.com/,https://www.instagram.com/hammerspringdistillers/?hl=en,https://twitter.com/hammerspringdistillers,candidate,,,Hammer Spring Distillers
6922,SaltFire Brewing Co.,Salt Lake City,UT,,Brewpub,,2019-11-27T00:00:00,confirmed_date,,not_recorded,,,,,unmatched,,,
6923,Uinta Brewing Co,Salt Lake City,UT,,Regional,,2019-11-27T00:00:00,confirmed_date,,not_recorded,,,,,unmatched,,,
6924,Bohemian Brewery and Grill,Salt Lake City,UT,,Micro,,2020-02-07T00:00:00,confirmed_date,,not_recorded,,,,,unmatched,,,
6925,Desert Edge Brewery,Salt Lake City,UT,,Brewpub,,2020-02-07T00:00:00,confirmed_date,,not_recorded,,,,,unmatched,,,
6926,"Epic Brewing Co., LLC",Salt Lake City,UT,,Brewpub,,2020-02-07T00:00:00,confirmed_date,,not_recorded,,,,,unmatched,,,
6927,"Epic Brewing Co., LLC",Salt Lake City,UT,,Regional,,2020-02-07T00:00:00,confirmed_date,,not_recorded,,,,,unmatched,,,
6928,Kiitos Brewing,Salt Lake City,UT,,Micro,,2020-02-07T00:00:00,confirmed_date,,not_recorded,,,,,unmatched,,,
6929,Level Crossing Brewing Company,Salt Lake City,UT,,Brewpub,,2020-02-07T00:00:00,confirmed_date,,not_recorded,,,,,unmatched,,,
6930,Poplar Street Pub,Salt Lake City,UT,,Brewpub,,2020-02-07T00:00:00,confirmed_date,,not_recorded,,,,,unmatched,,,
6931,Proper Brewing Co,Salt Lake City,UT,,Brewpub,,2020-02-07T00:00:00,confirmed_date,,not_recorded,,,,,exact,proper-brewing-co,content/breweries/proper-brewing-co.md,
6932,Proper Brewing Co,Salt Lake City,UT,,Taproom,,2020-02-07T00:00:00,confirmed_date,,not_recorded,,,,,exact,proper-brewing-co,content/breweries/proper-brewing-co.md,
6933,Red Rock Brewing Co,Salt Lake City,UT,,Brewpub,,2020-02-07T00:00:00,confirmed_date,,not_recorded,,,,,unmatched,,,
6934,Red Rock Brewing Co - Production,Salt Lake City,UT,,Micro,,2020-02-07T00:00:00,confirmed_date,,not_recorded,,,,,unmatched,,,
6935,RoHa Brewing Project,Salt Lake City,UT,,Micro,,2020-02-07T00:00:00,confirmed_date,,not_recorded,,,,,unmatched,,,
6936,Salt Flats Brewing,Salt Lake City,UT,,Micro,,2020-02-07T00:00:00,confirmed_date,,not_recorded,,,,,unmatched,,,
6937,Salt Lake Brewing Co/ Squatters Pub Brewery,Salt Lake City,UT,,Micro,,2020-02-07T00:00:00,confirmed_date,,not_recorded,,,,,unmatched,,,
6938,Shades Brewing,Salt Lake City,UT,,Micro,,2020-02-07T00:00:00,confirmed_date,,not_recorded,,,,,unmatched,,,
6939,Templin Family Brewing,Salt Lake City,UT,,Taproom,,2020-02-07T00:00:00,confirmed_date,,not_recorded,,,,,unmatched,,,
6940,Toasted Barrel Brewery,Salt Lake City,UT,,Taproom,,2020-02-07T00:00:00,confirmed_date,,not_recorded,,,,,unmatched,,,
6941,Utah Brewers Cooperative,Salt Lake City,UT,,Regional,,2020-02-07T00:00:00,confirmed_date,,not_recorded,,,,,unmatched,,,
6942,Wasatch Brew Pub - Sugarhouse,Salt Lake City,UT,,Brewpub,,2020-02-07T00:00:00,confirmed_date,,not_recorded,,,,,unmatched,,,
6943,Zion Brewery,Springdale,UT,,Brewpub,,2020-02-07T00:00:00,confirmed_date,,not_recorded,,,,,unmatched,,,
6944,Strap Tank Brewing Co.,Springville,UT,,Brewpub,,2019-11-27T00:00:00,confirmed_date,,not_recorded,,,,,unmatched,,,
6945,Bonneville Brewing Company,Tooele,UT,,Micro,,2020-02-07T00:00:00,confirmed_date,,not_recorded,,,,,unmatched,,,
6946,Hop N’ Keg Brewery / The Quarry Steakhouse and Brewpub,Vernal,UT,,Brewpub,,2020-02-07T00:00:00,confirmed_date,,not_recorded,,,,,unmatched,,,
6947,Vernal Brewing Company,Vernal,UT,,Micro,,2020-02-07T00:00:00,confirmed_date,,not_recorded,,,,,unmatched,,,
6948,Wolf Hills Brewing Co,Abingdon,VA,,Taproom,,,not_recorded,,not_recorded,,,,,unmatched,,,
6949,WildManDan Brewery / WildManDan Beer Centric B&B,Afton,VA,,Micro,,2020-02-07T00:00:00,confirmed_date,,not_recorded,,,,,unmatched,,,
6950,Blue Mountain Brewery,Afton,VA,,Micro,,,not_recorded,,not_recorded,,,,,unmatched,,,
6951,Brewing Tree Beer Company,Afton,VA,,Brewpub,,,not_recorded,,not_recorded,,,,,unmatched,,,
6952,Quattro Goombas Brewery,Aldie,VA,,Brewpub,,2020-02-07T00:00:00,confirmed_date,,not_recorded,,,,,unmatched,,,
6953,Port City Brewing Co.,Alexandria,VA,,Regional,,2020-03-03T00:00:00,confirmed_date,yes,confirmed_yes,,,,,unmatched,,,
6954,Hops Grillhouse and Brewery,Alexandria,VA,,Contract,,2020-03-03T00:00:00,confirmed_date,,not_recorded,,,,,unmatched,,,
6955,"Loose Shoe Brewing Company, LLC",Amherst,VA,,Micro,,2020-02-07T00:00:00,confirmed_date,,not_recorded,,,,,unmatched,,,
6956,Krikelkay Brewing Company,Appomattox,VA,,Taproom,,,not_recorded,,not_recorded,,,,,unmatched,,,
6957,New District Brewing Company,Arlington,VA,,Taproom,,,not_recorded,,not_recorded,,,,,unmatched,,,
6958,Blue Mountain Barrel House and Organic Brewery,Arrington,VA,,Micro,,2020-03-03T00:00:00,confirmed_date,,not_recorded,,,,,unmatched,,,
6959,Lost Rhino Brewing Co,Ashburn,VA,,Micro,,2020-02-07T00:00:00,confirmed_date,,not_recorded,,,,,unmatched,,,
6960,Lost Rhino Retreat,Ashburn,VA,,Brewpub,,2020-02-07T00:00:00,confirmed_date,,not_recorded,,,,,unmatched,,,
6961,Dynasty Brewing Company,Ashburn,VA,,Taproom,,2020-04-11T00:00:00,confirmed_date,,not_recorded,,,,,unmatched,,,
6962,Old Ox Brewery LLC,Ashburn,VA,,Taproom,,2020-04-11T00:00:00,confirmed_date,,not_recorded,,,,,unmatched,,,
6963,House 6 Brewing,Ashburn,VA,,Taproom,,,not_recorded,,not_recorded,,,,,unmatched,,,
6964,The Craft Of Brewing,Ashburn,VA,,Taproom,,,not_recorded,,not_recorded,,,,,unmatched,,,
6965,Origin Beer Lab,Ashland,VA,,Micro,,2020-02-07T00:00:00,confirmed_date,,not_recorded,,,,,unmatched,,,
6966,Center of the Universe Brewing Co,Ashland,VA,,Micro,,2020-04-11T00:00:00,confirmed_date,,not_recorded,,,,,unmatched,,,
6967,Mountain Valley Brewing,Axton,VA,,Taproom,,,not_recorded,,not_recorded,,,,,unmatched,,,
6968,Beale’s,Bedford,VA,,Brewpub,,2020-04-11T00:00:00,confirmed_date,,not_recorded,,,,,unmatched,,,
6969,Eastern Divide Brewing,Blacksburg,VA,,Brewpub,,2020-02-07T00:00:00,confirmed_date,,not_recorded,,,,,unmatched,,,
6970,Right Mind Brewing,Blacksburg,VA,,Brewpub,,2020-02-07T00:00:00,confirmed_date,,not_recorded,,,,,unmatched,,,
6971,Rising Silo Brewery,Blacksburg,VA,,Brewpub,,2020-02-07T00:00:00,confirmed_date,,not_recorded,,,,,unmatched,,,
6972,Beliveau Farm Brewery,Blacksburg,VA,,Taproom,,2020-03-03T00:00:00,confirmed_date,,not_recorded,,,,,unmatched,,,
6973,Bull & Bones Brewhaus & Grill,Blacksburg,VA,,Brewpub,,2020-03-03T00:00:00,confirmed_date,,not_recorded,,,,,unmatched,,,
6974,Bear Chase Brewing Company,Bluemont,VA,,Brewpub,,,not_recorded,,not_recorded,,,,,unmatched,,,
6975,Dirt Farm Brewing,Bluemont,VA,,Taproom,,,not_recorded,,not_recorded,,,,,unmatched,,,
6976,Hammer & Forge Brewing Company,Boones Mill,VA,,Taproom,,2020-04-11T00:00:00,confirmed_date,,not_recorded,,,,,unmatched,,,
6977,Old Trade Brewery,Brandy Station,VA,,Taproom,,2020-02-07T00:00:00,confirmed_date,,not_recorded,,,,,unmatched,,,
6978,Studio Brew,Bristol,VA,,Brewpub,,2019-11-27T00:00:00,confirmed_date,,not_recorded,,,,,unmatched,,,
6979,Bristol Station Brews & Taproom,Bristol,VA,,Taproom,,2020-04-11T00:00:00,confirmed_date,,not_recorded,,,,,unmatched,,,
6980,State Street Brewing Company,Bristol,VA,,Taproom,,,not_recorded,,not_recorded,,,,,unmatched,,,
6981,The Farm Brewery At Broad Run,Broad Run,VA,,Taproom,,2020-04-11T00:00:00,confirmed_date,,not_recorded,,,,,unmatched,,,
6982,Staunton River Brewing Company,Brookneal,VA,,Taproom,,2020-03-03T00:00:00,confirmed_date,,not_recorded,,,,,unmatched,,,
6983,"Chaos Mountain Brewing, LLC",Callaway,VA,,Micro,,2020-03-03T00:00:00,confirmed_date,,not_recorded,,,,,unmatched,,,
6984,Cape Charles Brewing Company,Cape Charles,VA,,Brewpub,,,not_recorded,,not_recorded,,,,,unmatched,,,
6985,"Great American Restaurants, Sweetwater Tavern",Centreville,VA,,Brewpub,,2020-02-07T00:00:00,confirmed_date,,not_recorded,,,,,unmatched,,,
6986,Mustang Sally Brewing Co,Chantilly,VA,,Micro,,2020-02-07T00:00:00,confirmed_date,,not_recorded,,,,,unmatched,,,
6987,Ono Brewing Company,Chantilly,VA,,Taproom,,2020-02-07T00:00:00,confirmed_date,,not_recorded,,,,,unmatched,,,
6988,Mount Ida Reserve,Charlottesville,VA,,Micro,,2020-02-07T00:00:00,confirmed_date,,not_recorded,,,,,unmatched,,,
6989,Random Row Brewing Co.,Charlottesville,VA,,Taproom,,2020-02-07T00:00:00,confirmed_date,,not_recorded,,,,,unmatched,,,
6990,Reason Beer,Charlottesville,VA,,Micro,,2020-02-07T00:00:00,confirmed_date,,not_recorded,,,,,unmatched,,,
6991,South Street Brewery,Charlottesville,VA,,Brewpub,,2020-02-07T00:00:00,confirmed_date,,not_recorded,,,,,unmatched,,,
6992,Three Notch’d Brewing Company,Charlottesville,VA,,Micro,,2020-02-07T00:00:00,confirmed_date,,not_recorded,,,,,unmatched,,,
6993,Decipher Brewing Co.,Charlottesville,VA,,Taproom,,2020-04-11T00:00:00,confirmed_date,,not_recorded,,,,,unmatched,,,
6994,Hardywood Park Craft Brewery-Charlottesville,Charlottesville,VA,,Micro,,12/20.2019,date_needs_review,,not_recorded,,,,,unmatched,,,
6995,Champion Brewing Company,Charlottesville,VA,,Brewpub,,,not_recorded,,not_recorded,,,,,unmatched,,,
6996,Wild Wolf Brewing Company Cville,Charlottesville,VA,,Brewpub,,,not_recorded,,not_recorded,,,,,unmatched,,,
6997,The Garage Brewery,Chesapeake,VA,,Taproom,,yes,confirmed_yes,,not_recorded,,,,,unmatched,,,
6998,Big Ugly Brewing Co,Chesapeake,VA,,Taproom,,,not_recorded,,not_recorded,,,,,unmatched,,,
6999,Molly’s Blind Dog Brewery,Chester,VA,,Taproom,,2020-03-03T00:00:00,confirmed_date,,not_recorded,,,,,unmatched,,,
7000,Black Narrows Brewing Company,Chincoteague,VA,,Taproom,,2020-03-03T00:00:00,confirmed_date,,not_recorded,,,,,unmatched,,,
7001,"Buggs Island Brewing Company, LLC",Clarksville,VA,,Taproom,,,not_recorded,,not_recorded,,,,,unmatched,,,
7002,Jack Mason’s Tavern and Brewery,Clifton Forge,VA,,Brewpub,,2020-02-07T00:00:00,confirmed_date,,not_recorded,,,,,unmatched,,,
7003,Colonial Beach Brewing,Colonial Beach,VA,,Taproom,,,not_recorded,,not_recorded,,,,,unmatched,,,
7004,Pro Re Nata Brewery,Crozet,VA,,Taproom,,2020-02-07T00:00:00,confirmed_date,,not_recorded,,,,,unmatched,,,
7005,Starr Hill Brewery LLC,Crozet,VA,,Taproom,,,not_recorded,,not_recorded,,,,,unmatched,,,
7006,Beer Hound Brewery,Culpeper,VA,,Contract,,2020-03-03T00:00:00,confirmed_date,,not_recorded,,,,,unmatched,,,
7007,Far Gohn Brewing Company,Culpeper,VA,,Taproom,,,not_recorded,,not_recorded,,,,,unmatched,,,
7008,Old House Vineyards,Culpeper,VA,,Taproom,,,not_recorded,,not_recorded,,,,,unmatched,,,
7009,Ballast Point Brewing Company,Daleville,VA,,Largge,,2020-03-03T00:00:00,confirmed_date,,not_recorded,,,,,unmatched,,,
7010,Damascus Brewery,Damascus,VA,,Taproom,,,not_recorded,,not_recorded,,,,,unmatched,,,
7011,2 Witches Winery and Brewing Company,Danville,VA,,Taproom,,,not_recorded,,not_recorded,,,,,unmatched,,,
7012,Ballad Brewing,Danville,VA,,Taproom,,,not_recorded,,not_recorded,,,,,unmatched,,,
7013,Barrel Oak Farm Taphouse,Delaplane,VA,,Taproom,,2020-04-11T00:00:00,confirmed_date,,not_recorded,,,,,unmatched,,,
7014,Ocelot Brewing Co,Dulles,VA,,Taproom,,2020-03-03T00:00:00,confirmed_date,,not_recorded,,,,,unmatched,,,
7015,Solace Brewing Company,Dulles,VA,,Taproom,,2020-03-03T00:00:00,confirmed_date,,not_recorded,,,,,unmatched,,,
7016,Swover Creek Farm Brewery,Edinburg,VA,,Taproom,,2020-04-11T00:00:00,confirmed_date,,not_recorded,,,,,unmatched,,,
7017,MillerCoors Brewing Co - Shenandoah Facility,Elkton,VA,,Largge,,2020-03-03T00:00:00,confirmed_date,,not_recorded,,,,,unmatched,,,
7018,Shotwell Run Brewing Company,Etlan,VA,,Taproom,,2020-02-07T00:00:00,confirmed_date,,not_recorded,,,,,unmatched,,,
7019,Ornery Beer Company,Fairfax,VA,,Brewpub,,2020-02-07T00:00:00,confirmed_date,,not_recorded,,,,,unmatched,,,
7020,Chubby Squirrel Brewing Company,Fairfax,VA,,Brewpub,,2020-03-03T00:00:00,confirmed_date,,not_recorded,,,,,unmatched,,,
7021,Audacious Aleworks,Falls Church,VA,,Taproom,,2019-10-26T00:00:00,confirmed_date,,not_recorded,,,,,unmatched,,,
7022,"Great American Restaurants, Sweetwater Tavern",Falls Church,VA,,Brewpub,,2020-02-07T00:00:00,confirmed_date,,not_recorded,,,,,unmatched,,,
7023,Settle Down Easy Brewing Company,Falls Church,VA,,Taproom,,2020-02-07T00:00:00,confirmed_date,,not_recorded,,,,,unmatched,,,
7024,Third Street Brewing,Farmville,VA,,Taproom,,2020-04-11T00:00:00,confirmed_date,,not_recorded,,,,,unmatched,,,
7025,Buffalo Mountain Brewery,Floyd,VA,,Brewpub,,2020-04-11T00:00:00,confirmed_date,,not_recorded,,,,,unmatched,,,
7026,Apocalypse Ale Works,Forest,VA,,Micro,,2019-10-26T00:00:00,confirmed_date,,not_recorded,,,,,unmatched,,,
7027,The Oozlefinch Craft Brewery,Fort Monroe,VA,,Micro,,2020-02-07T00:00:00,confirmed_date,,not_recorded,,,,,unmatched,,,
7028,Maltese Brewing Company,Fredericksburg,VA,,Taproom,,2020-04-11T00:00:00,confirmed_date,yes,confirmed_yes,,,,,exact,maltese-brewing-company,content/breweries/maltese-brewing-company.md,
7029,Adventure Brewing Co,Fredericksburg,VA,,Taproom,,2019-08-29T00:00:00,confirmed_date,,not_recorded,,,,,exact,adventure-brewing-co,content/breweries/adventure-brewing-co.md,
7030,"6 Bears & A Goat Brewing Company, LLC",Fredericksburg,VA,,Brewpub,,2019-10-29T00:00:00,confirmed_date,,not_recorded,,,,,unmatched,,,
7031,Strangeways Brewing - FXBG,Fredericksburg,VA,,Micro,,2019-11-27T00:00:00,confirmed_date,,not_recorded,,,,,unmatched,,,
7032,Red Dragon Brewery,Fredericksburg,VA,,Taproom,,2020-02-07T00:00:00,confirmed_date,,not_recorded,,,,,unmatched,,,
7033,Spencer Devon Brewing,Fredericksburg,VA,,Brewpub,,2020-02-07T00:00:00,confirmed_date,,not_recorded,,,,,unmatched,,,
7034,Highmark Brewery,Fredericksburg,VA,,Taproom,,2020-03-03T00:00:00,confirmed_date,,not_recorded,,,,,unmatched,,,
7035,"Front Royal Brewing Company, LLC",Front Royal,VA,,Brewpub,,2020-02-07T00:00:00,confirmed_date,,not_recorded,,,,,unmatched,,,
7036,Tin Cannon Brewing Company,Gainesville,VA,,Taproom,,2020-03-03T00:00:00,confirmed_date,,not_recorded,,,,,unmatched,,,
7037,Creek Bottom Brewing,Galax,VA,,Brewpub,,2020-04-11T00:00:00,confirmed_date,,not_recorded,,,,,unmatched,,,
7038,Intermission Beer Company,Glen Allen,VA,,Taproom,,,not_recorded,,not_recorded,,,,,unmatched,,,
7039,Gloucester Brewing Company,Gloucester,VA,,Taproom,,2020-03-03T00:00:00,confirmed_date,,not_recorded,,,,,unmatched,,,
7040,Lickinghole Creek Craft Brewery,Goochland,VA,,Micro,,2020-02-07T00:00:00,confirmed_date,,not_recorded,,,,,unmatched,,,
7041,White Rock Vineyards & Winery,Goodview,VA,,Taproom,,,not_recorded,,not_recorded,,,,,unmatched,,,
7042,The St. George Brewing Company,Hampton,VA,,Micro,,2020-02-07T00:00:00,confirmed_date,,not_recorded,,,,,unmatched,,,
7043,The Vanguard Brewpub & Distillery,Hampton,VA,,Brewpub,,2020-02-07T00:00:00,confirmed_date,,not_recorded,,,,,unmatched,,,
7044,Capstan Bar Brewing Company,Hampton,VA,,Taproom,,2020-03-03T00:00:00,confirmed_date,,not_recorded,,,,,unmatched,,,
7045,Bull Island Brewing Company,Hampton,VA,,Brewpub,,2020-04-11T00:00:00,confirmed_date,,not_recorded,,,,,unmatched,,,
7046,Sunken City Brewing Co,Hardy,VA,,Micro,,2019-11-27T00:00:00,confirmed_date,,not_recorded,,,,,unmatched,,,
7047,Pale Fire Brewing Co,Harrisonburg,VA,,Micro,,2020-02-07T00:00:00,confirmed_date,,not_recorded,,,,,unmatched,,,
7048,Restless Moons Brewing,Harrisonburg,VA,,Taproom,,2020-02-07T00:00:00,confirmed_date,,not_recorded,,,,,unmatched,,,
7049,Three Notch’d Valley Collab House,Harrisonburg,VA,,Micro,,2020-02-07T00:00:00,confirmed_date,,not_recorded,,,,,unmatched,,,
7050,Brothers Craft Brewing,Harrisonburg,VA,,Micro,,,not_recorded,,not_recorded,,,,,unmatched,,,
7051,Final Gravity Brewing Co.,Henrico,VA,,Taproom,,,not_recorded,,not_recorded,,,,,unmatched,,,
7052,Aslin Beer Company,Herndon,VA,,Micro,,2020-04-11T00:00:00,confirmed_date,,not_recorded,,,,,unmatched,,,
7053,Hillsborough Vineyards & Brewery,Hillsboro,VA,,Taproom,,,not_recorded,,not_recorded,,,,,unmatched,,,
7054,Water’s End Brewery,Lake Ridge,VA,,Taproom,,2020-04-11T00:00:00,confirmed_date,,not_recorded,,,,,unmatched,,,
7055,Phase 2 Brewing,Lansdowne,VA,,Brewpub,,2019-11-27T00:00:00,confirmed_date,,not_recorded,,,,,unmatched,,,
7056,Lonesome Pine Brewing Co.,Lebanon,VA,,Taproom,,,not_recorded,,not_recorded,,,,,unmatched,,,
7057,Loudoun Brewing Co,Leesburg,VA,,Micro,,2020-02-07T00:00:00,confirmed_date,,not_recorded,,,,,unmatched,,,
7058,Mud Hound Brewing Co / MacDowell Brew Kitchen,Leesburg,VA,,Brewpub,,2020-02-07T00:00:00,confirmed_date,,not_recorded,,,,,unmatched,,,
7059,Bird Brain Brewing Company,Leesburg,VA,,Proprietor,,2020-03-03T00:00:00,confirmed_date,,not_recorded,,,,,unmatched,,,
7060,Bike TrAle Brewing,Leesburg,VA,,Taproom,,2020-04-11T00:00:00,confirmed_date,,not_recorded,,,,,unmatched,,,
7061,Barnhouse Brewery,Leesburg,VA,,Taproom,,,not_recorded,,not_recorded,,,,,unmatched,,,
7062,Black Hoof Brewing,Leesburg,VA,,Micro,,,not_recorded,,not_recorded,,,,,unmatched,,,
7063,Black Walnut Brewery,Leesburg,VA,,Brewpub,,,not_recorded,,not_recorded,,,,,unmatched,,,
7064,Crooked Run Brewing,Leesburg,VA,,Micro,,,not_recorded,,not_recorded,,,,,unmatched,,,
7065,Dog Money Restaurant,Leesburg,VA,,Brewpub,,,not_recorded,,not_recorded,,,,,unmatched,,,
7066,Vanish Farmwoods Brewery,Leesburg,VA,,Brewpub,,,not_recorded,,not_recorded,,,,,unmatched,,,
7067,Devils Backbone Brewing Co - Outpost Production Facility,Lexington,VA,,Largge,,2020-03-03T00:00:00,confirmed_date,,not_recorded,,,,,unmatched,,,
7068,Forge Brew Works,Lorton,VA,,Brewpub,,2020-02-07T00:00:00,confirmed_date,,not_recorded,,,,,unmatched,,,
7069,Fair Winds Brewing Company,Lorton,VA,,Micro,,2020-04-11T00:00:00,confirmed_date,,not_recorded,,,,,unmatched,,,
7070,Wood Ridge Farm Brewery,Lovingston,VA,,Taproom,,2020-04-11T00:00:00,confirmed_date,,not_recorded,,,,,unmatched,,,
7071,Hawksbill Brewing Company,Luray,VA,,Micro,,,not_recorded,,not_recorded,,,,,unmatched,,,
7072,Bald Top Brewing Company,Madison,VA,,Taproom,,2020-03-03T00:00:00,confirmed_date,,not_recorded,,,,,unmatched,,,
7073,BadWolf Brewing Company,Manassas,VA,,Proprietor,,2020-02-07T00:00:00,confirmed_date,,not_recorded,,,,,unmatched,,,
7074,Public House Kitchen and Brewery,Manassas,VA,,Brewpub,,2020-02-07T00:00:00,confirmed_date,,not_recorded,,,,,unmatched,,,
7075,Sinistral Brewing Company,Manassas,VA,,Taproom,,2020-03-03T00:00:00,confirmed_date,,not_recorded,,,,,unmatched,,,
7076,2 Silos Brewing Company,Manassas,VA,,Brewpub,,2020-04-11T00:00:00,confirmed_date,,not_recorded,,,,,unmatched,,,
7077,Eavesdrop Brewery,Manassas,VA,,Taproom,,2020-04-11T00:00:00,confirmed_date,,not_recorded,,,,,unmatched,,,
7078,Tucked Away Brewing,Manassas,VA,,Taproom,,2020-04-11T00:00:00,confirmed_date,,not_recorded,,,,,unmatched,,,
7079,Heritage Brewing Co,Manassas,VA,,Micro,,,not_recorded,,not_recorded,,,,,unmatched,,,
7080,Gordon Biersch Brewery Restaurant - Tysons Corner,Mc Lean,VA,,Brewpub,,2020-02-07T00:00:00,confirmed_date,,not_recorded,,,,,unmatched,,,
7081,Backroom Brewery,Middletown,VA,,Brewpub,,2020-03-03T00:00:00,confirmed_date,,not_recorded,,,,,unmatched,,,
7082,Extra Billys Brewery and Smokehouse,Midlothian,VA,,Brewpub,,2020-02-07T00:00:00,confirmed_date,,not_recorded,,,,,unmatched,,,
7083,Steam Bell Beer Works,Midlothian,VA,,Micro,,2020-02-07T00:00:00,confirmed_date,,not_recorded,,,,,unmatched,,,
7084,Cooling Pond Brewery,Mineral,VA,,Taproom,,2020-03-03T00:00:00,confirmed_date,,not_recorded,,,,,unmatched,,,
7085,Montross Brewery,Montross,VA,,Taproom,,,not_recorded,,not_recorded,,,,,unmatched,,,
7086,Great Valley Farm Brewery,Natural Bridge,VA,,Taproom,,,not_recorded,,not_recorded,,,,,unmatched,,,
7087,Wild Wolf Brewing Co,Nellysford,VA,,Micro,,2020-02-07T00:00:00,confirmed_date,,not_recorded,,,,,unmatched,,,
7088,Tradition Brewing Company,Newport News,VA,,Micro,,2019-10-21T00:00:00,confirmed_date,,not_recorded,,,,,exact,tradition-brewing-company,content/breweries/tradition-brewing-company.md,
7089,Twisted Knot Brewing,Newport News,VA,,Taproom,,2020-03-03T00:00:00,confirmed_date,,not_recorded,,,,,unmatched,,,
7090,Cedar Run Brewery,Nokesville,VA,,Taproom,,2020-04-11T00:00:00,confirmed_date,,not_recorded,,,,,unmatched,,,
7091,Maker’s Craft Brewery,Norfolk,VA,,Micro,,2020-02-07T00:00:00,confirmed_date,,not_recorded,,,,,unmatched,,,
7092,Rip Rap Brewing Company,Norfolk,VA,,Taproom,,2020-02-07T00:00:00,confirmed_date,,not_recorded,,,,,unmatched,,,
7093,Smartmouth Brewing Co,Norfolk,VA,,Micro,,2020-02-07T00:00:00,confirmed_date,,not_recorded,,,,,unmatched,,,
7094,Elation Brewing,Norfolk,VA,,Taproom,,2020-03-03T00:00:00,confirmed_date,,not_recorded,,,,,unmatched,,,
7095,O’Connor Brewing Co,Norfolk,VA,,Regional,,2020-03-03T00:00:00,confirmed_date,,not_recorded,,,,,unmatched,,,
7096,Benchtop Brewing Company,Norfolk,VA,,Micro,,2020-04-11T00:00:00,confirmed_date,,not_recorded,,,,,unmatched,,,
7097,Coelacanth Brewing,Norfolk,VA,,Taproom,,,not_recorded,,not_recorded,,,,,unmatched,,,
7098,The Bold Mariner Brewing Company,Norfolk,VA,,Taproom,,,not_recorded,,not_recorded,,,,,unmatched,,,
7099,Willow Spring Brewery / The Light Well,Orange,VA,,Brewpub,,2020-03-03T00:00:00,confirmed_date,,not_recorded,,,,,unmatched,,,
7100,Trapezium Brewing Company,Petersburg,VA,,Brewpub,,2020-02-07T00:00:00,confirmed_date,,not_recorded,,,,,unmatched,,,
7101,Ammo Brewing,Petersburg,VA,,Brewpub,,,not_recorded,,not_recorded,,,,,unmatched,,,
7102,Legend Brewing Co,Portsmouth,VA,,Brewpub,,2020-02-07T00:00:00,confirmed_date,,not_recorded,,,,,unmatched,,,
7103,MoMac Brewing Company,Portsmouth,VA,,Micro,,2020-02-07T00:00:00,confirmed_date,,not_recorded,,,,,unmatched,,,
7104,Fine Creek Brewing Company,Powhatan,VA,,Brewpub,,2020-02-07T00:00:00,confirmed_date,yes,confirmed_yes,,,,,unmatched,,,
7105,Adroit Theory Brewing Company,Purcellville,VA,,Micro,,2019-08-29T00:00:00,confirmed_date,,not_recorded,,,,,unmatched,,,
7106,Dragon Hops Brewing,Purcellville,VA,,Brewpub,,2020-02-07T00:00:00,confirmed_date,,not_recorded,,,,,unmatched,,,
7107,Notaviva Craft Fermentations,Purcellville,VA,,Brewpub,,2020-02-07T00:00:00,confirmed_date,,not_recorded,,,,,unmatched,,,
7108,Old 690 Brewing Co,Purcellville,VA,,Brewpub,,2020-02-07T00:00:00,confirmed_date,,not_recorded,,,,,unmatched,,,
7109,Belly Love Brewing Company,Purcellville,VA,,Brewpub,,2020-03-03T00:00:00,confirmed_date,,not_recorded,,,,,unmatched,,,
7110,Harper’s Ferry Brewing,Purcellville,VA,,Taproom,,12/20.2019,date_needs_review,,not_recorded,,,,,unmatched,,,
7111,"River Company Restaurant & Brewery Inc, The",Radford,VA,,Brewpub,,2020-02-07T00:00:00,confirmed_date,,not_recorded,,,,,unmatched,,,
7112,Lake Anne Brew House,Reston,VA,,Taproom,,2020-03-03T00:00:00,confirmed_date,,not_recorded,,,,,unmatched,,,
7113,Strangeways Brewing - RVA,Richmond,VA,,Taproom,,2019-11-27T00:00:00,confirmed_date,,not_recorded,,,,,unmatched,,,
7114,Strangeways Brewing Company,Richmond,VA,,Taproom,,2019-11-27T00:00:00,confirmed_date,,not_recorded,,,,,unmatched,,,
7115,Tabol Brewing,Richmond,VA,,Micro,,2019-11-27T00:00:00,confirmed_date,,not_recorded,,,,,unmatched,,,
7116,The Answer Brewpub,Richmond,VA,,Brewpub,,2019-11-27T00:00:00,confirmed_date,,not_recorded,,,,,unmatched,,,
7117,The Veil Brewing Company,Richmond,VA,,Micro,,2019-11-27T00:00:00,confirmed_date,,not_recorded,,,,,unmatched,,,
7118,Dogtown Brewing Co.,Richmond,VA,,Brewpub,,2020-02-07T00:00:00,confirmed_date,,not_recorded,,,,,unmatched,,,
7119,Legend Brewing Co,Richmond,VA,,Micro,,2020-02-07T00:00:00,confirmed_date,,not_recorded,,,,,unmatched,,,
7120,Richbrau,Richmond,VA,,Taproom,,2020-02-07T00:00:00,confirmed_date,,not_recorded,,,,,unmatched,,,
7121,Rock Bottom Brewery -Short Pump,Richmond,VA,,Brewpub,,2020-02-07T00:00:00,confirmed_date,,not_recorded,,,,,unmatched,,,
7122,Shiplock Brewing,Richmond,VA,,Brewpub,,2020-02-07T00:00:00,confirmed_date,,not_recorded,,,,,unmatched,,,
7123,Three Notch’d RVA Collab House,Richmond,VA,,Micro,,2020-02-07T00:00:00,confirmed_date,,not_recorded,,,,,unmatched,,,
7124,Triple Crossing Brewing Company,Richmond,VA,,Brewpub,,2020-02-07T00:00:00,confirmed_date,,not_recorded,,,,,unmatched,,,
7125,Triple Crossing Brewing Company,Richmond,VA,,Brewpub,,2020-02-07T00:00:00,confirmed_date,,not_recorded,,,,,unmatched,,,
7126,Ardent Craft Ales,Richmond,VA,,Taproom,,2020-03-03T00:00:00,confirmed_date,,not_recorded,,,,,unmatched,,,
7127,Basic City Beer Co.,Richmond,VA,,Micro,,2020-03-03T00:00:00,confirmed_date,,not_recorded,,,,,unmatched,,,
7128,Kindred Spirit Brewing,Richmond,VA,,Taproom,,2020-03-03T00:00:00,confirmed_date,,not_recorded,,,,,unmatched,,,
7129,Richbrau Brewing,Richmond,VA,,Proprietor,,2020-03-03T00:00:00,confirmed_date,,not_recorded,,,,,unmatched,,,
7130,Stone Brewing - Richmond,Richmond,VA,,Regional,,2020-03-03T00:00:00,confirmed_date,,not_recorded,,,,,unmatched,,,
7131,Hardywood Park Craft Brewery,Richmond,VA,,Regional,,12/20.2019,date_needs_review,,not_recorded,,,,,unmatched,,,
7132,Hardywood West Creek,Richmond,VA,,Micro,,12/20.2019,date_needs_review,,not_recorded,,,,,unmatched,,,
7133,Bingo Beer Company,Richmond,VA,,Brewpub,,,not_recorded,,not_recorded,,,,,unmatched,,,
7134,Canon & Draw Brewing Company,Richmond,VA,,Taproom,,,not_recorded,,not_recorded,,,,,unmatched,,,
7135,Castleburg Brewery,Richmond,VA,,Taproom,,,not_recorded,,not_recorded,,,,,unmatched,,,
7136,Garden Grove Brewing Company,Richmond,VA,,Taproom,,,not_recorded,,not_recorded,,,,,unmatched,,,
7137,Isley Brewing Company,Richmond,VA,,Micro,,,not_recorded,,not_recorded,,,,,unmatched,,,
7138,Vasen Brewing Company,Richmond,VA,,Taproom,,,not_recorded,,not_recorded,,,,,unmatched,,,
7139,A Few Old Goats Brewing,Roanoke,VA,,Taproom,,2019-08-29T00:00:00,confirmed_date,,not_recorded,,,,,unmatched,,,
7140,Soaring Ridge Craft Brewers,Roanoke,VA,,Micro,,2020-02-07T00:00:00,confirmed_date,,not_recorded,,,,,unmatched,,,
7141,Three Notch’d Brewing Company,Roanoke,VA,,Brewpub,,2020-02-07T00:00:00,confirmed_date,,not_recorded,,,,,unmatched,,,
7142,Starr Hill Pilot Brewery & Side Stage,Roanoke,VA,,Taproom,,2020-04-11T00:00:00,confirmed_date,,not_recorded,,,,,unmatched,,,
7143,Big Lick Brewing Company,Roanoke,VA,,Taproom,,,not_recorded,,not_recorded,,,,,unmatched,,,
7144,Deschutes Brewery Tasting Room Roanoke VA,Roanoke,VA,,Taproom,,,not_recorded,,not_recorded,,,,,unmatched,,,
7145,Midnight Brewery,Rockville,VA,,Micro,,2020-02-07T00:00:00,confirmed_date,,not_recorded,,,,,unmatched,,,
7146,Devils Backbone Brewing Co - Basecamp,Roseland,VA,,Largge,,2020-03-03T00:00:00,confirmed_date,,not_recorded,,,,,unmatched,,,
7147,B Chord Brewing Company,Round Hill,VA,,Taproom,,2020-04-11T00:00:00,confirmed_date,,not_recorded,,,,,unmatched,,,
7148,Sugar Hill Brewing Company,Saint Paul,VA,,Brewpub,,2020-02-07T00:00:00,confirmed_date,,not_recorded,,,,,unmatched,,,
7149,Olde Salem Brewing Company,Salem,VA,,Taproom,,2020-02-07T00:00:00,confirmed_date,,not_recorded,,,,,unmatched,,,
7150,Parkway Brewing,Salem,VA,,Micro,,2020-02-07T00:00:00,confirmed_date,,not_recorded,,,,,unmatched,,,
7151,James River Brewery,Scottsville,VA,,Taproom,,2020-04-11T00:00:00,confirmed_date,,not_recorded,,,,,unmatched,,,
7152,Wharf Hill Brewing,Smithfield,VA,,Brewpub,,2020-04-11T00:00:00,confirmed_date,,not_recorded,,,,,unmatched,,,
7153,Hopkins Ordinary Ale Works,Sperryville,VA,,Taproom,,2019-10-26T00:00:00,confirmed_date,yes,confirmed_yes,yes,,,,unmatched,,,
7154,Pen Druid Brewing,Sperryville,VA,,Taproom,,2020-02-07T00:00:00,confirmed_date,,not_recorded,,,,,unmatched,,,
7155,1781 Brewing Company,Spotsylvania,VA,,Taproom,,2019-08-29T00:00:00,confirmed_date,,not_recorded,,,,,unmatched,,,
7156,Barley Naked Brewing Company,Stafford,VA,,Taproom,,2020-04-11T00:00:00,confirmed_date,,not_recorded,,,,,unmatched,,,
7157,Queen City Brewing,Staunton,VA,,Taproom,,2020-02-07T00:00:00,confirmed_date,,not_recorded,,,,,unmatched,,,
7158,Redbeard Brewing Co,Staunton,VA,,Taproom,,2020-02-07T00:00:00,confirmed_date,,not_recorded,,,,,unmatched,,,
7159,Shenandoah Valley Brewing Company,Staunton,VA,,Taproom,,2020-02-07T00:00:00,confirmed_date,,not_recorded,,,,,unmatched,,,
7160,Skipping Rock Beer Co.,Staunton,VA,,Taproom,,2020-02-07T00:00:00,confirmed_date,,not_recorded,,,,,unmatched,,,
7161,Bedlam Brewing LLC,Staunton,VA,,Brewpub,,2020-04-11T00:00:00,confirmed_date,,not_recorded,,,,,unmatched,,,
7162,Red Beard Brewery,Staunton,VA,,,yes,,not_recorded,,not_recorded,,,,,unmatched,,,
7163,"Great American Restaurants, Sweetwater Tavern",Sterling,VA,,Brewpub,,2020-02-07T00:00:00,confirmed_date,,not_recorded,,,,,unmatched,,,
7164,Rocket Frog Brewing Company,Sterling,VA,,Micro,,2020-02-07T00:00:00,confirmed_date,,not_recorded,,,,,unmatched,,,
7165,Beltway Brewing Company,Sterling,VA,,Micro,,,not_recorded,,not_recorded,,,,,unmatched,,,
7166,Twinpanzee Brewing Co,Sterling,VA,,Taproom,,,not_recorded,,not_recorded,,,,,unmatched,,,
7167,Twinpanzee Brewing Company,Sterling,VA,,Taproom,,,not_recorded,,not_recorded,,,,,unmatched,,,
7168,Box Office Brewery,Strasburg,VA,,Brewpub,,2020-04-11T00:00:00,confirmed_date,,not_recorded,,,,,unmatched,,,
7169,Brick & Mortar Brewing Company,Suffolk,VA,,Taproom,,2020-04-11T00:00:00,confirmed_date,,not_recorded,,,,,unmatched,,,
7170,Caboose Brewing Co.,Vienna,VA,,Brewpub,,,not_recorded,,not_recorded,,,,,unmatched,,,
7171,Twin Creeks Brewing Company,Vinton,VA,,Taproom,,2020-03-03T00:00:00,confirmed_date,,not_recorded,,,,,unmatched,,,
7172,Gordon Biersch Brewery Restaurant - Virginia Beach,Virginia Beach,VA,,Brewpub,,2020-02-07T00:00:00,confirmed_date,,not_recorded,,,,,unmatched,,,
7173,Home Republic,Virginia Beach,VA,,Brewpub,,2020-02-07T00:00:00,confirmed_date,,not_recorded,,,,,unmatched,,,
7174,New Realm Brewing,Virginia Beach,VA,,Micro,,2020-02-07T00:00:00,confirmed_date,,not_recorded,,,,,unmatched,,,
7175,Pleasure House Brewing,Virginia Beach,VA,,Taproom,,2020-02-07T00:00:00,confirmed_date,,not_recorded,,,,,unmatched,,,
7176,Reaver Beach Brewing Co,Virginia Beach,VA,,Micro,,2020-02-07T00:00:00,confirmed_date,,not_recorded,,,,,unmatched,,,
7177,Smartmouth Brewing Pilot House,Virginia Beach,VA,,Micro,,2020-02-07T00:00:00,confirmed_date,,not_recorded,,,,,unmatched,,,
7178,Young Veterans Brewing Company,Virginia Beach,VA,,Micro,,2020-02-07T00:00:00,confirmed_date,,not_recorded,,,,,unmatched,,,
7179,Two Fathers Beer Co,Virginia Beach,VA,,Contract,,2020-03-03T00:00:00,confirmed_date,,not_recorded,,,,,unmatched,,,
7180,Back Bay Brewing Company,Virginia Beach,VA,,Micro,,,not_recorded,,not_recorded,,,,,unmatched,,,
7181,Back Bay’s Farmhouse Brewing,Virginia Beach,VA,,Taproom,,,not_recorded,,not_recorded,,,,,unmatched,,,
7182,Back Bay’s Farmhouse Brewing Co,Virginia Beach,VA,,Micro,,,not_recorded,,not_recorded,,,,,unmatched,,,
7183,Commonwealth Brewing Co.,Virginia Beach,VA,,Micro,,,not_recorded,,not_recorded,,,,,unmatched,,,
7184,Wasserhund Brewing Company,Virginia Beach,VA,,Brewpub,,,not_recorded,,not_recorded,,,,,unmatched,,,
7185,Old Bust Head Brewing Co.,Warrenton,VA,,Micro,,2020-02-07T00:00:00,confirmed_date,,not_recorded,,,,,unmatched,,,
7186,Wort Hog Brewing Company LLC,Warrenton,VA,,Brewpub,,2020-04-11T00:00:00,confirmed_date,,not_recorded,,,,,candidate,,,Worth Brewing Co
7187,Wheatland Spring Brewery,Waterford,VA,,Taproom,,2020-03-03T00:00:00,confirmed_date,,not_recorded,,,,,unmatched,,,
7188,Seven Arrows Brewing Co.,Waynesboro,VA,,Taproom,,2020-02-07T00:00:00,confirmed_date,,not_recorded,,,,,unmatched,,,
7189,Basic City Beer Co.,Waynesboro,VA,,Micro,,,not_recorded,,not_recorded,,,,,unmatched,,,
7190,Stable Craft Brewing,Waynesboro,VA,,Taproom,,,not_recorded,,not_recorded,,,,,unmatched,,,
7191,Alewerks Brewing Company,Williamsburg,VA,,Micro,,2019-08-29T00:00:00,confirmed_date,,not_recorded,,,,,unmatched,,,
7192,Precarious Beer Project,Williamsburg,VA,,Brewpub,,2020-02-07T00:00:00,confirmed_date,,not_recorded,,,,,unmatched,,,
7193,Precarious Beer Project - Beer Hall,Williamsburg,VA,,Brewpub,,2020-02-07T00:00:00,confirmed_date,,not_recorded,,,,,unmatched,,,
7194,Anheuser-Busch Inc – Williamsburg,Williamsburg,VA,,Largge,,2020-03-03T00:00:00,confirmed_date,,not_recorded,,,,,unmatched,,,
7195,Billsburg Brewery,Williamsburg,VA,,Taproom,,2020-03-03T00:00:00,confirmed_date,,not_recorded,,,,,unmatched,,,
7196,Brass Cannon Brewing,Williamsburg,VA,,Taproom,,,not_recorded,,not_recorded,,,,,unmatched,,,
7197,The Virginia Beer Company,Williamsburg,VA,,Taproom,,,not_recorded,,not_recorded,,,,,unmatched,,,
7198,Alesatian Brewing Co.,Winchester,VA,,Brewpub,,2019-08-29T00:00:00,confirmed_date,,not_recorded,,,,,unmatched,,,
7199,Broken Window Brewing Company LLC.,Winchester,VA,,Taproom,,2020-03-03T00:00:00,confirmed_date,,not_recorded,,,,,unmatched,,,
7200,Escutcheon Brewing Co.,Winchester,VA,,Micro,,2020-03-03T00:00:00,confirmed_date,,not_recorded,,,,,unmatched,,,
7201,Winchester Brew Works LLC,Winchester,VA,,Taproom,,,not_recorded,,not_recorded,,,,,unmatched,,,
7202,Brew Republic Bierwerks,Woodbridge,VA,,Brewpub,,2020-03-03T00:00:00,confirmed_date,,not_recorded,,,,,unmatched,,,
7203,Woodstock Brewhouse,Woodstock,VA,,Brewpub,,,not_recorded,,not_recorded,,,,,unmatched,,,
7204,7 Dogs Brewpub,Wytheville,VA,,Brewpub,,,not_recorded,,not_recorded,,,,,unmatched,,,
7205,Frenchtown Brewing Company,Charlotte Amalie,VI,,Micro,,2020-03-03T00:00:00,confirmed_date,,not_recorded,,,,,unmatched,,,
7206,Brew STX,Christiansted,VI,,Brewpub,,,not_recorded,,not_recorded,,,,,unmatched,,,
7207,St John Brewers,St John,VI,,Micro,,,not_recorded,,not_recorded,,,,,unmatched,,,
7208,Foy Enterprises LLC DBA Dog River Brewery,Barre,VT,,Brewpub,,2020-04-11T00:00:00,confirmed_date,,not_recorded,,,,,unmatched,,,
7209,"Northshire Brewery, Inc",Bennington,VT,,Micro,,2020-02-07T00:00:00,confirmed_date,,not_recorded,,,,,unmatched,,,
7210,Harvest Brewing,Bennington,VT,,Brewpub,,2020-03-03T00:00:00,confirmed_date,,not_recorded,,,,,unmatched,,,
7211,"Madison Brewing Co, Pub and Restaurant",Bennington,VT,,Brewpub,,,not_recorded,,not_recorded,,,,,unmatched,,,
7212,Foley Brothers Brewing Co.,Brandon,VT,,Micro,,2020-02-07T00:00:00,confirmed_date,,not_recorded,,,,,unmatched,,,
7213,"Hermit Thrush Brewery, LLC",Brattleboro,VT,,Micro,,2020-02-07T00:00:00,confirmed_date,,not_recorded,,,,,unmatched,,,
7214,McNeills Brewery,Brattleboro,VT,,Brewpub,,,not_recorded,,not_recorded,,,,,unmatched,,,
7215,Whetstone Craft Beers @ Whetstone Station,Brattleboro,VT,,Brewpub,,,not_recorded,,not_recorded,,,,,unmatched,,,
7216,Long Trail Brewing Co,Bridgewater Corners,VT,,Regional,,2020-03-03T00:00:00,confirmed_date,,not_recorded,,,,,unmatched,,,
7217,Hogback Mountain Brewery,Bristol,VT,,Micro,,2020-02-07T00:00:00,confirmed_date,,not_recorded,,,,,unmatched,,,
7218,Bobcat Brewery & Cafe,Bristol,VT,,Brewpub,,2020-03-03T00:00:00,confirmed_date,,not_recorded,,,,,unmatched,,,
7219,Simple Roots Brewing Co,Burlington,VT,,Taproom,,2019-11-27T00:00:00,confirmed_date,,not_recorded,,,,,unmatched,,,
7220,Foam Brewers,Burlington,VT,,Micro,,2020-02-07T00:00:00,confirmed_date,,not_recorded,,,,,unmatched,,,
7221,House of Fermentology,Burlington,VT,,Micro,,2020-02-07T00:00:00,confirmed_date,,not_recorded,,,,,unmatched,,,
7222,"Queen City Brewery, LLC",Burlington,VT,,Micro,,2020-02-07T00:00:00,confirmed_date,,not_recorded,,,,,unmatched,,,
7223,Switchback Brewing Co,Burlington,VT,,Regional,,2020-03-03T00:00:00,confirmed_date,,not_recorded,,,,,unmatched,,,
7224,Zero Gravity Craft Brewery,Burlington,VT,,Brewpub,,2020-03-03T00:00:00,confirmed_date,,not_recorded,,,,,unmatched,,,
7225,Vermont Pub and Brewery,Burlington,VT,,Brewpub,,2020-04-11T00:00:00,confirmed_date,,not_recorded,,,,,unmatched,,,
7226,Brocklebank Craft Brewing,Chelsea,VT,,Taproom,,2020-03-03T00:00:00,confirmed_date,,not_recorded,,,,,unmatched,,,
7227,Green Empire Brewing,Colchester,VT,,Micro,,2020-02-07T00:00:00,confirmed_date,,not_recorded,,,,,unmatched,,,
7228,Red Barn Brewing,Danville,VT,,Taproom,,,not_recorded,,not_recorded,,,,,unmatched,,,
7229,1st Republic Brewing Co,Essex Junction,VT,,Micro,,2020-02-07T00:00:00,confirmed_date,,not_recorded,,,,,unmatched,,,
7230,Hill Farmstead Brewery,Greensboro Bend,VT,,Micro,,2019-11-13T00:00:00,confirmed_date,,not_recorded,,,,,unmatched,,,
7231,Frost Beer Works,Hinesburg,VT,,Micro,,2020-02-07T00:00:00,confirmed_date,,not_recorded,,,,,unmatched,,,
7232,Ten Bends Beer,Hyde Park,VT,,Micro,,2020-02-07T00:00:00,confirmed_date,,not_recorded,,,,,unmatched,,,
7233,J’ville Brewery,Jacksonville,VT,,Taproom,,2020-03-03T00:00:00,confirmed_date,,not_recorded,,,,,unmatched,,,
7234,Brewster River Pub & Brewery,Jeffersonville,VT,,Brewpub,,2020-04-11T00:00:00,confirmed_date,,not_recorded,,,,,unmatched,,,
7235,Killington Beer Company,Killington,VT,,Micro,,2020-02-07T00:00:00,confirmed_date,,not_recorded,,,,,unmatched,,,
7236,Beer Naked Brewery,Marlboro,VT,,Brewpub,,2019-11-27T00:00:00,confirmed_date,,not_recorded,,,,,unmatched,,,
7237,Drop In Brewing,Middlebury,VT,,Taproom,,2019-11-27T00:00:00,confirmed_date,,not_recorded,,,,,unmatched,,,
7238,Otter Creek Brewing Co,Middlebury,VT,,Regional,,2019-11-27T00:00:00,confirmed_date,,not_recorded,,,,,unmatched,,,
7239,Lost Nation Brewing,Morrisville,VT,,Micro,,2020-02-07T00:00:00,confirmed_date,,not_recorded,,,,,unmatched,,,
7240,Rock Art Brewery,Morrisville,VT,,Micro,,2020-02-07T00:00:00,confirmed_date,,not_recorded,,,,,unmatched,,,
7241,Kingdom Brewing,Newport,VT,,Taproom,,,not_recorded,,not_recorded,,,,,unmatched,,,
7242,Good Measure Brewing Co,Northfield,VT,,Micro,,2020-02-07T00:00:00,confirmed_date,,not_recorded,,,,,unmatched,,,
7243,The Norwich Inn - Jasper Murdock’s Alehouse,Norwich,VT,,Brewpub,,,not_recorded,,not_recorded,,,,,unmatched,,,
7244,Liambru Tasty LLC,Proctor,VT,,Micro,,2020-02-07T00:00:00,confirmed_date,,not_recorded,,,,,unmatched,,,
7245,"Outer Limits Brewing, LLC",Proctorsville,VT,,Brewpub,,2019-11-27T00:00:00,confirmed_date,,not_recorded,,,,,unmatched,,,
7246,Bent Hill Brewery,Randolph,VT,,Micro,,2020-02-07T00:00:00,confirmed_date,,not_recorded,,,,,unmatched,,,
7247,Stone Corral Brewery,Richmond,VT,,Brewpub,,2020-03-03T00:00:00,confirmed_date,,not_recorded,,,,,unmatched,,,
7248,Rutland Beer Works,Rutland,VT,,Brewpub,,2020-04-11T00:00:00,confirmed_date,,not_recorded,,,,,unmatched,,,
7249,Rutland Beer Works,Rutland,VT,,Brewpub,,,not_recorded,,not_recorded,,,,,unmatched,,,
7250,14th Star Brewing,Saint Albans,VT,,Micro,,2019-08-29T00:00:00,confirmed_date,,not_recorded,,,,,unmatched,,,
7251,Mill River Brewing BBQ & Smokehouse,Saint Albans City,VT,,Brewpub,,2020-03-03T00:00:00,confirmed_date,,not_recorded,,,,,unmatched,,,
7252,Saint J Brewery,Saint Johnsbury,VT,,Brewpub,,,not_recorded,,not_recorded,,,,,unmatched,,,
7253,Fiddlehead Brewing,Shelburne,VT,,Regional,,2020-03-03T00:00:00,confirmed_date,,not_recorded,,,,,unmatched,,,
7254,Magic Hat Brewing Co/ North American Breweries,South Burlington,VT,,Regional,,2019-04-20T00:00:00,confirmed_date,yes,confirmed_yes,yes,,,,unmatched,,,
7255,Farnham Ale & Lager,South Burlington,VT,,Micro,,2020-02-07T00:00:00,confirmed_date,,not_recorded,,,,,unmatched,,,
7256,Trout River Brewing Co,Springfield,VT,,Micro,,2020-02-07T00:00:00,confirmed_date,,not_recorded,,,,,unmatched,,,
7257,The Alchemist - Stowe,Stowe,VT,,Regional,,2019-06-19T00:00:00,confirmed_date,,not_recorded,,,,,unmatched,,,
7258,Von Trapp Brewing,Stowe,VT,,Micro,,2020-02-07T00:00:00,confirmed_date,,not_recorded,,,,,unmatched,,,
7259,Idletyme Brewing Company,Stowe,VT,,Brewpub,,,not_recorded,,not_recorded,,,,,unmatched,,,
7260,Hired Hand Brewing Co,Vergennes,VT,,Brewpub,,,not_recorded,,not_recorded,,,,,unmatched,,,
7261,Collaborative Brewing LLC,Waitsfield,VT,,Micro,,2020-02-07T00:00:00,confirmed_date,,not_recorded,,,,,unmatched,,,
7262,Cousins Brewing,Waitsfield,VT,,Micro,,2020-02-07T00:00:00,confirmed_date,,not_recorded,,,,,unmatched,,,
7263,Lawson’s Finest Liquids,Waitsfield,VT,,Micro,,2020-02-07T00:00:00,confirmed_date,,not_recorded,,,,,unmatched,,,
7264,Alchemist Cannery,Waterbury,VT,,Regional,,2019-08-29T00:00:00,confirmed_date,,not_recorded,,,,,unmatched,,,
7265,Prohibition Pig,Waterbury,VT,,Brewpub,,2019-11-27T00:00:00,confirmed_date,,not_recorded,,,,,unmatched,,,
7266,Next Trick Brewing LLC,West Burke,VT,,Taproom,,2020-04-11T00:00:00,confirmed_date,,not_recorded,,,,,unmatched,,,
7267,Kickback Brewery,Westford,VT,,Micro,,2020-02-07T00:00:00,confirmed_date,,not_recorded,,,,,unmatched,,,
7268,Backacre Beermakers,Weston,VT,,Micro,,2020-02-07T00:00:00,confirmed_date,,not_recorded,,,,,unmatched,,,
7269,River Roost Brewery,White River Junction,VT,,Taproom,,2020-03-03T00:00:00,confirmed_date,,not_recorded,,,,,unmatched,,,
7270,Burlington Beer Company,Williston,VT,,Micro,,2020-02-07T00:00:00,confirmed_date,,not_recorded,,,,,unmatched,,,
7271,GoodWater Brewery,Williston,VT,,Micro,,2020-02-07T00:00:00,confirmed_date,,not_recorded,,,,,unmatched,,,
7272,Harpoon Brewery - Vermont,Windsor,VT,,Regional,,2019-06-19T00:00:00,confirmed_date,,not_recorded,,,,,unmatched,,,
7273,Four Quarters Brewing Co,Winooski,VT,,Micro,,2019-10-26T00:00:00,confirmed_date,,not_recorded,,,,,unmatched,,,
7274,Hierophant Meadery,Mead,WA,,,,2019-12-08T00:00:00,confirmed_date,,not_recorded,,,,,unmatched,,,
7275,Mount Olympus Brewing,Aberdeen,WA,,Brewpub,,,not_recorded,,not_recorded,,,,,unmatched,,,
7276,Steam Donkey Brewing Co,Aberdeen,WA,,Micro,,,not_recorded,,not_recorded,,,,,unmatched,,,
7277,Anacortes Brewery/Rockfish Grill,Anacortes,WA,,Brewpub,,,not_recorded,,not_recorded,,,,,unmatched,,,
7278,Bastion Brewing Company,Anacortes,WA,,Brewpub,,,not_recorded,,not_recorded,,,,,unmatched,,,
7279,210 Brewing Co,Arlington,WA,,Brewpub,,2020-03-03T00:00:00,confirmed_date,,not_recorded,,,,,unmatched,,,
7280,Skookum Brewery,Arlington,WA,,Micro,,2020-03-03T00:00:00,confirmed_date,,not_recorded,,,,,unmatched,,,
7281,Geaux Brewing LLC,Auburn,WA,,Brewpub,,2020-02-07T00:00:00,confirmed_date,,not_recorded,,,,,unmatched,,,
7282,Hideaway Brewing Co,Auburn,WA,,Micro,,2020-03-03T00:00:00,confirmed_date,,not_recorded,,,,,unmatched,,,
7283,Rock Wood Fired Pizza & Brewery - Auburn,Auburn,WA,,Contract,,2020-03-03T00:00:00,confirmed_date,,not_recorded,,,,,unmatched,,,
7284,Rail Hop’n Brewing Co,Auburn,WA,,Taproom,,,not_recorded,,not_recorded,,,,,unmatched,,,
7285,Scamp Brewing Co,Auburn,WA,,Taproom,,,not_recorded,,not_recorded,,,,,unmatched,,,
7286,Barrel Mountain Brewing,Battle Ground,WA,,Brewpub,,2020-04-11T00:00:00,confirmed_date,,not_recorded,,,,,unmatched,,,
7287,Northwood Public House & Brewery,Battle Ground,WA,,Brewpub,,,not_recorded,,not_recorded,,,,,unmatched,,,
7288,Bent Bine Brew Co. LLC,Belfair,WA,,Taproom,,2020-03-03T00:00:00,confirmed_date,,not_recorded,,,,,unmatched,,,
7289,Resonate Brewery + Pizzeria,Bellevue,WA,,Brewpub,,2020-02-07T00:00:00,confirmed_date,,not_recorded,,,,,unmatched,,,
7290,Bellevue Brewing Co,Bellevue,WA,,Brewpub,,2020-04-11T00:00:00,confirmed_date,,not_recorded,,,,,unmatched,,,
7291,Melvin Brewing Bellingham,Bellingham,WA,,Brewpub,,2019-10-26T00:00:00,confirmed_date,,not_recorded,,,,,unmatched,,,
7292,Boundary Bay Brewery & Bistro,Bellingham,WA,,Brewpub,,2020-02-07T00:00:00,confirmed_date,,not_recorded,,,,,unmatched,,,
7293,Kulshan Brewing Co - K2,Bellingham,WA,,Taproom,,2020-03-03T00:00:00,confirmed_date,,not_recorded,,,,,unmatched,,,
7294,Menace Brewing Co,Bellingham,WA,,Taproom,,2020-03-03T00:00:00,confirmed_date,,not_recorded,,,,,unmatched,,,
7295,Stemma Brewing Company Inc.,Bellingham,WA,,Taproom,,2020-03-03T00:00:00,confirmed_date,,not_recorded,,,,,unmatched,,,
7296,Stones Throw Brewery,Bellingham,WA,,Taproom,,2020-03-03T00:00:00,confirmed_date,,not_recorded,,,,,unmatched,,,
7297,Twin Sisters Brewing Company,Bellingham,WA,,Brewpub,,2020-03-03T00:00:00,confirmed_date,,not_recorded,,,,,unmatched,,,
7298,Aslan Brewing Company,Bellingham,WA,,Micro,,2020-04-11T00:00:00,confirmed_date,,not_recorded,,,,,unmatched,,,
7299,Chuckanut Brewery - North Nut,Bellingham,WA,,Micro,,2020-04-11T00:00:00,confirmed_date,,not_recorded,,,,,unmatched,,,
7300,Kulshan Brewing Co,Bellingham,WA,,Micro,,2020-04-11T00:00:00,confirmed_date,,not_recorded,,,,,unmatched,,,
7301,Wander Brewing,Bellingham,WA,,Taproom,,2020-04-11T00:00:00,confirmed_date,,not_recorded,,,,,unmatched,,,
7302,Gruff brewing,bellingham,WA,,Taproom,,,not_recorded,,not_recorded,,,,,unmatched,,,
7303,Structures Brewing,Bellingham,WA,,Taproom,,,not_recorded,,not_recorded,,,,,unmatched,,,
7304,Foothills Brewing and Beverage Co,Black Diamond,WA,,Micro,,2020-02-07T00:00:00,confirmed_date,,not_recorded,,,,,unmatched,,,
7305,Lumber House Brewing Company,Black Diamond,WA,,Proprietor,,2020-03-03T00:00:00,confirmed_date,,not_recorded,,,,,unmatched,,,
7306,Atwood Ales,Blaine,WA,,Micro,,2020-03-03T00:00:00,confirmed_date,,not_recorded,,,,,unmatched,,,
7307,Foggy Noggin Brewing,Bothell,WA,,Taproom,,2019-11-03T00:00:00,confirmed_date,,not_recorded,,,,,unmatched,,,
7308,Beardslee Public House,Bothell,WA,,Brewpub,,,not_recorded,,not_recorded,,,,,unmatched,,,
7309,Decibel Brewing Co,Bothell,WA,,Taproom,,,not_recorded,,not_recorded,,,,,unmatched,,,
7310,McMenamins Anderson School Brewery,Bothell,WA,,Brewpub,,,not_recorded,,not_recorded,,,,,unmatched,,,
7311,Watts Brewing Company,Bothell,WA,,Micro,,,not_recorded,,not_recorded,,,,,unmatched,,,
7312,Silver City Brewery,Bremerton,WA,,Regional,,2020-02-07T00:00:00,confirmed_date,yes,confirmed_yes,,,,,unmatched,,,
7313,Bad Bulldogs Brewery,Bremerton,WA,,Taproom,,2019-10-22T00:00:00,confirmed_date,,not_recorded,,,,,unmatched,,,
7314,Deep Draft Brewing Company,Bremerton,WA,,Taproom,,2019-11-27T00:00:00,confirmed_date,,not_recorded,,,,,unmatched,,,
7315,Der Blokken Brewery,Bremerton,WA,,Brewpub,,2019-11-27T00:00:00,confirmed_date,,not_recorded,,,,,unmatched,,,
7316,Dog Days Brewing,Bremerton,WA,,Brewpub,,2020-02-07T00:00:00,confirmed_date,,not_recorded,,,,,unmatched,,,
7317,LoveCraft Brewing Co,Bremerton,WA,,Taproom,,2020-03-03T00:00:00,confirmed_date,,not_recorded,,,,,unmatched,,,
7318,"Crane’s Castle Brewing Co, LLC",Bremerton,WA,,Taproom,,,not_recorded,,not_recorded,,,,,unmatched,,,
7319,Farm Shed Wines & Brews,Buckley,WA,,Taproom,,2020-03-03T00:00:00,confirmed_date,,not_recorded,,,,,unmatched,,,
7320,Elk Head Brewing Co,Buckley,WA,,Taproom,,2020-04-11T00:00:00,confirmed_date,,not_recorded,,,,,unmatched,,,
7321,Elliott Bay Brewhouse & Pub - Burien,Burien,WA,,Brewpub,,2020-02-07T00:00:00,confirmed_date,,not_recorded,,,,,unmatched,,,
7322,Garden Path Fermentation,Burlington,WA,,Taproom,,2020-03-03T00:00:00,confirmed_date,,not_recorded,,,,,unmatched,,,
7323,Chuckanut - South Nut,Burlington,WA,,Micro,,2020-04-11T00:00:00,confirmed_date,,not_recorded,,,,,unmatched,,,
7324,Cardinal Craft Brewing Academy/ Skagit Valley College,Burlington,WA,,Taproom,,,not_recorded,,not_recorded,,,,,unmatched,,,
7325,Skagit Valley Malting,Burlington,WA,,Micro,,,not_recorded,,not_recorded,,,,,unmatched,,,
7326,Grains of Wrath Brewing,Camas,WA,,Brewpub,,2020-03-03T00:00:00,confirmed_date,,not_recorded,,,,,unmatched,,,
7327,Mill City Brew Werks,Camas,WA,,Brewpub,,,not_recorded,,not_recorded,,,,,unmatched,,,
7328,Backwoods Brewing Company,Carson,WA,,Micro,,,not_recorded,,not_recorded,,,,,unmatched,,,
7329,Mile Post 111 Brewing,Cashmere,WA,,Brewpub,,2019-11-03T00:00:00,confirmed_date,,not_recorded,,,,,unmatched,,,
7330,Parker’s Steakhouse and Brewery,Castle Rock,WA,,Brewpub,,,not_recorded,,not_recorded,,,,,unmatched,,,
7331,River Mile 38 Brewing Co,Cathlamet,WA,,Taproom,,,not_recorded,,not_recorded,,,,,unmatched,,,
7332,Dicks Brewing Co,Centralia,WA,,Taproom,,2019-06-04T00:00:00,confirmed_date,,not_recorded,,,,,unmatched,,,
7333,McMenamins Olympic Club Brewery,Centralia,WA,,Brewpub,,2020-03-03T00:00:00,confirmed_date,,not_recorded,,,,,unmatched,,,
7334,Jones Creek Brewing,Chehalis,WA,,Taproom,,2020-03-03T00:00:00,confirmed_date,,not_recorded,,,,,unmatched,,,
7335,Stormy Mountain Brewing Company,Chelan,WA,,Brewpub,,2020-02-07T00:00:00,confirmed_date,,not_recorded,,,,,unmatched,,,
7336,Quartzite Brewing Company,Chewelah,WA,,Taproom,,2020-03-03T00:00:00,confirmed_date,,not_recorded,,,,,unmatched,,,
7337,Riverport Brewing Co,Clarkston,WA,,Taproom,,,not_recorded,,not_recorded,,,,,unmatched,,,
7338,Mule & Elk Brewing Co,Cle Elum,WA,,Taproom,,2020-03-03T00:00:00,confirmed_date,,not_recorded,,,,,unmatched,,,
7339,Taneum Creek Brewing,Cle Elum,WA,,Taproom,,2020-03-03T00:00:00,confirmed_date,,not_recorded,,,,,unmatched,,,
7340,Ogres Brewing,Clinton,WA,,Taproom,,2020-04-11T00:00:00,confirmed_date,,not_recorded,,,,,unmatched,,,
7341,Fired Up Brewing,Colville,WA,,Brewpub,,2020-02-07T00:00:00,confirmed_date,,not_recorded,,,,,unmatched,,,
7342,BirdsView Brewing Co,Concrete,WA,,Brewpub,,2020-04-11T00:00:00,confirmed_date,,not_recorded,,,,,exact,birdsview-brewing-co,content/breweries/birdsview-brewing-co.md,
7343,Cowiche Creek Brewing Company,Cowiche,WA,,Micro,,2020-02-07T00:00:00,confirmed_date,,not_recorded,,,,,unmatched,,,
7344,River Time Brewing,Darrington,WA,,Brewpub,,2020-02-07T00:00:00,confirmed_date,,not_recorded,,,,,unmatched,,,
7345,Chief Spring’s Fire and Irons Brew Pub,Dayton,WA,,Brewpub,,2020-02-07T00:00:00,confirmed_date,,not_recorded,,,,,unmatched,,,
7346,Masters Brewhouse,Deer Park,WA,,Brewpub,,2020-03-03T00:00:00,confirmed_date,,not_recorded,,,,,unmatched,,,
7347,North Fork Brewing Co,Deming,WA,,Brewpub,,,not_recorded,,not_recorded,,,,,unmatched,,,
7348,Forward Operating Base Brewing Company / FOB Brewing,Dupont,WA,,Taproom,,2020-04-11T00:00:00,confirmed_date,,not_recorded,,,,,unmatched,,,
7349,Valley House Brewing,Duvall,WA,,Brewpub,,2020-04-11T00:00:00,confirmed_date,,not_recorded,,,,,unmatched,,,
7350,Island Hoppin’ Brewery,Eastsound,WA,,Micro,,2020-03-03T00:00:00,confirmed_date,,not_recorded,,,,,unmatched,,,
7351,Acorn Brewing,edgewood,WA,,Brewpub,,2019-08-29T00:00:00,confirmed_date,,not_recorded,,,,,unmatched,,,
7352,Salish Sea Brewing Company,Edmonds,WA,,Brewpub,,2020-02-07T00:00:00,confirmed_date,,not_recorded,,,,,unmatched,,,
7353,Gallaghers’ Where U Brew,Edmonds,WA,,Taproom,,2020-04-11T00:00:00,confirmed_date,,not_recorded,,,,,unmatched,,,
7354,American Brewing Company,Edmonds,WA,,Micro,,,not_recorded,,not_recorded,,,,,unmatched,,,
7355,Iron Horse Brewery,Ellensburg,WA,,Regional,,2020-02-07T00:00:00,confirmed_date,,not_recorded,,,,,unmatched,,,
7356,Whipsaw Brewing LLC,Ellensburg,WA,,Micro,,,not_recorded,,not_recorded,,,,,unmatched,,,
7357,Headworks Brewing,Enumclaw,WA,,Taproom,,2020-03-03T00:00:00,confirmed_date,,not_recorded,,,,,unmatched,,,
7358,Cole Street Brewery,Enumclaw,WA,,Taproom,,2020-04-11T00:00:00,confirmed_date,,not_recorded,,,,,unmatched,,,
7359,Crucible Brewing Company,Everett,WA,,Taproom,,2019-11-27T00:00:00,confirmed_date,,not_recorded,,,,,unmatched,,,
7360,Lazy Boy Brewing,Everett,WA,,Micro,,2020-03-03T00:00:00,confirmed_date,,not_recorded,,,,,unmatched,,,
7361,Middleton Brewing  Co,Everett,WA,,Brewpub,,2020-03-03T00:00:00,confirmed_date,,not_recorded,,,,,unmatched,,,
7362,Scuttlebutt Brewing Co,Everett,WA,,Micro,,2020-04-11T00:00:00,confirmed_date,,not_recorded,,,,,unmatched,,,
7363,At Large Brewing,Everett,WA,,Brewpub,,,not_recorded,,not_recorded,,,,,unmatched,,,
7364,Lost Bear Brews,Everett,WA,,Micro,,,not_recorded,,not_recorded,,,,,unmatched,,,
7365,FrinGe Brewing,Ferndale,WA,,Taproom,,,not_recorded,,not_recorded,,,,,unmatched,,,
7366,San Juan Island Brewing Company,Friday Harbor,WA,,Brewpub,,2020-02-07T00:00:00,confirmed_date,,not_recorded,,,,,unmatched,,,
7367,Friday Harbor Brewing,Friday Harbor,WA,,Taproom,,2020-04-11T00:00:00,confirmed_date,,not_recorded,,,,,unmatched,,,
7368,Fox Island Brewing,Gig Harbor,WA,,Taproom,,2020-03-03T00:00:00,confirmed_date,,not_recorded,,,,,unmatched,,,
7369,7 Seas Brewing Co,Gig Harbor,WA,,Micro,,,not_recorded,,not_recorded,,,,,unmatched,,,
7370,Wet Coast Brewing Co.,Gig Harbor,WA,,Taproom,,,not_recorded,,not_recorded,,,,,unmatched,,,
7371,Dwinell Country Ales,Goldendale,WA,,Taproom,,,not_recorded,,not_recorded,,,,,unmatched,,,
7372,Hoquiam Brewing Company,Hoquiam,WA,,Brewpub,,,not_recorded,,not_recorded,,,,,unmatched,,,
7373,Rogue Ales Issaquah Brewhouse,Issaquah,WA,,Brewpub,,2020-02-07T00:00:00,confirmed_date,,not_recorded,,,,,unmatched,,,
7374,Manfish Brewing,Issaquah,WA,,Micro,,2020-03-03T00:00:00,confirmed_date,,not_recorded,,,,,unmatched,,,
7375,McMenamins Kalama Harbor Lodge Brewery,Kalama,WA,,Brewpub,,2020-04-11T00:00:00,confirmed_date,,not_recorded,,,,,unmatched,,,
7376,Explorer Brewing Company,Kelso,WA,,Taproom,,,not_recorded,,not_recorded,,,,,unmatched,,,
7377,192 Brewing,Kenmore,WA,,Taproom,,2020-03-03T00:00:00,confirmed_date,yes,confirmed_yes,,,,,unmatched,,,
7378,Cairn Brewing,Kenmore,WA,,Taproom,,2019-11-27T00:00:00,confirmed_date,,not_recorded,,,,,unmatched,,,
7379,Nine Yards Brewing,Kenmore,WA,,Brewpub,,2020-04-11T00:00:00,confirmed_date,,not_recorded,,,,,unmatched,,,
7380,Ice Harbor Brewing Co,Kennewick,WA,,Brewpub,,,not_recorded,,not_recorded,,,,,unmatched,,,
7381,Airways Brewing Co,Kent,WA,,Taproom,,2019-08-29T00:00:00,confirmed_date,,not_recorded,,,,,unmatched,,,
7382,Four Horsemen Brewery,Kent,WA,,Taproom,,,not_recorded,,not_recorded,,,,,unmatched,,,
7383,Northern Ales,Kettle Falls,WA,,Brewpub,,2020-03-03T00:00:00,confirmed_date,,not_recorded,,,,,unmatched,,,
7384,Downpour Brewing LLC,Kingston,WA,,Taproom,,2020-03-03T00:00:00,confirmed_date,,not_recorded,,,,,unmatched,,,
7385,Hood Canal Brewery,Kingston,WA,,Brewpub,,,not_recorded,,not_recorded,,,,,unmatched,,,
7386,Flycaster Brewing Co.,Kirkland,WA,,Taproom,,2020-03-03T00:00:00,confirmed_date,,not_recorded,,,,,unmatched,,,
7387,Maelstrom Brewing Company,Kirkland,WA,,Taproom,,2020-03-03T00:00:00,confirmed_date,,not_recorded,,,,,unmatched,,,
7388,Chainline Brewing Company,Kirkland,WA,,Taproom,,,not_recorded,,not_recorded,,,,,unmatched,,,
7389,La Conner Brewing Co,La Conner,WA,,Brewpub,,2020-03-03T00:00:00,confirmed_date,,not_recorded,,,,,unmatched,,,
7390,Top Rung Brewing Company,Lacey,WA,,Taproom,,2020-04-11T00:00:00,confirmed_date,,not_recorded,,,,,unmatched,,,
7391,Lake Stevens Brewing Company,Lake Stevens,WA,,Taproom,,2020-03-03T00:00:00,confirmed_date,,not_recorded,,,,,unmatched,,,
7392,BrewBakers Brewery,Lake Stevens,WA,,Taproom,,,not_recorded,,not_recorded,,,,,unmatched,,,
7393,Task Force Brewing,Lakewood,WA,,Proprietor,,2020-03-03T00:00:00,confirmed_date,,not_recorded,,,,,unmatched,,,
7394,RAM Restaurant and Brewery - Lakewood,Lakewood,WA,,Brewpub,,,not_recorded,,not_recorded,,,,,unmatched,,,
7395,Double Bluff Brewing,Langley,WA,,Taproom,,,not_recorded,,not_recorded,,,,,unmatched,,,
7396,Blewett Brewing Company,Leavenworth,WA,,Brewpub,,2020-02-07T00:00:00,confirmed_date,,not_recorded,,,,,unmatched,,,
7397,Doghaus Brewery,Leavenworth,WA,,Taproom,,,not_recorded,,not_recorded,,,,,unmatched,,,
7398,Icicle Brewing Co,Leavenworth,WA,,Micro,,,not_recorded,,not_recorded,,,,,unmatched,,,
7399,Icicle Brewing Company - Production,Leavenworth,WA,,Micro,,,not_recorded,,not_recorded,,,,,unmatched,,,
7400,The Hidden Mother Brewery,Liberty Lake,WA,,Micro,,2019-06-04T00:00:00,confirmed_date,,not_recorded,,,,,unmatched,,,
7401,Five Dons Brewing Co,Longview,WA,,Micro,,2020-02-07T00:00:00,confirmed_date,,not_recorded,,,,,unmatched,,,
7402,Ashtown Brewing Co,Longview,WA,,Taproom,,2020-03-03T00:00:00,confirmed_date,,not_recorded,,,,,unmatched,,,
7403,Lopez Island Brewing Co,Lopez Island,WA,,Micro,,2020-04-11T00:00:00,confirmed_date,,not_recorded,,,,,unmatched,,,
7404,Ellersick Brewing/ Big E Ales,Lynnwood,WA,,Brewpub,,2020-02-07T00:00:00,confirmed_date,,not_recorded,,,,,unmatched,,,
7405,Rock Wood Fired Pizza and Brewery - Lynnwood,Lynnwood,WA,,Contract,,2020-03-03T00:00:00,confirmed_date,,not_recorded,,,,,unmatched,,,
7406,Vessel Ales & Taphouse,Lynwood,WA,,Brewpub,,,not_recorded,,not_recorded,,,,,unmatched,,,
7407,Lake Chelan Brewing Co,Manson,WA,,Brewpub,,,not_recorded,,not_recorded,,,,,unmatched,,,
7408,One Brewing / Harmony Meadows Center,Manson,WA,,Taproom,,,not_recorded,,not_recorded,,,,,unmatched,,,
7409,5 Rights Brewing Co,Marysville,WA,,Micro,,2020-04-11T00:00:00,confirmed_date,,not_recorded,,,,,unmatched,,,
7410,Swinnerton Brewery,Marysville,WA,,Taproom,,,not_recorded,,not_recorded,,,,,unmatched,,,
7411,Whitewall Brewing Company,Marysville,WA,,Taproom,,,not_recorded,,not_recorded,,,,,unmatched,,,
7412,238 Brewing Company,Mead,WA,,Taproom,,2020-03-03T00:00:00,confirmed_date,,not_recorded,,,,,unmatched,,,
7413,Big Barn Brewing Co / Bodacious Berries Fruits and Brews,Mead,WA,,Taproom,,,not_recorded,,not_recorded,,,,,unmatched,,,
7414,McMenamins Mill Creek Brewery,Mill Creek,WA,,Brewpub,,2020-04-11T00:00:00,confirmed_date,,not_recorded,,,,,unmatched,,,
7415,Adam’s Northwest Bistro / Twin Rivers Brewing,Monroe,WA,,Brewpub,,2019-08-29T00:00:00,confirmed_date,,not_recorded,,,,,unmatched,,,
7416,Dreadnought Brewing LLC,Monroe,WA,,Brewpub,,2020-02-07T00:00:00,confirmed_date,,not_recorded,,,,,unmatched,,,
7417,Ten Pin Brewing Co,Moses Lake,WA,,Brewpub,,2020-02-07T00:00:00,confirmed_date,,not_recorded,,,,,unmatched,,,
7418,Ten Pin Brewing - Production Facility,Moses Lake,WA,,Micro,,2020-03-03T00:00:00,confirmed_date,,not_recorded,,,,,unmatched,,,
7419,Squirrel Fight Artisan Brewing,Moses Lake,WA,,Taproom,,,not_recorded,,not_recorded,,,,,unmatched,,,
7420,Skagit River Brewery,Mount Vernon,WA,,Brewpub,,2020-02-07T00:00:00,confirmed_date,,not_recorded,,,,,unmatched,,,
7421,North Sound Brewing Co.,Mount Vernon,WA,,Taproom,,2020-04-11T00:00:00,confirmed_date,,not_recorded,,,,,unmatched,,,
7422,Farmstrong Brewing Co,Mount Vernon,WA,,Taproom,,,not_recorded,,not_recorded,,,,,unmatched,,,
7423,Diamond Knot Craft Brewery -  Brewpub @ MLT,Mountlake Terrace,WA,,Brewpub,,2020-02-07T00:00:00,confirmed_date,,not_recorded,,,,,unmatched,,,
7424,Hemlock State Brewing Company,Mountlake Terrace,WA,,Taproom,,2020-03-03T00:00:00,confirmed_date,,not_recorded,,,,,unmatched,,,
7425,Diamond Knot Brewery B2 Brewery & Taproom,Mukilteo,WA,,Micro,,2020-02-07T00:00:00,confirmed_date,,not_recorded,,,,,unmatched,,,
7426,Diamond Knot Craft Brewing - Brewery & Alehouse,Mukilteo,WA,,Brewpub,,2020-02-07T00:00:00,confirmed_date,,not_recorded,,,,,unmatched,,,
7427,Bron Yr Aur Brewing,Naches,WA,,Brewpub,,2020-02-07T00:00:00,confirmed_date,,not_recorded,,,,,unmatched,,,
7428,Top Frog Brewery,Newport,WA,,Taproom,,2020-03-03T00:00:00,confirmed_date,,not_recorded,,,,,unmatched,,,
7429,Flyers Restaurant and Brewery,Oak Harbor,WA,,Brewpub,,2020-02-07T00:00:00,confirmed_date,,not_recorded,,,,,unmatched,,,
7430,Wicked Teuton Brewing,Oak Harbor,WA,,Taproom,,,not_recorded,,not_recorded,,,,,unmatched,,,
7431,Rocky Coulee Brewing,Odessa,WA,,Micro,,,not_recorded,,not_recorded,,,,,unmatched,,,
7432,Well 80 Brewing Company,Olympia,WA,,Brewpub,,2019-06-04T00:00:00,confirmed_date,,not_recorded,,,,,unmatched,,,
7433,Fish Brewing Co,Olympia,WA,,Micro,,2020-02-07T00:00:00,confirmed_date,,not_recorded,,,,,unmatched,,,
7434,Three Magnets Brewing,Olympia,WA,,Brewpub,,2020-02-07T00:00:00,confirmed_date,,not_recorded,,,,,unmatched,,,
7435,Headless Mumby Brewing Co.,Olympia,WA,,Taproom,,2020-03-03T00:00:00,confirmed_date,,not_recorded,,,,,exact,headless-mumby-brewing-co,content/breweries/headless-mumby-brewing-co.md,
7436,McMenamins Spar Cafe Brewery,Olympia,WA,,Brewpub,,,not_recorded,,not_recorded,,,,,unmatched,,,
7437,Singing Hops Brewing Company,Olympia,WA,,Micro,,,not_recorded,,not_recorded,,,,,unmatched,,,
7438,Alpine Brewing Co,Oroville,WA,,Taproom,,2020-03-03T00:00:00,confirmed_date,,not_recorded,,,,,unmatched,,,
7439,Pastime Brewery Bar and Grill,Oroville,WA,,Brewpub,,,not_recorded,,not_recorded,,,,,unmatched,,,
7440,Packwood Brewing Co,Packwood,WA,,Brewpub,,2020-04-11T00:00:00,confirmed_date,,not_recorded,,,,,unmatched,,,
7441,Dungeness Brewing Company,Port Angeles,WA,,Micro,,2020-02-07T00:00:00,confirmed_date,,not_recorded,,,,,unmatched,,,
7442,Barhop Brewing,Port Angeles,WA,,Brewpub,,,not_recorded,,not_recorded,,,,,unmatched,,,
7443,Barhop Brewing - Production Facility,Port Angeles,WA,,Micro,,,not_recorded,,not_recorded,,,,,unmatched,,,
7444,Slaughter County Brewing,Port Orchard,WA,,Brewpub,,2020-02-07T00:00:00,confirmed_date,,not_recorded,,,,,unmatched,,,
7445,Port Townsend Brewing Co,Port Townsend,WA,,Micro,,2020-03-03T00:00:00,confirmed_date,,not_recorded,,,,,unmatched,,,
7446,Discovery Bay Brewing,Port Townsend,WA,,Taproom,,2020-04-11T00:00:00,confirmed_date,,not_recorded,,,,,unmatched,,,
7447,Propolis Brewing LLC,Port Townsend,WA,,Micro,,,not_recorded,,not_recorded,,,,,unmatched,,,
7448,Slippery Pig Brewery,Poulsbo,WA,,Brewpub,,2020-02-07T00:00:00,confirmed_date,,not_recorded,,,,,unmatched,,,
7449,Western Red Brewing,Poulsbo,WA,,Brewpub,,2020-04-11T00:00:00,confirmed_date,,not_recorded,,,,,unmatched,,,
7450,Rainy Daze Brewing,Poulsbo,WA,,Micro,,,not_recorded,,not_recorded,,,,,unmatched,,,
7451,Valholl Brewing Company,Poulsbo,WA,,Taproom,,,not_recorded,,not_recorded,,,,,unmatched,,,
7452,Horse Heaven Hills Brewery,Prosser,WA,,Taproom,,2020-03-03T00:00:00,confirmed_date,,not_recorded,,,,,unmatched,,,
7453,Paradise Creek Brewery,Pullman,WA,,Brewpub,,2020-03-03T00:00:00,confirmed_date,,not_recorded,,,,,unmatched,,,
7454,Off Camber Brewing,Puyallup,WA,,Taproom,,,not_recorded,,not_recorded,,,,,unmatched,,,
7455,Powerhouse Restaurant and Brewery,Puyallup,WA,,Brewpub,,,not_recorded,,not_recorded,,,,,unmatched,,,
7456,RAM Restaurant and Brewery - Puyallup South Hill,Puyallup,WA,,Brewpub,,,not_recorded,,not_recorded,,,,,unmatched,,,
7457,The Station U Brew,Puyallup,WA,,Taproom,,,not_recorded,,not_recorded,,,,,unmatched,,,
7458,101 Brewery,Quilcene,WA,,Brewpub,,,not_recorded,,not_recorded,,,,,unmatched,,,
7459,Wild Man Brewing Company,Raymond,WA,,Brewpub,,2020-03-03T00:00:00,confirmed_date,,not_recorded,,,,,unmatched,,,
7460,Mac and Jacks Brewery Inc,Redmond,WA,,Regional,,2020-02-07T00:00:00,confirmed_date,,not_recorded,,,,,unmatched,,,
7461,Black Raven Brewing Co,Redmond,WA,,Micro,,2020-03-03T00:00:00,confirmed_date,,not_recorded,,,,,unmatched,,,
7462,Big Block Brewing,Redmond,WA,,Taproom,,,not_recorded,,not_recorded,,,,,unmatched,,,
7463,Bushnell Craft Brewing Company,Redmond,WA,,Micro,,,not_recorded,,not_recorded,,,,,unmatched,,,
7464,Postdoc Brewing Company,Redmond,WA,,Taproom,,,not_recorded,,not_recorded,,,,,unmatched,,,
7465,Dog & Pony Alehouse and Grill,Renton,WA,,Contract,,2020-03-03T00:00:00,confirmed_date,,not_recorded,,,,,unmatched,,,
7466,Dubtown Brewing Company,Renton,WA,,Taproom,,,not_recorded,,not_recorded,,,,,unmatched,,,
7467,Four Generals Brewing,Renton,WA,,Taproom,,,not_recorded,,not_recorded,,,,,unmatched,,,
7468,Republic Brewing Co,Republic,WA,,Brewpub,,2020-02-07T00:00:00,confirmed_date,,not_recorded,,,,,unmatched,,,
7469,Bombing Range Brewing Company,Richland,WA,,Brewpub,,2020-02-07T00:00:00,confirmed_date,,not_recorded,,,,,unmatched,,,
7470,Rattlesnake Mountain Brewery / Kimo’s Restaurant,Richland,WA,,Brewpub,,2020-02-07T00:00:00,confirmed_date,,not_recorded,,,,,unmatched,,,
7471,Atomic Ale Brewpub and Eatery,Richland,WA,,Brewpub,,2020-03-03T00:00:00,confirmed_date,,not_recorded,,,,,unmatched,,,
7472,White Bluffs Brewing,Richland,WA,,Taproom,,2020-03-03T00:00:00,confirmed_date,,not_recorded,,,,,unmatched,,,
7474,Roslyn Brewing Co,Roslyn,WA,,Taproom,,2020-03-03T00:00:00,confirmed_date,,not_recorded,,,,,unmatched,,,
7475,Big Block Brewing,Sammamish,WA,,Micro,,2019-04-29T00:00:00,confirmed_date,,not_recorded,,,,,unmatched,,,
7476,Two Beers Brewing Co,Seattle,WA,,Micro,,2019-04-26T00:00:00,confirmed_date,yes,confirmed_yes,yes,https://www.twobeersbrewery.com/landing/,https://www.instagram.com/twobeersbrewing/,https://twitter.com/TwoBeersBrewing,exact,two-beers-brewing-co,content/breweries/two-beers-brewing-co.md,
7477,Flying Lion Brewing,Seattle,WA,,Taproom,,2019-11-13T00:00:00,confirmed_date,yes,confirmed_yes,yes,,,,unmatched,,,
7478,OOLA Distillery,Seattle,WA,,Distillery,,yes,confirmed_yes,yes,confirmed_yes,yes,https://www.ooladistillery.com/,http://instagram.com/ooladistillery,https://twitter.com/ooladistillery,unmatched,,,
7479,Ghostfish Brewing Company,Seattle,WA,,Micro,,2019-04-26T00:00:00,confirmed_date,,not_recorded,,,,,unmatched,,,
7480,Machine House Brewery,Seattle,WA,,Taproom,,2019-04-26T00:00:00,confirmed_date,,not_recorded,,,,,unmatched,,,
7481,Rooftop Brewing Co,Seattle,WA,,Micro,,2019-04-26T00:00:00,confirmed_date,,not_recorded,,,,,unmatched,,,
7482,Elysian Brewing Co,Seattle,WA,,Largge,,2019-04-27T00:00:00,confirmed_date,,not_recorded,,,,,unmatched,,,
7483,Holy Mountain Brewing Co,Seattle,WA,,Taproom,,2019-04-27T00:00:00,confirmed_date,,not_recorded,,,,,unmatched,,,
7484,Pike Brewing Co,Seattle,WA,,Micro,,2019-04-27T00:00:00,confirmed_date,,not_recorded,,,,,unmatched,,,
7485,Stoup Brewing,Seattle,WA,,Micro,,2019-04-29T00:00:00,confirmed_date,,not_recorded,,,,,unmatched,,,
7486,Cloudburst Brewing,Seattle,WA,,Micro,,2019-11-27T00:00:00,confirmed_date,,not_recorded,,,,,unmatched,,,
7487,Fremont Brewing Co,Seattle,WA,,Regional,,2019-11-27T00:00:00,confirmed_date,,not_recorded,,,,,unmatched,,,
7488,Fremont Brewing Co- West,Seattle,WA,,Micro,,2019-11-27T00:00:00,confirmed_date,,not_recorded,,,,,unmatched,,,
7489,Elliott Bay Brewery and Pub - West Seattle,Seattle,WA,,Brewpub,,2020-02-07T00:00:00,confirmed_date,,not_recorded,,,,,unmatched,,,
7490,Elliott Bay Public House & Brewery - Lake City,Seattle,WA,,Brewpub,,2020-02-07T00:00:00,confirmed_date,,not_recorded,,,,,unmatched,,,
7491,Floodland Brewing,Seattle,WA,,Micro,,2020-02-07T00:00:00,confirmed_date,,not_recorded,,,,,unmatched,,,
7492,RAM Restaurant and Brewery- Northgate,Seattle,WA,,Brewpub,,2020-02-07T00:00:00,confirmed_date,,not_recorded,,,,,unmatched,,,
7493,Redhook Brewery,Seattle,WA,,Regional,,2020-02-07T00:00:00,confirmed_date,,not_recorded,,,,,unmatched,,,
7494,Standard Brewing,Seattle,WA,,Brewpub,,2020-02-07T00:00:00,confirmed_date,,not_recorded,,,,,unmatched,,,
7495,Bad Jimmy’s Brewing Co,Seattle,WA,,Taproom,,2020-03-03T00:00:00,confirmed_date,,not_recorded,,,,,unmatched,,,
7496,Bainbridge Island Brewing,Seattle,WA,,Taproom,,2020-03-03T00:00:00,confirmed_date,,not_recorded,,,,,unmatched,,,
7497,Burke-Gilman Brewing,Seattle,WA,,Taproom,,2020-03-03T00:00:00,confirmed_date,,not_recorded,,,,,unmatched,,,
7498,Counterbalance Brewing Company,Seattle,WA,,Taproom,,2020-03-03T00:00:00,confirmed_date,,not_recorded,,,,,unmatched,,,
7499,Dirty Couch Brewing,SEATTLE,WA,,Proprietor,,2020-03-03T00:00:00,confirmed_date,,not_recorded,,,,,unmatched,,,
7500,Elysian Brewing Co,Seattle,WA,,Largge,,2020-03-03T00:00:00,confirmed_date,,not_recorded,,,,,unmatched,,,
7501,Elysian Brewing Co - Elysian Fields,Seattle,WA,,Largge,,2020-03-03T00:00:00,confirmed_date,,not_recorded,,,,,unmatched,,,
7502,Figurehead Brewing Company,Seattle,WA,,Taproom,,2020-03-03T00:00:00,confirmed_date,,not_recorded,,,,,unmatched,,,
7503,Georgetown Brewing Co,Seattle,WA,,Regional,,2020-03-03T00:00:00,confirmed_date,,not_recorded,,,,,unmatched,,,
7504,Lantern Brewing,Seattle,WA,,Taproom,,2020-03-03T00:00:00,confirmed_date,,not_recorded,,,,,unmatched,,,
7505,Lowercase Brewing - Production Facility,Seattle,WA,,Taproom,,2020-03-03T00:00:00,confirmed_date,,not_recorded,,,,,unmatched,,,
7506,Lucky Envelope Brewing,Seattle,WA,,Taproom,,2020-03-03T00:00:00,confirmed_date,,not_recorded,,,,,unmatched,,,
7507,Northwest Peaks Brewery,Seattle,WA,,Taproom,,2020-03-03T00:00:00,confirmed_date,,not_recorded,,,,,unmatched,,,
7508,Seapine Brewing Company,Seattle,WA,,Micro,,2020-03-03T00:00:00,confirmed_date,,not_recorded,,,,,unmatched,,,
7509,Snapshot Brewing,Seattle,WA,,Taproom,,2020-03-03T00:00:00,confirmed_date,,not_recorded,,,,,unmatched,,,
7510,Tin Dog Brewing,Seattle,WA,,Taproom,,2020-03-03T00:00:00,confirmed_date,,not_recorded,,,,,unmatched,,,
7511,Big Time Brewery,Seattle,WA,,Brewpub,,2020-04-11T00:00:00,confirmed_date,,not_recorded,,,,,unmatched,,,
7512,Floating Bridge Brewing,Seattle,WA,,Taproom,,2020-04-11T00:00:00,confirmed_date,,not_recorded,,,,,unmatched,,,
7513,McMenamins Queen Anne Brewery,Seattle,WA,,Micro,,2020-04-11T00:00:00,confirmed_date,,not_recorded,,,,,unmatched,,,
7514,Outer Planet Craft Brewing,Seattle,WA,,Taproom,,2020-04-11T00:00:00,confirmed_date,,not_recorded,,,,,unmatched,,,
7515,Peddler Brewing,Seattle,WA,,Taproom,,2020-04-11T00:00:00,confirmed_date,,not_recorded,,,,,unmatched,,,
7516,Pyramid Breweries / North American Breweries,Seattle,WA,,Brewpub,,2020-04-11T00:00:00,confirmed_date,,not_recorded,,,,,unmatched,,,
7517,RAM Restaurant and Brewery - Seattle,Seattle,WA,,Brewpub,,2020-04-11T00:00:00,confirmed_date,,not_recorded,,,,,unmatched,,,
7518,Ravenna Brewing Company,Seattle,WA,,Taproom,,2020-04-11T00:00:00,confirmed_date,,not_recorded,,,,,unmatched,,,
7519,Schooner Exact Brewing Co,Seattle,WA,,Micro,,2020-04-11T00:00:00,confirmed_date,,not_recorded,,,,,unmatched,,,
7520,Triple R Brewing,Seattle,WA,,Taproom,,2020-04-11T00:00:00,confirmed_date,,not_recorded,,,,,unmatched,,,
7521,Lagunitas Seattle Taproom and Beer Sanctuary,Seattle,WA,,Brewpub,,12/20.2019,date_needs_review,,not_recorded,,,,,unmatched,,,
7522,Reuben’s Brews,Seattle,WA,,Micro,,12/20.2019,date_needs_review,,not_recorded,,,,,unmatched,,,
7523,Reuben’s Brews,Seattle,WA,,Micro,,12/20.2019,date_needs_review,,not_recorded,,,,,unmatched,,,
7524,Reuben’s Brews Taproom,Seattle,WA,,Micro,,12/20.2019,date_needs_review,,not_recorded,,,,,unmatched,,,
7525,Bluebird Microcreamery and Brewery,Seattle,WA,,Taproom,,,not_recorded,,not_recorded,,,,,unmatched,,,
7526,Flying Bike Cooperative Brewery,Seattle,WA,,Taproom,,,not_recorded,,not_recorded,,,,,unmatched,,,
7527,Future Primitive Brewing Company,Seattle,WA,,Micro,,,not_recorded,,not_recorded,,,,,unmatched,,,
7528,Hale’s Ales Brewery and Pub,Seattle,WA,,Micro,,,not_recorded,,not_recorded,,,,,unmatched,,,
7529,Hellbent Brewing Company,Seattle,WA,,Micro,,,not_recorded,,not_recorded,,,,,unmatched,,,
7530,Jellyfish Brewing Company,Seattle,WA,,Micro,,,not_recorded,,not_recorded,,,,,unmatched,,,
7531,Magnuson Cafe and Brewery,Seattle,WA,,Brewpub,,,not_recorded,,not_recorded,,,,,unmatched,,,
7532,Maritime Pacific Brewing Co,Seattle,WA,,Micro,,,not_recorded,,not_recorded,,,,,unmatched,,,
7533,Obec Brewing,Seattle,WA,,Taproom,,,not_recorded,,not_recorded,,,,,unmatched,,,
7534,Old Stove Brewing Company,Seattle,WA,,Brewpub,,,not_recorded,,not_recorded,,,,,unmatched,,,
7535,Optimism Brewing Company,Seattle,WA,,Taproom,,,not_recorded,,not_recorded,,,,,unmatched,,,
7536,Outlander Brewery & Pub,Seattle,WA,,Brewpub,,,not_recorded,,not_recorded,,,,,unmatched,,,
7537,Perihelion Brewery,Seattle,WA,,Brewpub,,,not_recorded,,not_recorded,,,,,unmatched,,,
7538,Populuxe Brewing,Seattle,WA,,Taproom,,,not_recorded,,not_recorded,,,,,unmatched,,,
7539,The Best Of Hands Barrelhouse,Seattle,WA,,Taproom,,,not_recorded,,not_recorded,,,,,unmatched,,,
7540,Urban Family Brewing,Seattle,WA,,Taproom,,,not_recorded,,not_recorded,,,,,unmatched,,,
7541,West Seattle Brewing Co,Seattle,WA,,Taproom,,,not_recorded,,not_recorded,,,,,unmatched,,,
7542,North Jetty Brewing,Seaview,WA,,Taproom,,2020-03-03T00:00:00,confirmed_date,,not_recorded,,,,,unmatched,,,
7543,Fathom & League Hop Yard Brewery,Sequim,WA,,Micro,,2020-02-07T00:00:00,confirmed_date,,not_recorded,,,,,unmatched,,,
7544,Keyhole Valley Brewing,Shelton,WA,,Taproom,,2020-03-03T00:00:00,confirmed_date,,not_recorded,,,,,unmatched,,,
7545,Monka Brewing Company,Shoreline,WA,,Taproom,,2020-03-03T00:00:00,confirmed_date,,not_recorded,,,,,unmatched,,,
7546,Cash Brewing Company,Silverdale,WA,,Brewpub,,2020-02-07T00:00:00,confirmed_date,,not_recorded,,,,,unmatched,,,
7547,Sound To Summit,Snohomish,WA,,Brewpub,,2020-02-07T00:00:00,confirmed_date,,not_recorded,,,,,unmatched,,,
7548,Haywire Brewing Company,Snohomish,WA,,Taproom,,2020-03-03T00:00:00,confirmed_date,,not_recorded,,,,,unmatched,,,
7549,Lost Canoe Brewing Co,Snohomish,WA,,Taproom,,2020-03-03T00:00:00,confirmed_date,,not_recorded,,,,,unmatched,,,
7550,Old Man Brewing,Snohomish,WA,,Taproom,,2020-03-03T00:00:00,confirmed_date,,not_recorded,,,,,unmatched,,,
7551,Scrappy Punk Brewing,Snohomish,WA,,Taproom,,,not_recorded,,not_recorded,,,,,unmatched,,,
7552,SnoTown Brewery,Snohomish,WA,,Taproom,,,not_recorded,,not_recorded,,,,,unmatched,,,
7553,Three Bull Brewing Co,Snohomish,WA,,Micro,,,not_recorded,,not_recorded,,,,,unmatched,,,
7554,No Boat Brewing Company,Snoqualmie,WA,,Taproom,,2020-02-01T00:00:00,confirmed_date,,not_recorded,,,,,unmatched,,,
7555,Snoqualmie Falls Brewing Co,Snoqualmie,WA,,Taproom,,2020-04-11T00:00:00,confirmed_date,,not_recorded,,,,,unmatched,,,
7556,Dru Bru,Snoqualmie Pass,WA,,Micro,,2020-02-07T00:00:00,confirmed_date,,not_recorded,,,,,unmatched,,,
7557,Precious Things Fermentation Project,Spokane,WA,,Taproom,,2019-06-04T00:00:00,confirmed_date,yes,confirmed_yes,yes,,,,unmatched,,,
7558,Black Label Brewing Company,Spokane,WA,,Brewpub,,2019-11-27T00:00:00,confirmed_date,,not_recorded,,,,,unmatched,,,
7559,Iron Goat Brewing,Spokane,WA,,Taproom,,2020-02-01T00:00:00,confirmed_date,,not_recorded,,,,,unmatched,,,
7560,English Setter Brewing Company,Spokane,WA,,Brewpub,,2020-02-07T00:00:00,confirmed_date,,not_recorded,,,,,unmatched,,,
7561,For the Love of God Brewing,Spokane,WA,,Brewpub,,2020-02-07T00:00:00,confirmed_date,,not_recorded,,,,,unmatched,,,
7562,Four Eyed Guys Brewing,Spokane,WA,,Micro,,2020-02-07T00:00:00,confirmed_date,,not_recorded,,,,,unmatched,,,
7563,Steam Plant Grill,Spokane,WA,,Brewpub,,2020-02-07T00:00:00,confirmed_date,,not_recorded,,,,,unmatched,,,
7564,The Grain Shed,Spokane,WA,,Brewpub,,2020-02-07T00:00:00,confirmed_date,,not_recorded,,,,,unmatched,,,
7565,Bardic Brewing,Spokane,WA,,Taproom,,2020-03-03T00:00:00,confirmed_date,,not_recorded,,,,,unmatched,,,
7566,Bellwether Brewing Co,Spokane,WA,,Taproom,,2020-03-03T00:00:00,confirmed_date,,not_recorded,,,,,unmatched,,,
7567,Bennidito’s Brewpub,Spokane,WA,,Brewpub,,2020-03-03T00:00:00,confirmed_date,,not_recorded,,,,,unmatched,,,
7568,Hopped Up Brewing Company,Spokane,WA,,Taproom,,2020-03-03T00:00:00,confirmed_date,,not_recorded,,,,,unmatched,,,
7569,Humble Abode Brewing,Spokane,WA,,Taproom,,2020-03-03T00:00:00,confirmed_date,,not_recorded,,,,,unmatched,,,
7570,Millwood Brewing Company,Spokane,WA,,Taproom,,2020-03-03T00:00:00,confirmed_date,,not_recorded,,,,,unmatched,,,
7571,No Drought Brewing Co.,Spokane,WA,,Micro,,2020-03-03T00:00:00,confirmed_date,,not_recorded,,,,,unmatched,,,
7572,Perry Street Brewing Co.,Spokane,WA,,Brewpub,,2020-03-03T00:00:00,confirmed_date,,not_recorded,,,,,unmatched,,,
7573,Twelve String Brewing Co,Spokane,WA,,Taproom,,2020-03-03T00:00:00,confirmed_date,,not_recorded,,,,,unmatched,,,
7574,No-Li Brewhouse,Spokane,WA,,Micro,,2020-04-11T00:00:00,confirmed_date,,not_recorded,,,,,unmatched,,,
7575,River City Brewing,Spokane,WA,,Micro,,2020-04-11T00:00:00,confirmed_date,,not_recorded,,,,,unmatched,,,
7576,Square Wheel Brewing Co,Spokane,WA,,Micro,,2020-04-11T00:00:00,confirmed_date,,not_recorded,,,,,unmatched,,,
7577,V Twin Brewing Company,Spokane,WA,,Taproom,,2020-04-11T00:00:00,confirmed_date,,not_recorded,,,,,unmatched,,,
7578,Waddell’s Brewing Co.,Spokane,WA,,Brewpub,,2020-04-11T00:00:00,confirmed_date,,not_recorded,,,,,unmatched,,,
7579,Whistle Punk Brewing Company,Spokane,WA,,Taproom,,2020-04-11T00:00:00,confirmed_date,,not_recorded,,,,,unmatched,,,
7580,Young Buck Brewing,Spokane,WA,,Taproom,,2020-04-11T00:00:00,confirmed_date,,not_recorded,,,,,unmatched,,,
7581,Little Spokane Brewing Company,Spokane,WA,,Micro,,,not_recorded,,not_recorded,,,,,unmatched,,,
7582,Mountain Lakes Brewing Company,Spokane,WA,,Taproom,,,not_recorded,,not_recorded,,,,,unmatched,,,
7583,YaYa Brewing Company,Spokane,WA,,Taproom,,,not_recorded,,not_recorded,,,,,unmatched,,,
7584,Badass Backyard Brewing,Spokane Valley,WA,,Taproom,,2020-03-03T00:00:00,confirmed_date,,not_recorded,,,,,unmatched,,,
7585,Genus Brewing / Nu Home Brew and Bottles,Spokane Valley,WA,,Micro,,2020-03-03T00:00:00,confirmed_date,,not_recorded,,,,,unmatched,,,
7586,TT’s Old Iron Brewery,Spokane Valley,WA,,Brewpub,,,not_recorded,,not_recorded,,,,,unmatched,,,
7587,Backwoods Brewing Company - Production Only,Stevenson,WA,,Micro,,,not_recorded,,not_recorded,,,,,unmatched,,,
7588,Walking Man Brewing Co,Stevenson,WA,,Brewpub,,,not_recorded,,not_recorded,,,,,unmatched,,,
7589,Timber Monster Brewing Company,Sultan,WA,,Brewpub,,2020-02-07T00:00:00,confirmed_date,,not_recorded,,,,,unmatched,,,
7590,Half Lion Brewing Company,Sumner,WA,,Taproom,,2020-03-03T00:00:00,confirmed_date,,not_recorded,,,,,unmatched,,,
7591,Rock Wood Fired Pizza / Keep Rockin’ LLC,Sumner,WA,,Contract,,2020-03-03T00:00:00,confirmed_date,,not_recorded,,,,,unmatched,,,
7592,Rock Wood Fired Pizza / Keep Rockin’ LLC,Sumner,WA,,Contract,,2020-03-03T00:00:00,confirmed_date,,not_recorded,,,,,unmatched,,,
7593,Snipes Mountain Brewing Co,Sunnyside,WA,,Brewpub,,2020-02-07T00:00:00,confirmed_date,,not_recorded,,,,,unmatched,,,
7594,Varietal Beer Company,Sunnyside,WA,,Micro,,2020-04-11T00:00:00,confirmed_date,,not_recorded,,,,,unmatched,,,
7595,Dystopian State Brewing,Tacoma,WA,,Micro,,2020-02-07T00:00:00,confirmed_date,,not_recorded,,,,,unmatched,,,
7596,E9 Brewing Co.,Tacoma,WA,,Micro,,2020-02-07T00:00:00,confirmed_date,,not_recorded,,,,,unmatched,,,
7597,RAM Restaurant and Brewery - Tacoma,Tacoma,WA,,Brewpub,,2020-02-07T00:00:00,confirmed_date,,not_recorded,,,,,unmatched,,,
7598,Sluggo Brewing,Tacoma,WA,,Brewpub,,2020-02-07T00:00:00,confirmed_date,,not_recorded,,,,,unmatched,,,
7599,Black Fleet Brewing,Tacoma,WA,,Brewpub,,2020-03-03T00:00:00,confirmed_date,,not_recorded,,,,,unmatched,,,
7600,Dunagan Brewing Co,Tacoma,WA,,Taproom,,2020-03-03T00:00:00,confirmed_date,,not_recorded,,,,,unmatched,,,
7601,Mirage Beer Co.,Tacoma,WA,,Proprietor,,2020-03-03T00:00:00,confirmed_date,,not_recorded,,,,,unmatched,,,
7602,RAM Restaurant and Brewery - Production,Tacoma,WA,,Micro,,2020-03-03T00:00:00,confirmed_date,,not_recorded,,,,,unmatched,,,
7603,Rock Wood Fired Pizza and Brewery - Tacoma,Tacoma,WA,,Contract,,2020-03-03T00:00:00,confirmed_date,,not_recorded,,,,,unmatched,,,
7604,Pacific Brewing and Malting,Tacoma,WA,,Micro,,2020-04-11T00:00:00,confirmed_date,,not_recorded,,,,,unmatched,,,
7605,Tacoma Brewing Co.,Tacoma,WA,,Taproom,,2020-04-11T00:00:00,confirmed_date,,not_recorded,,,,,unmatched,,,
7606,Wingman Brewers,Tacoma,WA,,Micro,,2020-04-11T00:00:00,confirmed_date,,not_recorded,,,,,unmatched,,,
7607,7 Seas Brewing Co,Tacoma,WA,,Micro,,,not_recorded,,not_recorded,,,,,unmatched,,,
7608,Gig Harbor Brewing,Tacoma,WA,,Micro,,,not_recorded,,not_recorded,,,,,unmatched,,,
7609,Narrows Brewing Company,Tacoma,WA,,Micro,,,not_recorded,,not_recorded,,,,,unmatched,,,
7610,North 47 Brewing Co,Tacoma,WA,,Taproom,,,not_recorded,,not_recorded,,,,,unmatched,,,
7611,Odd Otter Brewing Company,Tacoma,WA,,Taproom,,,not_recorded,,not_recorded,,,,,unmatched,,,
7612,Scatter Creek Brewing,Tenino,WA,,Taproom,,2020-04-11T00:00:00,confirmed_date,,not_recorded,,,,,unmatched,,,
7613,Cloud Alchemist,Tukwila,WA,,OTHER,,2019-04-20T00:00:00,confirmed_date,yes,confirmed_yes,yes,,,,unmatched,,,
7614,Northwest Brewing Company,TUKWILA,WA,,Proprietor,,2020-03-03T00:00:00,confirmed_date,,not_recorded,,,,,unmatched,,,
7615,Odin Brewing Co,Tukwila,WA,,Micro,,,not_recorded,,not_recorded,,,,,unmatched,,,
7616,Hoh River Brewery,Tumwater,WA,,Taproom,,2020-03-03T00:00:00,confirmed_date,,not_recorded,,,,,unmatched,,,
7617,Triceratops Brewing,Tumwater,WA,,Proprietor,,2020-03-03T00:00:00,confirmed_date,,not_recorded,,,,,unmatched,,,
7618,Matchless Brewing,Tumwater,WA,,Micro,,,not_recorded,,not_recorded,,,,,unmatched,,,
7619,Heathen Brewing Co.,Vancouver,WA,,Micro,,2019-06-04T00:00:00,confirmed_date,,not_recorded,,,,,unmatched,,,
7620,Fortside Brewing Company,Vancouver,WA,,Micro,,2020-02-07T00:00:00,confirmed_date,,not_recorded,,,,,unmatched,,,
7621,The Heavy Metal Brewing Co.,Vancouver,WA,,Brewpub,,2020-02-07T00:00:00,confirmed_date,,not_recorded,,,,,unmatched,,,
7622,Beerded Brothers Brewing,Vancouver,WA,,Taproom,,2020-03-03T00:00:00,confirmed_date,,not_recorded,,,,,unmatched,,,
7623,Railside Brewing,Vancouver,WA,,Brewpub,,2020-03-03T00:00:00,confirmed_date,,not_recorded,,,,,unmatched,,,
7624,Victor 23 Craft Brewery,Vancouver,WA,,Brewpub,,2020-03-03T00:00:00,confirmed_date,,not_recorded,,,,,unmatched,,,
7625,Brothers Cascadia Brewing,Vancouver,WA,,Taproom,,2020-04-11T00:00:00,confirmed_date,,not_recorded,,,,,unmatched,,,
7626,Ghost Runners Brewery,Vancouver,WA,,Taproom,,2020-04-11T00:00:00,confirmed_date,,not_recorded,,,,,unmatched,,,
7627,Hopworks Urban Brewery - Vancouver,Vancouver,WA,,Brewpub,,2020-04-11T00:00:00,confirmed_date,,not_recorded,,,,,unmatched,,,
7628,Loowit Brewing,Vancouver,WA,,Brewpub,,2020-04-11T00:00:00,confirmed_date,,not_recorded,,,,,unmatched,,,
7629,Brother Ass Brewing,Vancouver,WA,,Micro,,,not_recorded,,not_recorded,,,,,unmatched,,,
7630,McMenamins East Vancouver Brewery,Vancouver,WA,,Micro,,,not_recorded,,not_recorded,,,,,unmatched,,,
7631,McMenamins On the Columbia Brewery,Vancouver,WA,,Brewpub,,,not_recorded,,not_recorded,,,,,unmatched,,,
7632,Old Ivy Brewery and Taproom,Vancouver,WA,,Brewpub,,,not_recorded,,not_recorded,,,,,unmatched,,,
7633,Trap Door Brewing,Vancouver,WA,,Taproom,,,not_recorded,,not_recorded,,,,,unmatched,,,
7634,Trusty Brewing Co.,Vancouver,WA,,Taproom,,,not_recorded,,not_recorded,,,,,unmatched,,,
7635,Camp Colvos Brewing,Vashon,WA,,Brewpub,,2020-02-07T00:00:00,confirmed_date,,not_recorded,,,,,unmatched,,,
7636,Vashon Brewing,Vashon,WA,,Brewpub,,,not_recorded,,not_recorded,,,,,unmatched,,,
7637,Laht Neppur Brewing,Waitsburg,WA,,Taproom,,2020-03-03T00:00:00,confirmed_date,,not_recorded,,,,,unmatched,,,
7638,Crossbuck Brewing,Walla Walla,WA,,Brewpub,,2020-02-07T00:00:00,confirmed_date,,not_recorded,,,,,unmatched,,,
7639,MT Head Brewing Co,Walla Walla,WA,,Taproom,,2020-03-03T00:00:00,confirmed_date,,not_recorded,,,,,unmatched,,,
7640,Water Buffalo Brewery,Walla Walla,WA,,Micro,,2020-03-03T00:00:00,confirmed_date,,not_recorded,,,,,unmatched,,,
7641,Big House Brew Pub,Walla Walla,WA,,Brewpub,,,not_recorded,,not_recorded,,,,,unmatched,,,
7642,Burwood Brewing Company,Walla Walla,WA,,Taproom,,,not_recorded,,not_recorded,,,,,unmatched,,,
7643,Quirk Brewing,Walla Walla,WA,,Taproom,,,not_recorded,,not_recorded,,,,,unmatched,,,
7644,Doomsday Brewing Co.,Washougal,WA,,Micro,,2020-02-07T00:00:00,confirmed_date,,not_recorded,,,,,unmatched,,,
7645,54-40 Brewing Company,Washougal,WA,,Brewpub,,2020-04-11T00:00:00,confirmed_date,,not_recorded,,,,,unmatched,,,
7646,Logsdon Farmhouse Ales,Washougal,WA,,Micro,,,not_recorded,,not_recorded,,,,,unmatched,,,
7647,Shoug  Brewing Company,Washougal,WA,,Micro,,,not_recorded,,not_recorded,,,,,unmatched,,,
7648,Columbia Valley Brewing,Wenatchee,WA,,Brewpub,,2020-02-07T00:00:00,confirmed_date,,not_recorded,,,,,unmatched,,,
7649,Saddle Rock Pub & Brewery,Wenatchee,WA,,Brewpub,,2020-02-07T00:00:00,confirmed_date,,not_recorded,,,,,unmatched,,,
7650,Wenatchee Valley Brewing Co.,Wenatchee,WA,,Taproom,,2020-03-03T00:00:00,confirmed_date,,not_recorded,,,,,unmatched,,,
7651,Badger Mountain Brewing,Wenatchee,WA,,Brewpub,,2020-04-11T00:00:00,confirmed_date,,not_recorded,,,,,unmatched,,,
7652,509 Bierwerks,Wenatchee,WA,,Brewpub,,,not_recorded,,not_recorded,,,,,unmatched,,,
7653,Blackbeard’s Brewing Company,Westport,WA,,Brewpub,,,not_recorded,,not_recorded,,,,,unmatched,,,
7654,Everybody’s Brewing Co,White Salmon,WA,,Brewpub,,2020-02-07T00:00:00,confirmed_date,,not_recorded,,,,,unmatched,,,
7655,Old Schoolhouse Brewery,Winthrop,WA,,Brewpub,,2020-04-11T00:00:00,confirmed_date,,not_recorded,,,,,unmatched,,,
7656,Crucible Brewing - Woodinville Forge,Woodinville,WA,,Taproom,,2019-11-27T00:00:00,confirmed_date,,not_recorded,,,,,unmatched,,,
7657,Bosk Brew Works,Woodinville,WA,,Taproom,,2020-03-03T00:00:00,confirmed_date,,not_recorded,,,,,unmatched,,,
7658,Brouwerij Les Deplorables,Woodinville,WA,,Micro,,2020-03-03T00:00:00,confirmed_date,,not_recorded,,,,,unmatched,,,
7659,Laurelwood Public House and Brewery - NE,Woodinville,WA,,Proprietor,,2020-03-03T00:00:00,confirmed_date,,not_recorded,,,,,unmatched,,,
7660,Locust Cider & Brewing Company,Woodinville,WA,,Taproom,,2020-03-03T00:00:00,confirmed_date,,not_recorded,,,,,unmatched,,,
7661,Metier Brewing Company,Woodinville,WA,,Taproom,,2020-03-03T00:00:00,confirmed_date,,not_recorded,,,,,unmatched,,,
7662,Triplehorn Brewing Co,Woodinville,WA,,Taproom,,2020-03-03T00:00:00,confirmed_date,,not_recorded,,,,,unmatched,,,
7663,Black Raven Brewing Co - Woodinville,Woodinville,WA,,Micro,,2020-04-11T00:00:00,confirmed_date,,not_recorded,,,,,unmatched,,,
7664,20 Corners Brewing LLC,Woodinville,WA,,Brewpub,,,not_recorded,,not_recorded,,,,,unmatched,,,
7665,Good Brewing Co.,Woodinville,WA,,Brewpub,,,not_recorded,,not_recorded,,,,,unmatched,,,
7666,Sumerian Brewing Company,Woodinville,WA,,Micro,,,not_recorded,,not_recorded,,,,,unmatched,,,
7667,Bale Breaker Brewing Company,Yakima,WA,,Regional,,2020-03-03T00:00:00,confirmed_date,,not_recorded,,,,,unmatched,,,
7668,Berchman’s Brewing Company,Yakima,WA,,Taproom,,2020-03-03T00:00:00,confirmed_date,,not_recorded,,,,,unmatched,,,
7669,Redifer Brewing Co,Yakima,WA,,Taproom,,2020-03-03T00:00:00,confirmed_date,,not_recorded,,,,,unmatched,,,
7670,Yakima Craft Brewing Co,Yakima,WA,,Taproom,,2020-03-03T00:00:00,confirmed_date,,not_recorded,,,,,unmatched,,,
7671,Hop Nation Brewing Company,Yakima,WA,,Micro,,2020-04-11T00:00:00,confirmed_date,,not_recorded,,,,,unmatched,,,
7672,Valley Brewing Co,Yakima,WA,,Taproom,,2020-04-11T00:00:00,confirmed_date,,not_recorded,,,,,exact,valley-brewing-co,content/breweries/valley-brewing-co.md,
7673,Yakima Valley Hops,Yakima,WA,,Micro,,2020-04-11T00:00:00,confirmed_date,,not_recorded,,,,,unmatched,,,
7674,Single Hill Brewing Company,Yakima,WA,,Taproom,,,not_recorded,,not_recorded,,,,,unmatched,,,
7675,Wandering Hop Brewery,Yakima,WA,,Taproom,,,not_recorded,,not_recorded,,,,,unmatched,,,
7676,Nisqually Valley Brewing,Yelm,WA,,Micro,,,not_recorded,,not_recorded,,,,,unmatched,,,
7677,Ahnapee Brewery,Algoma,WI,,Micro,,2019-08-29T00:00:00,confirmed_date,,not_recorded,,,,,unmatched,,,
7678,Modicum Brewing,Altoona,WI,,Taproom,,2020-04-11T00:00:00,confirmed_date,,not_recorded,,,,,unmatched,,,
7679,Ombibulous Brewing Company,Altoona,WI,,Taproom,,2020-04-11T00:00:00,confirmed_date,,not_recorded,,,,,unmatched,,,
7680,Amery Ale Works,Amery,WI,,Brewpub,,,not_recorded,,not_recorded,,,,,unmatched,,,
7681,Central Waters Brewing Co,Amherst,WI,,Regional,,2019-11-13T00:00:00,confirmed_date,yes,confirmed_yes,yes,,,,unmatched,,,
7682,Fox River Brewing Co and Restaurant,Appleton,WI,,Brewpub,,2019-11-13T00:00:00,confirmed_date,,not_recorded,,,,,unmatched,,,
7683,Appleton Beer Factory,Appleton,WI,,Brewpub,,2020-03-03T00:00:00,confirmed_date,,not_recorded,,,,,unmatched,,,
7684,McFleshman’s Brewing Co,Appleton,WI,,Taproom,,2020-04-11T00:00:00,confirmed_date,,not_recorded,,,,,unmatched,,,
7685,Stone Arch Brewpub Inc.,Appleton,WI,,Brewpub,,,not_recorded,,not_recorded,,,,,unmatched,,,
7686,South Shore Brewery,Ashland,WI,,Micro,,2020-04-11T00:00:00,confirmed_date,,not_recorded,,,,,unmatched,,,
7687,Stoney Acres Farm,Athens,WI,,Brewpub,,2020-03-03T00:00:00,confirmed_date,,not_recorded,,,,,unmatched,,,
7688,Door County Brewing Co.,Baileys Harbor,WI,,Taproom,,2020-03-03T00:00:00,confirmed_date,,not_recorded,,,,,unmatched,,,
7689,Hacienda Beer Co,Baileys Harbor,WI,,Micro,,2020-03-03T00:00:00,confirmed_date,,not_recorded,,,,,unmatched,,,
7690,Door County Brewing Co./ Hacienda Beer Co,Baileys Harbor,WI,,Micro,,2020-04-11T00:00:00,confirmed_date,,not_recorded,,,,,unmatched,,,
7691,Al. Ringling Brewing Co.,Baraboo,WI,,Planning,,2019-08-29T00:00:00,confirmed_date,,not_recorded,,,,,unmatched,,,
7692,Driftless Glen Distillery,Baraboo,WI,,,,2019-11-13T00:00:00,confirmed_date,,not_recorded,,,,,unmatched,,,
7693,OOGA Brewing Company,Beaver Dam,WI,,Taproom,,,not_recorded,,not_recorded,,,,,unmatched,,,
7694,Hop Garden Brewing,Belleville,WI,,Contract,,2020-03-03T00:00:00,confirmed_date,,not_recorded,,,,,unmatched,,,
7695,G5 Brewing Company,BELOIT,WI,,Brewpub,,2020-02-07T00:00:00,confirmed_date,,not_recorded,,,,,unmatched,,,
7696,Furthermore Beer,Black River Falls,WI,,Contract,,2020-03-03T00:00:00,confirmed_date,,not_recorded,,,,,unmatched,,,
7697,Sand Creek Brewing Co,Black River Falls,WI,,Micro,,,not_recorded,,not_recorded,,,,,unmatched,,,
7698,Bloomer Brewing Co,Bloomer,WI,,Brewpub,,,not_recorded,,not_recorded,,,,,unmatched,,,
7699,Biloba Brewing,Brookfield,WI,,Taproom,,2020-03-03T00:00:00,confirmed_date,,not_recorded,,,,,unmatched,,,
7700,SteelTank Brewing Co.,Brownsville,WI,,Micro,,,not_recorded,,not_recorded,,,,,unmatched,,,
7701,Rebellion Brewing,Cedarburg,WI,,Brewpub,,2019-10-26T00:00:00,confirmed_date,,not_recorded,,,,,unmatched,,,
7702,The Fermentorium,Cedarburg,WI,,Taproom,,2020-03-03T00:00:00,confirmed_date,,not_recorded,,,,,unmatched,,,
7703,Rowlands Calumet Brewery Co,Chilton,WI,,Taproom,,2020-03-03T00:00:00,confirmed_date,,not_recorded,,,,,unmatched,,,
7704,Rowlands Calumet Brewery Co (#2),Chilton,WI,,Micro,,2020-04-11T00:00:00,confirmed_date,,not_recorded,,,,,unmatched,,,
7705,Jacob Leinenkugel Brewing Co,Chippewa Falls,WI,,Largge,,2020-03-03T00:00:00,confirmed_date,,not_recorded,,,,,unmatched,,,
7706,Brewster Bros Brewing Co,Chippewa Falls,WI,,Micro,,2020-04-11T00:00:00,confirmed_date,,not_recorded,,,,,unmatched,,,
7707,Sawmill Pizza and Brew Shed,Clear Lake,WI,,Brewpub,,,not_recorded,,not_recorded,,,,,unmatched,,,
7708,Mecan River Brewing Company,Coloma,WI,,Brewpub,,2020-02-07T00:00:00,confirmed_date,,not_recorded,,,,,unmatched,,,
7709,Cercis Brewing Company,Columbus,WI,,Brewpub,,2020-02-07T00:00:00,confirmed_date,,not_recorded,,,,,unmatched,,,
7710,MoonRidge Brewpub,Cornell,WI,,Brewpub,,2019-11-27T00:00:00,confirmed_date,,not_recorded,,,,,unmatched,,,
7711,Cross Plains Brewery Inc.,Cross Plains,WI,,Contract,,2020-03-03T00:00:00,confirmed_date,,not_recorded,,,,,unmatched,,,
7712,Valkyrie Brewing,Dallas,WI,,Taproom,,2020-03-03T00:00:00,confirmed_date,,not_recorded,,,,,unmatched,,,
7713,City Service Brewing,Darlington,WI,,Taproom,,,not_recorded,,not_recorded,,,,,unmatched,,,
7714,Legends Brewhouse and Eatery (#2),de Pere,WI,,Brewpub,,2020-02-07T00:00:00,confirmed_date,,not_recorded,,,,,unmatched,,,
7715,Steel Squared Brewing Company,de Pere,WI,,Contract,,2020-03-03T00:00:00,confirmed_date,,not_recorded,,,,,unmatched,,,
7716,Delafield Brewhaus,Delafield,WI,,Brewpub,,2020-02-07T00:00:00,confirmed_date,,not_recorded,,,,,unmatched,,,
7717,Water Street Brewery - Lake County,Delafield,WI,,Brewpub,,2020-04-11T00:00:00,confirmed_date,,not_recorded,,,,,unmatched,,,
7718,Tribute Brewing Co,Eagle River,WI,,Taproom,,2020-03-03T00:00:00,confirmed_date,,not_recorded,,,,,exact,tribute-brewing-co,content/breweries/tribute-brewing-co.md,
7719,East Troy Brewery,East Troy,WI,,Brewpub,,2020-02-07T00:00:00,confirmed_date,,not_recorded,,,,,unmatched,,,
7720,K Point Brewing,Eau Claire,WI,,Brewpub,,2020-02-07T00:00:00,confirmed_date,,not_recorded,,,,,unmatched,,,
7721,Lazy Monk Brewing,Eau Claire,WI,,Micro,,2020-04-11T00:00:00,confirmed_date,,not_recorded,,,,,unmatched,,,
7722,The Brewing Projekt,Eau Claire,WI,,Micro,,2020-04-11T00:00:00,confirmed_date,,not_recorded,,,,,unmatched,,,
7723,Shipwrecked Restaurant and Brewery,Egg Harbor,WI,,Brewpub,,2020-03-03T00:00:00,confirmed_date,,not_recorded,,,,,unmatched,,,
7724,SwitchGear Brewing Co,Elkhart Lake,WI,,Taproom,,2020-03-03T00:00:00,confirmed_date,,not_recorded,,,,,unmatched,,,
7725,Great Dane Pub and Brewing Co - Fitchburg,Fitchburg,WI,,Brewpub,,2020-02-07T00:00:00,confirmed_date,,not_recorded,,,,,unmatched,,,
7726,Fountain City Brewing Co / Monarch Public House,Fountain City,WI,,Contract,,2020-03-03T00:00:00,confirmed_date,,not_recorded,,,,,unmatched,,,
7727,Milwaukee Premium Brewing Co,Glendale,WI,,Contract,,2020-03-03T00:00:00,confirmed_date,,not_recorded,,,,,unmatched,,,
7728,Sprecher Brewing Co / Chameleon Brewing,Glendale,WI,,Micro,,2020-04-11T00:00:00,confirmed_date,,not_recorded,,,,,unmatched,,,
7729,Bavarian Bierhaus,Glendale,WI,,Brewpub,,,not_recorded,,not_recorded,,,,,unmatched,,,
7730,Water Street Brewery - Grafton,Grafton,WI,,Brewpub,,2020-04-11T00:00:00,confirmed_date,,not_recorded,,,,,unmatched,,,
7731,Sahale Ale Works,Grafton,WI,,Taproom,,,not_recorded,,not_recorded,,,,,unmatched,,,
7732,Brickfield Brewing,Grantsburg,WI,,Taproom,,2020-03-03T00:00:00,confirmed_date,,not_recorded,,,,,unmatched,,,
7733,Copper State Brewing Co,Green Bay,WI,,Brewpub,,2020-02-07T00:00:00,confirmed_date,yes,confirmed_yes,,,,,unmatched,,,
7734,Stillmank Brewing Company,Green Bay,WI,,Micro,,2020-03-03T00:00:00,confirmed_date,,not_recorded,,,,,unmatched,,,
7735,Titletown Brewing Co,Green Bay,WI,,Brewpub,,2020-04-11T00:00:00,confirmed_date,,not_recorded,,,,,unmatched,,,
7736,Badger State Brewing Company,Green Bay,WI,,Micro,,,not_recorded,,not_recorded,,,,,unmatched,,,
7737,Hinterland Brewery,Green Bay,WI,,Micro,,,not_recorded,,not_recorded,,,,,unmatched,,,
7738,Noble Roots Brewing,Green Bay,WI,,Taproom,,,not_recorded,,not_recorded,,,,,unmatched,,,
7739,The Explorium Brewpub,Greendale,WI,,Brewpub,,,not_recorded,,not_recorded,,,,,unmatched,,,
7740,Melms Brewing Co,Hartland,WI,,Proprietor,,2020-03-03T00:00:00,confirmed_date,,not_recorded,,,,,unmatched,,,
7741,"Angry Minnow, The",Hayward,WI,,Brewpub,,2020-04-11T00:00:00,confirmed_date,,not_recorded,,,,,unmatched,,,
7742,Hillsboro Brewing Company,Hillsboro,WI,,Brewpub,,2020-02-07T00:00:00,confirmed_date,,not_recorded,,,,,unmatched,,,
7743,Pitchfork Brewing,Hudson,WI,,Taproom,,2020-04-11T00:00:00,confirmed_date,,not_recorded,,,,,unmatched,,,
7744,Hop & Barrel Brewing Company LLC,Hudson,WI,,Micro,,,not_recorded,,not_recorded,,,,,unmatched,,,
7745,Gray Brewing Co,Janesville,WI,,Micro,,,not_recorded,,not_recorded,,,,,unmatched,,,
7746,Rock County Brewing Company,Janesville,WI,,Taproom,,,not_recorded,,not_recorded,,,,,unmatched,,,
7747,Kenosha Brewing Company,Kenosha,WI,,Brewpub,,2020-02-07T00:00:00,confirmed_date,,not_recorded,,,,,unmatched,,,
7748,Rustic Road Brewing Co,Kenosha,WI,,Brewpub,,2020-03-03T00:00:00,confirmed_date,,not_recorded,,,,,unmatched,,,
7749,R’Noggin Brewing,Kenosha,WI,,Taproom,,2020-04-11T00:00:00,confirmed_date,,not_recorded,,,,,unmatched,,,
7750,Public Craft Brewing Co,Kenosha,WI,,Taproom,,,not_recorded,,not_recorded,,,,,unmatched,,,
7751,La Crosse Distilling Co,La Crosse,WI,,Brewpub,,2020-02-07T00:00:00,confirmed_date,yes,confirmed_yes,,,,,exact,la-crosse-distilling-co,content/breweries/la-crosse-distilling-co.md,
7752,City Brewing Co,La Crosse,WI,,Regional,,2020-03-03T00:00:00,confirmed_date,,not_recorded,,,,,unmatched,,,
7753,Kul Brewing,La Crosse,WI,,Contract,,2020-03-03T00:00:00,confirmed_date,,not_recorded,,,,,unmatched,,,
7754,Turtle Stack Brewery,La Crosse,WI,,Taproom,,2020-03-03T00:00:00,confirmed_date,,not_recorded,,,,,unmatched,,,
7755,608 Brewing Company,La Crosse,WI,,Micro,,,not_recorded,,not_recorded,,,,,unmatched,,,
7756,Pearl Street Brewery,La Crosse,WI,,Micro,,,not_recorded,,not_recorded,,,,,unmatched,,,
7757,Geneva Lake Brewing Co,Lake Geneva,WI,,Taproom,,,not_recorded,,not_recorded,,,,,unmatched,,,
7758,Tyranena Brewing Co,Lake Mills,WI,,Micro,,2020-03-03T00:00:00,confirmed_date,,not_recorded,,,,,unmatched,,,
7759,Sunshine Brewing Company,Lake Mills,WI,,Micro,,,not_recorded,,not_recorded,,,,,unmatched,,,
7760,Thumb Knuckle Brewing Company,Luxemburg,WI,,Taproom,,2020-03-03T00:00:00,confirmed_date,,not_recorded,,,,,unmatched,,,
7761,Old Sugar Distillery,Madison,WI,,,,2019-11-13T00:00:00,confirmed_date,yes,confirmed_yes,yes,,,,unmatched,,,
7762,One Barrel Brewing Company,Madison,WI,,Micro,,2019-11-13T00:00:00,confirmed_date,yes,confirmed_yes,yes,,,,unmatched,,,
7763,ALT Brew / Greenview Brewing LLC,Madison,WI,,Micro,,2020-04-11T00:00:00,confirmed_date,yes,confirmed_yes,,,,,unmatched,,,
7764,stephkempf,Madison,WI,,RAoC,,yes,confirmed_yes,yes,confirmed_yes,yes,,,,unmatched,,,
7765,Ale Asylum,Madison,WI,,Regional,,2019-08-29T00:00:00,confirmed_date,,not_recorded,,,,,unmatched,,,
7766,Bos Meadery,Madison,WI,,,,2019-11-13T00:00:00,confirmed_date,,not_recorded,,,,,unmatched,,,
7767,Flix Brewhouse - Madison,Madison,WI,,Brewpub,,2019-11-13T00:00:00,confirmed_date,,not_recorded,,,,,unmatched,,,
7768,State Line Distillery,Madison,WI,,,,2019-11-13T00:00:00,confirmed_date,,not_recorded,,,,,unmatched,,,
7769,Vintage Brewing Co,Madison,WI,,Brewpub,,2019-11-13T00:00:00,confirmed_date,,not_recorded,,,,,unmatched,,,
7770,Great Dane Pub and Brewing Co - Downtown,Madison,WI,,Brewpub,,2020-02-07T00:00:00,confirmed_date,,not_recorded,,,,,unmatched,,,
7771,Great Dane Pub and Brewing Co -- Hilldale,Madison,WI,,Brewpub,,2020-02-07T00:00:00,confirmed_date,,not_recorded,,,,,unmatched,,,
7772,Lucky’s 1313 Brewpub,Madison,WI,,Brewpub,,2020-02-07T00:00:00,confirmed_date,,not_recorded,,,,,unmatched,,,
7773,Karben4 Brewing,Madison,WI,,Micro,,2020-03-03T00:00:00,confirmed_date,,not_recorded,,,,,unmatched,,,
7774,Working Draft Beer Company,Madison,WI,,Taproom,,2020-03-03T00:00:00,confirmed_date,,not_recorded,,,,,unmatched,,,
7775,Next Door Brewing Company,Madison,WI,,Brewpub,,2020-04-11T00:00:00,confirmed_date,,not_recorded,,,,,unmatched,,,
7776,Delta Beer Lab,Madison,WI,,Micro,,,not_recorded,,not_recorded,,,,,unmatched,,,
7777,Funk Factory Geuzeria,Madison,WI,,Taproom,,,not_recorded,,not_recorded,,,,,unmatched,,,
7778,Giant Jones Brewing LLC,Madison,WI,,Taproom,,,not_recorded,,not_recorded,,,,,unmatched,,,
7779,Rockhound Brewing Co,Madison,WI,,Brewpub,,,not_recorded,,not_recorded,,,,,unmatched,,,
7780,Some Nerve Brewing Company,Manitowish Waters,WI,,Taproom,,2020-04-11T00:00:00,confirmed_date,,not_recorded,,,,,unmatched,,,
7781,Courthouse Pub,Manitowoc,WI,,Brewpub,,2020-02-07T00:00:00,confirmed_date,,not_recorded,,,,,unmatched,,,
7782,Petskull Brewing,Manitowoc,WI,,Taproom,,,not_recorded,,not_recorded,,,,,unmatched,,,
7783,Railhouse Restaurant and Brewery,Marinette,WI,,Brewpub,,2020-04-11T00:00:00,confirmed_date,,not_recorded,,,,,unmatched,,,
7784,Pigeon River Brewing,Marion,WI,,Brewpub,,,not_recorded,,not_recorded,,,,,unmatched,,,
7785,Blue Heron Brew Pub,Marshfield,WI,,Brewpub,,,not_recorded,,not_recorded,,,,,unmatched,,,
7786,Old Bavarian Brewing Co,Menasha,WI,,,,2020-03-03T00:00:00,confirmed_date,,not_recorded,,,,,unmatched,,,
7787,Zymurgy Brewing Co,Menomonie,WI,,Taproom,,2020-03-03T00:00:00,confirmed_date,,not_recorded,,,,,unmatched,,,
7788,Brewery Nonic,Menomonie,WI,,Micro,,,not_recorded,,not_recorded,,,,,unmatched,,,
7789,Lucette Brewing Co,Menomonie,WI,,Micro,,,not_recorded,,not_recorded,,,,,unmatched,,,
7790,Sawmill Brewing Co,Merrill,WI,,Brewpub,,,not_recorded,,not_recorded,,,,,unmatched,,,
7791,Capital Brewery Co Inc,Middleton,WI,,Micro,,2019-11-13T00:00:00,confirmed_date,,not_recorded,,,,,unmatched,,,
7792,Lakefront Brewery Inc,Milwaukee,WI,,Regional,,12/20.2019,date_needs_review,yes,confirmed_yes,,,,,unmatched,,,
7793,MobCraft Beer,Milwaukee,WI,,Micro,,2019-11-03T00:00:00,confirmed_date,,not_recorded,,,,,unmatched,,,
7794,Pabst Milwaukee Brewery,Milwaukee,WI,,Largge,,2019-11-03T00:00:00,confirmed_date,,not_recorded,,,,,unmatched,,,
7795,Company Brewing,MILWAUKEE,WI,,Brewpub,,2020-02-07T00:00:00,confirmed_date,,not_recorded,,,,,unmatched,,,
7796,Eagle Park Brewing Company,Milwaukee,WI,,Brewpub,,2020-02-07T00:00:00,confirmed_date,,not_recorded,,,,,unmatched,,,
7797,Good City Brewing Company,Milwaukee,WI,,Brewpub,,2020-02-07T00:00:00,confirmed_date,,not_recorded,,,,,unmatched,,,
7798,Milwaukee Ale House,Milwaukee,WI,,Brewpub,,2020-02-07T00:00:00,confirmed_date,,not_recorded,,,,,unmatched,,,
7799,Buffalo Water Beer Co,Milwaukee,WI,,Contract,,2020-03-03T00:00:00,confirmed_date,,not_recorded,,,,,unmatched,,,
7800,Component Brewing Co,Milwaukee,WI,,Taproom,,2020-03-03T00:00:00,confirmed_date,,not_recorded,,,,,unmatched,,,
7801,Fat Boy Brewing Co,Milwaukee,WI,,Contract,,2020-03-03T00:00:00,confirmed_date,,not_recorded,,,,,unmatched,,,
7802,Leinenkugel’s 10th Street Brewery,Milwaukee,WI,,Largge,,2020-03-03T00:00:00,confirmed_date,,not_recorded,,,,,unmatched,,,
7803,Milwaukee Brewing Company,Milwaukee,WI,,Micro,,2020-03-03T00:00:00,confirmed_date,,not_recorded,,,,,unmatched,,,
7804,Rock Bottom Brewery - Milwaukee,Milwaukee,WI,,Brewpub,,2020-03-03T00:00:00,confirmed_date,,not_recorded,,,,,unmatched,,,
7805,The Crafter Space,Milwaukee,WI,,Contract,,2020-03-03T00:00:00,confirmed_date,,not_recorded,,,,,unmatched,,,
7806,Urban Harvest Brewing,Milwaukee,WI,,Taproom,,2020-03-03T00:00:00,confirmed_date,,not_recorded,,,,,unmatched,,,
7807,Vennture Brew Co,Milwaukee,WI,,Taproom,,2020-03-03T00:00:00,confirmed_date,,not_recorded,,,,,unmatched,,,
7808,Vernacular Brewing Company,Milwaukee,WI,,Proprietor,,2020-03-03T00:00:00,confirmed_date,,not_recorded,,,,,unmatched,,,
7809,Water Street Brewery,Milwaukee,WI,,Brewpub,,2020-03-03T00:00:00,confirmed_date,,not_recorded,,,,,unmatched,,,
7810,1840 Brewing Company,Milwaukee,WI,,Taproom,,2020-04-11T00:00:00,confirmed_date,,not_recorded,,,,,unmatched,,,
7811,Enlightened Brewing Company,Milwaukee,WI,,Taproom,,2020-04-11T00:00:00,confirmed_date,,not_recorded,,,,,unmatched,,,
7812,New Barons Brewing Cooperative,Milwaukee,WI,,Micro,,2020-04-11T00:00:00,confirmed_date,,not_recorded,,,,,unmatched,,,
7813,Big Head Brewing Co.,Milwaukee,WI,,Taproom,,,not_recorded,,not_recorded,,,,,unmatched,,,
7814,Black Husky Brewing LLC,Milwaukee,WI,,Micro,,,not_recorded,,not_recorded,,,,,unmatched,,,
7815,"Broken Bat Brewing Company, LLC",Milwaukee,WI,,Taproom,,,not_recorded,,not_recorded,,,,,unmatched,,,
7816,City Lights Brewing Co.,Milwaukee,WI,,Micro,,,not_recorded,,not_recorded,,,,,unmatched,,,
7817,Gathering Place Brewing Company,Milwaukee,WI,,Micro,,,not_recorded,,not_recorded,,,,,unmatched,,,
7818,Good City Brewing Company,Milwaukee,WI,,Micro,,,not_recorded,,not_recorded,,,,,unmatched,,,
7819,Milwaukee Brewing Co - Production Facility,Milwaukee,WI,,Micro,,,not_recorded,,not_recorded,,,,,unmatched,,,
7820,Third Space Brewing,Milwaukee,WI,,Micro,,,not_recorded,,not_recorded,,,,,unmatched,,,
7821,"Brewery Creek Inn, Restaurant and Brewery",Mineral Point,WI,,Brewpub,,2020-02-07T00:00:00,confirmed_date,,not_recorded,,,,,unmatched,,,
7822,Minocqua Brewing Co,Minocqua,WI,,Brewpub,,,not_recorded,,not_recorded,,,,,unmatched,,,
7823,Minhas Craft Brewery,Monroe,WI,,Regional,,2019-11-27T00:00:00,confirmed_date,,not_recorded,,,,,unmatched,,,
7824,"Bullquarian Brewhouse, LLC",Monroe,WI,,Brewpub,,2020-02-07T00:00:00,confirmed_date,,not_recorded,,,,,unmatched,,,
7825,Mosinee Brewing Company,Mosinee,WI,,Taproom,,,not_recorded,,not_recorded,,,,,unmatched,,,
7826,"Grumpy Troll, The",Mount Horeb,WI,,Micro,,2020-04-11T00:00:00,confirmed_date,,not_recorded,,,,,unmatched,,,
7827,Barrel 41 Brewing Co,Neenah,WI,,Taproom,,2020-04-11T00:00:00,confirmed_date,,not_recorded,,,,,unmatched,,,
7828,Lion’s Tail Brewing,Neenah,WI,,Taproom,,,not_recorded,,not_recorded,,,,,unmatched,,,
7829,New Glarus Brewing Co,New Glarus,WI,,Regional,,2019-05-31T00:00:00,confirmed_date,yes,confirmed_yes,yes,,,,exact,new-glarus-brewing-co,content/breweries/new-glarus-brewing-co.md,
7830,Barley Johns Brewpub,New Richmond,WI,,Brewpub,,2020-04-11T00:00:00,confirmed_date,,not_recorded,,,,,unmatched,,,
7831,Water Street Brewery - Oak Creek,Oak Creek,WI,,Brewpub,,,not_recorded,,not_recorded,,,,,unmatched,,,
7832,Brewfinity Brewing Co,Oconomowoc,WI,,Brewpub,,2020-02-07T00:00:00,confirmed_date,,not_recorded,,,,,unmatched,,,
7833,Hops and Leisure,Oconomowoc,WI,,Contract,,2020-03-03T00:00:00,confirmed_date,,not_recorded,,,,,unmatched,,,
7834,Sconnie Beverage,Oconomowoc,WI,,Contract,,2020-03-03T00:00:00,confirmed_date,,not_recorded,,,,,unmatched,,,
7835,Omega Brewing Experience,Omro,WI,,Taproom,,,not_recorded,,not_recorded,,,,,unmatched,,,
7836,Skeleton Crew Brew,Onalaska,WI,,Micro,,,not_recorded,,not_recorded,,,,,unmatched,,,
7837,Bare Bones Brewery,Oshkosh,WI,,Taproom,,2019-11-13T00:00:00,confirmed_date,,not_recorded,,,,,unmatched,,,
7838,Fox River Brewing Co,Oshkosh,WI,,Brewpub,,2019-11-13T00:00:00,confirmed_date,,not_recorded,,,,,unmatched,,,
7839,Fifth Ward Brewing Company,Oshkosh,WI,,Micro,,,not_recorded,,not_recorded,,,,,unmatched,,,
7840,Highholder Brewing Company,Oshkosh,WI,,Micro,,,not_recorded,,not_recorded,,,,,unmatched,,,
7841,Northwoods Brewpub and Grill,Osseo,WI,,Brewpub,,,not_recorded,,not_recorded,,,,,unmatched,,,
7842,O’so Brewing,Plover,WI,,Taproom,,,not_recorded,,not_recorded,,,,,unmatched,,,
7843,Plymouth Brewing Co,Plymouth,WI,,Taproom,,,not_recorded,,not_recorded,,,,,unmatched,,,
7844,Inventors Brewpub,Port Washington,WI,,Brewpub,,2020-02-07T00:00:00,confirmed_date,,not_recorded,,,,,unmatched,,,
7845,Potosi Brewing Co,Potosi,WI,,Micro,,,not_recorded,,not_recorded,,,,,unmatched,,,
7846,Potosi Brewing Production Facility,Potosi,WI,,Micro,,,not_recorded,,not_recorded,,,,,unmatched,,,
7847,Racine Brewing Company,Racine,WI,,Taproom,,,not_recorded,,not_recorded,,,,,unmatched,,,
7848,Corner Pub,Reedsburg,WI,,Brewpub,,2020-02-07T00:00:00,confirmed_date,,not_recorded,,,,,unmatched,,,
7849,Rhinelander Brewing Co,Rhinelander,WI,,Contract,,2020-03-03T00:00:00,confirmed_date,yes,confirmed_yes,,https://www.rhinelanderbrewery.com/,,,exact,rhinelander-brewing-co,content/breweries/rhinelander-brewing-co.md,
7850,Mel’s Micro,Richland Center,WI,,Brewpub,,2020-02-07T00:00:00,confirmed_date,,not_recorded,,,,,unmatched,,,
7851,Knuth Brewing Company,Ripon,WI,,Brewpub,,2020-02-07T00:00:00,confirmed_date,,not_recorded,,,,,unmatched,,,
7852,Rush River Brewing Co,River Falls,WI,,Micro,,2020-03-03T00:00:00,confirmed_date,,not_recorded,,,,,unmatched,,,
7853,Swinging Bridge Brewing Co,River Falls,WI,,Brewpub,,2020-04-11T00:00:00,confirmed_date,,not_recorded,,,,,unmatched,,,
7854,Bobtown Brewhouse & Grill,Roberts,WI,,Brewpub,,2020-03-03T00:00:00,confirmed_date,,not_recorded,,,,,unmatched,,,
7855,Kozy Yak Brewery & Fresar Winery,Rosholt,WI,,Brewpub,,2020-02-07T00:00:00,confirmed_date,,not_recorded,,,,,unmatched,,,
7856,McZ’s Brew Pub,Rosholt,WI,,Brewpub,,2020-02-07T00:00:00,confirmed_date,,not_recorded,,,,,unmatched,,,
7857,Trap Rock Brewing Co.,Saint Croix Falls,WI,,Taproom,,2020-03-03T00:00:00,confirmed_date,,not_recorded,,,,,unmatched,,,
7858,St. Francis Brewing Company,Saint Francis,WI,,Brewpub,,,not_recorded,,not_recorded,,,,,unmatched,,,
7859,Vintage Brewing Co,Sauk City,WI,,Brewpub,,2019-11-13T00:00:00,confirmed_date,,not_recorded,,,,,unmatched,,,
7860,3 Sheeps Brewing Co,Sheboygan,WI,,Micro,,2020-03-03T00:00:00,confirmed_date,,not_recorded,,,,,unmatched,,,
7861,Sheboygan Beer Company,Sheboygan,WI,,Brewpub,,,not_recorded,,not_recorded,,,,,unmatched,,,
7862,Driftless Brewing Co,Soldiers Grove,WI,,Micro,,2020-03-03T00:00:00,confirmed_date,,not_recorded,,,,,unmatched,,,
7863,Oliphant Brewing,Somerset,WI,,Taproom,,,not_recorded,,not_recorded,,,,,unmatched,,,
7864,Round Man Brewing,Spooner,WI,,Brewpub,,,not_recorded,,not_recorded,,,,,unmatched,,,
7865,Stevens Point Brewery,Stevens Point,WI,,Regional,,2020-03-03T00:00:00,confirmed_date,,not_recorded,,,,,unmatched,,,
7866,Viking Brewpub,Stoughton,WI,,Brewpub,,,not_recorded,,not_recorded,,,,,unmatched,,,
7867,Bridge Up Brewing Company,Sturgeon Bay,WI,,Brewpub,,2020-02-07T00:00:00,confirmed_date,,not_recorded,,,,,unmatched,,,
7868,Starboard Brewing Co,Sturgeon Bay,WI,,Brewpub,,2020-04-11T00:00:00,confirmed_date,,not_recorded,,,,,unmatched,,,
7869,Full Mile Beer Company and Kitchen,Sun Prairie,WI,,Brewpub,,2020-02-07T00:00:00,confirmed_date,,not_recorded,,,,,unmatched,,,
7870,Right Bauer Brewing,Sun Prairie,WI,,Brewpub,,,not_recorded,,not_recorded,,,,,unmatched,,,
7871,Earth Rider Brewery,Superior,WI,,Taproom,,2020-03-03T00:00:00,confirmed_date,,not_recorded,,,,,unmatched,,,
7872,Thirsty Pagan Brewing Co,Superior,WI,,Brewpub,,2020-03-03T00:00:00,confirmed_date,,not_recorded,,,,,unmatched,,,
7873,Wisconsin Brewing Co,Verona,WI,,Regional,,2019-11-13T00:00:00,confirmed_date,,not_recorded,,,,,exact,wisconsin-brewing-co,content/breweries/wisconsin-brewing-co.md,
7874,Hop Haus Brewing Co,Verona,WI,,Brewpub,,2020-02-07T00:00:00,confirmed_date,,not_recorded,,,,,unmatched,,,
7875,South Shore Brewery - Washburn,Washburn,WI,,Micro,,,not_recorded,,not_recorded,,,,,unmatched,,,
7876,Hubbleton Brewing,Waterloo,WI,,Taproom,,,not_recorded,,not_recorded,,,,,unmatched,,,
7877,Fox Head Brewing LLC,Waukesha,WI,,Micro,,2020-03-03T00:00:00,confirmed_date,,not_recorded,,,,,unmatched,,,
7878,Raised Grain Brewing Company,Waukesha,WI,,Brewpub,,2020-03-03T00:00:00,confirmed_date,,not_recorded,,,,,unmatched,,,
7879,Raised Grain Brewing Company,Waukesha,WI,,Taproom,,,not_recorded,,not_recorded,,,,,unmatched,,,
7880,Drumlin Ridge Winery,Waunakee,WI,,,,2019-11-13T00:00:00,confirmed_date,,not_recorded,,,,,unmatched,,,
7881,Octopi Brewing / Untitled Art,Waunakee,WI,,Regional,,2019-11-27T00:00:00,confirmed_date,,not_recorded,,,,,unmatched,,,
7882,Parched Eagle Brewpub,Waunakee,WI,,Brewpub,yes,,not_recorded,,not_recorded,,,,,unmatched,,,
7883,The Lone Girl Brewing Company,Waunakee,WI,,Brewpub,,,not_recorded,,not_recorded,,,,,unmatched,,,
7884,22 Lakes Brewing Co.,Waupaca,WI,,Taproom,,2020-03-03T00:00:00,confirmed_date,,not_recorded,,,,,unmatched,,,
7885,H.H. Hinder Brewing Company,Waupaca,WI,,Taproom,,2020-04-11T00:00:00,confirmed_date,,not_recorded,,,,,unmatched,,,
7886,Great Dane Pub and Brewing Co- Wausau,Wausau,WI,,Brewpub,,2020-02-07T00:00:00,confirmed_date,,not_recorded,,,,,unmatched,,,
7887,Bull Falls Brewery LLC,Wausau,WI,,Micro,,2020-03-03T00:00:00,confirmed_date,,not_recorded,,,,,unmatched,,,
7888,Whitewater Music Hall,Wausau,WI,,Taproom,,2020-03-03T00:00:00,confirmed_date,,not_recorded,,,,,unmatched,,,
7889,Red Eye Brewing Co,Wausau,WI,,Brewpub,,,not_recorded,,not_recorded,,,,,unmatched,,,
7890,Stock House Brewing Co,Wauwatosa,WI,,Taproom,,2020-03-03T00:00:00,confirmed_date,,not_recorded,,,,,unmatched,,,
7891,Westallion Brewing Company,West Allis,WI,,Taproom,,2020-03-03T00:00:00,confirmed_date,,not_recorded,,,,,unmatched,,,
7892,West Bend Lithia Beer Co,West Bend,WI,,Contract,,2020-03-03T00:00:00,confirmed_date,,not_recorded,,,,,unmatched,,,
7893,Riverside Brewery &  Restaurant,West Bend,WI,,Brewpub,,2020-04-11T00:00:00,confirmed_date,,not_recorded,,,,,unmatched,,,
7894,Ffats Brewing Co - Production Only,Whitehall,WI,,Micro,,2020-04-11T00:00:00,confirmed_date,,not_recorded,,,,,unmatched,,,
7895,841 Brewhouse,Whitewater,WI,,Brewpub,,2019-08-29T00:00:00,confirmed_date,,not_recorded,,,,,unmatched,,,
7896,Second Salem Brewing Company,Whitewater,WI,,Brewpub,,2020-04-11T00:00:00,confirmed_date,,not_recorded,,,,,unmatched,,,
7897,Dave’s Brew Farm,Wilson,WI,,Taproom,,2020-03-03T00:00:00,confirmed_date,,not_recorded,,,,,unmatched,,,
7898,Port Huron Brewing Co,Wisconsin Dells,WI,,Micro,,2020-03-03T00:00:00,confirmed_date,,not_recorded,,,,,unmatched,,,
7899,Wisconsin Dells Brewing Company,Wisconsin Dells,WI,,Brewpub,,,not_recorded,,not_recorded,,,,,unmatched,,,
7900,Rocky Reef Brewing Company,Woodruff,WI,,Micro,,,not_recorded,,not_recorded,,,,,unmatched,,,
7901,Dynavap,,WI,,Vaporents,,yes,confirmed_yes,yes,confirmed_yes,,https://www.dynavap.com/,https://www.instagram.com/dynavap/,,exact,dynavap,content/breweries/dynavap.md,
7902,Dobra Zupas,Beckley,WV,,Brewpub,,2020-02-07T00:00:00,confirmed_date,,not_recorded,,,,,unmatched,,,
7903,Berkeley Springs Brewing Co,Berkeley Springs,WV,,Brewpub,,,not_recorded,,not_recorded,,,,,unmatched,,,
7904,Screech Owl Brewing,Bruceton Mills,WV,,Brewpub,,2019-10-26T00:00:00,confirmed_date,,not_recorded,,,,,unmatched,,,
7905,Abolitionist Ale Works,Charles Town,WV,,Brewpub,,2019-08-29T00:00:00,confirmed_date,yes,confirmed_yes,yes,,,,unmatched,,,
7906,Bad Shepherd Beer Company,Charleston,WV,,Brewpub,,2020-03-03T00:00:00,confirmed_date,,not_recorded,,,,,unmatched,,,
7907,Weathered Ground Brewery,Cool Ridge,WV,,Taproom,,2020-03-03T00:00:00,confirmed_date,,not_recorded,,,,,unmatched,,,
7908,Stumptown Ales,Davis,WV,,Taproom,,2020-03-03T00:00:00,confirmed_date,,not_recorded,,,,,unmatched,,,
7909,Brewstel,Elkins,WV,,Taproom,,2020-03-03T00:00:00,confirmed_date,,not_recorded,,,,,unmatched,,,
7910,Big Timber Brewing,Elkins,WV,,Micro,,,not_recorded,,not_recorded,,,,,unmatched,,,
7911,The Rambling Root,Fairmont,WV,,Brewpub,,2020-02-07T00:00:00,confirmed_date,,not_recorded,,,,,unmatched,,,
7912,The Freefolk Brewery,Fayetteville,WV,,Taproom,,2020-03-03T00:00:00,confirmed_date,,not_recorded,,,,,unmatched,,,
7913,Bridge Brew Works,Fayetteville,WV,,Micro,,2020-04-11T00:00:00,confirmed_date,,not_recorded,,,,,unmatched,,,
7914,The Peddler,Huntington,WV,,Brewpub,,2020-02-07T00:00:00,confirmed_date,,not_recorded,,,,,unmatched,,,
7915,Greenbrier Valley Brewing Co,Maxwelton,WV,,Micro,,2020-03-03T00:00:00,confirmed_date,,not_recorded,,,,,unmatched,,,
7916,Chestnut Brew Works,Morgantown,WV,,Micro,,2020-02-07T00:00:00,confirmed_date,,not_recorded,,,,,unmatched,,,
7917,Morgantown Brewing Company,Morgantown,WV,,Brewpub,,2020-02-07T00:00:00,confirmed_date,,not_recorded,,,,,unmatched,,,
7918,North End Tavern & Brewery,Parkersburg,WV,,Brewpub,,2020-02-07T00:00:00,confirmed_date,,not_recorded,,,,,unmatched,,,
7919,Parkersburg Brewing Co,Parkersburg,WV,,Brewpub,,2020-02-07T00:00:00,confirmed_date,,not_recorded,,,,,unmatched,,,
7920,Sophisticated Hound Brewing Company,Princeton,WV,,Brewpub,,2020-02-07T00:00:00,confirmed_date,,not_recorded,,,,,unmatched,,,
7921,Short Story Brewing,Rivesville,WV,,Brewpub,,2020-02-07T00:00:00,confirmed_date,,not_recorded,,,,,unmatched,,,
7922,Bavarian Brothers Brewing,Shepherdstown,WV,,Brewpub,,,not_recorded,,not_recorded,,,,,unmatched,,,
7923,Old Spruce Brewing,Snowshoe,WV,,Brewpub,,2020-04-11T00:00:00,confirmed_date,,not_recorded,,,,,unmatched,,,
7924,Banning’s Inc,Summersville,WV,,Micro,,2020-02-07T00:00:00,confirmed_date,,not_recorded,,,,,unmatched,,,
7925,High Ground Brewing,Terra Alta,WV,,Micro,,2020-02-07T00:00:00,confirmed_date,,not_recorded,,,,,unmatched,,,
7926,Mountain State Brewing Co,Thomas,WV,,Micro,,,not_recorded,,not_recorded,,,,,unmatched,,,
7927,Walton Mountain Brewing Company,Walton,WV,,Brewpub,,2020-02-07T00:00:00,confirmed_date,,not_recorded,,,,,unmatched,,,
7928,Wheeling Brewing Co,Wheeling,WV,,Brewpub,,2020-02-07T00:00:00,confirmed_date,,not_recorded,,,,,unmatched,,,
7929,Brew Keepers,Wheeling,WV,,Taproom,,2020-03-03T00:00:00,confirmed_date,,not_recorded,,,,,unmatched,,,
7930,Melvin Brewing,Alpine,WY,,Regional,,2019-10-26T00:00:00,confirmed_date,,not_recorded,,,,,unmatched,,,
7931,Skull Tree Brewing,Casper,WY,,Taproom,,2020-03-03T00:00:00,confirmed_date,,not_recorded,,,,,unmatched,,,
7932,Frontier Brewing Company and Taproom,Casper,WY,,Taproom,,,not_recorded,,not_recorded,,,,,unmatched,,,
7933,Gruner Brothers Brewing,Casper,WY,,Micro,,,not_recorded,,not_recorded,,,,,unmatched,,,
7934,Snowy Range Brewery,Centennial,WY,,Micro,,,not_recorded,,not_recorded,,,,,unmatched,,,
7935,Accomplice Beer Company,Cheyenne,WY,,Brewpub,,2019-08-29T00:00:00,confirmed_date,,not_recorded,,,,,unmatched,,,
7936,Danielmark’s Brewing Company,Cheyenne,WY,,Taproom,,2020-03-03T00:00:00,confirmed_date,,not_recorded,,,,,unmatched,,,
7937,Freedom’s Edge Brewing,Cheyenne,WY,,Taproom,,,not_recorded,,not_recorded,,,,,unmatched,,,
7938,Millstone Pizza Company and Brewery,Cody,WY,,Brewpub,,2020-02-07T00:00:00,confirmed_date,,not_recorded,,,,,unmatched,,,
7939,Pat O’Hara Brewing Company,Cody,WY,,Brewpub,,,not_recorded,,not_recorded,,,,,unmatched,,,
7940,HeadStrong Brewery,Douglas,WY,,Taproom,,2020-03-03T00:00:00,confirmed_date,,not_recorded,,,,,unmatched,,,
7941,Suds Brothers Brewery,Evanston,WY,,Brewpub,,2020-03-03T00:00:00,confirmed_date,,not_recorded,,,,,unmatched,,,
7942,Gillette Brewing Company,Gillette,WY,,Brewpub,,2020-04-11T00:00:00,confirmed_date,,not_recorded,,,,,unmatched,,,
7943,Big Lost Meadery and Brewery,Gillette,WY,,Taproom,,,not_recorded,,not_recorded,,,,,unmatched,,,
7944,Cowboy State Brewing,Glenrock,WY,,Micro,,,not_recorded,,not_recorded,,,,,unmatched,,,
7945,Melvin Brewing Co (Thai Me Up),Jackson,WY,,Micro,,2019-10-26T00:00:00,confirmed_date,,not_recorded,,,,,unmatched,,,
7946,Snake River Brewing Co,Jackson,WY,,Micro,,2020-03-03T00:00:00,confirmed_date,,not_recorded,,,,,unmatched,,,
7947,Roadhouse Brewing Company,Jackson,WY,,Micro,,2020-04-11T00:00:00,confirmed_date,,not_recorded,,,,,unmatched,,,
7948,StillWest Brewery & Grill,Jackson,WY,,Brewpub,,,not_recorded,,not_recorded,,,,,unmatched,,,
7949,Roadhouse Pub and Eatery,Jackson Hole,WY,,Brewpub,,,not_recorded,,not_recorded,,,,,unmatched,,,
7950,Lander Brewing Co,Lander,WY,,Brewpub,,,not_recorded,,not_recorded,,,,,unmatched,,,
7951,Coal Creek TAP,Laramie,WY,,Brewpub,,2020-02-07T00:00:00,confirmed_date,yes,confirmed_yes,,,,,unmatched,,,
7952,Altitude Chophouse and Brewery,Laramie,WY,,Brewpub,,2020-02-07T00:00:00,confirmed_date,,not_recorded,,,,,unmatched,,,
7953,Library Sports Grill and Brewery,Laramie,WY,,Brewpub,,2020-02-07T00:00:00,confirmed_date,,not_recorded,,,,,unmatched,,,
7954,Bond’s Brewing Company,Laramie,WY,,Taproom,,2020-03-03T00:00:00,confirmed_date,,not_recorded,,,,,unmatched,,,
7955,Wind River Brewing Co - WY,Pinedale,WY,,Taproom,,,not_recorded,,not_recorded,,,,,unmatched,,,
7956,WYOld West Brewing Company,Powell,WY,,Brewpub,,2020-02-07T00:00:00,confirmed_date,,not_recorded,,,,,unmatched,,,
7957,Bitter Creek Brewing Co,Rock Springs,WY,,Brewpub,,,not_recorded,,not_recorded,,,,,unmatched,,,
7958,Square State Brewing,Rock Springs,WY,,Taproom,,,not_recorded,,not_recorded,,,,,unmatched,,,
7959,Snowy Mountain Brewery,Saratoga,WY,,Brewpub,,2020-04-11T00:00:00,confirmed_date,,not_recorded,,,,,unmatched,,,
7960,Black Tooth Brewing Co,Sheridan,WY,,Micro,,2020-02-07T00:00:00,confirmed_date,,not_recorded,,,,,unmatched,,,
7961,Luminous Brewhouse,Sheridan,WY,,Brewpub,,2020-03-03T00:00:00,confirmed_date,,not_recorded,,,,,unmatched,,,
7962,Smith Alley Brewing Company,Sheridan,WY,,Brewpub,,2020-03-03T00:00:00,confirmed_date,,not_recorded,,,,,unmatched,,,
7963,Ten Sleep Brewing Company,Ten Sleep,WY,,Micro,,,not_recorded,,not_recorded,,,,,unmatched,,,
7964,One Eyed Buffalo Brewing Company LLC,Thermopolis,WY,,Brewpub,,,not_recorded,,not_recorded,,,,,unmatched,,,
7965,Brewdog DogWalk Brewery,Ellon,,UK,Brewery,yes,,not_recorded,,not_recorded,,,,,unmatched,,,
7966,Brewdog Overworks Tap Room,Ellon,,UK,,yes,,not_recorded,,not_recorded,,,,,unmatched,,,
7967,Craig Gilbert,,,,Artist,,yes,confirmed_yes,yes,confirmed_yes,,,https://www.instagram.com/that_craig_guy_13/,,unmatched,,,
7968,ink microblading,,,,Other,,yes,confirmed_yes,yes,confirmed_yes,,https://inkpermanent.com/,https://www.instagram.com/inkpermanentmakeup/,,unmatched,,,
7969,Mad River Distillers,,,,Distillery,,yes,confirmed_yes,yes,confirmed_yes,,https://www.madriverdistillers.com/,http://instagram.com/madriverdistillers,https://twitter.com/drinkmrd,unmatched,,,
7970,OM Vapors,,,,eCig,,yes,confirmed_yes,yes,confirmed_yes,,https://www.omvapors.com/,,,exact,om-vapors,content/breweries/om-vapors.md,
7971,simply elegant glass,,,,Other,,yes,confirmed_yes,yes,confirmed_yes,,,https://www.instagram.com/simplyelegantglass/,,unmatched,,,
7972,stattqualm_squape,,,,eCig,,yes,confirmed_yes,yes,confirmed_yes,,squape.com,https://www.instagram.com/stattqualm_squape/,,unmatched,,,
7973,ed's TNT,,,,,,,not_recorded,,not_recorded,,https://edstnt.com/,https://www.instagram.com/eds_tnt_/,,unmatched,,,
