page_id,section,title,city,state,zip,type,written,drew_one,source_rows
breweries/10-barrel-brewing-co-bend-pub,breweries,10 Barrel Brewing Co - Bend Pub,Bend,OR,97701,Largge,2020-03-03,Not recorded,5672
breweries/10-barrel-brewing-co-denver,breweries,10 Barrel Brewing Co - Denver,Denver,CO,80205,Largge,2020-03-03,Not recorded,1294
breweries/10-torr-distilling-and-brewing,breweries,10 Torr Distilling and Brewing,Reno,NV,89502,Micro,2019-08-29,Not recorded,4865
breweries/105-west-brewing-co,breweries,105 West Brewing Co,Castle Rock,CO,80109,Taproom,2019-08-29,Not recorded,1234
breweries/10k-brewing,breweries,10K Brewing,Anoka,MN,55303,Taproom,2019-08-29,Not recorded,3713
breweries/10th-district-brewing-company,breweries,10th District Brewing Company,Abington,MA,02351,Taproom,2020-04-11,Not recorded,2935
breweries/11-below-brewing-company,breweries,11 Below Brewing Company,Houston,TX,77066,Micro,2019-08-29,Not recorded,6755
breweries/1188-brewing-co,breweries,1188 Brewing Co,John Day,OR,97845,Brewpub,2019-08-29,Not recorded,5763
breweries/12-bones-brewing,breweries,12 Bones Brewing,Arden,NC,28704,Taproom,2019-08-29,Not recorded,4139
breweries/12-fox-beer-co,breweries,12 Fox Beer Co,Dripping Springs,TX,78620,Taproom,2019-08-29,Not recorded,6712
breweries/12-gates-brewing-company,breweries,12 Gates Brewing Company,Williamsville,NY,14221,Taproom,2019-08-29,Not recorded,5301
breweries/12-west-brewing-company,breweries,12 West Brewing Company,Gilbert,AZ,85296,Taproom,2019-08-29,Not recorded,152
breweries/12-west-brewing-company-production-facility,breweries,12 West Brewing Company - Production Facility,Mesa,AZ,85207,Micro,2019-08-29,Not recorded,169
breweries/127-brewing,breweries,127 Brewing,Jackson,MI,49201,Taproom,2019-08-29,Not recorded,3533
breweries/12degree-brewing,breweries,12Degree Brewing,Louisville,CO,80027,Brewpub,2019-08-29,Not recorded,1507
breweries/13-below-brewery,breweries,13 Below Brewery,Cincinnati,OH,45233,Taproom,2020-03-03,Not recorded,5357
breweries/13-stripes-brewery,breweries,13 Stripes Brewery,Taylors,SC,29687,Brewpub,2019-08-29,Not recorded,6448
breweries/13-virtues-brewing-co,breweries,13 Virtues Brewing Co,Portland,OR,97202,Taproom,2019-08-29,Yes,5810
breweries/13th-child-brewery,breweries,13th Child Brewery,Williamstown,NJ,08094,Micro,2019-08-29,Not recorded,4742
breweries/14-cannons-brewing-company,breweries,14 Cannons Brewing Company,Westlake Village,CA,91362,Taproom,2019-08-29,Not recorded,1157
breweries/1487-brewery,breweries,1487 Brewery,Alexandria,OH,43001,Proprietor,2019-08-29,Not recorded,5316
breweries/14er-brewing-company,breweries,14er Brewing Company,Denver,CO,80205,Micro,2019-08-29,Not recorded,1282
breweries/14th-star-brewing,breweries,14th Star Brewing,Saint Albans,VT,05478,Micro,2019-08-29,Not recorded,7250
breweries/15-24-brew-house,breweries,15-24 Brew House,Clay Center,KS,67432,Brewpub,2019-08-29,Not recorded,2779
breweries/16-lots-brewing,breweries,16 Lots Brewing,Mason,OH,45040,Brewpub,2019-10-26,Not recorded,5520
breweries/1623-brewing-co-llc,breweries,"1623 Brewing CO, llc",Westminister,MD,21157,Proprietor,2019-08-29,Not recorded,3208
breweries/1717-brewing-co,breweries,1717 Brewing Co,Des Moines,IA,50309,Taproom,2020-02-01,Not recorded,2211
breweries/1781-brewing-company,breweries,1781 Brewing Company,Spotsylvania,VA,22553,Taproom,2019-08-29,Not recorded,7155
breweries/1787-brewing-company,breweries,1787 Brewing Company,Hamburg,PA,19526,Brewpub,yes,Yes,6083
breweries/1812-brewery,breweries,1812 Brewery,Cumberland,MD,21502,Taproom,2019-08-29,Not recorded,3146
breweries/1817-brewery,breweries,1817 Brewery,okolona,MS,38860,Micro,2019-08-29,Not recorded,4034
breweries/1840-brewing-company,breweries,1840 Brewing Company,Milwaukee,WI,53207,Taproom,2020-04-11,Not recorded,7810
breweries/1849-brewing-company,breweries,1849 Brewing Company,Grass Valley,CA,95945,Brewpub,2019-08-29,Yes,466
breweries/1850-brewing-company,breweries,1850 Brewing Company,Mariposa,CA,95338,Micro,2019-08-29,Not recorded,598
breweries/1905-brewing-company,breweries,1905 Brewing Company,Assumption,IL,62510,Brewpub,2019-08-29,Not recorded,2331
breweries/192-brewing,breweries,192 Brewing,Kenmore,WA,98028,Taproom,2020-03-03,Yes,7377
breweries/1940s-brewing-company,breweries,1940’s Brewing Company,Holbrook,NY,11741,Taproom,2019-08-29,Not recorded,5077
breweries/1st-republic-brewing-co,breweries,1st Republic Brewing Co,Essex Junction,VT,05452,Micro,2020-02-07,Not recorded,7229
breweries/2-doors-down-brewing,breweries,2 Doors Down Brewing,Clinton,IL,61727,Taproom,2020-03-03,Not recorded,2422
breweries/2-feet-brewing-company,breweries,2 Feet Brewing Company,Bangor,ME,04401,Brewpub,2019-04-20,Not recorded,3218
breweries/2-row-brewing,breweries,2 Row Brewing,Midvale,UT,84047,Micro,2020-02-07,Not recorded,6905
breweries/2-silos-brewing-company,breweries,2 Silos Brewing Company,Manassas,VA,20109,Brewpub,2020-04-11,Not recorded,7076
breweries/2-tones-brewing-co,breweries,2 Tones Brewing Co.,Columbus,OH,43213,Micro,2020-04-11,Not recorded,5441
breweries/207-beer-company,breweries,207 Beer Company,Brewer,ME,04412,Taproom,2020-03-03,Not recorded,3240
breweries/210-brewing-co,breweries,210 Brewing Co,Arlington,WA,98223,Brewpub,2020-03-03,Not recorded,7279
breweries/212-brewing-company,breweries,212 Brewing Company,Wilton,CT,06897,Contract,2020-03-03,Not recorded,1690
breweries/217-brew-works,breweries,217 Brew Works,Wilson,NC,27893,Taproom,2020-03-03,Not recorded,4446
breweries/21st-amendment-brewery,breweries,21st Amendment Brewery,San Leandro,CA,94577,Regional,2020-03-03,Not recorded,956
breweries/21st-amendment-brewery-cafe,breweries,21st Amendment Brewery Cafe,San Francisco,CA,94107,Brewpub,2020-04-11,Not recorded,914
breweries/22-lakes-brewing-co,breweries,22 Lakes Brewing Co.,Waupaca,WI,54981,Taproom,2020-03-03,Not recorded,7884
breweries/22-northmen-brewing-company,breweries,22 Northmen Brewing Company,Alexandria,MN,56308,Brewpub,2020-02-07,Not recorded,3710
breweries/238-brewing-company,breweries,238 Brewing Company,Mead,WA,99021,Taproom,2020-03-03,Not recorded,7412
breweries/2c-family-brewing-co,breweries,2C Family Brewing Co.,Nampa,ID,83651,Taproom,2020-02-01,Not recorded,2305
breweries/2kids-brewing-company,breweries,2Kids Brewing Company,San Diego,CA,92126,Taproom,2020-04-11,Not recorded,849
breweries/2nd-act-beer,breweries,2nd Act Beer,Dover,NJ,07801,Contract,2020-03-03,Not recorded,4647
breweries/2nd-bridge-brewing-co,breweries,2nd Bridge Brewing Co,Manchester,CT,06042,Taproom,2020-03-03,Not recorded,1630
breweries/2nd-shift-brewing-co,breweries,2nd Shift Brewing Co,Saint Louis,MO,63110,Micro,2020-04-11,Not recorded,3990
breweries/2sp-brewing-company,breweries,2SP Brewing Company,Aston,PA,19014,Micro,2020-03-03,Not recorded,5961
breweries/3-daughters-brewing,breweries,3 Daughters Brewing,Saint Petersburg,FL,33712,Regional,2020-03-03,Not recorded,1960
breweries/3-disciples-brewing,breweries,3 Disciples Brewing,Santa Rosa,CA,95401,Proprietor,2020-03-03,Not recorded,1013
breweries/3-freaks-brewing-co,breweries,3 Freaks Brewing Co,Highlands Ranch,CO,80126,Taproom,2020-04-11,Not recorded,1463
breweries/3-sheeps-brewing-co,breweries,3 Sheeps Brewing Co,Sheboygan,WI,53083,Micro,2020-03-03,Not recorded,7860
breweries/3-sheets-brewery,breweries,3 Sheets Brewery,Albany,OR,97321,Taproom,2020-03-03,Not recorded,5650
breweries/3-sons-brewing-co,breweries,3 Sons Brewing Co.,Dania Beach,FL,33004,Taproom,2020-03-03,Not recorded,1774
breweries/3rd-act-craft-brewery,breweries,3rd Act Craft Brewery,Woodbury,MN,55129,Taproom,2020-04-11,Not recorded,3895
breweries/3rd-degree-brewhouse,breweries,3rd Degree Brewhouse,Fuquay Varina,NC,27526,Micro,2020-04-11,Not recorded,4282
breweries/3rd-planet-brewing,breweries,3rd Planet Brewing,Niceville,FL,32578,Micro,2020-02-07,Not recorded,1897
breweries/3rd-turn-oldham-gardens,breweries,3rd Turn Oldham Gardens,Crestwood,KY,40014,Taproom,2020-03-03,Not recorded,2838
breweries/4-hands-brewing-co,breweries,4 Hands Brewing Co,Saint Louis,MO,63104,Regional,2019-11-27,Not recorded,3978
breweries/4-noses-brewing-company,breweries,4 Noses Brewing Company,Broomfield,CO,80021,Micro,2020-03-03,Not recorded,1225
breweries/405-brewing-co,breweries,(405) Brewing Co,Norman,OK,73069,Taproom,yes,Yes,5616
breweries/412-brews,breweries,412 Brews,Pittsburgh,PA,15233,Micro,2020-04-11,Not recorded,6242
breweries/4204-main-street-brewing-co,breweries,4204 Main Street Brewing Co,Belleville,IL,62223,Brewpub,2019-11-27,Not recorded,2335
breweries/450-north-brewing-company-simmons-winery,breweries,450 North Brewing Company @ Simmons Winery,Columbus,IN,47203,Brewpub,2020-02-07,Not recorded,2617
breweries/47-hills-brewing-co,breweries,47 Hills Brewing Co,South San Francisco,CA,94080,Brewpub,2020-02-07,Not recorded,1053
breweries/49th-state-brewing-co,breweries,49th State Brewing Co,Anchorage,AK,99501,Brewpub,2019-11-03,Not recorded,3
breweries/49th-state-brewing-co-anchorage,breweries,49th State Brewing Co - Anchorage,Anchorage,AK,99501,Brewpub,2019-11-03,Not recorded,4
breweries/4j-brewing-company,breweries,4J Brewing Company,Houston,TX,77055,Brewpub,2019-11-27,Not recorded,6757
breweries/4kd-crick-brewery,breweries,4kd Crick Brewery,Defiance,OH,43512,Brewpub,2020-03-03,Not recorded,5470
breweries/4th-tap-brewing-cooperative,breweries,4th Tap Brewing Cooperative,Austin,TX,78758,Micro,2019-11-27,Not recorded,6609
breweries/5-alarm-brewing-co,breweries,5 Alarm Brewing Co,Lake Mills,IA,50450,Taproom,2020-02-01,Not recorded,2230
breweries/5-lakes-brewing-co,breweries,5 Lakes Brewing Co.,Dorr,MI,49323,Brewpub,2020-04-11,Not recorded,3442
breweries/5-rabbit-cerveceria-inc,breweries,5 Rabbit Cerveceria Inc,Chicago,IL,60638,Micro,2020-03-03,Not recorded,2370
breweries/5-rights-brewing-co,breweries,5 Rights Brewing Co,Marysville,WA,98270,Micro,2020-04-11,Not recorded,7409
breweries/5-seasons-brewing-co,breweries,5 Seasons Brewing Co,Atlanta,GA,30318,Brewpub,2020-03-03,Not recorded,2057
breweries/5-stones-artisan-brewery,breweries,5 Stones Artisan Brewery,New Braunfels,TX,78132,Micro,2020-04-11,Not recorded,6816
breweries/512-brewing-co,breweries,(512) Brewing Co,Austin,TX,78745,Micro,2019-08-29,Not recorded,6605
breweries/515-brewing-co,breweries,515 Brewing Co,Clive,IA,50325,Taproom,2019-04-20,Not recorded,2193
breweries/5150-brewery-at-the-brass-tap-rocklin,breweries,5150 Brewery At The Brass Tap Rocklin,Rocklin,CA,95677,Brewpub,2020-03-03,Not recorded,770
breweries/51st-ward-beer-company,breweries,51st Ward Beer Company,Westmont,IL,60559,Contract,2020-03-03,Not recorded,2578
breweries/54-40-brewing-company,breweries,54-40 Brewing Company,Washougal,WA,98671,Brewpub,2020-04-11,Not recorded,7645
breweries/550-brewing,breweries,550 Brewing,Aztec,NM,87410,Brewpub,2020-04-11,Not recorded,4787
breweries/559-local-brewing,breweries,559 Local Brewing,Clovis,CA,93612,Micro,2020-03-03,Not recorded,372
breweries/56-brewing,breweries,56 Brewing,Minneapolis,MN,55418,Micro,2020-02-07,Not recorded,3780
breweries/5770-brewery,breweries,5770 Brewery,Teutopolis,IL,62467,Micro,2020-02-07,Not recorded,2562
breweries/5ive-cities-brewing,breweries,5ive Cities Brewing,Bettendorf,IA,52722,Taproom,2020-02-01,Not recorded,2171
breweries/6-bears-and-a-goat-brewing-company-llc,breweries,"6 Bears & A Goat Brewing Company, LLC",Fredericksburg,VA,22406,Brewpub,2019-10-29,Not recorded,7030
breweries/603-brewery,breweries,603 Brewery,Londonderry,NH,03053,Micro,2020-03-03,Not recorded,4567
breweries/612-brew,breweries,612 Brew,Minneapolis,MN,55413,Micro,2020-03-03,Not recorded,3783
breweries/6a-brewing-company,breweries,6A Brewing Company,East Sandwich,MA,02537,Micro,2020-02-01,Not recorded,2974
breweries/6th-and-la-brea,breweries,6th and La Brea,Los Angeles,CA,90036,Brewpub,2020-02-07,Not recorded,564
breweries/7-clans-brewing,breweries,7 Clans Brewing,Canton,NC,28786,Contract,2020-03-03,Not recorded,4194
breweries/7-locks-brewing,breweries,7 Locks Brewing,Rockville,MD,20852,Micro,2020-03-03,Not recorded,3194
breweries/7-mile-brewery,breweries,7 Mile Brewery,Rio Grande,NJ,08242,Taproom,2020-04-11,Not recorded,4724
breweries/7-pour-0-brewery,breweries,7 Pour 0 Brewery,Portsmouth,OH,45662,Micro,2019-11-27,Not recorded,5559
breweries/73-and-main-restaurant-and-brewery,breweries,73 & Main Restaurant and Brewery,Mount Pleasant,NC,28124,Brewpub,2020-04-11,Not recorded,4356
breweries/7th-wave-brewing,breweries,7th Wave Brewing,Medfield,MA,02052,Taproom,2020-03-03,Not recorded,3032
breweries/7venth-sun-brewery,breweries,7venth Sun Brewery,TAMPA,FL,33604,Taproom,2020-03-03,Not recorded,2003
breweries/8-bit-aleworks,breweries,8-Bit Aleworks,Avondale,AZ,85323,Taproom,2019-08-29,Not recorded,128
breweries/8-bit-brewing-company,breweries,8 Bit Brewing Company,Murrieta,CA,92562,Brewpub,2019-08-29,Not recorded,629
breweries/81bay-brewing-company,breweries,81Bay Brewing Company,Tampa,FL,33611,Taproom,2019-08-29,Not recorded,1999
breweries/841-brewhouse,breweries,841 Brewhouse,Whitewater,WI,53190,Brewpub,2019-08-29,Not recorded,7895
breweries/8one8-brewing-llc,breweries,"8one8 Brewing, LLC",Canoga Park,CA,91304,Taproom,2019-08-29,Not recorded,340
breweries/8th-wonder-brewery,breweries,8th Wonder Brewery,Houston,TX,77003,Micro,2019-08-29,Yes,6754
breweries/903-brewers,breweries,903 Brewers,Sherman,TX,75090,Brewpub,2019-08-29,Not recorded,6874
breweries/927-beer-company,breweries,927 Beer Company,Cambria,CA,93428,Taproom,2019-08-29,Not recorded,335
breweries/a-few-old-goats-brewing,breweries,A Few Old Goats Brewing,Roanoke,VA,24016,Taproom,2019-08-29,Not recorded,7139
breweries/a-homestead-brew,breweries,A Homestead Brew,Valley Springs,SD,57068,Taproom,2019-08-29,Not recorded,6476
breweries/a-little-madness-brewing-company,breweries,A Little Madness Brewing Company,Pensacola,FL,32514,Taproom,2019-08-29,Not recorded,1935
breweries/aardwolf-brewing-company,breweries,Aardwolf Brewing Company,Jacksonville,FL,32207,Micro,2019-08-29,Not recorded,1823
breweries/abandon-brewing,breweries,Abandon Brewing,Penn Yan,NY,14527,Taproom,2019-08-29,Not recorded,5181
breweries/abandoned-building-brewery,breweries,Abandoned Building Brewery,Easthampton,MA,01027,Micro,2019-08-29,Not recorded,2975
breweries/aberrant-ales,breweries,Aberrant Ales,Howell,MI,48843,Taproom,2019-08-29,Not recorded,3524
breweries/abettor-brewing-company,breweries,Abettor Brewing Company,Winchester,KY,40391,Taproom,2019-08-29,Not recorded,2896
breweries/abide-brewing-company,breweries,Abide Brewing Company,Newnan,GA,30263,Micro,2019-08-29,Not recorded,2118
breweries/abita-brewing-co,breweries,Abita Brewing Co,Covington,LA,70433,Regional,2019-08-29,Not recorded,2904
breweries/abjuration-brewing,breweries,Abjuration Brewing,Mc Kees Rocks,PA,15136,Taproom,2019-08-29,Not recorded,6157
breweries/able-baker-brewing,breweries,Able Baker Brewing,Las Vegas,NV,89104,Brewpub,2019-08-29,Not recorded,4851
breweries/able-ebenezer-brewing-company,breweries,Able Ebenezer Brewing Company,Merrimack,NH,03054,Taproom,2019-08-29,Yes,4578
breweries/able-seedhouse-and-brewery,breweries,Able Seedhouse and Brewery,Minneapolis,MN,55413,Micro,2019-08-29,Yes,3778
breweries/abners-restaurant-inc-northern-michigan-beer,breweries,Abner’s Restaurant Inc / Northern Michigan Beer,Brohman,MI,49312,Brewpub,2019-08-29,Not recorded,3391
breweries/abnormal-beer-company,breweries,Abnormal Beer Company,San Diego,CA,92127,Micro,2019-08-29,Yes,812
breweries/abolitionist-ale-works,breweries,Abolitionist Ale Works,Charles Town,WV,25414,Brewpub,2019-08-29,Yes,7905
breweries/abridged-beer-company,breweries,Abridged Beer Company,Knoxville,TN,37919,Brewpub,2019-08-29,Not recorded,6527
breweries/absolution-brewing-co,breweries,Absolution Brewing Co,Torrance,CA,90503,Micro,2019-08-29,Not recorded,1082
breweries/acclamation-brewing,breweries,Acclamation Brewing,Verona,PA,15147,Planning,2019-08-29,Not recorded,6304
breweries/accomplice-beer-company,breweries,Accomplice Beer Company,Cheyenne,WY,82001,Brewpub,2019-08-29,Not recorded,7935
breweries/acidulous-brewing-company,breweries,Acidulous Brewing Company,Littleton,CO,80128,Contract,2019-08-29,Not recorded,1485
breweries/acopon-brewing-co,breweries,Acopon Brewing Co,Dripping Springs,TX,78620,Taproom,2019-08-29,Not recorded,6713
breweries/acorn-brewing,breweries,Acorn Brewing,edgewood,WA,98371,Brewpub,2019-08-29,Not recorded,7351
breweries/acrospire-brewing-llc,breweries,"Acrospire Brewing, LLC",Glenshaw,PA,15116,Planning,2019-08-29,Not recorded,6077
other-places/adam-robertson,other-places,Adam Robertson,Murfreesboro,TN,37129-1444,,2019-12-08,Not recorded,6555
breweries/adamant-brewing-and-blending,breweries,Adamant Brewing and Blending,Boulder,CO,80302,Micro,2019-08-29,Not recorded,1197
breweries/adams-northwest-bistro-twin-rivers-brewing,breweries,Adam’s Northwest Bistro / Twin Rivers Brewing,Monroe,WA,98272,Brewpub,2019-08-29,Not recorded,7415
breweries/adams-street-brewery,breweries,Adams Street Brewery,Chicago,IL,60603,Brewpub,2019-08-29,Not recorded,2359
breweries/adelberts-brewery-llc,breweries,Adelbert’s Brewery LLC,Austin,TX,78758,Micro,2019-08-29,Not recorded,6606
breweries/adirondack-pub-and-brewery,breweries,Adirondack Pub and Brewery,Lake George,NY,12845,Micro,2019-08-29,Not recorded,5102
breweries/adirondack-toboggan-company-microbrewery,breweries,Adirondack Toboggan Company Microbrewery,Gouverneur,NY,13642,Micro,2019-08-29,Not recorded,5057
breweries/admerk-corp-inc,breweries,AdMerk Corp. Inc.,Washington,DC,20001,Contract,2019-08-29,Not recorded,1696
breweries/admiral-maltings,breweries,Admiral Maltings,San Francisco,CA,94105,Proprietor,2019-08-29,Not recorded,899
breweries/adobe-creek-brewing-company,breweries,Adobe Creek Brewing Company,Novato,CA,94949,Taproom,2019-08-29,Not recorded,652
breweries/adroit-theory-brewing-company,breweries,Adroit Theory Brewing Company,Purcellville,VA,20132,Micro,2019-08-29,Not recorded,7105
breweries/adventurous-brewing,breweries,Adventurous Brewing,Bettendorf,IA,52722,Micro,2019-08-29,Not recorded,2170
breweries/aero-plains-brewing,breweries,Aero Plains Brewing,Wichita,KS,67203,Micro,2019-08-29,Not recorded,2820
breweries/aeronaut-brewing-company,breweries,Aeronaut Brewing Company,Somerville,MA,02143,Taproom,2019-08-29,Not recorded,3065
breweries/aftershock-brewing-company,breweries,Aftershock Brewing Company,Temecula,CA,92590,Taproom,2019-08-29,Not recorded,1069
breweries/afterthought-brewing-company,breweries,Afterthought Brewing Company,Lombard,IL,60148,Micro,2019-08-29,Not recorded,2488
breweries/against-the-grain-brewery,breweries,Against the Grain Brewery,Louisville,KY,40202,Micro,2019-08-29,Not recorded,2864
breweries/against-the-grain-production-facility,breweries,Against the Grain Production Facility,Louisville,KY,40203,Micro,2019-08-29,Not recorded,2865
breweries/agape-beer-company-llc,breweries,Agape Beer Company LLC,Gloucester,MA,01930,Micro,2019-08-29,Not recorded,2996
breweries/ahnapee-brewery,breweries,Ahnapee Brewery,Algoma,WI,54201,Micro,2019-08-29,Not recorded,7677
breweries/aiken-brewing-co,breweries,Aiken Brewing Co,Aiken,SC,29801,Brewpub,2019-08-29,Not recorded,6365
breweries/airways-brewing-co,breweries,Airways Brewing Co,Kent,WA,98031,Taproom,2019-08-29,Not recorded,7381
breweries/aisle-5,breweries,Aisle 5,Oakland,CA,94610,Brewpub,2019-08-29,Not recorded,657
breweries/aistear-brewing,breweries,Aistear Brewing,Bowling Green,OH,43402,Planning,2019-08-29,Not recorded,5334
breweries/akademia-brewing-company,breweries,Akademia Brewing Company,Athens,GA,30606,Brewpub,2019-08-29,Not recorded,2052
breweries/akronym-brewing-llc,breweries,Akronym Brewing LLC,Akron,OH,44308,Micro,2019-08-29,Not recorded,5304
breweries/akwesasne-mohawk-casino-resort,breweries,Akwesasne Mohawk Casino Resort,Akwesasne,NY,13655,Micro,2019-08-29,Not recorded,4890
breweries/al-ringling-brewing-co,breweries,Al. Ringling Brewing Co.,Baraboo,WI,53913,Planning,2019-08-29,Not recorded,7691
breweries/alameda-island-brewing-company,breweries,Alameda Island Brewing Company,Alameda,CA,94501,Micro,2019-08-29,Not recorded,255
breweries/alamo-beer-co,breweries,Alamo Beer Co,San Antonio,TX,78202,Micro,2019-08-29,Not recorded,6850
breweries/alan-carmash-llc,breweries,"Alan Carmash, LLC",Troy,MI,48098,Planning,2019-08-29,Not recorded,3687
breweries/alarmist-brewing,breweries,Alarmist Brewing,Chicago,IL,60646,Taproom,2019-08-29,Not recorded,2360
breweries/alaro-craft-brewery,breweries,Alaro Craft Brewery,Sacramento,CA,95811,Brewpub,2019-08-29,Not recorded,783
breweries/albia-brewing-co,breweries,Albia Brewing Co,Albia,IA,52531,Brewpub,2019-08-29,Not recorded,2162
breweries/albion-malleable-brewing-company,breweries,Albion Malleable Brewing Company,Albion,MI,49224,Taproom,2019-08-29,Not recorded,3353
breweries/albright-grove-brewing-company,breweries,Albright Grove Brewing Company,Knoxville,TN,37919,Taproom,2019-08-29,Not recorded,6528
breweries/alcatraz-brewing,breweries,Alcatraz Brewing,Palm Coast,FL,32137,Micro,2019-08-29,Not recorded,1926
breweries/alcazar-brewery-llc,breweries,"Alcazar Brewery, LLC.",Rio Grande City,TX,78582,Planning,2019-08-29,Not recorded,6836
breweries/alchemist-cannery,breweries,Alchemist Cannery,Waterbury,VT,05676,Regional,2019-08-29,Not recorded,7264
breweries/aldus-brewing-company,breweries,Aldus Brewing Company,Hanover,PA,17331,Taproom,2019-08-29,Not recorded,6084
breweries/ale-asylum,breweries,Ale Asylum,Madison,WI,53704,Regional,2019-08-29,Not recorded,7765
breweries/ale-industries,breweries,Ale Industries,Oakland,CA,94601,Micro,2019-08-29,Not recorded,658
breweries/ale-republic,breweries,Ale Republic,Cedar Crest,NM,87008,Brewpub,2019-08-29,Not recorded,4793
breweries/ale-spike,breweries,Ale Spike,Apo,AE,98282,Micro,2019-08-29,Not recorded,2
breweries/alebird-taphouse-and-brewery,breweries,Alebird Taphouse and Brewery,Byron Center,MI,49315,Brewpub,2019-08-29,Not recorded,3395
breweries/alecraft-brewery,breweries,AleCraft Brewery,Bel Air,MD,21014,Taproom,2019-08-29,Not recorded,3131
breweries/aleman-brewing,breweries,Aleman Brewing,Chicago,IL,60641,Micro,2019-08-29,Not recorded,2361
breweries/alematic-artisan-ales,breweries,Alematic Artisan Ales,Huber Heights,OH,45424,Taproom,2019-08-29,Not recorded,5495
breweries/alesatian-brewing-co,breweries,Alesatian Brewing Co.,Winchester,VA,22601,Brewpub,2019-08-29,Not recorded,7198
breweries/alesmith-brewing-co,breweries,AleSmith Brewing Co,San Diego,CA,92126,Regional,2019-08-29,Not recorded,814
breweries/alesong-brewing-and-blending,breweries,Alesong Brewing and Blending,Eugene,OR,97402,Micro,2019-08-29,Not recorded,5719
breweries/alesong-brewing-and-tasting-room,breweries,Alesong Brewing and Tasting Room,Eugene,OR,97402,Micro,2019-08-29,Not recorded,5720
breweries/alewerks-brewing-company,breweries,Alewerks Brewing Company,Williamsburg,VA,23188,Micro,2019-08-29,Not recorded,7191
breweries/alewife-brewing-company,breweries,Alewife Brewing Company,Long Island City,NY,11101,Brewpub,2019-08-29,Not recorded,5116
breweries/alexandria-brewing-company,breweries,Alexandria Brewing Company,Alexandria,KY,41001,Brewpub,2019-08-29,Not recorded,2832
breweries/alibi-ale-works,breweries,Alibi Ale Works,Incline Village,NV,89451,Taproom,2019-08-29,Not recorded,4850
breweries/alibi-ale-works-truckee,breweries,Alibi Ale Works - Truckee,Truckee,CA,96161,Brewpub,2019-08-29,Not recorded,1093
breweries/alien-brewpub,breweries,Alien Brewpub,Albuquerque,NM,87110,Brewpub,2019-08-29,Not recorded,4747
breweries/align-brewing-co,breweries,Align Brewing Co,San Diego,CA,92126,Taproom,2019-08-29,Not recorded,815
breweries/all-american-brew-works,breweries,All-American Brew Works,Anaheim,CA,92807,Taproom,2019-08-29,Not recorded,262
breweries/all-rise-brewing-co,breweries,All Rise Brewing Co,Chicago,IL,60607,Brewpub,2019-08-29,Not recorded,2362
breweries/all-saints-brewing-co,breweries,All Saints Brewing Co,Greensburg,PA,15601,Taproom,2019-08-29,Not recorded,6080
breweries/all-sevens-brewing,breweries,All Sevens Brewing,Asheville,NC,28806,Brewpub,2019-08-29,Not recorded,4144
breweries/allagash-brewing-co,breweries,Allagash Brewing Co,Portland,ME,04103,Regional,2019-11-13,Not recorded,3300
breweries/alloy-brewing-company,breweries,Alloy Brewing Company,Coon Rapids,MN,55433,Taproom,2020-04-11,Not recorded,3731
breweries/alluvial-brewing-company,breweries,Alluvial Brewing Company,Ames,IA,50014,Taproom,2020-02-01,Not recorded,2165
breweries/alma-mader-brewing,breweries,Alma Mader Brewing,Kansas City,MO,64108,Taproom,2020-03-03,Not recorded,3929
breweries/almanac-beer-company,breweries,Almanac Beer Company,Alameda,CA,94501,Micro,2020-04-11,Not recorded,256
breweries/aloha-beer-co,breweries,Aloha Beer Co,Honolulu,HI,96813,Taproom,2020-02-01,Not recorded,2146
breweries/alpha-acid-brewing-co,breweries,Alpha Acid Brewing Co,Belmont,CA,94002,Taproom,2020-03-03,Not recorded,302
breweries/alpha-michigan-brewing-company,breweries,Alpha Michigan Brewing Company,Alpha,MI,49902,Taproom,2020-03-03,Not recorded,3358
breweries/alphabet-city-brewing-co,breweries,Alphabet City Brewing Co,New York,NY,10009,Contract,2020-03-03,Not recorded,5145
breweries/alpine-brewing-co,breweries,Alpine Brewing Co,Oroville,WA,98844,Taproom,2020-03-03,Not recorded,7438
breweries/alt-brew-greenview-brewing-llc,breweries,ALT Brew / Greenview Brewing LLC,Madison,WI,53704,Micro,2020-04-11,Yes,7763
breweries/altitude-chophouse-and-brewery,breweries,Altitude Chophouse and Brewery,Laramie,WY,82070,Brewpub,2020-02-07,Not recorded,7952
breweries/altruist-brewing-company,breweries,Altruist Brewing Company,Sturbridge,MA,01518,Taproom,2020-03-03,Not recorded,3077
breweries/alulu-brew-pub,breweries,ALULU Brew Pub,Chicago,IL,60608,Brewpub,2020-04-11,Not recorded,2388
breweries/alvarado-street-brewery,breweries,Alvarado Street Brewery,Salinas,CA,93901,Micro,2020-03-03,Not recorded,804
breweries/alvarado-street-brewery-and-grill,breweries,Alvarado Street Brewery & Grill,Monterey,CA,93940,Brewpub,2020-02-07,Not recorded,620
breweries/alvarium-beer-company,breweries,Alvarium Beer Company,New Britain,CT,06051,Taproom,2020-04-11,Not recorded,1642
breweries/amador-brewing-company,breweries,Amador Brewing Company,Plymouth,CA,95669,Taproom,2020-03-03,Not recorded,725
breweries/amalgam-brewing,breweries,Amalgam Brewing,Denver,CO,80221,Proprietor,2020-03-03,Not recorded,1295
breweries/ambler-beer-company,breweries,Ambler Beer Company,Ambler,PA,19002,Taproom,2020-03-03,Not recorded,5954
breweries/amelia-island-brewing-company,breweries,Amelia Island Brewing Company,Fernandina Beach,FL,32034,Brewpub,2020-03-03,Not recorded,1792
breweries/american-badass-beer,breweries,American Badass Beer,Detroit,MI,48216,Contract,2020-02-07,Not recorded,3430
breweries/american-craft-aleworks,breweries,American Craft Aleworks,West Palm Beach,FL,33401,Brewpub,2020-04-11,Not recorded,2034
breweries/american-honor-beer-co,breweries,American Honor Beer Co,Wilkes Barre,PA,18705,Contract,2020-03-03,Not recorded,6314
breweries/american-icon-brewery,breweries,American Icon Brewery,Vero Beach,FL,32960,Brewpub,2020-04-11,Not recorded,2029
breweries/amity-ales-brewpub-and-eatery,breweries,Amity Ales Brewpub and Eatery,Amityville,NY,11701,Brewpub,2020-03-03,Not recorded,4896
breweries/amor-artis-brewing,breweries,Amor Artis Brewing,Fort Mill,SC,29715,Taproom,2020-04-11,Not recorded,6401
breweries/amplified-ale-works-miramar-studio,breweries,Amplified Ale Works Miramar Studio,San Diego,CA,92121,Brewpub,2020-03-03,Not recorded,830
breweries/amruth-brewery,breweries,Amruth Brewery,Pottstown,PA,19464,Brewpub,2020-04-11,Not recorded,6262
breweries/anacapa-brewing-co,breweries,Anacapa Brewing Co,Ventura,CA,93001,Brewpub,2020-04-11,Not recorded,1122
breweries/ancestry-brewery,breweries,Ancestry Brewery,Tualatin,OR,97062,Brewpub,2020-04-11,Not recorded,5939
breweries/anchor-brewing-co,breweries,Anchor Brewing Co.,San Francisco,CA,94107,Largge,12/20.2019,Not recorded,924
breweries/anchorage-brewing-co,breweries,Anchorage Brewing Co,Anchorage,AK,99515,Micro,2019-11-03,Not recorded,5
breweries/ancient-city-brewing-co,breweries,Ancient City Brewing Co.,Saint Augustine,FL,32092,Micro,2020-03-03,Not recorded,1956
breweries/anderson-valley-brewing-co,breweries,Anderson Valley Brewing Co,Boonville,CA,95415,Regional,2020-03-03,Not recorded,318
breweries/andrews-brewing-co,breweries,Andrews Brewing Co,Lincolnville,ME,04849,Micro,2020-03-03,Not recorded,3278
breweries/angel-city-brewery,breweries,Angel City Brewery,Los Angeles,CA,90012,Micro,2020-04-11,Not recorded,578
breweries/angry-chair-brewing-llc,breweries,"Angry Chair Brewing, LLC.",Tampa,FL,33604,Taproom,2020-03-03,Not recorded,2004
breweries/angry-fish-brewing-company,breweries,Angry Fish Brewing Company,Lexington,SC,29072,Taproom,2020-03-03,Not recorded,6421
breweries/angry-horse-brewing,breweries,Angry Horse Brewing,Montebello,CA,90640,Taproom,2020-03-03,Not recorded,619
breweries/angry-inch-brewing,breweries,Angry Inch Brewing,Lakeville,MN,55044,Taproom,2020-03-03,Not recorded,3766
breweries/angry-james-brewing-co,breweries,Angry James Brewing Co,Silverthorne,CO,80498,Taproom,2020-04-11,Not recorded,1560
breweries/angry-minnow-the,breweries,"Angry Minnow, The",Hayward,WI,54843,Brewpub,2020-04-11,Not recorded,7741
breweries/angry-troll-brewing,breweries,Angry Troll Brewing,Elkin,NC,28621,Brewpub,2020-02-01,Not recorded,4266
breweries/anheuser-busch-inbev,breweries,Anheuser-Busch InBev,Saint Louis,MO,63118,Largge,2020-03-03,Not recorded,3979
breweries/anheuser-busch-inc-baldwinsville,breweries,Anheuser-Busch Inc – Baldwinsville,Baldwinsville,NY,13027,Largge,2020-03-03,Not recorded,4905
breweries/anheuser-busch-inc-cartersville,breweries,Anheuser-Busch Inc – Cartersville,Cartersville,GA,30121,Largge,2020-03-03,Not recorded,2087
breweries/anheuser-busch-inc-columbus,breweries,Anheuser-Busch Inc – Columbus,Columbus,OH,43229,Largge,2020-03-03,Not recorded,5425
breweries/anheuser-busch-inc-fairfield,breweries,Anheuser-Busch Inc – Fairfield,Fairfield,CA,94534,Largge,2020-03-03,Not recorded,433
breweries/anheuser-busch-inc-fort-collins,breweries,Anheuser-Busch Inc - Fort Collins,Fort Collins,CO,80524,Largge,2020-02-07,Not recorded,1399
breweries/anheuser-busch-inc-houston,breweries,Anheuser-Busch Inc – Houston,Houston,TX,77029,Largge,2020-03-03,Not recorded,6761
breweries/anheuser-busch-inc-jacksonville,breweries,Anheuser-Busch Inc – Jacksonville,Jacksonville,FL,32218,Largge,2020-03-03,Not recorded,1828
breweries/anheuser-busch-inc-los-angeles,breweries,Anheuser-Busch Inc - Los Angeles,Van Nuys,CA,91406,Largge,2020-03-03,Not recorded,1116
breweries/anheuser-busch-inc-merrimack,breweries,Anheuser-Busch Inc – Merrimack,Merrimack,NH,03054,Largge,2020-03-03,Not recorded,4579
breweries/anheuser-busch-inc-newark,breweries,Anheuser-Busch Inc – Newark,Jersey City,NJ,07302,Largge,2020-03-03,Not recorded,4677
breweries/anheuser-busch-inc-williamsburg,breweries,Anheuser-Busch Inc – Williamsburg,Williamsburg,VA,23185,Largge,2020-03-03,Not recorded,7194
breweries/animas-brewing-co,breweries,Animas Brewing Co,Durango,CO,81301,Brewpub,2020-04-11,Not recorded,1375
breweries/anthem-brewing-co,breweries,Anthem Brewing Co,Oklahoma City,OK,73109,Micro,2020-03-03,Not recorded,5623
breweries/antiques-on-high,breweries,Antiques On High,Columbus,OH,43206,Micro,2019-12-08,Not recorded,5424
breweries/anvil-and-forge-brewery-and-distillery,breweries,Anvil and Forge Brewery and Distillery,Springfield,IL,62701,Taproom,2020-03-03,Not recorded,2557
breweries/anvil-brewing,breweries,Anvil Brewing,Pittsburg,TX,75686,Brewpub,2020-04-11,Not recorded,6827
breweries/apocalypse-ale-works,breweries,Apocalypse Ale Works,Forest,VA,24551,Micro,2019-10-26,Not recorded,7026
breweries/apocalypse-brew-works,breweries,Apocalypse Brew Works,Louisville,KY,40206,Taproom,2020-04-11,Not recorded,2872
other-places/appa-the-dancing-elephant,other-places,Appa the dancing elephant,San Francisco,CA,94117,,2020-07-31,Not recorded,923
breweries/appalachian-brewing-co-gettysburg-battlefield,breweries,Appalachian Brewing Co - Gettysburg Battlefield,Gettysburg,PA,17325,Brewpub,2020-03-03,Not recorded,6071
breweries/appalachian-brewing-co-mechanicsburg,breweries,Appalachian Brewing Co - Mechanicsburg,Mechanicsburg,PA,17050,Brewpub,2020-03-03,Not recorded,6161
breweries/appalachian-mountain-brewery-boone,breweries,Appalachian Mountain Brewery - Boone,Boone,NC,28607,Regional,2020-03-03,Not recorded,4184
breweries/appalachian-mountain-brewery-portsmouth,breweries,Appalachian Mountain Brewery - Portsmouth,Portsmouth,NH,03801,Micro,2020-04-11,Not recorded,4598
breweries/appleton-beer-factory,breweries,Appleton Beer Factory,Appleton,WI,54911,Brewpub,2020-03-03,Not recorded,7683
breweries/apponaug-brewing,breweries,Apponaug Brewing,Warwick,RI,02886,Brewpub,2020-04-11,Not recorded,6359
breweries/aquabrew,breweries,Aquabrew,San Marcos,TX,78666,Brewpub,2020-03-03,Not recorded,6864
breweries/arcana-brewing-company,breweries,Arcana Brewing Company,Carlsbad,CA,92010,Taproom,2020-04-11,Not recorded,346
breweries/arches-brewing,breweries,Arches Brewing,Hapeville,GA,30354,Micro,2020-03-03,Not recorded,2103
breweries/arclight-brewing-company,breweries,Arclight Brewing Company,Watervliet,MI,49098,Taproom,2020-03-03,Not recorded,3695
breweries/arcpoint-brewing-co,breweries,Arcpoint Brewing Co,Belchertown,MA,01007,Micro,2020-03-03,Not recorded,2945
breweries/ardent-craft-ales,breweries,Ardent Craft Ales,Richmond,VA,23230,Taproom,2020-03-03,Not recorded,7126
breweries/argilla-brewing-co-pietros-pizza,breweries,Argilla Brewing Co @ Pietro’s Pizza,Newark,DE,19711,Brewpub,2020-04-11,Not recorded,1720
breweries/argus-brewery,breweries,Argus Brewery,Chicago,IL,60628,Micro,2020-04-11,Not recorded,2389
breweries/argyle-brewing-company,breweries,Argyle Brewing Company,Greenwich,NY,12834,Micro,2020-04-11,Not recorded,5061
breweries/arizona-brewing-company-llc,breweries,"Arizona Brewing Company, LLC",SCOTTSDALE,AZ,85258,Proprietor,2020-03-03,Not recorded,204
breweries/arizona-wilderness-brewing,breweries,Arizona Wilderness Brewing,Gilbert,AZ,85233,Brewpub,2019-11-13,Not recorded,153
breweries/arkane-aleworks,breweries,Arkane Aleworks,Largo,FL,33771,Taproom,2019-11-27,Not recorded,1859
breweries/arkose-brewery,breweries,Arkose Brewery,Palmer,AK,99645,Taproom,2019-11-03,Not recorded,32
breweries/arlington-club,breweries,Arlington Club,Portland,OR,97205,Taproom,2020-04-11,Not recorded,5838
breweries/armadillo-ale-works,breweries,Armadillo Ale Works,Denton,TX,76201,Micro,2020-04-11,Not recorded,6707
breweries/armistice-brewing-company,breweries,Armistice Brewing Company,Richmond,CA,94804,Taproom,2020-04-11,Not recorded,761
breweries/armstrong-brewing-co,breweries,Armstrong Brewing Co,South San Francisco,CA,94080,Brewpub,2020-03-03,Not recorded,1054
breweries/around-the-bend-beer-co,breweries,Around the Bend Beer Co.,Chicago,IL,60622,Micro,2020-04-11,Not recorded,2390
breweries/arrow-lodge-brewing,breweries,Arrow Lodge Brewing,Covina,CA,91722,Micro,2020-03-03,Not recorded,395
breweries/arrowood-farms,breweries,Arrowood Farms,Accord,NY,12404,Taproom,2020-03-03,Not recorded,4889
breweries/article-fifteen-brewing,breweries,Article Fifteen Brewing,Weymouth,MA,02189,Taproom,2019-05-01,Not recorded,3093
breweries/artifex-brewing-company,breweries,Artifex Brewing Company,San Clemente,CA,92673,Micro,2019-11-27,Not recorded,807
breweries/artisanal-brewers-collective,breweries,Artisanal Brewers Collective,Sun Valley,CA,91352,Proprietor,2020-03-03,Not recorded,1058
breweries/arundel-cellars-and-brewing-co,breweries,Arundel Cellars & Brewing Co,North East,PA,16428,Brewpub,2020-04-11,Not recorded,6191
breweries/asbury-park-brewery,breweries,Asbury Park Brewery,Asbury Park,NJ,07712,Micro,2020-03-03,Not recorded,4616
breweries/ascendant-beer-company,breweries,Ascendant Beer Company,Portland,OR,97209,Micro,2020-04-11,Not recorded,5839
breweries/asgard-brewing-company,breweries,Asgard Brewing Company,Columbia,TN,38401,Micro,2020-03-03,Not recorded,6502
breweries/asher-brewing-co,breweries,Asher Brewing Co,Boulder,CO,80301,Taproom,2020-03-03,Not recorded,1203
breweries/ashtown-brewing-co,breweries,Ashtown Brewing Co,Longview,WA,98632,Taproom,2020-03-03,Not recorded,7402
breweries/aslan-brewing-company,breweries,Aslan Brewing Company,Bellingham,WA,98225,Micro,2020-04-11,Not recorded,7298
breweries/aslin-beer-company,breweries,Aslin Beer Company,Herndon,VA,20170,Micro,2020-04-11,Not recorded,7052
breweries/ass-clown-brewing-co,breweries,Ass Clown Brewing Co,Cornelius,NC,28031,Micro,2020-03-03,Not recorded,4249
breweries/aston-abbey-brewing-co,breweries,Aston Abbey Brewing Co,Aston,PA,19014,Taproom,2020-04-11,Not recorded,5962
breweries/astoria-brewing-company,breweries,Astoria Brewing Company,Astoria,OR,97103,Brewpub,2020-03-03,Not recorded,5656
breweries/astro-lab-brewing,breweries,Astro Lab Brewing,Silver Spring,MD,20910,Taproom,2020-02-01,Not recorded,3200
breweries/astronomy-aleworks,breweries,Astronomy Aleworks,Henderson,NV,89011,Taproom,2020-04-11,Not recorded,4847
breweries/athletic-brewing-company,breweries,Athletic Brewing Company,Stratford,CT,06615,Micro,12/20.2019,Not recorded,1678
breweries/atlantic-beach-brewing-company,breweries,Atlantic Beach Brewing Company,Atlantic Beach,FL,32233,Micro,2020-04-11,Not recorded,1738
breweries/atlantic-brewing-co-bar-harbor-brewing,breweries,Atlantic Brewing Co / Bar Harbor Brewing,Bar Harbor,ME,04609,Brewpub,2020-02-07,Not recorded,3223
breweries/atlas-brew-works,breweries,Atlas Brew Works,Washington,DC,20002,Micro,2020-03-03,Not recorded,1700
breweries/atlas-saloon-brewery,breweries,Atlas Saloon Brewery,Excelsior Springs,MO,64024,Taproom,2020-03-03,Not recorded,3915
breweries/atomic-ale-brewpub-and-eatery,breweries,Atomic Ale Brewpub and Eatery,Richland,WA,99352,Brewpub,2020-03-03,Not recorded,7471
breweries/atrevida-beer-company,breweries,Atrevida Beer Company,Colorado Springs,CO,80908,Taproom,2020-03-03,Not recorded,1251
breweries/attitude-brewing-company,breweries,Attitude Brewing Company,San Diego,CA,92113,Brewpub,2020-02-07,Not recorded,822
breweries/atwater-brewing-co,breweries,Atwater Brewing Co,Detroit,MI,48207,Regional,2020-03-03,Not recorded,3433
breweries/atwater-grand-rapids,breweries,Atwater Grand Rapids,Grand Rapids,MI,49503,Brewpub,2020-03-03,Not recorded,3481
breweries/atwood-ales,breweries,Atwood Ales,Blaine,WA,98230,Micro,2020-03-03,Not recorded,7306
breweries/auburn-alehouse,breweries,Auburn Alehouse,Auburn,CA,95603,Brewpub,2020-04-11,Not recorded,291
breweries/audacious-aleworks,breweries,Audacious Aleworks,Falls Church,VA,22046,Taproom,2019-10-26,Not recorded,7021
breweries/august-schell-brewing-co,breweries,August Schell Brewing Co,New Ulm,MN,56073,Regional,2019-11-27,Not recorded,3825
breweries/augusta-brewing-co,breweries,Augusta Brewing Co,Washington,MO,63090,Brewpub,2020-03-03,Not recorded,4017
breweries/augustino-brewing,breweries,Augustino Brewing,Wichita,KS,67212,Brewpub,2020-03-03,Not recorded,2825
breweries/aurellias-bottle-and-brew,breweries,Aurellias Bottle and Brew,El Paso,TX,79911,Brewpub,2020-04-11,Yes,6717
breweries/aurora-ale-and-lager,breweries,Aurora Ale & Lager,King Ferry,NY,13081,Taproom,2020-04-11,Not recorded,5099
breweries/austin-beerworks,breweries,Austin Beerworks,Austin,TX,78758,Regional,2020-03-03,Not recorded,6610
breweries/austin-brothers-beer-company,breweries,Austin Brothers’ Beer Company,Alpena,MI,49707,Brewpub,2020-02-07,Not recorded,3357
breweries/austin-street-brewery,breweries,Austin Street Brewery,Portland,ME,04101,Taproom,2020-04-11,Not recorded,3308
breweries/automatic-brewing-co-blind-lady-alehouse,breweries,Automatic Brewing Co. / Blind Lady Alehouse,San Diego,CA,92116,Brewpub,2020-02-07,Not recorded,823
breweries/avant-garde-aleworks,breweries,Avant Garde Aleworks,Estes Park,CO,80517,Taproom,2020-02-01,Not recorded,1388
breweries/avery-brewing-co,breweries,Avery Brewing Co,Boulder,CO,80301,Regional,2019-11-27,Not recorded,1198
breweries/aviator-brewing-company,breweries,Aviator Brewing Company,Fuquay Varina,NC,27526,Regional,2020-03-03,Not recorded,4280
breweries/away-days-brewing,breweries,Away Days Brewing,portland,OR,97214,Taproom,2020-03-03,Not recorded,5817
breweries/axe-and-arrow-brewery,breweries,Axe And Arrow Brewery,Glassboro,NJ,08028,Micro,2020-04-11,Not recorded,4660
breweries/aztec-brewing-company,breweries,Aztec Brewing Company,Vista,CA,92081,Taproom,2020-04-11,Not recorded,1137
breweries/b-chord-brewing-company,breweries,B Chord Brewing Company,Round Hill,VA,20141,Taproom,2020-04-11,Not recorded,7147
breweries/b-nektar-meadery,breweries,B. Nektar Meadery,Ferndale,MI,48220,Micro,2020-03-03,Not recorded,3455
breweries/b9-beverages-inc,breweries,B9 Beverages Inc,New York,NY,10018,Contract,2020-03-03,Not recorded,5146
breweries/baa-baa-brewhouse,breweries,Baa Baa Brewhouse,Brookshire,TX,77423,Micro,2020-03-03,Not recorded,6659
breweries/babes-bar-b-que-and-brewhouse,breweries,Babe’s Bar-B-Que and Brewhouse,Rancho Mirage,CA,92270,Brewpub,2020-04-11,Not recorded,744
breweries/back-barn-brewing-company,breweries,Back Barn Brewing Company,Delanson,NY,12053,Taproom,2020-03-03,Not recorded,5011
breweries/back-east-brewing,breweries,Back East Brewing,Bloomfield,CT,06002,Micro,2020-02-07,Not recorded,1599
breweries/back-forty-beer-co,breweries,Back Forty Beer Co,Gadsden,AL,35901,Micro,2020-04-11,Not recorded,59
breweries/back-home-brewing-company,breweries,Back Home Brewing Company,Ozark,MO,65721,Brewpub,2020-04-11,Not recorded,3962
breweries/back-pew-brewing,breweries,Back Pew Brewing,Porter,TX,77365,Micro,2020-04-11,Not recorded,6832
breweries/back-road-brewery,breweries,Back Road Brewery,La Porte,IN,46350,Taproom,2020-04-11,Not recorded,2704
breweries/backacre-beermakers,breweries,Backacre Beermakers,Weston,VT,05161,Micro,2020-02-07,Not recorded,7268
breweries/backlash-beer-co,breweries,Backlash Beer Co,Boston,MA,02119,Micro,2020-04-11,Not recorded,2958
breweries/backpocket-brewing-co,breweries,Backpocket Brewing Co,Coralville,IA,52241,Micro,2020-02-01,Not recorded,2195
breweries/backroad-brewery,breweries,BackRoad Brewery,Carlisle,IA,50047,Micro,2020-02-01,Not recorded,2178
breweries/backroom-brewery,breweries,Backroom Brewery,Middletown,VA,22645,Brewpub,2020-03-03,Not recorded,7081
breweries/backslope-brewing,breweries,Backslope Brewing,Columbia Falls,MT,59912,Brewpub,2020-04-11,Not recorded,4071
breweries/backswing-brewing-co,breweries,Backswing Brewing Co.,Lincoln,NE,68522,Micro,2020-03-03,Not recorded,4498
breweries/backward-flag-brewing,breweries,Backward Flag Brewing,Forked River,NJ,08731,Taproom,2020-03-03,Not recorded,4657
breweries/backyard-barn-winery-and-microbrewery,breweries,Backyard Barn Winery and Microbrewery,Wildwood,FL,34785,Taproom,2020-04-11,Not recorded,2039
breweries/bad-beat-brewing,breweries,Bad Beat Brewing,Henderson,NV,89011,Micro,2020-03-03,Not recorded,4844
breweries/bad-brewing-co,breweries,BAD Brewing Co,Mason,MI,48854,Taproom,2020-04-11,Not recorded,3585
breweries/bad-bulldogs-brewery,breweries,Bad Bulldogs Brewery,Bremerton,WA,98312,Taproom,2019-10-22,Not recorded,7313
breweries/bad-dream-brewing,breweries,Bad Dream Brewing,New Milford,CT,06776,Taproom,2020-03-03,Not recorded,1651
breweries/bad-jimmys-brewing-co,breweries,Bad Jimmy’s Brewing Co,Seattle,WA,98107,Taproom,2020-03-03,Not recorded,7495
breweries/bad-lab-beer-co,breweries,Bad Lab Beer Co.,Somersworth,NH,03878,Brewpub,2020-03-03,Not recorded,4607
breweries/bad-seed-cider-co-llc,breweries,Bad Seed Cider co llc,highland,NY,12528,Largge,2020-03-03,Not recorded,5073
breweries/bad-shepherd-beer-company,breweries,Bad Shepherd Beer Company,Charleston,WV,25301,Brewpub,2020-03-03,Not recorded,7906
breweries/bad-sons-beer-co,breweries,BAD SONS Beer Co,Derby,CT,06418,Micro,2020-03-03,Not recorded,1614
breweries/bad-tom-smith-brewing,breweries,Bad Tom Smith Brewing,Cincinnati,OH,45226,Taproom,2020-04-11,Not recorded,5376
breweries/bad-tom-smith-brewing-cleveland-oh,breweries,Bad Tom Smith Brewing,Cleveland,OH,44113,Brewpub,2020-03-03,Not recorded,5393
breweries/bad-water-brewing,breweries,Bad Water Brewing,Scottsdale,AZ,85251,Contract,2020-03-03,Not recorded,205
breweries/badass-backyard-brewing,breweries,Badass Backyard Brewing,Spokane Valley,WA,99212,Taproom,2020-03-03,Not recorded,7584
breweries/badger-mountain-brewing,breweries,Badger Mountain Brewing,Wenatchee,WA,98801,Brewpub,2020-04-11,Not recorded,7651
breweries/badwolf-brewing-company,breweries,BadWolf Brewing Company,Manassas,VA,20110,Proprietor,2020-02-07,Not recorded,7073
breweries/baffin-brewing-co,breweries,Baffin Brewing Co,Saint Clair Shores,MI,48081,Taproom,2020-03-03,Not recorded,3642
breweries/bag-and-kettle-the,breweries,"Bag and Kettle, The",Carrabassett Valley,ME,04947,Brewpub,2020-03-03,Not recorded,3251
breweries/bagby-beer-company,breweries,Bagby Beer Company,Oceanside,CA,92054,Brewpub,2020-03-03,Not recorded,673
breweries/baggs-square-brewing-co,breweries,Baggs Square Brewing Co.,Utica,NY,13501,Brewpub,2020-03-03,Not recorded,5275
breweries/baileson-brewing-company-llc,breweries,"Baileson Brewing Company, LLC",Houston,TX,77005,Taproom,2020-03-03,Not recorded,6762
breweries/bainbridge-island-brewing,breweries,Bainbridge Island Brewing,Seattle,WA,98110,Taproom,2020-03-03,Not recorded,7496
breweries/baked-beer-and-beer-co,breweries,Baked Beer and Beer Co,Davenport,IA,52803,Brewpub,2020-02-01,Not recorded,2200
breweries/bald-man-brewing-company,breweries,Bald Man Brewing Company,Eagan,MN,55122,Taproom,2020-03-03,Not recorded,3746
breweries/bald-top-brewing-company,breweries,Bald Top Brewing Company,Madison,VA,22727,Taproom,2020-03-03,Not recorded,7072
breweries/bale-breaker-brewing-company,breweries,Bale Breaker Brewing Company,Yakima,WA,98901,Regional,2020-03-03,Not recorded,7667
breweries/baleen-brewing-co,breweries,Baleen Brewing Co.,Ketchikan,AK,99901,Micro,2019-11-03,Not recorded,29
breweries/ballast-point-brewing-co-home-brew-mart,breweries,Ballast Point Brewing Co / Home Brew Mart,San Diego,CA,92110,Largge,2020-03-03,Not recorded,831
breweries/ballast-point-brewing-company,breweries,Ballast Point Brewing Company,Anaheim,CA,92802,Brewpub,2020-03-03,Not recorded,266
breweries/ballast-point-brewing-company-chicago-il,breweries,Ballast Point Brewing Company,Chicago,IL,60607,Brewpub,2020-03-03,Not recorded,2371
breweries/ballast-point-brewing-company-daleville-va,breweries,Ballast Point Brewing Company,Daleville,VA,24083,Largge,2020-03-03,Not recorded,7009
breweries/ballast-point-brewing-company-long-beach-ca,breweries,Ballast Point Brewing Company,Long Beach,CA,90803,Largge,2020-03-03,Not recorded,551
breweries/ballast-point-brewing-company-san-diego-ca,breweries,Ballast Point Brewing Company,San Diego,CA,92121,Largge,2020-03-03,Not recorded,832
breweries/ballast-point-brewing-company-little-italy,breweries,Ballast Point Brewing Company - Little Italy,San Diego,CA,92101,Largge,2020-03-03,Not recorded,833
other-places/balls-deep-tackle,other-places,Balls Deep Tackle,Catoosa,OK,74015,,2020-07-31,Not recorded,5608
breweries/balsam-falls-brewing,breweries,Balsam Falls Brewing,Sylva,NC,28779,Taproom,2020-03-03,Not recorded,4414
breweries/balter-beerworks,breweries,Balter Beerworks,Knoxville,TN,37902,Brewpub,2020-03-03,Not recorded,6531
breweries/baltimore-washington-beer-works,breweries,Baltimore Washington Beer Works,Baltimore. MD,MD,21237,Contract,2020-03-03,Not recorded,3130
breweries/bam-entertainment-center,breweries,Bam Entertainment Center,Holland,MI,49423,Brewpub,2020-04-11,Not recorded,3514
breweries/band-of-bohemia,breweries,Band Of Bohemia,Chicago,IL,60640,Brewpub,2020-02-07,Not recorded,2365
breweries/banded-brewing-company,breweries,Banded Brewing Company,Biddeford,ME,04005,Micro,2019-04-20,Yes,3232
breweries/banded-oak-brewing-company,breweries,Banded Oak Brewing Company,Denver,CO,80203,Micro,2020-04-11,Not recorded,1319
breweries/bandera-ale-project-llc,breweries,"Bandera Ale Project, LLC",Bandera,TX,78003,Taproom,2020-04-11,Not recorded,6649
breweries/bandit-brewing-co,breweries,Bandit Brewing Co,darby,MT,59829,Taproom,2020-03-03,Not recorded,4073
breweries/bandon-brewing-company,breweries,Bandon Brewing Company,Bandon,OR,97411,Brewpub,2020-04-11,Not recorded,5664
breweries/bandwagon-brewery,breweries,Bandwagon Brewery,Interlaken,NY,14847,Taproom,2020-03-03,Not recorded,5092
breweries/bang-brewing,breweries,Bang Brewing,Saint Paul,MN,55114,Micro,2020-04-11,Not recorded,3859
breweries/bang-the-drum-brewery,breweries,Bang the Drum Brewery,San Luis Obispo,CA,93401,Taproom,2020-03-03,Not recorded,960
breweries/bangin-banjo-brewing-company,breweries,Bangin’ Banjo Brewing Company,Pompano Beach,FL,33069,Taproom,2020-03-03,Not recorded,1944
breweries/bangor-beer-co,breweries,Bangor Beer Co.,Bangor,ME,04401,Brewpub,2020-04-11,Not recorded,3221
breweries/bankhead-brewing-company,breweries,Bankhead Brewing Company,Rowlett,TX,75088,Brewpub,2020-03-03,Not recorded,6844
breweries/bannings-inc,breweries,Banning’s Inc,Summersville,WV,26651,Micro,2020-02-07,Not recorded,7924
breweries/baranof-island-brewing-co,breweries,Baranof Island Brewing Co,Sitka,AK,99835,Micro,2019-11-03,Not recorded,36
breweries/barbarian-brewing,breweries,Barbarian Brewing,Garden City,ID,83714,Taproom,2020-02-01,Not recorded,2285
breweries/barbershop-brewhouse,breweries,Barbershop Brewhouse,Austin,TX,78736,Taproom,2020-03-03,Not recorded,6611
breweries/bardic-brewing,breweries,Bardic Brewing,Spokane,WA,99037,Taproom,2020-03-03,Not recorded,7565
breweries/bardo-brewpub,breweries,Bardo Brewpub,Washington,DC,20003,Taproom,2020-03-03,Not recorded,1701
breweries/bardwell-winery-and-brewery,breweries,Bardwell Winery and Brewery,Mount Orab,OH,45154,Brewpub,2020-03-03,Not recorded,5543
breweries/bare-bones-brewery,breweries,Bare Bones Brewery,Oshkosh,WI,54904,Taproom,2019-11-13,Not recorded,7837
breweries/barley-and-board,breweries,Barley & Board,Denton,TX,76201,Brewpub,2020-04-11,Not recorded,6708
breweries/barley-and-hops-grill,breweries,Barley and Hops Grill,Frederick,MD,21704,Brewpub,2020-03-03,Not recorded,3157
breweries/barley-browns-brewpub,breweries,Barley Browns Brewpub,Baker City,OR,97814,Micro,2020-04-11,Not recorded,5662
breweries/barley-creek-brewing-co,breweries,Barley Creek Brewing Co,Tannersville,PA,18372,Brewpub,2020-03-03,Not recorded,6298
breweries/barley-forge-brewing,breweries,Barley Forge Brewing,Costa Mesa,CA,92626,Micro,2020-04-11,Not recorded,391
breweries/barley-johns-brewpub,breweries,Barley Johns Brewpub,New Richmond,WI,54017,Brewpub,2020-04-11,Not recorded,7830
breweries/barley-naked-brewing-company,breweries,Barley Naked Brewing Company,Stafford,VA,22554,Taproom,2020-04-11,Not recorded,7156
breweries/barleys-brewing-company-ale-house-no-1,breweries,Barley’s Brewing Company (Ale House No. 1),Columbus,OH,43215,Brewpub,2020-03-03,Not recorded,5426
breweries/barleys-casino-and-brewing-co,breweries,Barley’s Casino and Brewing Co,Henderson,NV,89014,Brewpub,2020-03-03,Not recorded,4845
breweries/barn-brewers,breweries,Barn Brewers,Lawton,MI,49065,Brewpub,2020-04-11,Not recorded,3561
breweries/barn-town-brewing-co,breweries,Barn Town Brewing Co.,West Des Moines,IA,50266,Brewpub,2020-02-01,Not recorded,2255
breweries/barnaby-brewing-company,breweries,Barnaby Brewing Company,Juneau,AK,99801,Taproom,2019-11-03,Not recorded,26
breweries/barnett-and-son-brewing-company,breweries,Barnett and Son Brewing Company,Parker,CO,80134,Taproom,2020-03-03,Not recorded,1543
breweries/barnshed-brewing,breweries,Barnshed Brewing,Hicksville,NY,11801,Micro,2020-03-03,Not recorded,5072
breweries/barnstar-brewing,breweries,Barnstar Brewing,Skull Valley,AZ,86338,Taproom,2020-03-03,Not recorded,214
breweries/barrage-brewing-co,breweries,Barrage Brewing Co,Farmingdale,NY,11735,Taproom,2020-04-11,Not recorded,5032
breweries/barrel-41-brewing-co,breweries,Barrel 41 Brewing Co,Neenah,WI,54956,Taproom,2020-04-11,Not recorded,7827
breweries/barrel-and-beam,breweries,Barrel and Beam,Marquette,MI,49855,Taproom,2020-03-03,Not recorded,3576
breweries/barrel-brothers-brewing-company-llc,breweries,"Barrel Brothers Brewing Company, LLC",Windsor,CA,95492,Micro,2020-03-03,Not recorded,1164
breweries/barrel-culture-brewing-and-blending,breweries,Barrel Culture Brewing And Blending,Durham,NC,27713,Taproom,2020-04-11,Not recorded,4261
breweries/barrel-harbor-brewing-co,breweries,Barrel Harbor Brewing Co.,Vista,CA,92081,Taproom,2020-03-03,Not recorded,1131
breweries/barrel-house-z,breweries,Barrel House Z,Weymouth,MA,02189,Taproom,2020-04-11,Not recorded,3095
breweries/barrel-mountain-brewing,breweries,Barrel Mountain Brewing,Battle Ground,WA,98604,Brewpub,2020-04-11,Not recorded,7286
breweries/barrel-oak-farm-taphouse,breweries,Barrel Oak Farm Taphouse,Delaplane,VA,20144,Taproom,2020-04-11,Not recorded,7013
breweries/barrel-theory-beer-company,breweries,Barrel Theory Beer Company,Saint Paul,MN,55101,Taproom,2020-03-03,Not recorded,3853
breweries/barrels-and-bottles-brewery,breweries,Barrels & Bottles Brewery,Golden,CO,80401,Brewpub,2020-03-03,Not recorded,1437
breweries/barrington-brewery-and-restaurant,breweries,Barrington Brewery and Restaurant,Great Barrington,MA,01230,Brewpub,2020-04-11,Not recorded,2998
breweries/barrio-brewing-co,breweries,Barrio Brewing Co,Tucson,AZ,85719,Micro,2020-02-07,Not recorded,227
breweries/barristers-brewing-inc,breweries,Barrister’s Brewing Inc.,Topeka,KS,66614,Taproom,2020-02-01,Not recorded,2813
breweries/barsideous-brewing,breweries,Barsideous Brewing,Lebanon,OR,97355,Brewpub,2020-03-03,Not recorded,5770
breweries/bartlett-hall,breweries,Bartlett Hall,San Francisco,CA,94102,Brewpub,2020-04-11,Not recorded,915
breweries/bascule-brewery-and-public-house,breweries,Bascule Brewery And Public House,Lorain,OH,44052,Taproom,2020-03-03,Not recorded,5510
breweries/base-camp-brewing-co,breweries,Base Camp Brewing Co,Portland,OR,97214,Micro,2020-04-11,Not recorded,5840
breweries/basic-city-beer-co,breweries,Basic City Beer Co.,Richmond,VA,23224,Micro,2020-03-03,Not recorded,7127
breweries/basket-case-brewing-co,breweries,Basket Case Brewing Co,Jasper,IN,47546,Brewpub,2020-04-11,Not recorded,2698
breweries/bastet-brewing,breweries,Bastet Brewing,Tampa,FL,33613,Contract,2020-02-07,Not recorded,2001
breweries/batch-craft-beer-and-kolaches,breweries,Batch Craft Beer and Kolaches,Austin,TX,78723,Brewpub,2020-03-03,Not recorded,6612
breweries/bateau-brewing,breweries,Bateau Brewing,Gardiner,ME,04345,Taproom,2019-04-20,Not recorded,3260
breweries/bath-brewing-company,breweries,Bath Brewing Company,Bath,ME,04530,Brewpub,2019-04-20,Not recorded,3226
breweries/batson-river-brewing-and-distilling,breweries,Batson River Brewing and Distilling,Kennebunk,ME,04043,Brewpub,2019-10-29,Not recorded,3270
breweries/battered-boar-brewing-co,breweries,Battered Boar Brewing Co,Edmond,OK,73013,Micro,2020-04-11,Not recorded,5610
breweries/battle-born-beer,breweries,Battle Born® Beer,Reno,NV,89501,Contract,2020-03-03,Not recorded,4866
breweries/battle-road-brewing-co,breweries,Battle Road Brewing Co,Maynard,MA,01754,Contract,2020-03-03,Not recorded,3029
breweries/battle-street-brewery,breweries,Battle Street Brewery,Dansville,NY,14437,Brewpub,2020-04-11,Not recorded,5010
breweries/battlefield-brew-works,breweries,Battlefield Brew Works,Gettysburg,PA,17325,Brewpub,2020-04-11,Not recorded,6072
breweries/bauhaus-brew-labs,breweries,Bauhaus Brew Labs,Minneapolis,MN,55413,Micro,2020-03-03,Not recorded,3784
breweries/bawden-street-brewing-co,breweries,Bawden Street Brewing Co,Ketchikan,AK,99901,Taproom,2019-11-03,Not recorded,30
breweries/baxter-brewing-co-llc,breweries,"Baxter Brewing Co, LLC",Lewiston,ME,04240,Regional,2020-02-07,Not recorded,3273
breweries/bayheads-brewing-company,breweries,Bayheads Brewing Company,Chesapeake City,MD,21915,Taproom,2020-03-03,Not recorded,3140
breweries/bays-mountain-brewing-company,breweries,Bays Mountain Brewing Company,Kingsport,TN,37660,Taproom,2020-03-03,Not recorded,6526
breweries/bbgb-brewery-and-hop-farm,breweries,BBGB Brewery And Hop Farm,North Aurora,IL,60542,Brewpub,2019-11-27,Not recorded,2515
breweries/bca-brewing-corporation-of-the-americas,breweries,BCA - Brewing Corporation of the Americas,Cornelius,NC,28031,Contract,2020-03-03,Not recorded,4250
breweries/bdd-brewing-company,breweries,BDD Brewing Company,Rocky Mount,NC,27804,Taproom,2020-03-03,Not recorded,4391
breweries/bdsm-brewing-company,breweries,BDSM Brewing Company,Hillsboro,OR,97123,Taproom,2020-03-03,Not recorded,5750
breweries/beach-chalet-brewing-co,breweries,Beach Chalet Brewing Co,San Francisco,CA,94121,Brewpub,2020-02-07,Not recorded,903
breweries/beach-haus-brewery,breweries,Beach Haus Brewery,Belmar,NJ,07719,Micro,2020-03-03,Not recorded,4624
breweries/beachcrest-brewing-company,breweries,Beachcrest Brewing Company,Gleneden Beach,OR,97388,Micro,2020-03-03,Not recorded,5736
breweries/beachfly-brewing-company,breweries,BeachFly Brewing Company,Indian Harbour Beach,FL,32937,Brewpub,2020-03-03,Not recorded,1821
breweries/beachwood-bbq-and-brewing,breweries,Beachwood BBQ & Brewing,Long Beach,CA,90802,Brewpub,2019-11-13,Not recorded,550
breweries/beachwood-blendery,breweries,Beachwood Blendery,Long Beach,CA,90802,Micro,2020-04-11,Not recorded,552
breweries/beales,breweries,Beale’s,Bedford,VA,24523,Brewpub,2020-04-11,Not recorded,6968
breweries/bear-and-bramble-brewing-company,breweries,Bear and Bramble Brewing Company,Easthampton,MA,01027,Proprietor,2020-03-03,Not recorded,2976
breweries/bear-bones-beer,breweries,Bear Bones Beer,Bridgton,ME,04009,Taproom,2019-04-20,Not recorded,3243
breweries/bear-island-brewing-company,breweries,Bear Island Brewing Company,Boise,ID,83704,Micro,2020-02-01,Not recorded,2263
breweries/bear-republic-brewing-co,breweries,Bear Republic Brewing Co,Healdsburg,CA,95448,Regional,2020-03-03,Not recorded,478
breweries/bear-republic-brewing-co-production-facility,breweries,Bear Republic Brewing Co - Production facility,Cloverdale,CA,95425,Regional,2020-03-03,Not recorded,370
breweries/beara-brewing-co,breweries,Beara Brewing Co.,Portsmouth,NH,03801,Micro,2020-04-11,Not recorded,4599
breweries/bearded-fox-brewing-co,breweries,Bearded Fox Brewing Co.,Tomball,TX,77377,Brewpub,2020-04-11,Not recorded,6886
breweries/bearded-owl-brewing,breweries,Bearded Owl Brewing,Peoria,IL,61602,Taproom,2019-10-26,Not recorded,2528
breweries/beardless-brewhaus,breweries,Beardless Brewhaus,Milton,FL,32570,Taproom,2020-04-11,Not recorded,1883
breweries/beards-brewery,breweries,Beards Brewery,Petoskey,MI,49770,Brewpub,yes,Not recorded,3617
breweries/bearpaw-river-brewing-co,breweries,Bearpaw River Brewing Co,Wasilla,AK,99654,Micro,2019-11-03,Yes,42
breweries/beaver-beer-co,breweries,Beaver Beer Co,Westport,CT,06880,Contract,2020-03-03,Not recorded,1687
breweries/beaver-street-brewery,breweries,Beaver Street Brewery,Flagstaff,AZ,86001,Brewpub,2020-03-03,Not recorded,143
breweries/beaverhead-brewing-co,breweries,Beaverhead Brewing Co,Dillon,MT,59725,Taproom,2020-04-11,Not recorded,4075
breweries/bedlam-brewing-llc,breweries,Bedlam Brewing LLC,Staunton,VA,24401,Brewpub,2020-04-11,Not recorded,7161
breweries/beech-bank-brewing-company,breweries,Beech Bank Brewing Company,Beech Grove,IN,46107,Taproom,2020-03-03,Not recorded,2599
breweries/beer-by-design-brewery,breweries,Beer By Design Brewery,Thornton,CO,80233,Contract,2020-03-03,Not recorded,1571
breweries/beer-church-brewing-company,breweries,Beer Church Brewing Company,New Buffalo,MI,49117,Contract,2020-03-03,Not recorded,3599
breweries/beer-creek-brewing-co,breweries,Beer Creek Brewing Co,Santa Fe,NM,87508,Brewpub,2020-04-11,Not recorded,4832
breweries/beer-hound-brewery,breweries,Beer Hound Brewery,Culpeper,VA,22701,Contract,2020-03-03,Not recorded,7006
breweries/beer-is-good-brewing-company,breweries,Beer Is Good Brewing Company,Norman,OK,73069,Taproom,2020-03-03,Not recorded,5617
breweries/beer-lab-hi,breweries,Beer Lab HI,Honolulu,HI,96826,Taproom,2020-02-01,Not recorded,2147
breweries/beer-lab-hi-waipio,breweries,Beer Lab HI - Waipio,Waipahu,HI,96797,Taproom,2020-02-01,Not recorded,2161
breweries/beer-naked-brewery,breweries,Beer Naked Brewery,Marlboro,VT,05344,Brewpub,2019-11-27,Not recorded,7236
breweries/beer-research-institute-the,breweries,"Beer Research Institute, The",Mesa,AZ,85204,Brewpub,2020-03-03,Not recorded,170
breweries/beerded-brothers-brewing,breweries,Beerded Brothers Brewing,Vancouver,WA,98660,Taproom,2020-03-03,Not recorded,7622
breweries/beerfoot-brewery,breweries,Beerfoot Brewery,Galveston,TX,77550,Taproom,2020-04-11,Not recorded,6741
breweries/bees-knees-brewing-company,breweries,Bee’s Knees Brewing Company,Versailles,MO,65084,Brewpub,2020-03-03,Not recorded,4015
breweries/belching-beaver-brewery,breweries,Belching Beaver Brewery,Oceanside,CA,92056,Regional,2020-02-07,Not recorded,672
breweries/belching-beaver-brewery-vista,breweries,Belching Beaver Brewery Vista,Vista,CA,92081,Micro,2020-03-03,Not recorded,1132
breweries/belfast-bay-brewing-co,breweries,Belfast Bay Brewing Co,Belfast,ME,04915,Contract,2020-03-03,Not recorded,3228
breweries/beliveau-farm-brewery,breweries,Beliveau Farm Brewery,Blacksburg,VA,24060,Taproom,2020-03-03,Not recorded,6972
breweries/bella-brewing,breweries,Bella Brewing,Garden City,ID,83714,Taproom,2020-02-01,Not recorded,2286
breweries/bellefonte-brewing-co,breweries,Bellefonte Brewing Co,Wilmington,DE,19808,Taproom,2020-03-03,Not recorded,1731
breweries/bellevue-brewing-co,breweries,Bellevue Brewing Co,Bellevue,WA,98005,Brewpub,2020-04-11,Not recorded,7290
breweries/bells-brewery-inc,breweries,"Bell’s Brewery, Inc",Galesburg,MI,49053,Regional,yes,Not recorded,3464
breweries/bells-eccentric-cafe,breweries,Bell’s Eccentric Cafe,Kalamazoo,MI,49007,Brewpub,yes,Not recorded,3544
breweries/bellwether-brewing-co,breweries,Bellwether Brewing Co,Spokane,WA,99205,Taproom,2020-03-03,Not recorded,7566
breweries/belly-love-brewing-company,breweries,Belly Love Brewing Company,Purcellville,VA,20132,Brewpub,2020-03-03,Not recorded,7109
breweries/below-the-radar-brewing-co,breweries,Below the Radar Brewing Co,Huntsville,AL,35801,Brewpub,2020-03-03,Not recorded,63
breweries/benchtop-brewing-company,breweries,Benchtop Brewing Company,Norfolk,VA,23507,Micro,2020-04-11,Not recorded,7096
breweries/benedictine-brewery,breweries,Benedictine Brewery,Mount Angel,OR,97362,Taproom,2020-04-11,Not recorded,5790
breweries/benniditos-brewpub,breweries,Bennidito’s Brewpub,Spokane,WA,99202,Brewpub,2020-03-03,Not recorded,7567
breweries/benoit-casper-brewing,breweries,Benoit-Casper Brewing,Richmond,CA,94801,Taproom,2020-03-03,Not recorded,759
breweries/bent-bine-brew-co-llc,breweries,Bent Bine Brew Co. LLC,Belfair,WA,98394,Taproom,2020-03-03,Not recorded,7288
breweries/bent-brewstillery,breweries,Bent Brewstillery,Roseville,MN,55113,Taproom,2020-04-11,Not recorded,3844
breweries/bent-hill-brewery,breweries,Bent Hill Brewery,Randolph,VT,05060,Micro,2020-02-07,Not recorded,7246
breweries/bent-paddle-brewing-co,breweries,Bent Paddle Brewing Co,Duluth,MN,55806,Regional,2020-03-03,Not recorded,3737
breweries/bent-river-brewing-co,breweries,Bent River Brewing Co,Burlington,IA,52601,Brewpub,2020-02-01,Not recorded,2175
breweries/bent-run-brewing-co,breweries,Bent Run Brewing Co,Lander,PA,16345,Taproom,2020-03-03,Not recorded,6138
breweries/bent-tail-brewing-co,breweries,Bent Tail Brewing Co,Honolulu,HI,96813,Brewpub,2019-11-03,Not recorded,2141
breweries/bent-tree-brewing,breweries,Bent Tree Brewing,Athol,ID,83801,Taproom,2020-02-01,Not recorded,2259
breweries/bent-water-brewing-company,breweries,Bent Water Brewing Company,Lynn,MA,01905,Micro,2020-03-03,Not recorded,3021
breweries/bentonville-brewing-co,breweries,Bentonville Brewing Co,Rogers,AR,72756,Micro,2020-03-03,Not recorded,119
breweries/berchmans-brewing-company,breweries,Berchman’s Brewing Company,Yakima,WA,98908,Taproom,2020-03-03,Not recorded,7668
breweries/berkshire-brewing-co-inc,breweries,Berkshire Brewing Co Inc,South Deerfield,MA,01373,Regional,2020-03-03,Not recorded,3069
breweries/berlin-brewing-company,breweries,Berlin Brewing Company,Berlin,NJ,08009,Taproom,2020-03-03,Not recorded,4626
breweries/berryessa-brewing-co,breweries,Berryessa Brewing Co,Winters,CA,95694,Micro,2020-04-11,Not recorded,1166
breweries/bertrams-salmon-valley-brewery,breweries,Bertrams Salmon Valley Brewery,Salmon,ID,83467,Brewpub,2020-02-01,Not recorded,2317
breweries/berwick-brewing-co,breweries,Berwick Brewing Co,Berwick,PA,18603,Brewpub,2020-03-03,Not recorded,5969
breweries/better-half-brewing,breweries,Better Half Brewing,Bristol,CT,06010,Brewpub,2020-03-03,Not recorded,1607
breweries/beyond-the-mountain-brewing-company,breweries,Beyond The Mountain Brewing Company,Boulder,CO,80301,Taproom,2020-03-03,Not recorded,1204
breweries/bickering-brothers-brewery,breweries,Bickering Brother’s Brewery,De Witt,IA,52742,Brewpub,2020-02-01,Not recorded,2204
breweries/bier-one-brewing,breweries,Bier One Brewing,Newport,OR,97365,Brewpub,2020-04-11,Not recorded,5795
breweries/biercamp,breweries,Biercamp,Ann Arbor,MI,48104,Brewpub,2020-03-03,Not recorded,3360
breweries/biere-de-mac-brew-works,breweries,Biere De Mac Brew Works,Mackinaw City,MI,49701,Taproom,2020-03-03,Not recorded,3571
breweries/bierstadt-lagerhaus,breweries,Bierstadt Lagerhaus,Denver,CO,80205,Brewpub,2020-02-01,Not recorded,1285
breweries/bierwerks,breweries,BierWerks,Woodland Park,CO,80863,Brewpub,2020-04-11,Not recorded,1596
breweries/big-bear-brewing-co,breweries,Big Bear Brewing Co,Coral Springs,FL,33071,Brewpub,2020-04-11,Not recorded,1772
breweries/big-bear-lake-brewing-co,breweries,Big Bear Lake Brewing Co,Big Bear Lake,CA,92315,Brewpub,2020-03-03,Not recorded,312
breweries/big-block-brewing,breweries,Big Block Brewing,Sammamish,WA,98074,Micro,2019-04-29,Not recorded,7475
breweries/big-blue-brewing,breweries,Big Blue Brewing,Cape Coral,FL,33904,Brewpub,2020-02-07,Not recorded,1757
breweries/big-boiler-brewing,breweries,Big Boiler Brewing,Lowell,MI,49331,Micro,2020-04-11,Not recorded,3566
breweries/big-boss-brewing-co,breweries,Big Boss Brewing Co,Raleigh,NC,27604,Micro,2020-04-11,Not recorded,4380
breweries/big-buck-brewery-and-steakhouse-gaylord,breweries,Big Buck Brewery and Steakhouse - Gaylord,Gaylord,MI,49735,Taproom,2020-03-03,Not recorded,3465
breweries/big-dogs-brewing-co,breweries,Big Dog’s Brewing Co,Las Vegas,NV,89130,Brewpub,2020-04-11,Not recorded,4856
breweries/big-game-brewing,breweries,Big Game Brewing,Trenton,NC,28585,Micro,2020-03-03,Not recorded,4417
breweries/big-grove-brewery-and-taproom,breweries,Big Grove Brewery and Taproom,Iowa City,IA,52240,Taproom,2020-02-01,Not recorded,2226
breweries/big-grove-brewpub,breweries,Big Grove Brewpub,Solon,IA,52333,Brewpub,2020-02-01,Yes,2251
breweries/big-hart-brewing-company,breweries,Big Hart Brewing Company,Hart,MI,49420,Brewpub,2020-04-11,Not recorded,3507
breweries/big-island-brewhaus,breweries,Big Island Brewhaus,Kamuela,HI,96743,Brewpub,2019-11-03,Not recorded,2153
breweries/big-lug-canteen,breweries,Big Lug Canteen,Indianapolis,IN,46240,Brewpub,2020-03-03,Not recorded,2671
breweries/big-muddy-brewing-co,breweries,Big Muddy Brewing Co,Murphysboro,IL,62966,Micro,2020-03-03,Not recorded,2505
breweries/big-rack-brew-haus,breweries,Big Rack Brew Haus,Winterset,IA,50273,Micro,2020-02-01,Not recorded,2258
breweries/big-rip-brewing-company,breweries,Big Rip Brewing Company,North Kansas City,MO,64116,Taproom,2020-03-03,Not recorded,3955
breweries/big-river-brewery-llc,breweries,"Big River Brewery, LLC",Pharr,TX,78577,Brewpub,2020-04-11,Not recorded,6826
breweries/big-river-grille-and-brewing-works-chattanooga,breweries,Big River Grille & Brewing Works - Chattanooga,Chattanooga,TN,37402,Brewpub,2020-04-11,Not recorded,6491
breweries/big-river-grille-and-brewing-works-disney,breweries,Big River Grille & Brewing Works - Disney,Lake Buena Vista,FL,32830,Brewpub,2020-02-07,Not recorded,1849
breweries/big-rock-chop-house-and-brewery,breweries,Big Rock Chop House & Brewery,Birmingham,MI,48009,Contract,2020-03-03,Not recorded,3385
breweries/big-sexy-brewing-company,breweries,Big Sexy Brewing Company,Sacramento,CA,95828,Taproom,2019-04-20,Not recorded,782
breweries/big-sky-brewing-co,breweries,Big Sky Brewing Co,Missoula,MT,59808,Regional,2020-03-03,Not recorded,4110
breweries/big-storm-brewing-co,breweries,Big Storm Brewing Co.,Clearwater,FL,33762,Micro,2020-02-07,Not recorded,1762
breweries/big-stump-brewing-company,breweries,Big Stump Brewing Company,Sacramento,CA,95811,Taproom,2020-04-11,Not recorded,791
breweries/big-swing-brew-pub,breweries,Big Swing Brew Pub,Rock Island,IL,61201,Brewpub,2020-03-03,Not recorded,2538
breweries/big-t-brew-pub,breweries,Big T Brew Pub,Lawton,MI,49065,Brewpub,2020-03-03,Not recorded,3560
breweries/big-thompson-brewery,breweries,Big Thompson Brewery,Loveland,CO,80538,Taproom,2020-04-11,Not recorded,1514
breweries/big-thorn-farm-and-brewery,breweries,Big Thorn Farm and Brewery,Georgetown,IL,61846,Micro,2020-02-07,Not recorded,2457
breweries/big-time-brewery,breweries,Big Time Brewery,Seattle,WA,98105,Brewpub,2020-04-11,Not recorded,7511
breweries/big-top-brewing-company,breweries,Big Top Brewing Company,Sarasota,FL,34232,Micro,2020-03-03,Not recorded,1980
breweries/big-top-brewing-company-gainesville,breweries,Big Top Brewing Company Gainesville,Gainesville,FL,32601,Brewpub,2020-03-03,Not recorded,1812
breweries/big-wood-brewery,breweries,Big Wood Brewery,White Bear Lake,MN,55110,Micro,2020-02-07,Not recorded,3890
breweries/bigs-bbq-brewpub,breweries,Big’s BBQ Brewpub,Mount Vernon,IA,52314,Brewpub,2020-02-01,Not recorded,2237
breweries/bike-rack-brewing-co-8th-street-market,breweries,Bike Rack Brewing Co - 8th Street Market,Bentonville,AR,72712,Micro,2020-04-11,Not recorded,88
breweries/bike-trale-brewing,breweries,Bike TrAle Brewing,Leesburg,VA,20175,Taproom,2020-04-11,Not recorded,7060
breweries/bilbos-pizza-and-brewery,breweries,Bilbo’s Pizza and Brewery,Kalamazoo,MI,49008,Brewpub,2020-02-07,Not recorded,3538
other-places/billet-box-vapor,other-places,Billet Box Vapor,Roy,UT,84067,eCig,yes,Yes,6918
breweries/billsburg-brewery,breweries,Billsburg Brewery,Williamsburg,VA,23185,Taproom,2020-03-03,Not recorded,7195
breweries/biloba-brewing,breweries,Biloba Brewing,Brookfield,WI,53045,Taproom,2020-03-03,Not recorded,7699
breweries/biltmore-brewing-company,breweries,Biltmore Brewing Company,Asheville,NC,28801,Proprietor,2020-03-03,Not recorded,4146
breweries/binary-brewing-co,breweries,Binary Brewing Co,Portland,OR,97223,Micro,2020-03-03,Not recorded,5818
breweries/binghamton-brewing-co,breweries,Binghamton Brewing Co,Johnson City,NY,13790,Taproom,2020-03-03,Not recorded,5096
breweries/birchs-lowertown-tap-room-and-barrel-house,breweries,Birch’s Lowertown Tap Room & Barrel House,Saint Paul,MN,55101,Brewpub,2020-02-07,Not recorded,3851
breweries/birchs-on-the-lake,breweries,Birch’s On the Lake,Long Lake,MN,55356,Brewpub,2020-02-07,Not recorded,3770
breweries/birchwood-brewing,breweries,Birchwood Brewing,Flower Mound,TX,75028,Planning,2019-04-20,Not recorded,6724
breweries/bird-brain-brewing-company,breweries,Bird Brain Brewing Company,Leesburg,VA,20175,Proprietor,2020-03-03,Not recorded,7059
breweries/bird-dog-brewing,breweries,Bird Dog Brewing,Bismarck,ND,58504,Micro,2020-04-11,Not recorded,4460
breweries/bird-street-brewing,breweries,Bird Street Brewing,Lemoore,CA,93245,Taproom,2020-03-03,Not recorded,531
breweries/birdboy-brewing-co,breweries,Birdboy Brewing Co,Fort Wayne,IN,46825,Micro,2020-04-11,Not recorded,2638
breweries/birdfish-brewing-co,breweries,BirdFish Brewing Co,Columbiana,OH,44408,Taproom,2020-03-03,Not recorded,5422
breweries/birmingham-district-brewing,breweries,Birmingham District Brewing,Birmingham,AL,35233,Taproom,2020-03-03,Not recorded,45
breweries/birravino,breweries,Birravino,Red Bank,NJ,07701,Brewpub,2020-03-03,Not recorded,4721
breweries/birreria-eataly,breweries,Birreria @ Eataly,Chicago,IL,60611,Brewpub,2020-04-11,Not recorded,2391
breweries/birreria-eataly-new-york-ny,breweries,Birreria @ Eataly,New York,NY,10010,Brewpub,2020-04-11,Not recorded,5153
breweries/biscayne-bay-brewing-co,breweries,Biscayne Bay Brewing Co,Miami,FL,33122,Micro,2020-02-07,Not recorded,1869
breweries/bismarck-brewing,breweries,Bismarck Brewing,Bismarck,ND,58503,Taproom,2020-03-03,Not recorded,4457
breweries/bison-brewing-co,breweries,Bison Brewing Co,San Jose,CA,95112,Contract,2020-03-03,Not recorded,941
breweries/bissell-brothers-brewing,breweries,Bissell Brothers Brewing,Portland,ME,04102,Micro,2020-04-11,Not recorded,3309
breweries/bissell-brothers-three-rivers,breweries,Bissell Brothers Three Rivers,Milo,ME,04463,Micro,2020-03-03,Not recorded,3282
breweries/bitter-brothers-brewing-co,breweries,Bitter Brothers Brewing Co.,San Diego,CA,92117,Taproom,2020-03-03,Not recorded,834
breweries/bivuoac-ciderworks,breweries,Bivuoac Ciderworks,San Diego,CA,92104,Micro,yes,Yes,813
breweries/bjs-brewhouse,breweries,BJ’s Brewhouse,Temple,TX,76501,Regional,2020-03-03,Not recorded,6884
breweries/bjs-restaurant-and-brewery-boulder,breweries,BJs Restaurant & Brewery - Boulder,Boulder,CO,80301,Brewpub,2020-02-01,Not recorded,1199
breweries/bjs-restaurant-and-brewery-brea,breweries,BJs Restaurant & Brewery - Brea,Brea,CA,92821,Brewpub,2020-04-11,Not recorded,320
breweries/black-and-gray-brewing-co,breweries,Black & Gray Brewing Co.,East Dundee,IL,60118,Taproom,2020-03-03,Not recorded,2436
breweries/black-bear-brewery,breweries,Black Bear Brewery,Orono,ME,04473,Taproom,2019-10-29,Not recorded,3293
breweries/black-bridge-brewery,breweries,Black Bridge Brewery,Kingman,AZ,86401,Taproom,2020-03-03,Not recorded,161
breweries/black-circle-brewing-co,breweries,Black Circle Brewing Co,Indianapolis,IN,46205,Taproom,2020-04-11,Not recorded,2677
breweries/black-eagle-brewery,breweries,Black Eagle Brewery,Black Eagle,MT,59414,Micro,2020-03-03,Not recorded,4052
breweries/black-flag-brewing-company,breweries,Black Flag Brewing Company,Columbia,MD,21046,Taproom,2020-04-11,Not recorded,3142
breweries/black-fleet-brewing,breweries,Black Fleet Brewing,Tacoma,WA,98402,Brewpub,2020-03-03,Not recorded,7599
breweries/black-forest-brew-haus,breweries,Black Forest Brew Haus,Farmingdale,NY,11735,Brewpub,2020-03-03,Not recorded,5030
breweries/black-forest-brewing-company,breweries,Black Forest Brewing Company,Colorado Springs,CO,80908,Brewpub,2020-03-03,Not recorded,1252
breweries/black-gold-brewing-co,breweries,Black Gold Brewing Co,Taft,CA,93268,Brewpub,2020-02-07,Not recorded,1064
breweries/black-hammer-brewing,breweries,Black Hammer Brewing,San Francisco,CA,94107,Taproom,2020-03-03,Not recorded,904
breweries/black-hog-brewing-co-the-stack,breweries,Black Hog Brewing Co- The Stack,New Haven,CT,06513,Brewpub,2020-04-11,Not recorded,1647
breweries/black-horizon-brewing-company,breweries,Black Horizon Brewing Company,Willowbrook,IL,60527,Taproom,2020-03-03,Not recorded,2584
breweries/black-label-brewing-company,breweries,Black Label Brewing Company,Spokane,WA,99201,Brewpub,2019-11-27,Not recorded,7558
breweries/black-leg-brewery,breweries,Black Leg Brewery,McKenzie,ND,58572,Micro,2019-11-27,Not recorded,4474
breweries/black-market-brewing-co,breweries,Black Market Brewing Co,Temecula,CA,92590,Brewpub,2020-03-03,Not recorded,1071
breweries/black-mesa-brewing-company,breweries,Black Mesa Brewing Company,Norman,OK,73069,Micro,2020-04-11,Not recorded,5618
breweries/black-monk-brewery,breweries,Black Monk Brewery,Erie,PA,16505,Taproom,2020-04-11,Not recorded,6059
breweries/black-mountain-brewing,breweries,Black Mountain Brewing,Black Mountain,NC,28711,Taproom,2020-03-03,Not recorded,4180
breweries/black-narrows-brewing-company,breweries,Black Narrows Brewing Company,Chincoteague,VA,23336,Taproom,2020-03-03,Not recorded,7000
breweries/black-plague-brewing,breweries,Black Plague Brewing,Oceanside,CA,92056,Taproom,2020-04-11,Not recorded,677
breweries/black-pond-brews,breweries,Black Pond Brews,Danielson,CT,06239,Taproom,2020-02-01,Not recorded,1613
breweries/black-pug-brewing,breweries,Black Pug Brewing,Brunswick,ME,04011,Taproom,yes,Not recorded,3246
breweries/black-rabbit-farm,breweries,Black Rabbit Farm,Southwick,MA,01077,Taproom,2020-03-03,Not recorded,3072
breweries/black-raven-brewing-co,breweries,Black Raven Brewing Co,Redmond,WA,98052,Micro,2020-03-03,Not recorded,7461
breweries/black-raven-brewing-co-woodinville,breweries,Black Raven Brewing Co - Woodinville,Woodinville,WA,98072,Micro,2020-04-11,Not recorded,7663
breweries/black-sands-brewery,breweries,Black Sands Brewery,San Francisco,CA,94117,Micro,2020-03-03,Not recorded,905
breweries/black-snout-brewhouse,breweries,Black Snout Brewhouse,Albuquerque,NM,87112,Taproom,2019-11-27,Not recorded,4751
breweries/black-spruce-brewing-company,breweries,Black Spruce Brewing Company,Fairbanks,AK,99709,Taproom,2019-11-03,Yes,16
breweries/black-stag-brewery,breweries,Black Stag Brewery,Lawrence,KS,66044,Brewpub,2020-04-11,Not recorded,2793
breweries/black-star-co-op,breweries,Black Star Co-op,Austin,TX,78752,Brewpub,2020-03-03,Not recorded,6613
breweries/black-swan-brewpub,breweries,Black Swan Brewpub,Plainfield,IN,46168,Brewpub,2020-03-03,Not recorded,2742
breweries/black-tooth-brewing-co,breweries,Black Tooth Brewing Co,Sheridan,WY,82801,Micro,2020-02-07,Not recorded,7960
breweries/black-warrior-brewing-co,breweries,Black Warrior Brewing Co.,Tuscaloosa,AL,35401,Taproom,2020-03-03,Not recorded,85
breweries/blackadder-brewing-company,breweries,Blackadder Brewing Company,Gainesville,FL,32607,Taproom,2020-03-03,Not recorded,1813
breweries/blackberry-farm-brewery,breweries,Blackberry Farm Brewery,Maryville,TN,37804,Micro,2020-04-11,Not recorded,6544
breweries/blackfoot-river-brewing-co,breweries,Blackfoot River Brewing Co,Helena,MT,59601,Taproom,2020-03-03,Not recorded,4089
breweries/blacklist-artisan-ales,breweries,Blacklist Artisan Ales,Duluth,MN,55802,Micro,2020-02-07,Not recorded,3736
breweries/blackrock-brewers,breweries,BlackRock Brewers,Tucson,AZ,85710,Taproom,2020-04-11,Not recorded,234
breweries/blackrocks-brewery,breweries,Blackrocks Brewery,Marquette,MI,49855,Micro,yes,Not recorded,3578
breweries/blackrocks-brewery-production-facility,breweries,Blackrocks Brewery - Production Facility,Marquette,MI,49855,Micro,yes,Not recorded,3579
breweries/blacksmith-brewing-co,breweries,Blacksmith Brewing Co,Stevensville,MT,59870,Taproom,2020-04-11,Not recorded,4124
breweries/blackstack-brewing,breweries,BlackStack Brewing,Saint Paul,MN,55104,Micro,2020-04-11,Not recorded,3860
breweries/blaker-brewing,breweries,Blaker Brewing,Ceres,CA,95307,Taproom,2020-03-03,Not recorded,356
breweries/blakes-brewing-co,breweries,Blake’s Brewing Co.,Armada,MI,48005,Brewpub,2020-04-11,Not recorded,3370
breweries/blank-canvas-brewery,breweries,Blank Canvas Brewery,Brewer,ME,04412,Taproom,2020-02-01,Not recorded,3239
breweries/blast-825-brewery,breweries,Blast 825 Brewery,Orcutt,CA,93455,Brewpub,2020-02-07,Not recorded,688
breweries/blaze-brewing-company,breweries,Blaze Brewing Company,Camden,ME,04843,Taproom,2019-04-20,Not recorded,3248
breweries/blazing-tree-brewery,breweries,Blazing Tree Brewery,El Paso,TX,79936,Taproom,2020-03-03,Not recorded,6718
breweries/bleeding-heart-brewery,breweries,Bleeding Heart Brewery,Palmer,AK,99645,Taproom,2019-11-03,Not recorded,33
breweries/blewett-brewing-company,breweries,Blewett Brewing Company,Leavenworth,WA,98826,Brewpub,2020-02-07,Not recorded,7396
breweries/blind-bat-brewery-llc-the,breweries,"Blind Bat Brewery LLC, The",Centerport,NY,11721,Micro,2020-03-03,Not recorded,4985
breweries/blind-owl-brewery,breweries,Blind Owl Brewery,Indianapolis,IN,46220,Brewpub,2019-10-26,Not recorded,2665
breweries/blind-tiger-brewery-and-restaurant,breweries,Blind Tiger Brewery & Restaurant,Topeka,KS,66611,Brewpub,2020-04-11,Not recorded,2815
breweries/block-brewing-company,breweries,Block Brewing Company,Howell,MI,48843,Brewpub,2020-03-03,Not recorded,3525
breweries/block-north-llc,breweries,Block North LLC,Aitkin,MN,56431,Brewpub,2020-03-03,Not recorded,3709
breweries/bloom-brew,breweries,Bloom Brew,West Newton,PA,15089,Taproom,2020-03-03,Not recorded,6311
breweries/bloomington-brewing-co-production-facility,breweries,Bloomington Brewing Co - Production Facility,Bloomington,IN,47404,Micro,2020-02-07,Not recorded,2602
breweries/blowing-rock-brewing-company,breweries,Blowing Rock Brewing Company,Blowing Rock,NC,28605,Brewpub,2020-04-11,Not recorded,4183
breweries/blu-dragonfly-brewing,breweries,Blü Dragonfly Brewing,Cimarron,NM,87714,Brewpub,2020-03-03,Not recorded,4794
breweries/blue-blaze-brewing,breweries,Blue Blaze Brewing,Charlotte,NC,28208,Micro,2020-04-11,Not recorded,4221
breweries/blue-frog-brewing-company,breweries,Blue Frog Brewing Company,Fairfield,CA,94533,Micro,2020-04-11,Not recorded,434
breweries/blue-heron-brewing-co-llc,breweries,Blue Heron Brewing Co. LLC,Embudo,NM,87531,Brewpub,2020-04-11,Not recorded,4801
breweries/blue-moon-brewery,breweries,Blue Moon Brewery,Denver,CO,80216,Large,2020-02-01,Yes,1281
breweries/blue-mountain-barrel-house-and-organic-brewery,breweries,Blue Mountain Barrel House and Organic Brewery,Arrington,VA,22922,Micro,2020-03-03,Not recorded,6958
breweries/blue-mountain-pizza-and-brew-pub,breweries,Blue Mountain Pizza and Brew Pub,Weaverville,NC,28787,Brewpub,2020-04-11,Not recorded,4425
breweries/blue-nose-brewery,breweries,Blue Nose Brewery,Hodgkins,IL,60525,Taproom,2020-03-03,Not recorded,2468
breweries/blue-note-brewing-company,breweries,Blue Note Brewing Company,Woodland,CA,95695,Taproom,2020-03-03,Not recorded,1168
breweries/blue-oak-brewing-co,breweries,Blue Oak Brewing Co,San Carlos,CA,94070,Taproom,2020-03-03,Not recorded,806
breweries/blue-owl-brewing,breweries,Blue Owl Brewing,Austin,TX,78702,Micro,2019-10-26,Not recorded,6607
breweries/blue-skye-brewery,breweries,Blue Skye Brewery,Salina,KS,67401,Brewpub,2020-03-03,Not recorded,2808
breweries/blue-spruce-brewing,breweries,Blue Spruce Brewing,Centennial,CO,80122,Brewpub,2020-02-07,Not recorded,1239
breweries/blue-spruce-brewing-littleton,breweries,Blue Spruce Brewing Littleton,Littleton,CO,80127,Brewpub,2020-03-03,Not recorded,1487
breweries/blue-stallion-brewing-company,breweries,Blue Stallion Brewing Company,Lexington,KY,40508,Micro,2020-02-07,Not recorded,2856
breweries/blue-tile-brewing,breweries,Blue Tile Brewing,Denver,CO,80216,Taproom,2020-03-03,Not recorded,1296
breweries/blue-tractor-brewing-co,breweries,Blue Tractor Brewing Co,Ann Arbor,MI,48104,Brewpub,2020-03-03,Not recorded,3361
breweries/blue-wolf-brewing-company-llc,breweries,Blue Wolf Brewing Company LLC,Brooklyn Park,MN,55443,Taproom,2020-03-03,Not recorded,3725
breweries/bluebird-brasserie,breweries,Bluebird Brasserie,Sherman Oaks,CA,91423,Brewpub,2020-03-03,Not recorded,1035
breweries/bluebonnet-beer-co,breweries,Bluebonnet Beer Co,Round Rock,TX,78664,Taproom,2019-10-26,Not recorded,6839
breweries/bluegrass-brewing-co-brewpub,breweries,Bluegrass Brewing Co - Brewpub,Louisville,KY,40202,Brewpub,2020-03-03,Not recorded,2869
breweries/bluejacket,breweries,Bluejacket,Washington,DC,20003,Brewpub,2020-02-07,Not recorded,1697
breweries/blues-city-brewing-co,breweries,Blues City Brewing Co,Memphis,TN,38118,Regional,2019-06-03,Not recorded,6547
breweries/bluestone-brewing-company,breweries,Bluestone Brewing Company,Sayre,PA,18840,Brewpub,2020-04-11,Not recorded,6275
breweries/boathouse-brewery-llc,breweries,Boathouse Brewery LLC,Ely,MN,55731,Brewpub,2020-02-07,Not recorded,3750
breweries/bobcat-brewery-and-cafe,breweries,Bobcat Brewery & Cafe,Bristol,VT,05443,Brewpub,2020-03-03,Not recorded,7218
breweries/bobtown-brewhouse-and-grill,breweries,Bobtown Brewhouse & Grill,Roberts,WI,54023,Brewpub,2020-03-03,Not recorded,7854
breweries/boese-brothers-brewing,breweries,Boese Brothers Brewing,Albuquerque,NM,87102,Taproom,2020-03-03,Not recorded,4752
breweries/bog-brewing-company,breweries,Bog Brewing Company,Saint Augustine,FL,32084,Taproom,2020-03-03,Not recorded,1957
breweries/bog-iron-brewing-co,breweries,Bog Iron Brewing Co,Norton,MA,02766,Micro,2020-02-07,Not recorded,3044
breweries/boggy-draw-brewery,breweries,Boggy Draw Brewery,Sheridan,CO,80110,Taproom,2020-03-03,Not recorded,1558
breweries/bohemian-brewery-and-grill,breweries,Bohemian Brewery and Grill,Salt Lake City,UT,84121,Micro,2020-02-07,Not recorded,6924
breweries/boise-brewing,breweries,Boise Brewing,Boise,ID,83702,Micro,2020-02-01,Not recorded,2264
breweries/bold-city-brewery,breweries,Bold City Brewery,Jacksonville,FL,32204,Micro,2020-04-11,Not recorded,1834
breweries/bold-missy-brewery,breweries,Bold Missy Brewery,Charlotte,NC,28205,Brewpub,2020-03-03,Not recorded,4210
breweries/bold-republic-brewing-company,breweries,Bold Republic Brewing Company,Belton,TX,76513,Brewpub,2020-04-11,Not recorded,6652
breweries/bolero-snort-brewery,breweries,Bolero Snort Brewery,Ridgefield Park,NJ,07660,Contract,2020-03-03,Not recorded,4723
breweries/bolt-brewery,breweries,Bolt Brewery,La Mesa,CA,91942,Brewpub,2020-04-11,Not recorded,516
breweries/bolton-beer-works,breweries,Bolton Beer Works,Bolton,MA,01740,Brewpub,2020-03-03,Not recorded,2951
breweries/bombing-range-brewing-company,breweries,Bombing Range Brewing Company,Richland,WA,99354,Brewpub,2020-02-07,Not recorded,7469
breweries/bombs-away-beer-company,breweries,Bombs Away Beer Company,Albuquerque,NM,87123,Brewpub,2020-03-03,Not recorded,4753
breweries/bombshell-beer-company,breweries,Bombshell Beer Company,Holly Springs,NC,27540,Micro,2020-03-03,Not recorded,4319
breweries/bonds-brewing-company,breweries,Bond’s Brewing Company,Laramie,WY,82070,Taproom,2020-03-03,Not recorded,7954
breweries/bone-haus-brewing,breweries,Bone Haus Brewing,Fountain Hills,AZ,85268,Taproom,2020-03-03,Not recorded,151
breweries/boneshire-brew-works,breweries,Boneshire Brew Works,Harrisburg,PA,17111,Micro,2020-04-11,Not recorded,6094
breweries/boneyard-beer-co,breweries,Boneyard Beer Co,Bend,OR,97701,Regional,2020-03-03,Not recorded,5673
breweries/boneyard-beer-co-bend-or,breweries,Boneyard Beer Co,Bend,OR,97703,Micro,2020-04-11,Not recorded,5681
breweries/bonfire-brewing,breweries,Bonfire Brewing,Eagle,CO,81631,Micro,2020-02-07,Not recorded,1378
breweries/bonfire-brewing-production,breweries,Bonfire Brewing Production,Eagle,CO,81631,Taproom,2020-03-03,Not recorded,1379
breweries/bonneville-brewing-company,breweries,Bonneville Brewing Company,Tooele,UT,84074,Micro,2020-02-07,Not recorded,6945
breweries/bonsai-brew-works,breweries,Bonsai Brew Works,Hegins,PA,17938,Micro,2020-03-03,Not recorded,6102
breweries/bonsai-brewing-project,breweries,Bonsai Brewing Project,Whitefish,MT,59937,Brewpub,2020-03-03,Not recorded,4127
breweries/bookhouse-brewing-llc,breweries,"Bookhouse Brewing, LLC.",Cleveland,OH,44113,Taproom,2020-04-11,Not recorded,5413
breweries/books-and-brews,breweries,Books & Brews,Indianapolis,IN,46256,Brewpub,2020-02-07,Not recorded,2668
breweries/boom-city-brewing,breweries,Boom City Brewing,Williamsport,PA,17701,Brewpub,2020-03-03,Not recorded,6318
breweries/boomtown-brewery,breweries,Boomtown Brewery,Los Angeles,CA,90012,Taproom,2020-03-03,Not recorded,567
breweries/boomtown-brewery-and-woodfire-grill,breweries,BoomTown Brewery and Woodfire Grill,Hibbing,MN,55746,Brewpub,2020-04-11,Not recorded,3762
breweries/boondoggle-brewing,breweries,Boondoggle Brewing,Wethersfield,CT,06109,Contract,2020-03-03,Not recorded,1688
breweries/boone-valley-brewing-co,breweries,Boone Valley Brewing Co,Boone,IA,50036,Micro,2020-02-01,Not recorded,2174
breweries/boot-n-flute-brewery-guild-wurst-tavern,breweries,Boot N Flute Brewery / Guild Wurst Tavern,Coralville,IA,52241,Brewpub,2020-02-01,Not recorded,2196
breweries/bootleggers-brewery-costa-mesa,breweries,Bootlegger’s Brewery Costa Mesa,Costa Mesa,CA,92626,Micro,2020-03-03,Not recorded,387
breweries/bootleggers-brewery-redlands,breweries,Bootlegger’s Brewery Redlands,Redlands,CA,92374,Micro,2020-04-11,Not recorded,751
breweries/bootstrap-brewing,breweries,Bootstrap Brewing,Longmont,CO,80501,Micro,2020-03-03,Not recorded,1499
breweries/boqueron-brewing-company,breweries,Boqueron Brewing Company,Boqueron,PR,00622,Micro,2019-11-27,Yes,6333
breweries/border-x-brewing,breweries,Border X Brewing,San Diego,CA,92113,Brewpub,2020-04-11,Not recorded,850
breweries/border-x-logan,breweries,Border X Logan,San Diego,CA,92113,Brewpub,2020-03-03,Not recorded,835
breweries/boring-brewing-co-llc,breweries,"Boring Brewing Co., LLC",Sandy,OR,97055,Taproom,2020-03-03,Not recorded,5918
other-places/bos-meadery,other-places,Bos Meadery,Madison,WI,53703,,2019-11-13,Not recorded,7766
breweries/bosackis-home-brew,breweries,Bosacki’s Home Brew,Mundelein,IL,60060,Taproom,2020-04-11,Not recorded,2504
breweries/bosk-brew-works,breweries,Bosk Brew Works,Woodinville,WA,98072,Taproom,2020-03-03,Not recorded,7657
breweries/boss-dog-brewing,breweries,Boss Dog Brewing,Cleveland,OH,44118,Brewpub,2020-03-03,Not recorded,5394
breweries/boss-rambler-beer-club,breweries,Boss Rambler Beer Club,Bend,OR,97703,Proprietor,2020-03-03,Not recorded,5674
breweries/boston-beer-co,breweries,Boston Beer Co,Boston,MA,02130,Micro,2019-04-20,Not recorded,2953
breweries/boston-beer-co-boston-ma,breweries,Boston Beer Co,Boston,MA,02210,Regional,2019-11-03,Not recorded,2954
breweries/boston-beer-co-dba-samuel-adams-brewing-co,breweries,Boston Beer Co - DBA Samuel Adams Brewing Co,Cincinnati,OH,45214,Regional,2019-11-03,Not recorded,5355
breweries/boston-mountain-brewing,breweries,Boston Mountain Brewing,Fayetteville,AR,72703,Taproom,2020-04-11,Not recorded,97
breweries/bottle-logic-brewing,breweries,Bottle Logic Brewing,Anaheim,CA,92806,Taproom,2019-11-27,Not recorded,263
breweries/bottle-rocket-brewing-co,breweries,Bottle Rocket Brewing Co,Seward,NE,68434,Taproom,2020-04-11,Not recorded,4527
breweries/bottle-tree-beer-co,breweries,Bottle Tree Beer Co,Tryon,NC,28782,Contract,2020-03-03,Not recorded,4418
breweries/bottlehouse-brewery,breweries,BottleHouse Brewery,Lakewood,OH,44107,Taproom,2020-03-03,Not recorded,5502
breweries/bottlenose-brewing,breweries,Bottlenose Brewing,Jacksonville,FL,32246,Brewpub,2020-03-03,Not recorded,1829
breweries/bottom-shelf-brewery,breweries,Bottom Shelf Brewery,Bayfield,CO,81122,Brewpub,2020-02-07,Not recorded,1194
breweries/bottomless-brewing-llc,breweries,"Bottomless Brewing, LLC",Geneva,NY,14456,Brewpub,2020-04-11,Not recorded,5047
breweries/boulder-beer-co,breweries,Boulder Beer Co,Boulder,CO,80301,Regional,2020-03-03,Not recorded,1205
breweries/boulevard-brewing-co,breweries,Boulevard Brewing Co,Kansas City,MO,64108,Regional,2020-03-03,Not recorded,3930
breweries/boundary-bay-brewery-and-bistro,breweries,Boundary Bay Brewery & Bistro,Bellingham,WA,98225,Brewpub,2020-02-07,Not recorded,7292
breweries/bow-and-arrow-brewing-co,breweries,Bow and Arrow Brewing Co.,Albuquerque,NM,87102,Micro,2020-04-11,Not recorded,4762
breweries/box-office-brewery,breweries,Box Office Brewery,Strasburg,VA,22657,Brewpub,2020-04-11,Not recorded,7168
breweries/bradley-farm-rb-brew-llc,breweries,"Bradley Farm / RB Brew, LLC",New Paltz,NY,12561,Taproom,2020-03-03,Not recorded,5139
breweries/brainy-borough-brewing,breweries,Brainy Borough Brewing,Metuchen,NJ,08840,Contract,2020-03-03,Not recorded,4694
breweries/branch-and-blade-brewing,breweries,Branch and Blade Brewing,Keene,NH,03431,Brewpub,2019-11-27,Not recorded,4560
breweries/braselton-brewing-company,breweries,Braselton Brewing Company,Braselton,GA,30517,Brewpub,2020-02-07,Not recorded,2083
breweries/brash-brewing-company,breweries,Brash Brewing Company,Houston,TX,77018,Micro,2020-04-11,Not recorded,6768
breweries/brass-foundry-brewing-co,breweries,Brass Foundry Brewing Co.,Minneapolis,MN,55426,Micro,2020-02-07,Not recorded,3781
breweries/brass-ring-brewery,breweries,Brass Ring Brewery,Grand Rapids,MI,49507,Brewpub,yes,Not recorded,3491
breweries/brass-works-brewing-company-llc,breweries,Brass Works Brewing Company LLC,Waterbury,CT,06704,Taproom,2020-03-03,Not recorded,1685
breweries/brasserie-saint-james,breweries,Brasserie Saint James,Reno,NV,89501,Brewpub,2020-04-11,Not recorded,4871
breweries/bravus-brewing-company,breweries,Bravus Brewing Company,Costa Mesa,CA,92627,Contract,2020-03-03,Not recorded,388
breweries/braxton-brewing-company,breweries,Braxton Brewing Company,Covington,KY,41011,Regional,2020-03-03,Not recorded,2837
breweries/braxton-labs,breweries,Braxton Labs,Bellevue,KY,41073,Micro,2020-02-01,Not recorded,2833
breweries/breakaway-brew-haus,breweries,Breakaway Brew Haus,Bolton,CT,06043,Taproom,2020-03-03,Not recorded,1601
breweries/breakside-brewery,breweries,Breakside Brewery,Portland,OR,97211,Brewpub,2020-03-03,Not recorded,5819
breweries/breakside-brewery-and-taproom,breweries,Breakside Brewery & Taproom,Milwaukie,OR,97222,Regional,2020-03-03,Not recorded,5787
breweries/breakside-brewery-nw-slabtown,breweries,Breakside Brewery NW Slabtown,Portland,OR,97210,Brewpub,2020-04-11,Not recorded,5841
breweries/breckenridge-brewery,breweries,Breckenridge Brewery,Littleton,CO,80120,Largge,2020-03-03,Not recorded,1488
breweries/breckenridge-brewery-and-pub,breweries,Breckenridge Brewery & Pub,Breckenridge,CO,80424,Largge,2020-03-03,Not recorded,1220
breweries/brevard-brewing-co,breweries,Brevard Brewing Co,Brevard,NC,28712,Taproom,2020-04-11,Not recorded,4188
breweries/brew-bus-brewing,breweries,Brew Bus Brewing,Tampa,FL,33603,Micro,2020-03-03,Not recorded,2005
breweries/brew-detroit,breweries,Brew Detroit,Detroit,MI,48216,Micro,2020-02-07,Not recorded,3431
breweries/brew-gentlemen,breweries,Brew Gentlemen,Braddock,PA,15104,Taproom,2020-03-03,Yes,5981
breweries/brew-hub-taproom,breweries,Brew Hub Taproom,St. Louis,MO,63110,Brewpub,2020-04-11,Not recorded,4011
breweries/brew-keepers,breweries,Brew Keepers,Wheeling,WV,26003,Taproom,2020-03-03,Not recorded,7929
breweries/brew-life-brewing,breweries,Brew Life Brewing,Sarasota,FL,34233,Taproom,2020-03-03,Not recorded,1981
breweries/brew-link-brewing,breweries,Brew Link Brewing,Plainfield,IN,46168,Proprietor,2020-03-03,Not recorded,2743
breweries/brew-practitioners-llc,breweries,"Brew Practitioners, LLC.",Florence,MA,01062,Taproom,2020-04-11,Not recorded,2990
breweries/brew-republic-bierwerks,breweries,Brew Republic Bierwerks,Woodbridge,VA,22191,Brewpub,2020-03-03,Not recorded,7202
breweries/brew-works-of-fremont,breweries,Brew Works of Fremont,Fremont,MI,49412,Brewpub,2019-11-27,Not recorded,3463
breweries/brewcaipa-brewing-co,breweries,Brewcaipa Brewing Co.,Yucaipa,CA,92399,Taproom,2020-04-11,Not recorded,1171
breweries/brewdog-brewing-company-llc,breweries,"BrewDog Brewing Company, LLC",Canal Winchester,OH,43110,Regional,2020-03-03,Not recorded,5341
breweries/brewerie-at-union-station-the,breweries,"Brewerie at Union Station, The",Erie,PA,16501,Brewpub,2020-04-11,Not recorded,6060
breweries/brewers-union,breweries,Brewers Union,Oklahoma City,OK,73107,Micro,2020-03-03,Not recorded,5624
breweries/brewery-33-hocking-hills-llc,breweries,"Brewery 33 Hocking Hills, LLC",Logan,OH,43138,Micro,2020-03-03,Not recorded,5509
breweries/brewery-719,breweries,Brewery 719,Alliance,NE,69301,Micro,2020-04-11,Not recorded,4480
breweries/brewery-at-lake-tahoe,breweries,Brewery At Lake Tahoe,South Lake Tahoe,CA,96150,Brewpub,2020-03-03,Yes,1046
breweries/brewery-at-simmzys-burbank,breweries,Brewery At Simmzys Burbank,Burbank,CA,91505,Brewpub,2020-02-07,Not recorded,324
breweries/brewery-at-the-culinary-institute-of-america,breweries,Brewery At The Culinary Institute Of America,Hyde Park,NY,12538,Brewpub,2020-03-03,Not recorded,5089
breweries/brewery-becker,breweries,Brewery Becker,Brighton,MI,48116,Taproom,yes,Not recorded,3390
breweries/brewery-creek-inn-restaurant-and-brewery,breweries,"Brewery Creek Inn, Restaurant and Brewery",Mineral Point,WI,53565,Brewpub,2020-02-07,Not recorded,7821
breweries/brewery-extrava,breweries,Brewery Extrava,Portland,ME,04101,Taproom,2020-02-01,Not recorded,3302
breweries/brewery-in-planning-culver-city,breweries,Brewery in Planning - Culver City,Culver City,CA,90230,Contract,2020-03-03,Not recorded,400
breweries/brewery-ommegang,breweries,Brewery Ommegang,Cooperstown,NY,13326,Regional,2020-03-03,Not recorded,5003
breweries/brewery-rickoli,breweries,Brewery Rickoli,Wheat Ridge,CO,80033,Taproom,2020-03-03,Not recorded,1589
breweries/brewery-terra-firma,breweries,Brewery Terra Firma,Traverse City,MI,49685,Micro,2020-03-03,Not recorded,3674
breweries/brewery-twenty-five,breweries,Brewery Twenty Five,Hollister,CA,95023,Taproom,2020-03-03,Not recorded,482
breweries/brewery-vivant,breweries,Brewery Vivant,Grand Rapids,MI,49506,Brewpub,2020-02-07,Not recorded,3476
breweries/brewfinity-brewing-co,breweries,Brewfinity Brewing Co,Oconomowoc,WI,53066,Brewpub,2020-02-07,Not recorded,7832
breweries/brewing-academy-of-montana-at-fvcc,breweries,Brewing Academy Of Montana At FVCC,Kalispell,MT,59901,Micro,2020-04-11,Not recorded,4095
breweries/brewing-reserve-of-california,breweries,Brewing Reserve of California,Costa Mesa,CA,92626,Taproom,2020-03-03,Not recorded,389
breweries/brewmasters-tavern-brewmasters-brewing-services,breweries,Brewmasters Tavern / Brewmasters Brewing Services,Williamsburg,MA,01096,Micro,2019-10-25,Not recorded,3100
breweries/brewsa-brewing-co,breweries,BrewSA Brewing Co,Freeport,NY,11520,Micro,2020-04-11,Not recorded,5039
breweries/brewstel,breweries,Brewstel,Elkins,WV,26241,Taproom,2020-03-03,Not recorded,7909
breweries/brewster-bros-brewing-co,breweries,Brewster Bros Brewing Co,Chippewa Falls,WI,54729,Micro,2020-04-11,Not recorded,7706
breweries/brewster-river-pub-and-brewery,breweries,Brewster River Pub & Brewery,Jeffersonville,VT,05464,Brewpub,2020-04-11,Not recorded,7234
breweries/brewtality,breweries,Brewtality,San Jose,CA,95122,Contract,2020-03-03,Not recorded,942
breweries/brewyard-beer-company-llc,breweries,Brewyard Beer Company LLC,Glendale,CA,91201,Taproom,2020-03-03,Not recorded,461
breweries/briarscratch-brewing,breweries,BriarScratch Brewing,Cottontown,TN,37048,Micro,2020-03-03,Not recorded,6510
breweries/brices-brewing-company,breweries,Brice’s Brewing Company,Raleigh,NC,27603,Taproom,2020-03-03,Not recorded,4370
breweries/brick-and-barrel,breweries,Brick and Barrel,Cleveland,OH,44113,Taproom,2020-04-11,Not recorded,5414
breweries/brick-and-feather-brewery,breweries,Brick and Feather Brewery,Turners Falls,MA,01376,Taproom,2020-03-03,Not recorded,3078
breweries/brick-and-mortar-brewing-company,breweries,Brick & Mortar Brewing Company,Suffolk,VA,23434,Taproom,2020-04-11,Not recorded,7169
breweries/brick-oven-pizza-co-brick-and-forge-brew-works,breweries,Brick Oven Pizza Co / Brick & Forge Brew Works,Harrison,AR,72601,Brewpub,2020-04-11,Not recorded,101
breweries/brick-oven-pizza-co-brick-and-forge-brewing,breweries,Brick Oven Pizza Co / Brick & Forge Brewing,Paragould,AR,72450,Brewpub,2020-03-03,Not recorded,117
breweries/brick-vault-brewery-and-bbq,breweries,Brick Vault Brewery & BBQ,Marathon,TX,79842,Brewpub,2020-03-03,Not recorded,6803
breweries/brick-works-brewing-and-eats,breweries,Brick Works Brewing and Eats,Smyrna,DE,19977,Brewpub,2020-03-03,Not recorded,1728
breweries/brickfield-brewing,breweries,Brickfield Brewing,Grantsburg,WI,54840,Taproom,2020-03-03,Not recorded,7732
breweries/brickhaven-brewing-company,breweries,BrickHaven Brewing Company,Grand Ledge,MI,48837,Taproom,yes,Not recorded,3471
breweries/brickside-brewery,breweries,Brickside Brewery,Copper Harbor,MI,49918,Taproom,2020-03-03,Not recorded,3422
breweries/brickyard-hollow-brewing-co,breweries,Brickyard Hollow Brewing Co,Yarmouth,ME,04096,Brewpub,2019-04-20,Not recorded,3346
breweries/bridge-and-tunnel-brewery,breweries,Bridge And Tunnel Brewery,Ridgewood,NY,11385,Taproom,2020-03-03,Not recorded,5206
breweries/bridge-brew-works,breweries,Bridge Brew Works,Fayetteville,WV,25840,Micro,2020-04-11,Not recorded,7913
breweries/bridge-up-brewing-company,breweries,Bridge Up Brewing Company,Sturgeon Bay,WI,54235,Brewpub,2020-02-07,Not recorded,7867
breweries/bridger-brewing,breweries,Bridger Brewing,Bozeman,MT,59715,Brewpub,2020-04-11,Not recorded,4060
breweries/brieux-carre-brewing-company,breweries,Brieux Carre Brewing Company,New Orleans,LA,70116,Taproom,2020-04-11,Not recorded,2921
breweries/bright-ideas-brewing,breweries,Bright Ideas Brewing,North Adams,MA,01247,Taproom,2020-03-03,Not recorded,3041
breweries/bright-penny-brewing-company,breweries,Bright Penny Brewing Company,Mebane,NC,27302,Brewpub,2020-04-11,Not recorded,4340
breweries/brightside-aleworks,breweries,Brightside Aleworks,Altoona,IA,50009,Taproom,2020-02-01,Not recorded,2163
breweries/brim-kitchen-and-brewery,breweries,Brim Kitchen and Brewery,Willoughby,OH,44094,Brewpub,2020-03-03,Not recorded,5594
breweries/brindle-haus-brewing-company,breweries,Brindle Haus Brewing Company,Spencerport,NY,14559,Taproom,2020-04-11,Not recorded,5249
breweries/brinx-jones-brewery,breweries,Brinx Jones Brewery,Vineland,NJ,08360,Taproom,2020-04-11,Not recorded,4737
breweries/brioux-city-brewery,breweries,Brioux City Brewery,Sioux City,IA,51105,Taproom,2020-02-01,Not recorded,2248
breweries/bristol-brewing-co,breweries,Bristol Brewing Co,Colorado Springs,CO,80905,Micro,2020-02-07,Not recorded,1248
breweries/bristol-station-brews-and-taproom,breweries,Bristol Station Brews & Taproom,Bristol,VA,24201,Taproom,2020-04-11,Not recorded,6979
breweries/british-bulldog-brewery,breweries,British Bulldog Brewery,Chico,CA,95973,Micro,2020-03-03,Not recorded,360
breweries/brix-city-brewing,breweries,Brix City Brewing,Little Ferry,NJ,07643,Taproom,2020-04-11,Not recorded,4683
breweries/brix-taphouse-and-brewery,breweries,Brix Taphouse and Brewery,Greeley,CO,80631,Brewpub,2020-04-11,Not recorded,1453
breweries/broad-brook-brewing-company,breweries,Broad Brook Brewing Company,Suffield,CT,06078,Micro,2020-02-07,Not recorded,1681
breweries/broad-leaf-local-beer,breweries,Broad Leaf Local Beer,Kentwood,MI,49512,Taproom,2020-04-11,Not recorded,3552
breweries/broad-ripple-brewing-co,breweries,Broad Ripple Brewing Co,Indianapolis,IN,46220,Brewpub,2020-04-11,Not recorded,2678
breweries/brocklebank-craft-brewing,breweries,Brocklebank Craft Brewing,Chelsea,VT,05038,Taproom,2020-03-03,Not recorded,7226
breweries/broken-chair-brewery,breweries,Broken Chair Brewery,West Reading,PA,19611,Taproom,2019-10-26,Not recorded,6312
breweries/broken-compass-brewing,breweries,Broken Compass Brewing,Breckenridge,CO,80424,Taproom,2020-03-03,Not recorded,1221
breweries/broken-horn-brewing-company,breweries,Broken Horn Brewing Company,McCall,ID,83638,Taproom,2020-02-01,Not recorded,2299
breweries/broken-rock-brewery,breweries,Broken Rock Brewery,Port Austin,MI,48467,Brewpub,yes,Not recorded,3623
breweries/broken-strings-brewery,breweries,Broken Strings Brewery,Orlando,FL,32805,Taproom,2020-04-11,Not recorded,1911
breweries/broken-tooth-brewing-co,breweries,Broken Tooth Brewing Co,Anchorage,AK,99501,Micro,2019-11-03,Not recorded,6
breweries/broken-trail-brewery-and-distillery,breweries,Broken Trail Brewery & Distillery,Albuquerque,NM,87107,Taproom,2020-04-11,Not recorded,4763
breweries/broken-window-brewing-company-llc,breweries,Broken Window Brewing Company LLC.,Winchester,VA,22601,Taproom,2020-03-03,Not recorded,7199
breweries/bron-yr-aur-brewing,breweries,Bron Yr Aur Brewing,Naches,WA,98937,Brewpub,2020-02-07,Not recorded,7427
breweries/bronze-owl-brewing,breweries,Bronze Owl Brewing,Poplar Bluff,MO,63901,Brewpub,2019-10-26,Not recorded,3967
breweries/brooks-brewery-northside-lounge,breweries,Brooks Brewery / Northside Lounge,Manville,NJ,08835,Brewpub,2020-04-11,Not recorded,4688
breweries/broomtail-craft-brewery,breweries,Broomtail Craft Brewery,Wilmington,NC,28405,Taproom,2020-04-11,Not recorded,4434
breweries/brothers-cascadia-brewing,breweries,Brothers Cascadia Brewing,Vancouver,WA,98665,Taproom,2020-04-11,Not recorded,7625
breweries/brothers-kershner-brewing-co,breweries,Brothers Kershner Brewing Co,Skippack,PA,19474,Taproom,2020-04-11,Not recorded,6283
breweries/brotherwell-brewing,breweries,Brotherwell Brewing,Waco,TX,76704,Micro,2020-03-03,Not recorded,6890
breweries/brouwerij-les-deplorables,breweries,Brouwerij Les Deplorables,Woodinville,WA,98072,Micro,2020-03-03,Not recorded,7658
breweries/brouwerij-west,breweries,Brouwerij West,San Pedro,CA,90731,Micro,12/20.2019,Not recorded,980
breweries/brown-iron-brewhouse,breweries,Brown Iron Brewhouse,Washington,MI,48094,Brewpub,2020-02-07,Not recorded,3693
breweries/brown-truck-brewery,breweries,Brown Truck Brewery,High Point,NC,27262,Taproom,2019-06-05,Not recorded,4315
breweries/browns-brewing-co,breweries,Brown’s Brewing Co,North Hoosick,NY,12133,Brewpub,2020-03-03,Not recorded,5156
breweries/broxton,breweries,Broxton,Los Angeles,CA,90024,Brewpub,2020-04-11,Not recorded,579
breweries/bru-handbuilt-ales-and-eats,breweries,BRU Handbuilt Ales and Eats,Boulder,CO,80303,Brewpub,2020-02-07,Not recorded,1202
breweries/bruery-the,breweries,"Bruery, The",Placentia,CA,92870,Micro,2020-04-11,Not recorded,717
breweries/brush-creek-brewing-company,breweries,Brush Creek Brewing Company,Atkinson,NE,68713,Brewpub,2020-03-03,Not recorded,4481
breweries/brutopia-brewing-co,breweries,BrÜtopia Brewing Co,New Bern,NC,28560,Taproom,2020-03-03,Not recorded,4359
breweries/bruz-beers,breweries,Bruz Beers,Denver,CO,80221,Taproom,2020-04-11,Not recorded,1320
breweries/bs-brewing,breweries,BS Brewing,Seguin,TX,78155,Taproom,2020-04-11,Not recorded,6871
breweries/bubba-brews-brewing-company,breweries,Bubba Brew’s Brewing Company,Bonnerdale,AR,71933,Brewpub,2020-03-03,Not recorded,91
breweries/bubes-brewery,breweries,Bubes Brewery,Mount Joy,PA,17552,Brewpub,2020-04-11,Not recorded,6178
breweries/buck-bald-brewing-corporation,breweries,Buck Bald Brewing Corporation,Copperhill,TN,37317,Taproom,2020-04-11,Not recorded,6508
breweries/buckhorn-brewers-llc,breweries,Buckhorn Brewers LLC,Loveland,CO,80537,Taproom,2020-04-11,Not recorded,1515
breweries/buckledown-brewing,breweries,BuckleDown Brewing,Lyons,IL,60534,Micro,2020-03-03,Not recorded,2492
breweries/buffalo-bayou-brewing-co,breweries,Buffalo Bayou Brewing Co,Houston,TX,77007,Micro,2020-04-11,Not recorded,6769
breweries/buffalo-bills-brewery,breweries,Buffalo Bills Brewery,Hayward,CA,94541,Brewpub,2020-03-03,Not recorded,477
breweries/buffalo-commons-brewing-company,breweries,Buffalo Commons Brewing Company,Mandan,ND,58554,Taproom,2020-04-11,Not recorded,4472
breweries/buffalo-creek-brewing,breweries,Buffalo Creek Brewing,Long Grove,IL,60047,Taproom,2020-04-11,Not recorded,2491
breweries/buffalo-mountain-brewery,breweries,Buffalo Mountain Brewery,Floyd,VA,24091,Brewpub,2020-04-11,Not recorded,7025
breweries/buffalo-ridge-brewing,breweries,Buffalo Ridge Brewing,Hartford,SD,57033,Brewpub,2020-03-03,Not recorded,6454
breweries/buffalo-riverworks-brewery,breweries,Buffalo RiverWorks Brewery,Buffalo,NY,14203,Brewpub,2020-04-11,Not recorded,4954
breweries/buffalo-water-beer-co,breweries,Buffalo Water Beer Co,Milwaukee,WI,53202,Contract,2020-03-03,Not recorded,7799
breweries/bugnutty-brewing-company,breweries,Bugnutty Brewing Company,Cocoa,FL,32922,Taproom,2020-03-03,Not recorded,1769
breweries/building-8-brewing,breweries,Building 8 Brewing,Florence,MA,01062,Micro,2020-03-03,Not recorded,2989
breweries/bull-and-bones-brewhaus-and-grill,breweries,Bull & Bones Brewhaus & Grill,Blacksburg,VA,24060,Brewpub,2020-03-03,Not recorded,6973
breweries/bull-and-bush-brewery,breweries,Bull & Bush Brewery,Denver,CO,80246,Brewpub,2020-03-03,Not recorded,1297
breweries/bull-and-goat-brewery,breweries,Bull and Goat Brewery,Centreville,MD,21617,Taproom,2020-02-01,Not recorded,3139
breweries/bull-city-homebrew,breweries,Bull City Homebrew,Durham,NC,27713,Taproom,2020-02-01,Not recorded,4255
breweries/bull-creek-brewing-company,breweries,Bull Creek Brewing Company,Liberty Hill,TX,78642,Taproom,2020-03-03,Not recorded,6791
breweries/bull-durham-beer-co,breweries,Bull Durham Beer Co,Durham,NC,27701,Micro,2020-02-01,Not recorded,4256
breweries/bull-durham-beer-co-raleigh-nc,breweries,Bull Durham Beer Co,Raleigh,NC,27617,Proprietor,2020-03-03,Not recorded,4371
breweries/bull-falls-brewery-llc,breweries,Bull Falls Brewery LLC,Wausau,WI,54403,Micro,2020-03-03,Not recorded,7887
breweries/bull-island-brewing-company,breweries,Bull Island Brewing Company,Hampton,VA,23669,Brewpub,2020-04-11,Not recorded,7045
breweries/bullfrog-brewery-production-only,breweries,Bullfrog Brewery - Production Only,Williamsport,PA,17701,Micro,2020-04-11,Not recorded,6320
breweries/bullquarian-brewhouse-llc,breweries,"Bullquarian Brewhouse, LLC",Monroe,WI,53566,Brewpub,2020-02-07,Not recorded,7824
breweries/bullthistle-brewing-co,breweries,Bullthistle Brewing Co.,Sherburne,NY,13460,Brewpub,2020-03-03,Not recorded,5246
breweries/bunsenbrewer,breweries,Bunsenbrewer,Sandy,OR,97055,Brewpub,2020-03-03,Not recorded,5919
breweries/buon-appetito-ristorante,breweries,Buon Appetito Ristorante,Spring Grove,PA,17362,Brewpub,2020-03-03,Not recorded,6288
breweries/buoy-beer-company,breweries,Buoy Beer Company,Astoria,OR,97103,Micro,2020-03-03,Not recorded,5657
breweries/bur-oak-company,breweries,Bur Oak Company,Columbia,MO,65201,Micro,2020-03-03,Not recorded,3909
breweries/burgeon-beer-company,breweries,Burgeon Beer Company,Carlsbad,CA,92011,Taproom,2020-04-11,Not recorded,347
breweries/burial-beer-co,breweries,Burial Beer Co,Asheville,NC,28801,Micro,2020-03-03,Not recorded,4147
breweries/burke-gilman-brewing,breweries,Burke-Gilman Brewing,Seattle,WA,98105,Taproom,2020-03-03,Not recorded,7497
breweries/burkes-alewerks,breweries,Burke’s Alewerks,Hanover,MA,02339,Taproom,2020-02-01,Not recorded,3001
breweries/burley-oak-craft-brewery,breweries,Burley Oak Craft Brewery,Berlin,MD,21811,Micro,2020-03-03,Not recorded,3133
breweries/burlington-beer-company,breweries,Burlington Beer Company,Williston,VT,05495,Micro,2020-02-07,Not recorded,7270
breweries/burlington-beer-works,breweries,Burlington Beer Works,Burlington,NC,27215,Brewpub,2020-03-03,Not recorded,4191
breweries/burnem-brewing,breweries,Burn’Em Brewing,Michigan City,IN,46360,Micro,2020-02-07,Not recorded,2719
breweries/burnin-daylight-brewing-company,breweries,Burnin Daylight Brewing Company,Lomita,CA,90717,Brewpub,2020-03-03,Not recorded,546
breweries/burning-barrel-brewing-company,breweries,Burning Barrel Brewing Company,Rancho Cordova,CA,95670,Taproom,2020-03-03,Not recorded,735
breweries/burns-family-artisan-ales,breweries,Burns Family Artisan Ales,Denver,CO,80219,Micro,2020-04-11,Not recorded,1321
breweries/burnt-city-brewing,breweries,Burnt City Brewing,Chicago,IL,60622,Micro,2019-11-27,Not recorded,2363
breweries/burnt-field-brewing,breweries,Burnt Field Brewing,Boardman,OR,97818,Brewpub,2020-04-11,Not recorded,5696
breweries/burnt-hickory-brewery,breweries,Burnt Hickory Brewery,Kennesaw,GA,30144,Micro,2020-02-07,Not recorded,2105
breweries/burnt-marshmellow-brewing-at-rudbeckia-farm,breweries,Burnt Marshmellow Brewing At Rudbeckia Farm,Petoskey,MI,49770,Taproom,yes,Not recorded,3618
breweries/burnt-timber-brewing,breweries,Burnt Timber Brewing,Wolfeboro,NH,03894,Brewpub,2020-04-11,Not recorded,4614
breweries/busted-sandal-brewing-company,breweries,Busted Sandal Brewing Company,San Antonio,TX,78229,Micro,2020-04-11,Not recorded,6854
breweries/butler-brew-works,breweries,Butler Brew Works,Butler,PA,16001,Brewpub,2020-04-11,Not recorded,5989
breweries/butternuts-beer,breweries,Butternuts Beer,Garrattsville,NY,13342,Micro,2020-03-03,Not recorded,5044
breweries/buzz-bomb-brewing-co,breweries,Buzz Bomb Brewing Co,Springfield,IL,62701,Taproom,2020-03-03,Not recorded,2558
breweries/by-the-horns-brewing,breweries,By the horns brewing,Mansfield,TX,76061,Brewpub,2019-04-20,Not recorded,6801
breweries/byway-brewing-company,breweries,Byway Brewing Company,Hammond,IN,46323,Brewpub,2020-03-03,Not recorded,2660
breweries/c-b-and-potts-big-horn-brewery-highlands-ranch,breweries,C.B. and Potts/Big Horn Brewery - Highlands Ranch,Highlands Ranch,CO,80129,Brewpub,2020-04-11,Not recorded,1464
breweries/cabarrus-brewing-company,breweries,Cabarrus Brewing Company,Concord,NC,28027,Taproom,2020-04-11,Not recorded,4244
breweries/cabin-boys-brewery,breweries,Cabin Boys Brewery,Tulsa,OK,74104,Taproom,2020-04-11,Not recorded,5642
breweries/cactus-land-brewing-company,breweries,Cactus Land Brewing Company,Adkins,TX,78101,Brewpub,2020-04-11,Not recorded,6591
breweries/cairn-brewing,breweries,Cairn Brewing,Kenmore,WA,98028,Taproom,2019-11-27,Not recorded,7378
breweries/cajunboyz-brewery-llc,breweries,"Cajunboyz Brewery, LLC",Reserve,LA,70084,Taproom,2020-03-03,Not recorded,2929
breweries/caledonia-brewing,breweries,Caledonia Brewing,Dunedin,FL,34698,Taproom,2020-03-03,Not recorded,1785
breweries/calibration-brewery,breweries,Calibration Brewery,Kansas City,MO,64116,Brewpub,2020-03-03,Not recorded,3931
breweries/callahan-west-brewery,breweries,Callahan West Brewery,Mosquero,NM,87733,Taproom,2020-03-03,Not recorded,4816
breweries/callsign-brewing,breweries,Callsign Brewing,Kansas City,MO,64116,Taproom,2020-04-11,Not recorded,3934
breweries/calvert-brewing-co,breweries,Calvert Brewing Co,Upper Marlboro,MD,20774,Micro,2020-04-11,Not recorded,3206
breweries/camber-brewing-company,breweries,Camber Brewing Company,Fraser,CO,80442,Taproom,2020-03-03,Not recorded,1424
breweries/cambridge-brewing-co,breweries,Cambridge Brewing Co,Cambridge,MA,02139,Brewpub,12/20.2019,Not recorded,2964
breweries/cambridge-house-brew-pub-granby,breweries,Cambridge House Brew Pub - Granby,Granby,CT,06035,Brewpub,2020-02-07,Not recorded,1619
breweries/camelback-brewing-company,breweries,Camelback Brewing Company,Sanford,NC,27330,Brewpub,2020-04-11,Not recorded,4400
breweries/camino-brewing-co-llc,breweries,Camino Brewing Co LLC,San Jose,CA,95113,Micro,2020-03-03,Not recorded,943
breweries/camp-colvos-brewing,breweries,Camp Colvos Brewing,Vashon,WA,98070,Brewpub,2020-02-07,Not recorded,7635
breweries/canadian-river-brewing-co,breweries,Canadian River Brewing Co,Chickasha,OK,73018,Micro,2020-04-11,Not recorded,5609
breweries/cannon-ball-brewing-company,breweries,Cannon Ball Brewing Company,Indianapolis,IN,46202,Brewpub,2020-04-11,Not recorded,2679
breweries/cannon-brewpub,breweries,Cannon Brewpub,Columbus,GA,31901,Brewpub,2020-04-11,Not recorded,2091
breweries/cannonball-creek-brewing-co,breweries,Cannonball Creek Brewing Co,Golden,CO,80403,Taproom,2020-03-03,Not recorded,1438
breweries/canteen-brewhouse,breweries,Canteen Brewhouse,Albuquerque,NM,87107,Micro,2020-03-03,Not recorded,4754
breweries/canterbury-aleworks,breweries,Canterbury Aleworks,Canterbury,NH,03224,Taproom,2020-03-03,Not recorded,4540
breweries/canton-brew-works-llc,breweries,"Canton Brew Works, LLC",Canton,MI,48187,Taproom,2020-04-11,Not recorded,3400
breweries/canyon-club-brewery,breweries,Canyon Club Brewery,Moraga,CA,94556,Brewpub,2020-02-07,Not recorded,624
breweries/canyon-creek-brewing,breweries,Canyon Creek Brewing,Billings,MT,59102,Taproom,2020-03-03,Not recorded,4045
breweries/canyon-lakes-brewing-company,breweries,Canyon Lakes Brewing Company,Elwood,NE,68937,Brewpub,2020-04-11,Not recorded,4486
breweries/cape-cod-beer,breweries,Cape Cod Beer,Hyannis,MA,02601,Micro,2020-04-11,Not recorded,3009
breweries/cape-may-brewery,breweries,Cape May Brewery,Cape May,NJ,08204,Regional,2020-03-03,Not recorded,4631
breweries/capital-brewery-co-inc,breweries,Capital Brewery Co Inc,Middleton,WI,53562,Micro,2019-11-13,Not recorded,7791
breweries/capstan-bar-brewing-company,breweries,Capstan Bar Brewing Company,Hampton,VA,23666,Taproom,2020-03-03,Not recorded,7044
breweries/captain-lawrence-brewing-co,breweries,Captain Lawrence Brewing Co,Elmsford,NY,10523,Regional,2020-03-03,Not recorded,5027
breweries/carbondale-beer-works,breweries,Carbondale Beer Works,Carbondale,CO,81623,Brewpub,2020-02-07,Not recorded,1231
other-places/cardinal-spirits,other-places,Cardinal Spirits,Bloomington,IN,47403,Distillery,YES,Yes,2600
breweries/carlyle-brewing-co,breweries,Carlyle Brewing Co,Rockford,IL,61104,Brewpub,2020-03-03,Not recorded,2541
breweries/carmelitas-mexican-restaurant,breweries,Carmelita’s Mexican Restaurant,Roseville,CA,95678,Brewpub,2020-03-03,Not recorded,778
breweries/carpe-diem-brewing-company,breweries,Carpe Diem Brewing Company,Napa,CA,94559,Brewpub,2020-04-11,Not recorded,639
breweries/carroll-brewing-co,breweries,Carroll Brewing Co.,Carroll,IA,51401,Taproom,2020-02-01,Not recorded,2179
breweries/carters-brewing,breweries,Carters Brewing,Billings,MT,59101,Taproom,2020-03-03,Not recorded,4046
breweries/carver-brewing-co,breweries,Carver Brewing Co,Durango,CO,81301,Brewpub,2020-03-03,Not recorded,1374
breweries/cary-ale-house,breweries,Cary Ale House,Cary,IL,60013,Brewpub,2020-02-07,Not recorded,2350
breweries/casa-agria-specialty-ales,breweries,Casa Agria Specialty Ales,Oxnard,CA,93030,Micro,2020-04-11,Not recorded,693
breweries/cascade-brewing,breweries,Cascade Brewing,Portland,OR,97225,Brewpub,2019-11-27,Not recorded,5813
breweries/cascade-brewing-barrel-house,breweries,Cascade Brewing Barrel House,Portland,OR,97214,Micro,2019-11-27,Not recorded,5814
breweries/cascade-brewing-blending-house,breweries,Cascade Brewing Blending House,Beaverton,OR,97008,Micro,2019-11-27,Not recorded,5666
breweries/cascade-lakes-brewing-co,breweries,Cascade Lakes Brewing Co,Redmond,OR,97756,Micro,2019-11-27,Not recorded,5892
breweries/casey-brewing-and-blending,breweries,Casey Brewing and Blending,Glenwood Springs,CO,81601,Micro,2019-11-27,Not recorded,1433
breweries/castle-brewing-co,breweries,Castle Brewing Co,Greenville,MI,48838,Brewpub,2020-02-07,Not recorded,3504
breweries/castle-church-brewing-community,breweries,Castle Church Brewing Community,Orlando,FL,32822,Taproom,2020-03-03,Not recorded,1908
breweries/castle-danger-brewery,breweries,Castle Danger Brewery,Two Harbors,MN,55616,Regional,2020-03-03,Not recorded,3881
breweries/castle-point-brewery,breweries,Castle Point Brewery,Hoboken,NJ,07030,Contract,2020-03-03,Not recorded,4674
breweries/casual-animal,breweries,Casual Animal,Kansas City,MO,64108,Taproom,2020-03-03,Not recorded,3932
breweries/catawba-brewing-co-asheville,breweries,Catawba Brewing Co - Asheville,Asheville,NC,28801,Micro,2020-03-03,Not recorded,4148
breweries/catawba-brewing-co-charlotte,breweries,Catawba Brewing Co - Charlotte,Charlotte,NC,28204,Micro,yes,Yes,4207
breweries/catfish-charlies-catfish-creek-brew-pub,breweries,Catfish Charlies / Catfish Creek Brew Pub,Dubuque,IA,52001,Brewpub,2020-02-01,Not recorded,2214
breweries/cathedral-square-brewery,breweries,Cathedral Square Brewery,Saint Louis,MO,63108,Contract,2020-03-03,Not recorded,3980
breweries/cave-brewing-co,breweries,Cave Brewing Co,Bethlehem,PA,18015,Micro,2020-04-11,Not recorded,5972
breweries/cave-creek-beer-co,breweries,Cave Creek Beer Co,Cave Creek,AZ,85331,Brewpub,2020-04-11,Not recorded,131
breweries/cavendish-brewing-company,breweries,Cavendish Brewing Company,Gastonia,NC,28052,Taproom,2020-03-03,Not recorded,4284
breweries/cavu-brewery-and-restaurant,breweries,CAVU Brewery and Restaurant,La Jolla,CA,92037,Brewpub,2020-02-07,Not recorded,511
breweries/cedar-crest-brewing-and-wine-bar,breweries,Cedar Crest Brewing and Wine Bar,Red Bluff,CA,96080,Brewpub,2020-04-11,Not recorded,746
breweries/cedar-run-brewery,breweries,Cedar Run Brewery,Nokesville,VA,20181,Taproom,2020-04-11,Not recorded,7090
breweries/cellador-ales,breweries,Cellador Ales,North Hills,CA,91343,Micro,2020-03-03,Not recorded,651
breweries/cellar-brewing-co,breweries,Cellar Brewing Co,Sparta,MI,49345,Brewpub,2020-03-03,Not recorded,3662
breweries/cellar-west-artisan-ales,breweries,Cellar West Artisan Ales,Lafayette,CO,80026,Taproom,2020-04-11,Not recorded,1477
breweries/cellarmaker-brewing-company,breweries,Cellarmaker Brewing Company,San Francisco,CA,94103,Micro,2019-11-13,Not recorded,901
breweries/cellarmaker-house-of-pizza,breweries,Cellarmaker House of Pizza,San Francisco,CA,94110,Brewpub,2019-11-13,Not recorded,902
breweries/center-of-the-universe-brewing-co,breweries,Center of the Universe Brewing Co,Ashland,VA,23005,Micro,2020-04-11,Not recorded,6966
breweries/center-pivot,breweries,Center Pivot,Quinter,KS,67752,Brewpub,2020-02-07,Not recorded,2807
breweries/central-28-beer-company,breweries,Central 28 Beer Company,Debary,FL,32713,Taproom,2020-04-11,Not recorded,1778
breweries/central-coast-brewing-co-higuera-st,breweries,Central Coast Brewing Co - Higuera St.,San Luis Obispo,CA,93401,Brewpub,2020-03-03,Not recorded,961
breweries/central-coast-brewing-co-monterey-st,breweries,Central Coast Brewing Co - Monterey St.,San Luis Obispo,CA,93401,Micro,2020-02-07,Not recorded,959
breweries/central-state-brewing,breweries,Central State Brewing,Indianapolis,IN,46218,Micro,2020-04-11,Not recorded,2680
breweries/central-waters-brewing-co,breweries,Central Waters Brewing Co,Amherst,WI,54406,Regional,2019-11-13,Yes,7681
breweries/cerberus-brewing-company,breweries,Cerberus Brewing Company,Colorado Springs,CO,80905,Brewpub,2020-04-11,Not recorded,1255
breweries/cercis-brewing-company,breweries,Cercis Brewing Company,Columbus,WI,53925,Brewpub,2020-02-07,Not recorded,7709
breweries/cerebral-brewing,breweries,Cerebral Brewing,Denver,CO,80206,Micro,12/20.2019,Not recorded,1332
breweries/cerveza-zolupez-beer-co,breweries,Cerveza Zólupez Beer Co.,Ogden,UT,84401,Micro,2020-02-07,Not recorded,6910
breweries/chafunkta-brewing-co,breweries,Chafunkta Brewing Co,Mandeville,LA,70471,Micro,2020-03-03,Not recorded,2909
breweries/chagrin-beer-company,breweries,Chagrin Beer Company,Chagrin Falls,OH,44022,Contract,2020-03-03,Not recorded,5353
breweries/chandeleur-island-brewing-company,breweries,Chandeleur Island Brewing Company,Gulfport,MS,39501,Micro,2020-03-03,Not recorded,4024
breweries/chaos-mountain-brewing-llc,breweries,"Chaos Mountain Brewing, LLC",Callaway,VA,24067,Micro,2020-03-03,Not recorded,6983
breweries/chapel-brewing,breweries,Chapel Brewing,Dundas,MN,55019,Taproom,2020-03-03,Not recorded,3745
breweries/charlie-and-jakes-brewery-and-grille,breweries,Charlie and Jakes Brewery and Grille,Melbourne,FL,32940,Brewpub,2020-02-07,Not recorded,1864
breweries/charter-oak-brewing-company-llc,breweries,Charter Oak Brewing Company LLC,Danbury,CT,06810,Proprietor,2020-03-03,Not recorded,1612
breweries/chateau-de-pique-winery-and-brewery,breweries,Chateau De Pique Winery & Brewery,Seymour,IN,47274,Taproom,2020-03-03,Not recorded,2751
breweries/chatham-brewing-llc,breweries,Chatham Brewing LLC,Chatham,NY,12037,Micro,2020-04-11,Not recorded,4987
breweries/chattabrewchee-southern-brewhouse,breweries,Chattabrewchee Southern Brewhouse,West Point,GA,31833,Taproom,2020-03-03,Not recorded,2138
breweries/chattahoochee-brewing-co,breweries,Chattahoochee Brewing Co,Phenix City,AL,36867,Taproom,2020-03-03,Not recorded,83
breweries/chattanooga-brewing-co,breweries,Chattanooga Brewing Co,Chattanooga,TN,37408,Micro,2020-04-11,Not recorded,6492
breweries/chatty-monks-brewing-company,breweries,Chatty Monks Brewing Company,West Reading,PA,19611,Brewpub,2019-10-26,Not recorded,6313
breweries/chatty-monks-brewing-company-production-facility,breweries,Chatty Monks Brewing Company - Production Facility,Reading,PA,19611,Micro,2019-10-26,Not recorded,6267
breweries/cheeky-monkey-brewing-co-lucky-strike-jillians,breweries,Cheeky Monkey Brewing Co / Lucky Strike Jillians,Boston,MA,02215,Brewpub,2020-04-11,Not recorded,2959
breweries/chehalem-valley-brewery,breweries,Chehalem Valley Brewery,Newberg,OR,97132,Brewpub,2020-03-03,Not recorded,5792
breweries/chelsea-alehouse-brewery,breweries,Chelsea Alehouse Brewery,Chelsea,MI,48118,Brewpub,2020-04-11,Not recorded,3410
breweries/cherry-republic-brewing,breweries,Cherry Republic Brewing,Traverse City,MI,49684,Contract,2020-03-03,Not recorded,3675
breweries/chesapeake-brewing-co,breweries,Chesapeake Brewing Co,Annapolis,MD,21401,Brewpub,2020-02-07,Not recorded,3108
breweries/chesepiooc-real-ale-brewery,breweries,Chesepiooc Real Ale Brewery,Crofton,MD,21114,Taproom,2020-03-03,Not recorded,3145
breweries/chesterton-brewery,breweries,Chesterton Brewery,Chesterton,IN,46304,Taproom,2020-04-11,Not recorded,2614
breweries/chestnut-brew-works,breweries,Chestnut Brew Works,Morgantown,WV,26501,Micro,2020-02-07,Not recorded,7916
breweries/chestnut-hill-brewing-co,breweries,Chestnut Hill Brewing Co,Philadelphia,PA,19118,Brewpub,2020-03-03,Not recorded,6202
breweries/chetco-brewing-company,breweries,Chetco Brewing Company,Brookings,OR,97415,Taproom,2020-03-03,Not recorded,5697
breweries/chicago-beer-company,breweries,Chicago Beer Company,Chicago,IL,60607,Contract,2020-02-07,Not recorded,2366
breweries/chicago-brewing-co-nv,breweries,Chicago Brewing Co - NV,Las Vegas,NV,89117,Brewpub,2020-03-03,Not recorded,4853
breweries/chief-springs-fire-and-irons-brew-pub,breweries,Chief Spring’s Fire and Irons Brew Pub,Dayton,WA,99328,Brewpub,2020-02-07,Not recorded,7345
breweries/chilton-mill-brewing,breweries,Chilton Mill Brewing,Long Valley,NJ,07853,Taproom,2020-03-03,Not recorded,4685
breweries/chino-valley-brewery,breweries,Chino Valley Brewery,Ontario,CA,91761,Taproom,2020-03-03,Not recorded,682
other-places/chocolatey-software-inc,other-places,"Chocolatey Software, Inc.",Topeka,KS,66614,,2020-02-01,Not recorded,2814
breweries/chophouse-and-brewery-denver,breweries,ChopHouse and Brewery - Denver,Denver,CO,80202,Brewpub,2020-03-03,Not recorded,1298
breweries/christian-moerlein-brewing-co,breweries,Christian Moerlein Brewing Co,Cincinnati,OH,45202,Regional,2020-03-03,Not recorded,5359
breweries/chrysalis-barrel-aged-beer,breweries,Chrysalis Barrel Aged Beer,Paonia,CO,81428,Taproom,2020-03-03,Not recorded,1541
breweries/chubby-squirrel-brewing-company,breweries,Chubby Squirrel Brewing Company,Fairfax,VA,22030,Brewpub,2020-03-03,Not recorded,7020
breweries/chuckanut-brewery-north-nut,breweries,Chuckanut Brewery - North Nut,Bellingham,WA,98225,Micro,2020-04-11,Not recorded,7299
breweries/chuckanut-south-nut,breweries,Chuckanut - South Nut,Burlington,WA,98233,Micro,2020-04-11,Not recorded,7323
breweries/church-brew-works-lawrenceville-brewery-inc,breweries,Church Brew Works/Lawrenceville Brewery Inc.,Pittsburgh,PA,15201,Brewpub,2020-04-11,Not recorded,6243
breweries/church-street-brewing-company,breweries,Church Street Brewing Company,Itasca,IL,60143,Taproom,2020-03-03,Not recorded,2472
breweries/cibolo-creek-brewing-co,breweries,Cibolo Creek Brewing Co.,Boerne,TX,78006,Brewpub,2020-03-03,Not recorded,6655
breweries/ciclops-cyderi-and-brewery,breweries,Ciclops Cyderi and Brewery,Spartanburg,SC,29306,Brewpub,2020-04-11,Not recorded,6443
breweries/cigar-city-brewing,breweries,Cigar City Brewing,Tampa,FL,33607,Regional,2019-06-13,Not recorded,1998
breweries/cincy-brewing-co,breweries,Cincy Brewing Co.,Cincinnati,OH,45215,Taproom,2020-04-11,Not recorded,5377
breweries/cinder-block-brewery,breweries,Cinder Block Brewery,North Kansas City,MO,64116,Brewpub,2020-04-11,Not recorded,3956
breweries/cinderlands-beer-co,breweries,Cinderlands Beer Co.,Pittsburgh,PA,15201,Brewpub,2020-04-11,Not recorded,6244
breweries/cinderlands-warehouse,breweries,Cinderlands Warehouse,Pittsburgh,PA,15222,Brewpub,2020-03-03,Not recorded,6236
breweries/circa-brewing-co,breweries,Circa Brewing Co,Brooklyn,NY,11201,Brewpub,2020-04-11,Not recorded,4942
breweries/cisco-brewers,breweries,Cisco Brewers,Nantucket,MA,02554,Brewpub,2020-02-07,Not recorded,3035
breweries/citizen-33-brewery,breweries,Citizen 33 Brewery,Driggs,ID,83422,Brewpub,2020-02-01,Not recorded,2283
breweries/citizen-brewers,breweries,Citizen Brewers,San Diego,CA,92120,Taproom,2020-04-11,Not recorded,851
breweries/city-acre-brewing-co,breweries,City Acre Brewing Co,Houston,TX,77093,Brewpub,2020-04-11,Not recorded,6770
breweries/city-brewing-co,breweries,City Brewing Co,La Crosse,WI,54601,Regional,2020-03-03,Not recorded,7752
breweries/city-steam-brewery,breweries,City Steam Brewery,Hartford,CT,06103,Brewpub,2020-03-03,Not recorded,1625
breweries/civil-life-brewing-company,breweries,Civil Life Brewing Company,Saint Louis,MO,63116,Proprietor,2020-03-03,Not recorded,3981
breweries/civilian-brewing-corps,breweries,Civilian Brewing Corps,Spencer,IN,47460,Brewpub,2020-02-07,Not recorded,2756
breweries/claim-52-brewing,breweries,Claim 52 Brewing,Eugene,OR,97402,Micro,2020-04-11,Not recorded,5722
breweries/clairvoyant-brewing,breweries,Clairvoyant Brewing,Boise,ID,83702,Taproom,2020-02-01,Not recorded,2265
breweries/clam-lake-beer-co,breweries,Clam Lake Beer Co,Cadillac,MI,49601,Brewpub,2020-03-03,Not recorded,3396
breweries/cle-brewing,breweries,CLE Brewing,Cleveland,OH,44128,Micro,2020-04-11,Not recorded,5415
breweries/clearwater-brewing-company,breweries,Clearwater Brewing Company,Clearwater,FL,33755,Taproom,2020-03-03,Not recorded,1763
breweries/clemson-bros-brewery,breweries,Clemson Bros. Brewery,Middletown,NY,10940,Brewpub,2020-03-03,Not recorded,5132
breweries/clermont-brewing-company,breweries,Clermont Brewing Company,Clermont,FL,34711,Brewpub,2020-03-03,Not recorded,1767
breweries/cleveland-brewing-company-butcher-and-the-brewer,breweries,Cleveland Brewing Company @ Butcher and The Brewer,Cleveland,OH,44115,Brewpub,2019-11-27,Not recorded,5390
breweries/cliffside-brewing,breweries,Cliffside Brewing,Wallingford,CT,06492,Taproom,2020-04-11,Not recorded,1682
breweries/climate-city-brewing-co,breweries,Climate City Brewing Co.,Grants Pass,OR,97526,Brewpub,2020-04-11,Not recorded,5739
breweries/clock-house-brewing,breweries,Clock House Brewing,Cedar Rapids,IA,52401,Taproom,2020-02-01,Not recorded,2183
breweries/clockwerks-brewing,breweries,Clockwerks Brewing,Minneapolis,MN,55401,Taproom,2020-04-11,Not recorded,3799
breweries/cloud-9-brewery,breweries,Cloud 9 Brewery,Boise,ID,83702,Brewpub,2020-02-01,Not recorded,2266
other-places/cloud-alchemist,other-places,Cloud Alchemist,Tukwila,WA,98168,OTHER,2019-04-20,Yes,7613
breweries/cloudburst-brewing,breweries,Cloudburst Brewing,Seattle,WA,98121,Micro,2019-11-27,Not recorded,7486
breweries/cloudcroft-brewing-company,breweries,Cloudcroft Brewing Company,Cloudcroft,NM,88317,Brewpub,2020-03-03,Not recorded,4795
breweries/cloven-hoof-brewing-co,breweries,Cloven Hoof Brewing Co,Ashtabula,OH,44004,Taproom,2020-03-03,Not recorded,5318
breweries/clubhouse-brewing-company-ltd,breweries,Clubhouse Brewing Company Ltd,Warren,OH,44483,Brewpub,2020-03-03,Not recorded,5586
breweries/clutch-brewing-company,breweries,Clutch Brewing Company,Saint Paul,MN,55102,Taproom,2020-03-03,Not recorded,3854
breweries/coachella-valley-brewing-co,breweries,Coachella Valley Brewing Co,Thousand Palms,CA,92276,Micro,2020-03-03,Not recorded,1079
breweries/coal-country-brewing,breweries,Coal Country Brewing,Ebensburg,PA,15931,Taproom,2020-03-03,Not recorded,6045
breweries/coal-creek-tap,breweries,Coal Creek TAP,Laramie,WY,82070,Brewpub,2020-02-07,Yes,7951
breweries/coal-mine-ave-brewing-company,breweries,Coal Mine Ave Brewing Company,Littleton,CO,80162,Taproom,2020-04-11,Not recorded,1490
breweries/coal-tipple-brewery-kramer-farms,breweries,Coal Tipple Brewery / Kramer Farms,Burgettstown,PA,15021,Taproom,2020-04-11,Not recorded,5988
breweries/coastal-dayz-brewery-llc,breweries,Coastal Dayz Brewery LLC,Fort Myers,FL,33901,Taproom,2020-03-03,Not recorded,1800
breweries/cobblehaus-brewing-company,breweries,Cobblehaus Brewing Company,Coraopolis,PA,15108,Taproom,2020-03-03,Not recorded,6019
breweries/cocoa-beach-brewing-co,breweries,Cocoa Beach Brewing Co,Cocoa Beach,FL,32931,Brewpub,2020-02-07,Not recorded,1771
breweries/coda-brewing-company,breweries,Coda Brewing Company,Golden,CO,80401,Taproom,2020-03-03,Not recorded,1439
breweries/cognition-brewing-company,breweries,Cognition Brewing Company,Ishpeming,MI,49849,Taproom,yes,Not recorded,3532
breweries/cognito-brewing-company,breweries,Cognito Brewing Company,Bangor,MI,49013,Brewpub,yes,Not recorded,3372
breweries/coho-brewing-co,breweries,Coho Brewing Co,Cape May Court House,NJ,08210,Micro,2020-03-03,Not recorded,4634
breweries/cold-creek-brewery,breweries,Cold Creek Brewery,Ellington,CT,06029,Micro,2020-02-07,Not recorded,1617
breweries/cold-harbor-brewing-company,breweries,Cold Harbor Brewing Company,Westborough,MA,01581,Taproom,2020-02-01,Not recorded,3087
breweries/cold-iron-brewing,breweries,Cold Iron Brewing,Ironwood,MI,49938,Taproom,2020-03-03,Not recorded,3530
breweries/cold-water-brewery-and-grill,breweries,Cold Water Brewery and Grill,South Lake Tahoe,CA,96150,Brewpub,2020-02-07,Not recorded,1047
breweries/coldfire-brewing,breweries,Coldfire Brewing,Eugene,OR,97401,Taproom,2020-04-11,Not recorded,5723
breweries/cole-street-brewery,breweries,Cole Street Brewery,Enumclaw,WA,98022,Taproom,2020-04-11,Not recorded,7358
breweries/collaborative-brewing-llc,breweries,Collaborative Brewing LLC,Waitsfield,VT,05673,Micro,2020-02-07,Not recorded,7261
breweries/collision-bend-brewing-co,breweries,Collision Bend Brewing Co,Cleveland,OH,44113,Brewpub,2020-03-03,Not recorded,5395
breweries/collision-brewing,breweries,Collision Brewing,Longmont,CO,80504,Brewpub,2020-02-07,Not recorded,1497
breweries/colorado-boy-pizzeria,breweries,Colorado Boy Pizzeria,Montrose,CO,81401,Brewpub,2020-02-01,Not recorded,1526
breweries/colorado-boy-pub-and-brewery,breweries,Colorado Boy Pub & Brewery,Ridgway,CO,81432,Brewpub,2020-02-01,Not recorded,1553
breweries/colorado-mountain-brewery-at-the-roundhouse,breweries,Colorado Mountain Brewery At the Roundhouse,Colorado Springs,CO,80904,Brewpub,2020-02-01,Not recorded,1246
breweries/colsons-beer-co,breweries,Colsons Beer Co.,Flowood,MS,39232,Contract,2020-03-03,Not recorded,4023
breweries/columbia-craft-brewing-company,breweries,Columbia Craft Brewing Company,Columbia,SC,29201,Taproom,2020-03-03,Not recorded,6392
breweries/columbia-kettle-works,breweries,Columbia Kettle Works,Columbia,PA,17512,Brewpub,2020-04-11,Not recorded,6015
breweries/columbia-valley-brewing,breweries,Columbia Valley Brewing,Wenatchee,WA,98801,Brewpub,2020-02-07,Not recorded,7648
breweries/columbus-house-brewery,breweries,Columbus House Brewery,Fayetteville,AR,72701,Taproom,2020-03-03,Not recorded,92
breweries/comanche-creek-brewing-co,breweries,Comanche Creek Brewing Co,Eagle Nest,NM,87718,Taproom,2020-03-03,Not recorded,4799
breweries/common-block-brewing-company,breweries,Common Block Brewing Company,Medford,OR,97501,Proprietor,2020-03-03,Not recorded,5779
breweries/common-bond-brewers-llc,breweries,"Common Bond Brewers, LLC",Montgomery,AL,36104,Taproom,2020-03-03,Not recorded,78
breweries/common-roots-brewing-company,breweries,Common Roots Brewing Company,South Glens Falls,NY,12803,Taproom,2020-03-03,Not recorded,5247
breweries/common-space-brewery,breweries,Common Space Brewery,Hawthorne,CA,90250,Taproom,2020-03-03,Not recorded,475
breweries/commonhouse-aleworks,breweries,Commonhouse Aleworks,North Charleston,SC,29405,Taproom,2020-04-11,Not recorded,6431
breweries/community-beer-co,breweries,Community Beer Co,Dallas,TX,75207,Regional,2020-03-03,Not recorded,6684
breweries/community-beer-works,breweries,Community Beer Works,Buffalo,NY,14201,Brewpub,2020-03-03,Not recorded,4951
breweries/community-beer-works-buffalo-ny,breweries,Community Beer Works,Buffalo,NY,14213,Taproom,2020-04-11,Not recorded,4955
breweries/community-bruin-company,breweries,Community Bruin Company,West Greenwich,RI,02817,Taproom,2020-03-03,Not recorded,6360
breweries/compadre-brewing,breweries,Compadre Brewing,Round Rock,TX,78664,Taproom,2019-10-26,Not recorded,6840
breweries/company-brewing,breweries,Company Brewing,MILWAUKEE,WI,53212,Brewpub,2020-02-07,Not recorded,7795
breweries/component-brewing-co,breweries,Component Brewing Co,Milwaukee,WI,53207,Taproom,2020-03-03,Not recorded,7800
breweries/concord-craft-brewery,breweries,Concord Craft Brewery,Concord,NH,03301,Micro,2020-03-03,Not recorded,4542
breweries/concrete-beach-brewery,breweries,Concrete Beach Brewery,Miami,FL,33127,Micro,2020-02-07,Not recorded,1870
breweries/concrete-jungle-brewing-project,breweries,Concrete Jungle Brewing Project,Ventura,CA,93003,Micro,2020-04-11,Not recorded,1123
breweries/coney-island-beer,breweries,Coney Island Beer,Brooklyn,NY,11224,Micro,2020-03-03,Not recorded,4936
breweries/confluence-brewing-co,breweries,Confluence Brewing Co,Des Moines,IA,50315,Micro,2019-04-20,Not recorded,2207
breweries/conflux-brewing,breweries,Conflux Brewing,Missoula,MT,59802,Brewpub,2020-03-03,Not recorded,4111
breweries/conny-creek-brewing-co,breweries,Conny Creek Brewing Co,New Kensington,PA,15068,Brewpub,2020-03-03,Not recorded,6187
breweries/conshohocken-brewing-co,breweries,Conshohocken Brewing Co.,Conshohocken,PA,19428,Micro,2020-03-03,Not recorded,6016
breweries/constellation-brands,breweries,Constellation Brands,San Diego,CA,92121,Large,2020-03-03,Not recorded,836
breweries/contentment-brewing-company,breweries,Contentment Brewing Company,Modesto,CA,95350,Taproom,2020-03-03,Not recorded,608
breweries/contrast-artisan-ales,breweries,Contrast Artisan Ales,CHAMBLEE,GA,30341,Taproom,2020-03-03,Not recorded,2088
breweries/cool-beerwerks,breweries,Cool Beerwerks,Cool,CA,95614,Brewpub,2020-02-07,Not recorded,379
breweries/cool-springs-brewery,breweries,Cool Springs Brewery,Franklin,TN,37067,Brewpub,2020-04-11,Not recorded,6513
breweries/cooling-pond-brewery,breweries,Cooling Pond Brewery,Mineral,VA,23117,Taproom,2020-03-03,Not recorded,7084
breweries/coop-ale-works,breweries,COOP Ale Works,Oklahoma City,OK,73179,Regional,2020-03-03,Not recorded,5625
breweries/cooper-landing-brewing-company-llc,breweries,"Cooper Landing Brewing Company, LLC.",Cooper Landing,AK,99572,Micro,2019-11-03,Not recorded,14
breweries/cooper-mountain-ale-works,breweries,Cooper Mountain Ale Works,Beaverton,OR,97007,Micro,2020-03-03,Not recorded,5667
breweries/cooper-river-brewing-company,breweries,Cooper River Brewing Company,Charleston,SC,29405,Micro,2020-03-03,Not recorded,6373
breweries/coopersmiths-pub-and-brewing,breweries,CooperSmiths Pub and Brewing,Fort Collins,CO,80524,Brewpub,2020-03-03,Not recorded,1402
breweries/cooperstown-brewing-co,breweries,Cooperstown Brewing Co,Oneonta,NY,13820,Proprietor,2020-03-03,Not recorded,5165
breweries/copp-brewery-and-winery,breweries,Copp Brewery & Winery,Crystal River,FL,34429,Taproom,2020-03-03,Not recorded,1773
breweries/copper-brothel-brewery,breweries,Copper Brothel Brewery,Sonoita,AZ,85637,Brewpub,2020-03-03,Not recorded,215
breweries/copper-city-brewing-company,breweries,Copper City Brewing Company,Rome,NY,13440,Taproom,2020-04-11,Not recorded,5230
breweries/copper-club-brewing-co,breweries,Copper Club Brewing Co,Fruita,CO,81521,Taproom,2020-03-03,Not recorded,1430
breweries/copper-hop-brewing-co-copper-hop-ranch,breweries,Copper Hop Brewing Co/Copper Hop Ranch,Elgin,AZ,85611,Taproom,2020-03-03,Not recorded,142
breweries/copper-mine-brewing-co,breweries,Copper Mine Brewing Co,Tucson,AZ,85713,Taproom,2020-03-03,Not recorded,228
breweries/copper-state-brewing-co,breweries,Copper State Brewing Co,Green Bay,WI,54303,Brewpub,2020-02-07,Yes,7733
breweries/copperhead-brewery,breweries,Copperhead Brewery,Conroe,TX,77301,Micro,2020-03-03,Not recorded,6672
breweries/copperhill-brewery,breweries,Copperhill Brewery,Copperhill,TN,37317,Taproom,2019-11-27,Not recorded,6507
breweries/copperpoint-brewing-company,breweries,Copperpoint Brewing Company,Boynton Beach,FL,33426,Micro,2020-04-11,Not recorded,1747
breweries/coppertail-brewing,breweries,Coppertail Brewing,Tampa,FL,33605,Regional,2020-03-03,Not recorded,2006
breweries/corbett-brewing-company,breweries,Corbett Brewing Company,Tucson,AZ,85705,Taproom,2020-04-11,Not recorded,235
breweries/core3brewery,breweries,Core3Brewery,Clayton,NJ,08312,Taproom,2020-04-11,Not recorded,4640
breweries/corner-pub,breweries,Corner Pub,Reedsburg,WI,53959,Brewpub,2020-02-07,Not recorded,7848
breweries/cornerstone-brewing-co,breweries,Cornerstone Brewing Co,Berea,OH,44017,Brewpub,2020-03-03,Not recorded,5328
breweries/cornerstone-brewing-co-madison-oh,breweries,Cornerstone Brewing Co,Madison,OH,44057,Brewpub,2020-03-03,Not recorded,5512
breweries/coronado-brewing-co,breweries,Coronado Brewing Co,Coronado,CA,92118,Regional,2019-11-03,Not recorded,386
breweries/coronado-brewing-co-production-facility,breweries,Coronado Brewing Co - Production Facility,San Diego,CA,92110,Regional,2019-11-03,Not recorded,817
breweries/coronado-brewing-company-imperial-beach,breweries,Coronado Brewing Company Imperial Beach,Imperial Beach,CA,91932,Brewpub,2019-04-20,Not recorded,493
breweries/corsair-artisan-llc,breweries,Corsair Artisan LLC,Nashville,TN,37203,Taproom,2019-06-03,Not recorded,6556
breweries/cosmic-brewery,breweries,Cosmic Brewery,Torrance,CA,90501,Taproom,2020-03-03,Not recorded,1085
breweries/cosmic-eye-brewing,breweries,Cosmic Eye Brewing,Lincoln,NE,68505,Taproom,2020-03-03,Not recorded,4499
breweries/costa-ventosa-winery-and-vineyard,breweries,Costa Ventosa Winery & Vineyard,Whaleyville,MD,21872,Brewpub,2020-02-07,Not recorded,3211
breweries/cotee-river-brewing-company,breweries,Cotee River Brewing Company,New Port Richey,FL,34652,Brewpub,2020-04-11,Not recorded,1893
breweries/cotton-brewing-co,breweries,Cotton Brewing Co,Adrian,MI,49221,Brewpub,2020-04-11,Not recorded,3351
breweries/cottrell-brewing-co,breweries,Cottrell Brewing Co,Pawcatuck,CT,06379,Micro,2020-03-03,Not recorded,1664
breweries/couch-brewery,breweries,Couch Brewery,Pittsburgh,PA,15206,Taproom,2020-04-11,Not recorded,6245
breweries/council-rock-brewery,breweries,Council Rock Brewery,Cooperstown,NY,13326,Brewpub,2020-04-11,Not recorded,5004
breweries/counterbalance-brewing-company,breweries,Counterbalance Brewing Company,Seattle,WA,98108,Taproom,2020-03-03,Not recorded,7498
breweries/counterweight-brewing-company,breweries,Counterweight Brewing Company,Hamden,CT,06514,Taproom,2020-04-11,Not recorded,1623
breweries/country-boy-brewing,breweries,Country Boy Brewing,Lexington,KY,40508,Micro,2020-03-03,Not recorded,2857
breweries/county-line-brewing,breweries,County Line Brewing,Garden City,ID,83714,Micro,2020-02-01,Not recorded,2287
breweries/court-avenue-brewing-co,breweries,Court Avenue Brewing Co,Des Moines,IA,50309,Brewpub,2020-02-01,Not recorded,2212
breweries/courthouse-pub,breweries,Courthouse Pub,Manitowoc,WI,54220,Brewpub,2020-02-07,Not recorded,7781
breweries/cousins-ale-works,breweries,Cousins Ale Works,Wappingers Falls,NY,12590,Brewpub,2020-03-03,Not recorded,5281
breweries/cousins-brewing,breweries,Cousins Brewing,Waitsfield,VT,05673,Micro,2020-02-07,Not recorded,7262
breweries/covered-bridge-brewhaus-taproom,breweries,Covered Bridge Brewhaus Taproom,Shamokin,PA,17872,Taproom,2020-03-03,Not recorded,6279
breweries/cowiche-creek-brewing-company,breweries,Cowiche Creek Brewing Company,Cowiche,WA,98923,Micro,2020-02-07,Not recorded,7343
breweries/cowtown-brewing-company,breweries,Cowtown Brewing Company,Fort Worth,TX,76102,Brewpub,2020-04-11,Not recorded,6728
breweries/crabtree-brewing,breweries,Crabtree Brewing,Greeley,CO,80631,Taproom,2020-03-03,Not recorded,1452
breweries/craft-64,breweries,CRAFT 64,Scottsdale,AZ,85251,Contract,2020-02-07,Not recorded,202
breweries/craft-brew-alliance,breweries,Craft Brew Alliance,Portland,OR,97227,Regional,2020-03-03,Not recorded,5820
breweries/craft-kitchen-and-brewery,breweries,Craft Kitchen and Brewery,Bend,OR,97701,Brewpub,2020-04-11,Not recorded,5682
breweries/craftroots-brewing-llc,breweries,"CraftRoots Brewing, LLC.",Milford,MA,01757,Taproom,2020-03-03,Not recorded,3033
breweries/crafty-bastard-brewery,breweries,Crafty Bastard Brewery,Knoxville,TN,37917,Taproom,2020-03-03,Not recorded,6532
breweries/crafty-canary-brewery,breweries,Crafty Canary Brewery,Walsenburg,CO,81089,Brewpub,2020-02-07,Not recorded,1578
other-places/craig-gilbert,other-places,Craig Gilbert,,,,Artist,yes,Yes,7967
breweries/crank-arm-brewing-co,breweries,Crank Arm Brewing Co,Raleigh,NC,27601,Micro,2020-04-11,Not recorded,4381
breweries/crankers-restaurant-and-brewery,breweries,Cranker’s Restaurant & Brewery,Mount Pleasant,MI,48858,Brewpub,2020-03-03,Not recorded,3591
breweries/crawford-brew-works-bettendorf-iowa,breweries,Crawford Brew Works - Bettendorf Iowa,Bettendorf,IA,56484,Taproom,2020-02-01,Not recorded,2172
breweries/crazy-mountain-brewing-co,breweries,Crazy Mountain Brewing Co,Denver,CO,80204,Regional,2020-02-01,Not recorded,1286
breweries/creative-creature-brewing-company,breweries,Creative Creature Brewing Company,El Cajon,CA,92020,Taproom,2020-04-11,Not recorded,412
breweries/creature-comforts-brewing-co,breweries,Creature Comforts Brewing Co.,Athens,GA,30601,Regional,2020-03-03,Not recorded,2053
breweries/creature-comforts-production-facility-at-southern-mill,breweries,Creature Comforts Production Facility At Southern Mill,Athens,GA,30601,Regional,2020-03-03,Not recorded,2054
breweries/creatures-of-habit-brewing-co,breweries,Creatures Of Habit Brewing Co,Anderson,IN,46016,Taproom,2020-03-03,Not recorded,2592
breweries/creek-bottom-brew-llc,breweries,Creek Bottom Brew LLC,Oldenburg,IN,47036,Micro,2020-03-03,Not recorded,2740
breweries/creek-bottom-brewing,breweries,Creek Bottom Brewing,Galax,VA,24333,Brewpub,2020-04-11,Not recorded,7037
breweries/crescent-brewery,breweries,Crescent Brewery,Nampa,ID,83651,Taproom,2020-02-01,Not recorded,2306
breweries/crescent-city-brewhouse,breweries,Crescent City Brewhouse,New Orleans,LA,70130,Brewpub,2020-04-11,Not recorded,2922
breweries/creston-brewery,breweries,Creston Brewery,Grand Rapids,MI,49505,Taproom,2020-03-03,Not recorded,3482
breweries/crestone-brewing-company,breweries,Crestone Brewing Company,Crestone,CO,81131,Brewpub,2020-04-11,Not recorded,1279
breweries/crime-and-punishment-brewing-company,breweries,Crime & Punishment Brewing Company,Philadelphia,PA,19130,Brewpub,2020-03-03,Not recorded,6203
breweries/crisis-brewing-llc,breweries,Crisis Brewing LLC,Fayetteville,AR,72701,Taproom,2020-04-11,Not recorded,98
breweries/crooked-can-brewing-co,breweries,Crooked Can Brewing Co,Winter Garden,FL,34787,Micro,2020-02-07,Not recorded,2040
breweries/crooked-crab-brewing-company,breweries,Crooked Crab Brewing Company,Odenton,MD,21113,Taproom,2020-03-03,Not recorded,3186
breweries/crooked-eye-brewery,breweries,Crooked Eye Brewery,Hatboro,PA,19040,Taproom,2020-03-03,Not recorded,6098
breweries/crooked-fence-brewing,breweries,Crooked Fence Brewing,GARDEN CITY,ID,83714,Micro,2020-02-01,Not recorded,2288
breweries/crooked-goat-brewing,breweries,Crooked Goat Brewing,Sebastopol,CA,95472,Taproom,2020-02-01,Not recorded,1033
breweries/crooked-handle-brewing-co,breweries,Crooked Handle Brewing Co.,Springboro,OH,45066,Taproom,2020-04-11,Not recorded,5568
breweries/crooked-ladder-brewery,breweries,Crooked Ladder Brewery,Riverhead,NY,11901,Micro,2020-04-11,Not recorded,5211
breweries/crooked-letter-brewing-co,breweries,Crooked Letter Brewing Co,Ocean Springs,MS,39564,Brewpub,2020-03-03,Not recorded,4032
breweries/crooked-pecker-brewing,breweries,Crooked Pecker Brewing,Chagrin Falls,OH,44023,Micro,2020-03-03,Yes,5352
breweries/crooked-rooster-brewery-llc,breweries,Crooked Rooster Brewery LLC.,Macclenny,FL,32063,Taproom,2020-04-11,Not recorded,1862
breweries/crooked-stave-artisan-beer-project,breweries,Crooked Stave Artisan Beer Project,Denver,CO,80211,Micro,2019-11-13,Not recorded,1283
breweries/crooked-thumb-brewery,breweries,Crooked Thumb Brewery,Safety Harbor,FL,34695,Taproom,2020-03-03,Not recorded,1954
breweries/crooked-tongue-brewing,breweries,Crooked Tongue Brewing,Edinburg,PA,16116,Brewpub,2020-04-11,Not recorded,6046
breweries/cross-country-brewing,breweries,Cross Country Brewing,Glendive,MT,59330,Taproom,2020-04-11,Not recorded,4080
breweries/cross-eyed-owl-brewing-co,breweries,Cross-Eyed Owl Brewing Co.,Decatur,AL,35601,Taproom,2019-10-26,Yes,55
breweries/cross-plains-brewery-inc,breweries,Cross Plains Brewery Inc.,Cross Plains,WI,53528,Contract,2020-03-03,Not recorded,7711
breweries/crossbuck-brewing,breweries,Crossbuck Brewing,Walla Walla,WA,99362,Brewpub,2020-02-07,Not recorded,7638
breweries/crossed-cannons-brewery,breweries,Crossed Cannons Brewery,Oklahoma City,OK,73107,Contract,2020-03-03,Not recorded,5626
breweries/crossroads-brewing-company-catskill-taproom,breweries,Crossroads Brewing Company - Catskill Taproom,Catskill,NY,12015,Micro,2020-04-11,Not recorded,4981
breweries/crosstown-brewing-company,breweries,Crosstown Brewing Company,Memphis,TN,38104,Micro,2020-03-03,Not recorded,6548
breweries/crow-hop-brewing-co-ltd,breweries,Crow Hop Brewing Co. Ltd.,Loveland,CO,80537,Taproom,2020-04-11,Not recorded,1516
breweries/crucible-brewing-company,breweries,Crucible Brewing Company,Everett,WA,98208,Taproom,2019-11-27,Not recorded,7359
breweries/crucible-brewing-woodinville-forge,breweries,Crucible Brewing - Woodinville Forge,Woodinville,WA,98072,Taproom,2019-11-27,Not recorded,7656
breweries/crux-fermentation-project-crux2,breweries,Crux Fermentation Project - Crux2,Bend,OR,97701,Micro,2020-04-11,Not recorded,5683
breweries/cruz-blanca-brewery,breweries,Cruz Blanca Brewery,Chicago,IL,60607,Brewpub,2020-03-03,Not recorded,2372
breweries/crying-eagle-brewing-company,breweries,Crying Eagle Brewing Company,Lake Charles,LA,70607,Micro,2020-02-07,Not recorded,2908
breweries/crystal-coast-brewing-company-llc,breweries,Crystal Coast Brewing Company LLC,Atlantic Beach,NC,28512,Micro,2020-03-03,Not recorded,4172
breweries/crystal-lake-brewing-co,breweries,Crystal Lake Brewing Co.,Crystal Lake,IL,60014,Micro,2020-04-11,Not recorded,2425
breweries/crystal-springs-brewing-co,breweries,Crystal Springs Brewing Co,Louisville,CO,80027,Taproom,2020-03-03,Not recorded,1508
breweries/cueni-brewing-co,breweries,Cueni Brewing Co.,Dunedin,FL,34698,Taproom,2020-03-03,Not recorded,1786
breweries/culmination-brewing-co,breweries,Culmination Brewing Co,Portland,OR,97232,Micro,2020-04-11,Not recorded,5842
breweries/cult-classic-brewing,breweries,Cult Classic Brewing,Stevensville,MD,21666,Taproom,2020-04-11,Not recorded,3203
breweries/culture-brewing-co,breweries,Culture Brewing Co,Solana Beach,CA,92075,Micro,2020-03-03,Not recorded,1038
breweries/culver-beer-company,breweries,Culver Beer Company,Carlsbad,CA,92010,Taproom,2020-03-03,Not recorded,343
breweries/cumberland-brews,breweries,Cumberland Brews,Louisville,KY,40205,Brewpub,2020-02-07,Not recorded,2868
breweries/cushnoc-brewing-company,breweries,Cushnoc Brewing Company,Augusta,ME,04330,Brewpub,2019-04-20,Not recorded,3217
breweries/cushwa-brewing-co,breweries,Cushwa Brewing Co,Williamsport,MD,21795,Micro,2020-02-07,Not recorded,3213
breweries/cycle-brewing,breweries,Cycle Brewing,St Petersburg,FL,33701,Micro,2020-03-03,Not recorded,1989
breweries/cynosure-brewing,breweries,Cynosure Brewing,Anchorage,AK,99518,Taproom,2019-11-03,Not recorded,7
breweries/czig-meister-brewing-co,breweries,Czig Meister Brewing Co.,Hackettstown,NJ,07840,Taproom,2020-03-03,Not recorded,4664
breweries/d-g-yuengling-and-son-inc,breweries,D. G. Yuengling and Son Inc,Pottsville,PA,17901,Regional,2020-03-03,Not recorded,6264
breweries/d-g-yuengling-and-son-inc-pottsville-pa,breweries,D. G. Yuengling and Son Inc,Pottsville,PA,17901,Regional,2020-03-03,Not recorded,6265
breweries/d-g-yuengling-and-son-inc-tampa-fl,breweries,D. G. Yuengling and Son Inc,Tampa,FL,33612,Regional,2020-03-03,Not recorded,2007
breweries/d-l-geary-brewing-co-inc,breweries,D.L. Geary Brewing Co Inc.,Portland,ME,04103,Micro,2020-02-01,Not recorded,3303
breweries/dad-and-dudes-breweria,breweries,Dad & Dudes Breweria,Aurora,CO,80016,Brewpub,2020-02-01,Not recorded,1182
breweries/daft-badger-brewing,breweries,Daft Badger Brewing,Coeur D Alene,ID,83814,Brewpub,2020-02-01,Not recorded,2280
breweries/dakota-point-brewing-llc,breweries,Dakota Point Brewing LLC,Rapid City,SD,57701,Taproom,2020-03-03,Not recorded,6459
breweries/dalton-union,breweries,Dalton Union,MARYSVILLE,OH,43040,Taproom,2020-03-03,Not recorded,5519
breweries/dangerous-man-brewing-co,breweries,Dangerous Man Brewing Co,Minneapolis,MN,55413,Micro,2020-03-03,Not recorded,3785
breweries/danielmarks-brewing-company,breweries,Danielmark’s Brewing Company,Cheyenne,WY,82001,Taproom,2020-03-03,Not recorded,7936
breweries/dankhouse-brewing-company,breweries,DankHouse Brewing Company,Newark,OH,43055,Taproom,2019-11-27,Not recorded,5550
breweries/danny-boy-beer-works,breweries,Danny Boy Beer Works,Carmel,IN,46032,Brewpub,2020-03-03,Not recorded,2611
breweries/danville-brewing-company,breweries,Danville Brewing Company,Danville,CA,94526,Brewpub,2020-04-11,Not recorded,401
breweries/daredevil-brewing-company,breweries,Daredevil Brewing Company,Indianapolis,IN,46224,Micro,2020-03-03,Not recorded,2672
breweries/dark-city-brewing-company,breweries,Dark City Brewing Company,Asbury Park,NJ,07712,Micro,2020-04-11,Not recorded,4617
breweries/dark-horse-brewing-co,breweries,Dark Horse Brewing Co,Marshall,MI,49068,Micro,2019-04-20,Not recorded,3581
breweries/darkheart-brewing,breweries,DarkHeart Brewing,Sacramento,CA,95841,Taproom,2020-03-03,Not recorded,788
breweries/darkness-brewing,breweries,Darkness Brewing,Bellevue,KY,41073,Taproom,2020-03-03,Not recorded,2834
breweries/daves-brew-farm,breweries,Dave’s Brew Farm,Wilson,WI,54027,Taproom,2020-03-03,Not recorded,7897
breweries/day-block-brewing-company,breweries,Day Block Brewing Company,Minneapolis,MN,55415,Brewpub,2020-04-11,Not recorded,3800
breweries/dayton-beer-co-production-brewery-and-bierhall,breweries,Dayton Beer Co Production Brewery & Bierhall,Dayton,OH,45402,Micro,2019-11-27,Not recorded,5462
breweries/daytona-beach-brewing-company,breweries,Daytona Beach Brewing Company,Daytona Beach,FL,32114,Micro,2020-02-07,Not recorded,1776
breweries/dc-brau-brewing-company,breweries,DC Brau Brewing Company,Washington,DC,20018,Regional,2020-03-03,Not recorded,1702
breweries/de-garde-brewing,breweries,De Garde Brewing,Tillamook,OR,97141,Micro,2020-03-03,Not recorded,5935
breweries/de-la-vegas-pecan-grill-and-brewery,breweries,De La Vega’s Pecan Grill and Brewery,Las Cruces,NM,88011,Brewpub,2020-04-11,Not recorded,4807
breweries/dead-bear-brewing-co,breweries,Dead Bear Brewing Co,Grayling,MI,49738,Brewpub,2020-02-07,Not recorded,3501
breweries/dead-hippie-brewing,breweries,Dead Hippie Brewing,Sheridan,CO,80110,Taproom,2020-02-01,Not recorded,1557
breweries/deadbeach-brewery,breweries,Deadbeach Brewery,El Paso,TX,79901,Brewpub,2020-03-03,Not recorded,6719
breweries/deadly-sins-brewing,breweries,Deadly Sins Brewing,Winter Park,FL,32789,Micro,2020-04-11,Not recorded,2044
breweries/deadwood-brewery-boston-bowl,breweries,Deadwood Brewery / Boston Bowl,Boston,MA,02122,Brewpub,2020-03-03,Not recorded,2957
breweries/dearborn-brewing,breweries,Dearborn Brewing,Dearborn,MI,48124,Taproom,2020-03-03,Not recorded,3423
breweries/death-avenue,breweries,Death Avenue,New York,NY,10001,Brewpub,2020-03-03,Not recorded,5147
breweries/debs-brewtopia,breweries,Deb’s Brewtopia,Elkader,IA,52043,Micro,2020-02-01,Not recorded,2218
breweries/decadent-ales,breweries,Decadent Ales,Mamaroneck,NY,10543,Micro,2020-03-03,Not recorded,5123
breweries/decatur-brew-works,breweries,Decatur Brew Works,Decatur,IL,62523,Brewpub,2020-04-11,Not recorded,2429
breweries/decipher-brewing-co,breweries,Decipher Brewing Co.,Charlottesville,VA,22902,Taproom,2020-04-11,Not recorded,6993
breweries/deep-draft-brewing-company,breweries,Deep Draft Brewing Company,Bremerton,WA,98312,Taproom,2019-11-27,Not recorded,7314
breweries/deep-ellum-brewing-co,breweries,Deep Ellum Brewing Co,Dallas,TX,75226,Regional,2020-03-03,Not recorded,6685
breweries/deep-river-brewing-company,breweries,Deep River Brewing Company,Clayton,NC,27520,Micro,2020-04-11,Not recorded,4241
breweries/deep-space-brewing-out-of-this-world-pizza,breweries,Deep Space Brewing / Out of This World Pizza,Hillsboro,OR,97124,Brewpub,2020-03-03,Not recorded,5751
breweries/deepwater-brewing-company,breweries,DeepWater Brewing Company,Blue Hill,ME,04614,Brewpub,2020-03-03,Not recorded,3235
breweries/deer-creek-brewery,breweries,Deer Creek Brewery,Noblesville,IN,46060,Taproom,2020-03-03,Not recorded,2738
breweries/defiance-brewing-co,breweries,Defiance Brewing Co.,Hays,KS,67601,Micro,2020-02-01,Not recorded,2786
breweries/deft-brewing,breweries,Deft Brewing,San Diego,CA,92110,Taproom,2020-03-03,Not recorded,837
breweries/delafield-brewhaus,breweries,Delafield Brewhaus,Delafield,WI,53018,Brewpub,2020-02-07,Not recorded,7716
breweries/delicious-science-brewing,breweries,Delicious Science Brewing,Riverside,CA,92503,Micro,2020-02-07,Not recorded,762
breweries/deluxe-brewing-co,breweries,Deluxe Brewing Co,Albany,OR,97321,Taproom,2020-03-03,Not recorded,5651
breweries/dempseys-brew-pub-and-restaurant-baltimore,breweries,Dempsey’s Brew Pub and Restaurant - Baltimore,Baltimore,MD,21201,Brewpub,2020-04-11,Not recorded,3123
breweries/dempseys-brewery-pub,breweries,"Dempseys Brewery, Pub",Watertown,SD,57201,Brewpub,2020-04-11,Not recorded,6477
breweries/denizens-brewing-company,breweries,Denizens Brewing Company,Riverdale,MD,20737,Brewpub,2020-02-07,Not recorded,3193
breweries/denton-county-brewing-company,breweries,Denton County Brewing Company,Denton,TX,76201,Taproom,2020-03-03,Not recorded,6706
breweries/denver-beer-co,breweries,Denver Beer Co,Denver,CO,80202,Regional,2020-03-03,Not recorded,1299
breweries/denver-beer-co-canworks,breweries,Denver Beer Co Canworks,Denver,CO,80211,Micro,2020-03-03,Not recorded,1300
breweries/denver-beer-co-olde-town-arvada,breweries,Denver Beer Co Olde Town Arvada,Arvada,CO,80002,Micro,2020-02-07,Not recorded,1175
breweries/department-coffee,breweries,Department Coffee,Hollywood,FL,33021,Contract,2020-03-03,Not recorded,1817
breweries/depot-deli-and-lounge,breweries,Depot Deli and Lounge,Shenandoah,IA,51601,Brewpub,2020-02-01,Not recorded,2246
breweries/depot-street-brewing-co,breweries,Depot Street Brewing Co,Jonesborough,TN,37659,Micro,2020-04-11,Not recorded,6524
breweries/der-blokken-brewery,breweries,Der Blokken Brewery,Bremerton,WA,98310,Brewpub,2019-11-27,Not recorded,7315
breweries/deschutes-brewery,breweries,Deschutes Brewery,Bend,OR,97702,Regional,2020-03-03,Not recorded,5675
breweries/deschutes-brewery-and-public-house,breweries,Deschutes Brewery & Public House,Bend,OR,97703,Brewpub,2020-03-03,Not recorded,5676
breweries/deschutes-brewery-and-public-house-portland-or,breweries,Deschutes Brewery & Public House,Portland,OR,97209,Brewpub,2020-03-03,Not recorded,5821
breweries/desert-barn-brewing-co,breweries,Desert Barn Brewing Co.,Hesperia,CA,92345,Brewpub,2020-03-03,Not recorded,480
breweries/desert-eagle-brewing-company,breweries,Desert Eagle Brewing Company,Mesa,AZ,85201,Brewpub,2020-03-03,Not recorded,171
breweries/desert-edge-brewery,breweries,Desert Edge Brewery,Salt Lake City,UT,84102,Brewpub,2020-02-07,Not recorded,6925
breweries/desert-valley-brewing-co,breweries,Desert Valley Brewing Co.,Albuquerque,NM,87107,Brewpub,2020-03-03,Not recorded,4755
breweries/destihl-champaign,breweries,DESTIHL - Champaign,Champaign,IL,61820,Brewpub,2019-11-27,Not recorded,2351
breweries/destihl-normal,breweries,DESTIHL - Normal,Normal,IL,61761,Brewpub,2019-11-27,Yes,2512
breweries/destination-brewing-company,breweries,Destination Brewing Company,Austin,TX,78734,Contract,2020-03-03,Not recorded,6614
breweries/detroit-beer-co,breweries,Detroit Beer Co,Detroit,MI,48226,Brewpub,yes,Not recorded,3436
breweries/deviate-brewing-co,breweries,Deviate Brewing Co,Indianapolis,IN,46268,Taproom,2020-04-11,Not recorded,2681
breweries/devil-wind-brewing-llc,breweries,Devil Wind Brewing LLC,Xenia,OH,45385,Taproom,2020-03-03,Not recorded,5598
breweries/devils-backbone-brewing-co-basecamp,breweries,Devils Backbone Brewing Co - Basecamp,Roseland,VA,22967,Largge,2020-03-03,Not recorded,7146
breweries/devils-backbone-brewing-co-outpost-production-facility,breweries,Devils Backbone Brewing Co - Outpost Production Facility,Lexington,VA,24450,Largge,2020-03-03,Not recorded,7067
breweries/devils-canyon-brewing-company,breweries,Devil’s Canyon Brewing Company,San Carlos,CA,94070,Micro,2020-02-07,Not recorded,805
breweries/devils-club-brewing,breweries,Devil’s Club Brewing,Juneau,AK,99801,Brewpub,2019-11-03,Not recorded,27
breweries/devils-eye-brewing-company,breweries,Devil’s Eye Brewing Company,Dillsburg,PA,17019,Brewpub,2020-03-03,Not recorded,6028
breweries/devour-brewing-co,breweries,Devour Brewing Co,Boynton Beach,FL,33426,Micro,2020-03-03,Not recorded,1746
breweries/diamond-knot-brewery-b2-brewery-and-taproom,breweries,Diamond Knot Brewery B2 Brewery & Taproom,Mukilteo,WA,98275,Micro,2020-02-07,Not recorded,7425
breweries/diamond-knot-craft-brewery-brewpub-mlt,breweries,Diamond Knot Craft Brewery -  Brewpub @ MLT,Mountlake Terrace,WA,98043,Brewpub,2020-02-07,Not recorded,7423
breweries/diamond-knot-craft-brewing-brewery-and-alehouse,breweries,Diamond Knot Craft Brewing - Brewery & Alehouse,Mukilteo,WA,98275,Brewpub,2020-02-07,Not recorded,7426
breweries/diamondback-brewing-company,breweries,Diamondback Brewing Company,Baltimore,MD,21230,Taproom,2020-04-11,Not recorded,3124
breweries/dicks-brewing-co,breweries,Dicks Brewing Co,Centralia,WA,98531,Taproom,2019-06-04,Not recorded,7332
breweries/diebolt-brewing,breweries,Diebolt Brewing,Denver,CO,80211,Micro,2020-04-11,Not recorded,1322
breweries/differential,breweries,Differential,Albuquerque,NM,87106,Taproom,2020-04-11,Not recorded,4764
breweries/dillinger-brewing-company,breweries,Dillinger Brewing Company,Tucson,AZ,85705,Micro,2020-03-03,Not recorded,229
breweries/dillon-dam-brewery,breweries,Dillon Dam Brewery,Dillon,CO,80435,Brewpub,2020-03-03,Not recorded,1369
breweries/dimensional-brewing-co,breweries,Dimensional Brewing Co.,Dubuque,IA,52001,Taproom,2020-02-01,Not recorded,2215
breweries/dimes-brewhouse,breweries,Dimes Brewhouse,Dimondale,MI,48821,Micro,yes,Not recorded,3441
breweries/dirigo-brewing-co,breweries,Dirigo Brewing Co.,Biddeford,ME,04005,Micro,2019-04-20,Not recorded,3234
breweries/dirt-road-brewing,breweries,Dirt Road Brewing,Philomath,OR,97370,Brewpub,2020-03-03,Not recorded,5808
breweries/dirty-couch-brewing,breweries,Dirty Couch Brewing,SEATTLE,WA,98199,Proprietor,2020-03-03,Not recorded,7499
breweries/dirty-job-brewing,breweries,Dirty Job Brewing,Mansfield,TX,76063,Taproom,2020-04-11,Not recorded,6802
breweries/dirty-oar-beer-company,breweries,Dirty Oar Beer Company,Cocoa,FL,32922,Taproom,2020-03-03,Not recorded,1770
breweries/discovery-bay-brewing,breweries,Discovery Bay Brewing,Port Townsend,WA,98368,Taproom,2020-04-11,Not recorded,7446
breweries/discretion-brewing,breweries,Discretion Brewing,Soquel,CA,95073,Micro,2020-04-11,Not recorded,1044
breweries/dive-bar-brewing-company,breweries,Dive Bar Brewing Company,Greenwood Village,CO,80111,Contract,2020-03-03,Not recorded,1458
breweries/diversion-brewing-co,breweries,Diversion Brewing Co,Chemung,NY,14825,Taproom,2020-04-11,Not recorded,4990
breweries/divine-barrel-brewing,breweries,Divine Barrel Brewing,Charlotte,NC,28205,Taproom,2020-03-03,Not recorded,4211
breweries/dixie-brewing-co-inc,breweries,Dixie Brewing Co Inc.,New Orleans,LA,70125,Contract,2020-03-03,Not recorded,2915
breweries/dixie-brewing-company-llc,breweries,"Dixie Brewing Company, LLC",New Orleans,LA,70112,Contract,2020-03-03,Not recorded,2916
breweries/dobra-zupas,breweries,Dobra Zupas,Beckley,WV,25801,Brewpub,2020-02-07,Not recorded,7902
breweries/docent-brewing,breweries,Docent Brewing,San Juan Capistrano,CA,92675,Taproom,2020-04-11,Not recorded,955
breweries/dock-street-brewery,breweries,Dock Street Brewery,Philadelphia,PA,19143,Brewpub,2020-04-11,Not recorded,6209
breweries/dock-street-brewing-co,breweries,Dock Street Brewing Co,Philadelphia,PA,19146,Brewpub,2020-04-11,Not recorded,6210
breweries/dockerys,breweries,Dockery’s,Charleston,SC,29492,Brewpub,2020-03-03,Not recorded,6374
breweries/dodgeton-creek-brewing-co,breweries,Dodgeton Creek Brewing Co.,Trinidad,CO,81082,Taproom,2020-03-03,Not recorded,1575
breweries/dog-and-pony-alehouse-and-grill,breweries,Dog & Pony Alehouse and Grill,Renton,WA,98057,Contract,2020-03-03,Not recorded,7465
breweries/dog-days-brewing,breweries,Dog Days Brewing,Bremerton,WA,98337,Brewpub,2020-02-07,Not recorded,7316
breweries/dog-rose-brewing-company,breweries,Dog Rose Brewing Company,Saint Augustine,FL,32084,Micro,2020-04-11,Not recorded,1959
breweries/dog-tag-brewing,breweries,Dog Tag Brewing,Bozeman,MT,59715,Contract,2020-03-03,Not recorded,4057
breweries/dogfish-head-brewings-and-eats,breweries,Dogfish Head Brewings & Eats,Rehoboth Beach,DE,19971,Brewpub,2019-04-20,Not recorded,1723
breweries/dogfish-head-craft-brewery,breweries,Dogfish Head Craft Brewery,Milton,DE,19968,Regional,2019-04-20,Yes,1718
breweries/dogtown-brewing-co,breweries,Dogtown Brewing Co.,Richmond,VA,23224,Brewpub,2020-02-07,Not recorded,7118
breweries/dolores-river-brewery,breweries,Dolores River Brewery,Dolores,CO,81323,Brewpub,2020-02-07,Not recorded,1372
breweries/doomsday-brewing-co,breweries,Doomsday Brewing Co.,Washougal,WA,98671,Micro,2020-02-07,Not recorded,7644
breweries/door-4-brewing-co,breweries,Door 4 Brewing Co,Decatur,IL,62522,Taproom,2019-11-27,Not recorded,2428
breweries/door-county-brewing-co,breweries,Door County Brewing Co.,Baileys Harbor,WI,54202,Taproom,2020-03-03,Not recorded,7688
breweries/door-county-brewing-co-hacienda-beer-co,breweries,Door County Brewing Co./ Hacienda Beer Co,Baileys Harbor,WI,54202,Micro,2020-04-11,Not recorded,7690
breweries/dorchester-brewing-company,breweries,Dorchester Brewing Company,Dorchester,MA,02125,Micro,2020-03-03,Not recorded,2972
breweries/dorcol-distilling-and-brewing-co,breweries,Dorcol Distilling and Brewing CO,San Antonio,TX,78204,Micro,2020-04-11,Not recorded,6855
breweries/dos-luces-brewery,breweries,Dos Luces Brewery,Denver,CO,80210,Taproom,2020-03-03,Not recorded,1301
breweries/double-barley-brewing,breweries,Double Barley Brewing,Smithfield,NC,27577,Brewpub,2020-03-03,Not recorded,4407
breweries/double-peak-brewing-company,breweries,Double Peak Brewing Company,San Marcos,CA,92078,Taproom,2020-03-03,Not recorded,969
breweries/double-wing-brewing-co,breweries,Double Wing Brewing Co,Madison,OH,44057,Brewpub,2020-03-03,Not recorded,5513
breweries/downpour-brewing-llc,breweries,Downpour Brewing LLC,Kingston,WA,98346,Taproom,2020-03-03,Not recorded,7384
breweries/downtown-joes-brewery-and-restaurant,breweries,Downtown Joes Brewery and Restaurant,Napa,CA,94559,Brewpub,2020-04-11,Not recorded,640
breweries/doylestown-brewing-co,breweries,Doylestown Brewing Co,Doylestown,PA,18902,Micro,2020-03-03,Not recorded,6034
breweries/dr-jekylls-craft-beer,breweries,Dr Jekyll’s Craft Beer,Pasadena,CA,91107,Contract,2020-03-03,Not recorded,700
breweries/dragon-hops-brewing,breweries,Dragon Hops Brewing,Purcellville,VA,20132,Brewpub,2020-02-07,Not recorded,7106
breweries/dragonmead-microbrewery,breweries,Dragonmead Microbrewery,Warren,MI,48089,Micro,2020-04-11,Not recorded,3692
breweries/dragons-tale-brewery,breweries,Dragon’s Tale Brewery,Montclair,CA,91763,Taproom,2020-04-11,Not recorded,617
breweries/drakes-brewing-co,breweries,Drake’s Brewing Co,San Leandro,CA,94577,Regional,2020-03-03,Not recorded,957
breweries/drastic-measures-brewing,breweries,Drastic Measures Brewing,Wadena,MN,56482,Micro,2020-04-11,Not recorded,3885
breweries/draught-horse-brewery,breweries,Draught Horse Brewery,New Hudson,MI,48165,Brewpub,2020-04-11,Not recorded,3601
breweries/draught-house-pub-and-brewery,breweries,Draught House Pub and Brewery,Austin,TX,78756,Taproom,2020-03-03,Not recorded,6615
breweries/draught-works-brewing,breweries,Draught Works Brewing,Missoula,MT,59802,Micro,2020-03-03,Not recorded,4112
breweries/dreadnought-brewing-llc,breweries,Dreadnought Brewing LLC,Monroe,WA,98272,Brewpub,2020-02-07,Not recorded,7416
breweries/dreaming-creek-brewery,breweries,Dreaming Creek Brewery,Richmond,KY,40475,Taproom,2020-03-03,Not recorded,2891
breweries/drekker-brewing-company,breweries,Drekker Brewing Company,Fargo,ND,58102,Micro,2019-11-27,Yes,4463
breweries/driftless-brewing-co,breweries,Driftless Brewing Co,Soldiers Grove,WI,54655,Micro,2020-03-03,Not recorded,7862
other-places/driftless-glen-distillery,other-places,Driftless Glen Distillery,Baraboo,WI,53913,,2019-11-13,Not recorded,7692
breweries/drink-me-brewing,breweries,Drink Me Brewing,Sibley,IA,51249,Taproom,2020-02-01,Not recorded,2247
breweries/drop-in-brewing,breweries,Drop In Brewing,Middlebury,VT,05753,Taproom,2019-11-27,Not recorded,7237
breweries/drop-tine-winery-and-tap-house,breweries,Drop Tine Winery and Tap House,Montpelier,OH,43543,Brewpub,2020-03-03,Not recorded,5541
breweries/dru-bru,breweries,Dru Bru,Snoqualmie Pass,WA,98068,Micro,2020-02-07,Not recorded,7556
breweries/druid-city-brewing,breweries,Druid City Brewing,Tuscaloosa,AL,35401,Micro,2020-03-03,Not recorded,86
other-places/drumlin-ridge-winery,other-places,Drumlin Ridge Winery,Waunakee,WI,53597,,2019-11-13,Not recorded,7880
other-places/drunk-christmas-cards-james-and-elgin,other-places,Drunk Christmas Cards James and Elgin,Union,MO,63084,RAoC,yes,Yes,4013
breweries/druthers-brewing-albany,breweries,Druthers Brewing Albany,Albany,NY,12204,Brewpub,2020-04-11,Not recorded,4892
breweries/druthers-brewing-co,breweries,Druthers Brewing Co,Saratoga Springs,NY,12866,Brewpub,2020-04-11,Not recorded,5236
breweries/druthers-brewing-schenectady,breweries,Druthers Brewing Schenectady,Schenectady,NY,12305,Brewpub,2020-03-03,Not recorded,5238
breweries/dry-county-brewing-company,breweries,Dry County Brewing Company,kennesaw,GA,30144,Micro,2020-03-03,Not recorded,2106
breweries/dry-dock-brewing-co-north-dock,breweries,Dry Dock Brewing Co - North Dock,Aurora,CO,80011,Regional,2020-03-03,Not recorded,1183
breweries/dry-dock-brewing-co-south-dock,breweries,Dry Dock Brewing Co- South Dock,Aurora,CO,80014,Regional,2020-03-03,Not recorded,1184
breweries/dtsj-brewing-company,breweries,DTSJ Brewing Company,San Jose,CA,95116,Taproom,2020-03-03,Not recorded,944
breweries/dual-citizen-brewing-co,breweries,Dual Citizen Brewing Co.,Saint Paul,MN,55114,Taproom,2020-04-11,Not recorded,3861
breweries/dubh-linn-brew-pub,breweries,Dubh Linn Brew Pub,Duluth,MN,55802,Brewpub,yes,Not recorded,3742
breweries/dubuque-star-brands-otter-tail-brewery,breweries,Dubuque Star Brands / Otter Tail Brewery,Muscatine,IA,52761,Contract,2020-02-01,Not recorded,2239
breweries/duck-rabbit-craft-brewery,breweries,Duck Rabbit Craft Brewery,Farmville,NC,27828,Micro,2020-02-01,Not recorded,4271
breweries/duclaw-brewing-co,breweries,DuClaw Brewing Co,Baltimore,MD,21237,Regional,2020-02-07,Not recorded,3114
breweries/dudes-brewing-co,breweries,Dudes’ Brewing Co,Somis,CA,93066,Micro,2020-04-11,Not recorded,1041
breweries/dueces-wild-brewery,breweries,Dueces Wild Brewery,Colorado Springs,CO,80915,Taproom,2020-04-11,Not recorded,1256
breweries/dunagan-brewing-co,breweries,Dunagan Brewing Co,Tacoma,WA,98402,Taproom,2020-03-03,Not recorded,7600
breweries/dunedin-brewery,breweries,Dunedin Brewery,Dunedin,FL,34698,Brewpub,2020-04-11,Not recorded,1787
breweries/dungeness-brewing-company,breweries,Dungeness Brewing Company,Port Angeles,WA,98362,Micro,2020-02-07,Not recorded,7441
breweries/dunloe-brewing-llc,breweries,Dunloe Brewing LLC,Davis,CA,95616,Taproom,2020-04-11,Not recorded,405
breweries/dunsmuir-brewery-works,breweries,Dunsmuir Brewery Works,Dunsmuir,CA,96025,Brewpub,2020-03-03,Not recorded,411
breweries/duquesne-brewing-of-pittsburgh,breweries,Duquesne Brewing of Pittsburgh,Pittsburgh,PA,15233,Contract,2020-03-03,Not recorded,6237
breweries/durty-bull-brewing-co,breweries,Durty Bull Brewing Co.,Durham,NC,27701,Micro,2020-02-01,Not recorded,4257
breweries/dust-bowl-brewing-co,breweries,Dust Bowl Brewing Co,Turlock,CA,95380,Micro,2020-03-03,Not recorded,1099
breweries/dynasty-brewing-company,breweries,Dynasty Brewing Company,Ashburn,VA,20147,Taproom,2020-04-11,Not recorded,6961
breweries/dystopian-state-brewing,breweries,Dystopian State Brewing,Tacoma,WA,98402,Micro,2020-02-07,Not recorded,7595
breweries/e9-brewing-co,breweries,E9 Brewing Co.,Tacoma,WA,98402,Micro,2020-02-07,Not recorded,7596
breweries/eagle-creek-brewing-company,breweries,Eagle Creek Brewing Company,Statesboro,GA,30458,Brewpub,2020-03-03,Not recorded,2133
breweries/eagle-park-brewing-company,breweries,Eagle Park Brewing Company,Milwaukee,WI,53202,Brewpub,2020-02-07,Not recorded,7796
breweries/eagle-rock-brewery,breweries,Eagle Rock Brewery,Los Angeles,CA,90065,Micro,2020-04-11,Not recorded,580
breweries/earlybird-brewing-company,breweries,Earlybird Brewing Company,Cleveland,OH,44115,Contract,2020-03-03,Not recorded,5396
breweries/earnest-brew-works,breweries,Earnest Brew Works,Toledo,OH,43614,Taproom,2020-03-03,Not recorded,5578
breweries/earth-and-fire-brewing-company,breweries,Earth And Fire Brewing Company,Paso Robles,CA,93446,Taproom,2020-03-03,Not recorded,704
breweries/earth-bread-brewery,breweries,Earth Bread + Brewery,Philadelphia,PA,19119,Brewpub,2020-03-03,Not recorded,6204
breweries/earth-rider-brewery,breweries,Earth Rider Brewery,Superior,WI,54880,Taproom,2020-03-03,Not recorded,7871
breweries/earthbound-beer,breweries,Earthbound Beer,Saint Louis,MO,63118,Taproom,2020-03-03,Not recorded,3982
other-places/earthquaker-devices-karl-vorndran,other-places,EarthQuaker Devices Karl Vorndran,Akron,OH,44307,,2020-02-01,Not recorded,5305
breweries/earthworks-brewing,breweries,Earthworks Brewing,Heath,OH,43056,Micro,2020-03-03,Not recorded,5491
breweries/east-brother-beer-company,breweries,East Brother Beer Company,Richmond,CA,94804,Micro,2020-03-03,Not recorded,760
breweries/east-channel-brewing-company,breweries,East Channel Brewing Company,Munising,MI,49862,Taproom,2020-04-11,Not recorded,3595
breweries/east-diamond-brewing-company,breweries,East Diamond Brewing Company,Gaithersburg,MD,20877,Brewpub,2020-03-03,Not recorded,3167
breweries/east-end-brewing-co,breweries,East End Brewing Co,Pittsburgh,PA,15206,Micro,2020-04-11,Not recorded,6246
breweries/east-fork-brewery,breweries,East Fork Brewery,Joseph,OR,97846,Brewpub,2020-04-11,Not recorded,5764
breweries/east-forty-brewing,breweries,East Forty Brewing,Blue Springs,MO,64015,Brewpub,2020-03-03,Not recorded,3899
breweries/east-regiment-beer-company,breweries,East Regiment Beer Company,Salem,MA,01970,Taproom,2020-03-03,Not recorded,3060
breweries/east-rock-brewing-company,breweries,East Rock Brewing Company,New Haven,CT,06511,Micro,2020-04-11,Not recorded,1648
breweries/east-troy-brewery,breweries,East Troy Brewery,East Troy,WI,53120,Brewpub,2020-02-07,Not recorded,7719
breweries/east-west-brewing-co,breweries,East West Brewing Co,Grand Rapids,MI,49506,Brewpub,2020-03-03,Not recorded,3483
breweries/eastern-divide-brewing,breweries,Eastern Divide Brewing,Blacksburg,VA,24060,Brewpub,2020-02-07,Not recorded,6969
breweries/eastern-shore-brewing,breweries,Eastern Shore Brewing,Saint Michaels,MD,21663,Taproom,2020-03-03,Not recorded,3197
breweries/eastpoint-beer-company,breweries,Eastpoint Beer Company,Eastpoint,FL,32328,Taproom,2020-03-03,Not recorded,1790
breweries/eastwood-brewing-company,breweries,Eastwood Brewing Company,Syracuse,NY,13206,Taproom,2020-03-03,Not recorded,5254
breweries/eaton-pub-and-grille-brewery-charlotte-brewing-co,breweries,Eaton Pub & Grille Brewery / Charlotte Brewing Co,Charlotte,MI,48813,Brewpub,2020-02-07,Not recorded,3408
breweries/eavesdrop-brewery,breweries,Eavesdrop Brewery,Manassas,VA,20111,Taproom,2020-04-11,Not recorded,7077
breweries/eb-coffee-and-pub,breweries,EB Coffee and Pub,Caledonia,MI,49316,Brewpub,2020-03-03,Not recorded,3398
breweries/ebb-and-flow-fermentations,breweries,Ebb and Flow Fermentations,Cape Girardeau,MO,63703,Brewpub,2020-04-11,Not recorded,3904
breweries/echo-brewing-co,breweries,Echo Brewing Co.,Erie,CO,80516,Brewpub,2020-04-11,Not recorded,1385
breweries/eckert-malting-and-brewing-co,breweries,Eckert Malting and Brewing Co,Chico,CA,95928,Micro,2020-02-07,Not recorded,359
breweries/eclipse-brewing,breweries,Eclipse Brewing,Merchantville,NJ,08109,Taproom,2020-03-03,Not recorded,4693
breweries/ecliptic-brewing,breweries,Ecliptic Brewing,Portland,OR,97227,Micro,2020-03-03,Not recorded,5822
breweries/eddie-mcstiffs-brewing-co-c-o-eddie-snyder,breweries,Eddie McStiffs Brewing Co c/o Eddie Snyder,Moab,UT,84532,Contract,2020-02-07,Not recorded,6908
breweries/edelbrau-brewing-company,breweries,Edelbrau Brewing Company,Ann Arbor,MI,48108,Micro,2020-03-03,Not recorded,3362
breweries/edge-of-the-world-brewery,breweries,Edge Of The World Brewery,Colorado City,AZ,86021,Brewpub,2020-03-03,Not recorded,140
breweries/edgewise-eight-brewing,breweries,Edgewise Eight Brewing,Weatherford,TX,76088,Micro,2020-03-03,Not recorded,6895
breweries/edmunds-oast-brewing-co,breweries,Edmund’s Oast Brewing Co,Charleston,SC,29405,Taproom,2020-03-03,Not recorded,6375
breweries/edward-teach-brewing,breweries,Edward Teach Brewing,Wilmington,NC,28401,Taproom,2020-04-11,Not recorded,4435
breweries/egan-and-sons,breweries,Egan & Sons,Montclair,NJ,07042,Contract,2020-03-03,Not recorded,4697
breweries/eight-and-sand-beer-co,breweries,Eight & Sand Beer Co,Woodbury,NJ,08096,Taproom,2020-04-11,Not recorded,4745
breweries/eight-bridges-brewing,breweries,Eight Bridges Brewing,Livermore,CA,94551,Micro,2020-03-03,Not recorded,537
breweries/eight-foot-brewing-llc,breweries,"Eight-Foot Brewing, LLC",Cape Coral,FL,33904,Brewpub,2020-02-07,Not recorded,1758
breweries/einstok-beer-company,breweries,Einstok Beer Company,Los Angeles,CA,90066,Contract,2020-03-03,Not recorded,568
breweries/el-dorado-brewing-co,breweries,El Dorado Brewing Co,Diamond Springs,CA,95619,Taproom,2020-03-03,Not recorded,407
breweries/el-rancho-brewing,breweries,El Rancho Brewing,Evergreen,CO,80439,Brewpub,2020-02-01,Not recorded,1392
breweries/elation-brewing,breweries,Elation Brewing,Norfolk,VA,23508,Taproom,2020-03-03,Not recorded,7094
breweries/elder-brewing-co,breweries,Elder Brewing Co.,Joliet,IL,60432,Taproom,2020-03-03,Not recorded,2476
breweries/elderbrew,breweries,Elderbrew,Bristol,TN,37620,Taproom,2020-03-03,Not recorded,6482
breweries/elevate-your-passion-brewing,breweries,Elevate Your Passion Brewing,Tempe,AZ,85281,Contract,2020-03-03,Not recorded,217
breweries/elevation-66-brewing-co,breweries,Elevation 66 Brewing Co,El Cerrito,CA,94530,Brewpub,2020-02-07,Not recorded,414
breweries/elevator-brewery-and-draught-haus,breweries,Elevator Brewery and Draught Haus,Columbus,OH,43215,Brewpub,2020-03-03,Not recorded,5427
breweries/elevator-brewing-co-production-facility,breweries,Elevator Brewing Co - Production facility,Columbus,OH,43215,Micro,2020-04-11,Not recorded,5442
breweries/elgin-park-brewery,breweries,Elgin Park Brewery,Tulsa,OK,74120,Brewpub,2020-03-03,Not recorded,5641
breweries/elk-avenue-brewing-company,breweries,Elk Avenue Brewing Company,Crested Butte,CO,81224,Brewpub,2020-03-03,Not recorded,1277
breweries/elk-brewing-co,breweries,Elk Brewing Co,Comstock Park,MI,49321,Brewpub,2020-02-07,Not recorded,3419
breweries/elk-head-brewing-co,breweries,Elk Head Brewing Co,Buckley,WA,98321,Taproom,2020-04-11,Not recorded,7320
breweries/elk-horn-brewery,breweries,Elk Horn Brewery,Eugene,OR,97401,Brewpub,2020-04-11,Not recorded,5724
breweries/elk-ridge-brewing-company,breweries,Elk Ridge Brewing Company,Deer Lodge,MT,59722,Taproom,2020-03-03,Not recorded,4074
breweries/elk-river-brewing-co,breweries,Elk River Brewing Co.,Elkton,MD,21921,Taproom,2020-03-03,Not recorded,3152
breweries/elk-street-brewery,breweries,Elk Street Brewery,Sandusky,MI,48471,Brewpub,2020-02-07,Not recorded,3647
breweries/elkmont-exchange-brewery-and-eating-house,breweries,Elkmont Exchange Brewery and Eating House,Knoxville,TN,37917,Brewpub,2020-03-03,Not recorded,6533
breweries/ellersick-brewing-big-e-ales,breweries,Ellersick Brewing/ Big E Ales,Lynnwood,WA,98036,Brewpub,2020-02-07,Not recorded,7404
breweries/ellicottville-brewing-co,breweries,Ellicottville Brewing Co,Ellicottville,NY,14731,Micro,2020-04-11,Not recorded,5024
breweries/elliott-bay-brewery-and-pub-west-seattle,breweries,Elliott Bay Brewery and Pub - West Seattle,Seattle,WA,98116,Brewpub,2020-02-07,Not recorded,7489
breweries/elliott-bay-brewhouse-and-pub-burien,breweries,Elliott Bay Brewhouse & Pub - Burien,Burien,WA,98166,Brewpub,2020-02-07,Not recorded,7321
breweries/elliott-bay-public-house-and-brewery-lake-city,breweries,Elliott Bay Public House & Brewery - Lake City,Seattle,WA,98125,Brewpub,2020-02-07,Not recorded,7490
breweries/ellipsis-brewing,breweries,Ellipsis Brewing,Orlando,FL,32822,Taproom,2020-04-11,Not recorded,1912
breweries/ellison-brewery-and-spirits,breweries,Ellison Brewery & Spirits,East Lansing,MI,48823,Taproom,2020-03-03,Not recorded,3446
breweries/elm-city-brewing-company,breweries,Elm City Brewing Company,Keene,NH,03431,Brewpub,2020-03-03,Not recorded,4561
breweries/elysian-brewing-co,breweries,Elysian Brewing Co,Seattle,WA,98122,Largge,2019-04-27,Not recorded,7482
breweries/elysian-brewing-co-seattle-wa,breweries,Elysian Brewing Co,Seattle,WA,98108,Largge,2020-03-03,Not recorded,7500
breweries/elysian-brewing-co-elysian-fields,breweries,Elysian Brewing Co - Elysian Fields,Seattle,WA,98104,Largge,2020-03-03,Not recorded,7501
breweries/embarcadero-brewing-company,breweries,Embarcadero Brewing Company,National City,CA,91950,Taproom,2020-04-11,Not recorded,645
breweries/emmetts-brewing-co-palatine,breweries,Emmett’s Brewing Co - Palatine,Palatine,IL,60067,Brewpub,2020-03-03,Not recorded,2526
breweries/emmetts-brewing-co-west-dundee,breweries,Emmett’s Brewing Co - West Dundee,West Dundee,IL,60118,Brewpub,2020-04-11,Not recorded,2577
breweries/empirical-brewery,breweries,Empirical Brewery,Chicago,IL,60640,Taproom,2020-04-11,Not recorded,2392
breweries/emporium-farm-brewery,breweries,Emporium Farm Brewery,Rensselaer,NY,12144,Taproom,2020-04-11,Not recorded,5204
breweries/empty-pint-brewing-company,breweries,Empty Pint Brewing Company,Dover,NH,03820,Taproom,2020-04-11,Not recorded,4552
breweries/endless-brewing,breweries,Endless Brewing,Montrose,PA,18801,Taproom,2020-04-11,Not recorded,6174
breweries/endless-pint-brewing,breweries,Endless Pint Brewing,Versailles,OH,45380,Brewpub,2020-03-03,Not recorded,5584
breweries/endo-brewing-company,breweries,Endo Brewing Company,Lafayette,CO,80026,Taproom,2020-02-01,Not recorded,1471
breweries/engine-15-brewing-company,breweries,Engine 15 Brewing Company,Jacksonville,FL,32204,Micro,2020-02-07,Not recorded,1825
breweries/english-ales-brewery,breweries,English Ales Brewery,Marina,CA,93933,Micro,2020-04-11,Not recorded,596
breweries/english-setter-brewing-company,breweries,English Setter Brewing Company,Spokane,WA,99216,Brewpub,2020-02-07,Not recorded,7560
breweries/enlightened-brewing-company,breweries,Enlightened Brewing Company,Milwaukee,WI,53207,Taproom,2020-04-11,Not recorded,7811
breweries/entitled-beer-company,breweries,Entitled Beer Company,Hingham,MA,02043,Contract,2020-03-03,Not recorded,3003
breweries/envy-brewing,breweries,Envy Brewing,Fort Collins,CO,80528,Micro,2020-03-03,Not recorded,1403
breweries/eola-school-restaurant,breweries,Eola School Restaurant,Eola,TX,76937,Brewpub,2020-03-03,Not recorded,6722
breweries/epic-brewing-co-llc,breweries,"Epic Brewing Co., LLC",Denver,CO,80205,Micro,2020-04-11,Not recorded,1323
breweries/epic-brewing-co-llc-salt-lake-city-ut,breweries,"Epic Brewing Co., LLC",Salt Lake City,UT,84106,Brewpub,2020-02-07,Not recorded,6926
breweries/epic-brewing-co-llc-salt-lake-city-ut-84111,breweries,"Epic Brewing Co., LLC",Salt Lake City,UT,84111,Regional,2020-02-07,Not recorded,6927
breweries/epicure-brewing,breweries,Epicure Brewing,Norwich,CT,06360,Taproom,2020-03-03,Not recorded,1659
breweries/epidemic-ales,breweries,Epidemic Ales,Concord,CA,94520,Micro,2020-02-07,Not recorded,376
breweries/eponymous-brewing-co,breweries,Eponymous Brewing Co,Brookings,SD,57006,Taproom,2020-04-11,Not recorded,6451
breweries/equilibrium-brewery,breweries,Equilibrium Brewery,Middletown,NY,10940,Micro,2019-11-27,Not recorded,5131
breweries/erie-canal-brewing-company,breweries,Erie Canal Brewing Company,Canastota,NY,13032,Micro,2020-03-03,Not recorded,4979
breweries/escape-brewing-company,breweries,Escape Brewing Company,Trinity,FL,34655,Taproom,2020-03-03,Not recorded,2026
breweries/escondido-brewing-company,breweries,Escondido Brewing Company,Escondido,CA,92025,Taproom,2020-03-03,Not recorded,421
breweries/escutcheon-brewing-co,breweries,Escutcheon Brewing Co.,Winchester,VA,22601,Micro,2020-03-03,Not recorded,7200
breweries/estes-park-brewery,breweries,Estes Park Brewery,Estes Park,CO,80517,Micro,2020-03-03,Not recorded,1389
breweries/ethereal-brewing,breweries,Ethereal Brewing,Lexington,KY,40504,Micro,2020-04-11,Not recorded,2862
breweries/etna-brewing-co,breweries,Etna Brewing Co.,Etna,CA,96027,Taproom,2020-03-03,Not recorded,424
breweries/etx-brewing-co,breweries,ETX Brewing Co.,Tyler,TX,75702,Brewpub,2020-04-11,Not recorded,6888
breweries/eudora-brewing-co,breweries,Eudora Brewing Co,Dayton,OH,45429,Brewpub,2020-03-03,Not recorded,5464
breweries/eureka-peak-brewing-co,breweries,Eureka Peak Brewing Co,Blairsden-Graeagle,CA,96103,Taproom,2020-03-03,Not recorded,315
breweries/eurobevs,breweries,EuroBevs,Atlanta,GA,30339,Contract,2020-03-03,Not recorded,2058
breweries/euryale-brewing-co,breweries,Euryale Brewing Co,Riverside,CA,92507,Taproom,2020-04-11,Not recorded,767
breweries/evans-brewing-co-bayhawk-ales,breweries,Evans Brewing Co / Bayhawk Ales,Irvine,CA,92614,Micro,2020-03-03,Not recorded,497
breweries/eventide-brewing-co,breweries,Eventide Brewing Co,Atlanta,GA,30315,Micro,2020-04-11,Not recorded,2066
breweries/ever-grain-brewing-co,breweries,Ever Grain Brewing Co,Camp Hill,PA,17011,Brewpub,2020-03-03,Not recorded,5993
breweries/evergreen-brewery,breweries,Evergreen Brewery,Evergreen,CO,80439,Brewpub,2020-02-07,Not recorded,1393
breweries/everybodys-brewing-co,breweries,Everybody’s Brewing Co,White Salmon,WA,98672,Brewpub,2020-02-07,Not recorded,7654
breweries/evil-czech-brewery,breweries,Evil Czech Brewery,Mishawaka,IN,46545,Brewpub,2020-04-11,Not recorded,2722
breweries/evolution-craft-brewing-co,breweries,Evolution Craft Brewing Co,Salisbury,MD,21804,Regional,2020-02-07,Not recorded,3199
breweries/evolution-craft-brewing-co-salisbury,breweries,Evolution Craft Brewing Co - Salisbury,Salisbury,MD,21804,Brewpub,2020-02-01,Not recorded,3198
breweries/ex-novo-brewing-co,breweries,Ex Novo Brewing Co,Portland,OR,97227,Micro,2020-04-11,Not recorded,5843
breweries/excelsior-brewing-co,breweries,Excelsior Brewing Co,Excelsior,MN,55331,Micro,yes,Not recorded,3751
breweries/exhibit-a-brewing-co,breweries,Exhibit ‘A’ Brewing Co.,Framingham,MA,01702,Taproom,2020-04-11,Not recorded,2991
breweries/exile-brewing,breweries,Exile Brewing,Des Moines,IA,50309,Micro,2019-04-20,Not recorded,2208
breweries/exit-6-brewery,breweries,Exit 6 Brewery,Saint Charles,MO,63304,Taproom,2020-04-11,Not recorded,3972
breweries/exit-strategy-brewing-company,breweries,Exit Strategy Brewing Company,Forest Park,IL,60130,Brewpub,2020-03-03,Not recorded,2448
breweries/extra-billys-brewery-and-smokehouse,breweries,Extra Billys Brewery and Smokehouse,Midlothian,VA,23113,Brewpub,2020-02-07,Not recorded,7082
breweries/extralegal-brewing,breweries,Extralegal Brewing,Redondo Beach,CA,90278,Micro,2020-02-07,Not recorded,754
breweries/factotum-brewhouse,breweries,Factotum Brewhouse,Denver,CO,80211,Taproom,2020-02-01,Not recorded,1287
breweries/fainting-goat-brewing-company,breweries,Fainting Goat Brewing Company,Fuquay Varina,NC,27526,Taproom,2020-02-01,Not recorded,4279
breweries/fainting-goat-brewing-company-benson,breweries,Fainting Goat Brewing Company - Benson,Benson,NC,27504,Taproom,2020-02-01,Not recorded,4179
breweries/fair-state-brewing-cooperative,breweries,Fair State Brewing Cooperative,Minneapolis,MN,55418,Micro,2020-02-07,Not recorded,3782
breweries/fair-winds-brewing-company,breweries,Fair Winds Brewing Company,Lorton,VA,22079,Micro,2020-04-11,Not recorded,7069
breweries/fairport-brewing-co,breweries,Fairport Brewing Co,Rochester,NY,14607,Taproom,2020-04-11,Not recorded,5222
breweries/falling-branch-brewery,breweries,Falling Branch Brewery,Street,MD,21154,Micro,2019-11-27,Not recorded,3204
breweries/fanatic-brewing-company,breweries,Fanatic Brewing Company,Knoxville,TN,37917,Micro,2020-04-11,Not recorded,6535
breweries/fantasy-brewmasters-llc,breweries,"Fantasy Brewmasters, LLC",Naples,FL,34116,Contract,2020-03-03,Not recorded,1886
breweries/fargo-brewing-co,breweries,Fargo Brewing Co,Fargo,ND,58102,Micro,2019-11-27,Not recorded,4464
breweries/farm-shed-wines-and-brews,breweries,Farm Shed Wines & Brews,Buckley,WA,98321,Taproom,2020-03-03,Not recorded,7319
breweries/farmers-brewing-co,breweries,Farmers Brewing Co,Princeton,CA,95970,Micro,2020-04-11,Not recorded,732
breweries/farnam-house-brewing-company,breweries,Farnam House Brewing Company,Omaha,NE,68131,Brewpub,2020-04-11,Not recorded,4516
breweries/farnham-ale-and-lager,breweries,Farnham Ale & Lager,South Burlington,VT,05403,Micro,2020-02-07,Not recorded,7255
breweries/fat-boy-brewing-co,breweries,Fat Boy Brewing Co,Milwaukee,WI,53219,Contract,2020-03-03,Not recorded,7801
breweries/fat-heads-brewery,breweries,Fat Head’s Brewery,Middleburg Heights,OH,44130,Regional,2020-03-03,Not recorded,5533
breweries/fat-heads-brewery-and-saloon,breweries,Fat Head’s Brewery & Saloon,North Olmsted,OH,44070,Brewpub,2020-03-03,Not recorded,5555
breweries/fat-heads-brewery-canton,breweries,Fat Head’s Brewery - Canton,Canton,OH,44709,Brewpub,2020-03-03,Not recorded,5344
breweries/fat-hill-brewing,breweries,Fat Hill Brewing,Mason City,IA,50401,Taproom,2020-02-01,Not recorded,2234
breweries/fat-pig-brewing-co,breweries,Fat Pig Brewing Co.,Johns Island,SC,29455,Micro,2020-04-11,Not recorded,6418
breweries/fat-point-brewing,breweries,Fat Point Brewing,Punta Gorda,FL,33950,Micro,2020-03-03,Not recorded,1951
breweries/fat-toad-brewing-company,breweries,Fat Toad Brewing Company,Pryor,OK,74361,Taproom,2019-10-26,Not recorded,5635
breweries/fate-brewing-company,breweries,Fate Brewing Company,Tempe,AZ,85282,Brewpub,2020-04-11,Not recorded,222
breweries/fate-tap-barrel,breweries,Fate Tap + Barrel,Scottsdale,AZ,85260,Brewpub,2020-02-07,Not recorded,203
breweries/father-johns-microbrewery,breweries,Father John’s Microbrewery,Bryan,OH,43506,Brewpub,2020-03-03,Not recorded,5337
breweries/fathom-and-league-hop-yard-brewery,breweries,Fathom & League Hop Yard Brewery,Sequim,WA,98382,Micro,2020-02-07,Not recorded,7543
breweries/faultline-brewing-co,breweries,Faultline Brewing Co,Sunnyvale,CA,94085,Brewpub,2020-03-03,Not recorded,1060
breweries/fearless-brewing-co,breweries,Fearless Brewing Co,Estacada,OR,97023,Brewpub,2020-03-03,Not recorded,5718
breweries/feather-falls-brewing-co,breweries,Feather Falls Brewing Co,Oroville,CA,95966,Brewpub,2020-04-11,Not recorded,690
breweries/federation-brewing,breweries,Federation Brewing,Oakland,CA,94607,Micro,2020-03-03,Not recorded,660
breweries/fegleys-brew-works,breweries,Fegley’s Brew Works,Allentown,PA,18101,Taproom,2020-03-03,Not recorded,5951
breweries/fegleys-brew-works-bethlehem-pa,breweries,Fegley’s Brew Works,Bethlehem,PA,18018,Brewpub,2020-04-11,Not recorded,5973
breweries/fenders-brewing-company,breweries,Fenders Brewing Company,Polk City,IA,50226,Taproom,2020-02-01,Not recorded,2245
breweries/fenton-winery-and-brewery,breweries,Fenton Winery & Brewery,Fenton,MI,48430,Brewpub,2020-02-07,Not recorded,3453
breweries/fenwick-farms-brewing-company,breweries,Fenwick Farms Brewing Company,Rensselaer,IN,47978,Brewpub,2020-03-03,Not recorded,2745
breweries/fermented-nonsense-brewing,breweries,Fermented Nonsense Brewing,ARDEN,NC,28704,Taproom,2020-04-11,Not recorded,4142
breweries/fermentery-form,breweries,Fermentery Form,Philadelphia,PA,19122,Taproom,2020-03-03,Not recorded,6205
breweries/fernson-brewing-company,breweries,Fernson Brewing Company,Sioux Falls,SD,57104,Micro,2020-04-11,Not recorded,6467
breweries/fetch-brewing-co,breweries,Fetch Brewing Co,Whitehall,MI,49461,Taproom,2020-04-11,Not recorded,3698
breweries/ffats-brewing-co-production-only,breweries,Ffats Brewing Co - Production Only,Whitehall,WI,54773,Micro,2020-04-11,Not recorded,7894
breweries/fibonacci-brewing-company,breweries,Fibonacci Brewing Company,Cincinnati,OH,45231,Taproom,2020-03-03,Not recorded,5360
breweries/fiction-beer-company,breweries,Fiction Beer Company,Denver,CO,80220,Taproom,2020-04-11,Not recorded,1324
breweries/fiddlehead-brewing,breweries,Fiddlehead Brewing,Shelburne,VT,05482,Regional,2020-03-03,Not recorded,7253
breweries/fiddlin-fish-brewing-company,breweries,Fiddlin’ Fish Brewing Company,Winston Salem,NC,27101,Taproom,2020-03-03,Not recorded,4447
breweries/fieldcrest-brewing-company,breweries,Fieldcrest Brewing Company,Wilbraham,MA,01095,Taproom,2020-03-03,Not recorded,3099
breweries/fields-and-ivy-brewery,breweries,Fields & Ivy Brewery,Lawrence,KS,66046,Brewpub,2020-03-03,Yes,2791
breweries/fifth-frame-brewing-co,breweries,Fifth Frame Brewing Co.,Rochester,NY,14604,Proprietor,2020-03-03,Not recorded,5217
breweries/fifth-street-brewpub,breweries,Fifth Street Brewpub,Dayton,OH,45403,Brewpub,2020-03-03,Not recorded,5465
breweries/fifty-west-brewing-co,breweries,Fifty West Brewing Co,Cincinnati,OH,45227,Brewpub,2020-03-03,Not recorded,5361
breweries/figleaf-brewing-company,breweries,FigLeaf Brewing Company,Middletown,OH,45044,Brewpub,2020-03-03,Not recorded,5535
breweries/figueroa-mountain-brewing,breweries,Figueroa Mountain Brewing,Buellton,CA,93427,Regional,2020-02-07,Not recorded,322
breweries/figueroa-mountain-brewing-arroyo-grande,breweries,Figueroa Mountain Brewing - Arroyo Grande,Arroyo Grande,CA,93420,Brewpub,2020-04-11,Not recorded,285
breweries/figueroa-mountain-brewing-santa-barbara,breweries,Figueroa Mountain Brewing - Santa Barbara,Santa Barbara,CA,93101,Micro,2020-04-11,Not recorded,992
breweries/figueroa-mountain-brewing-westlake-village,breweries,Figueroa Mountain Brewing - Westlake Village,Westlake Village,CA,91362,Micro,2020-03-03,Not recorded,1158
breweries/figurehead-brewing-company,breweries,Figurehead Brewing Company,Seattle,WA,98199,Taproom,2020-03-03,Not recorded,7502
breweries/finback-brewery,breweries,Finback Brewery,Queens,NY,11385,Micro,2019-11-27,Not recorded,5202
breweries/finch-beer-company,breweries,Finch Beer Company,Chicago,IL,60612,Micro,2020-03-03,Not recorded,2373
breweries/findlay-brewing-co,breweries,Findlay Brewing Co,Findlay,OH,45840,Brewpub,2019-12-08,Not recorded,5477
breweries/fine-creek-brewing-company,breweries,Fine Creek Brewing Company,Powhatan,VA,23139,Brewpub,2020-02-07,Yes,7104
breweries/finger-lakes-beer-co,breweries,Finger Lakes Beer Co,Hammondsport,NY,14840,Taproom,2020-03-03,Not recorded,5065
breweries/finkel-and-garf-brewing-co,breweries,Finkel & Garf Brewing Co.,Boulder,CO,80301,Micro,2020-02-01,Not recorded,1200
breweries/finnegans-brew-co,breweries,FINNEGANS Brew Co,Minneapolis,MN,55404,Micro,yes,Not recorded,3804
breweries/fins-big-oyster-brewery,breweries,Fins Big Oyster Brewery,Rehoboth Beach,DE,19971,Brewpub,2020-02-07,Not recorded,1724
breweries/fire-island-beer-co,breweries,Fire Island Beer Co,Bay Shore,NY,11706,Micro,2020-04-11,Not recorded,4908
breweries/fired-up-brewing,breweries,Fired Up Brewing,Colville,WA,99114,Brewpub,2020-02-07,Not recorded,7341
breweries/firefly-hollow-brewing-co,breweries,Firefly Hollow Brewing Co.,Bristol,CT,06010,Micro,2020-03-03,Not recorded,1608
breweries/fireforge-crafted-beer,breweries,Fireforge Crafted Beer,Greenville,SC,29601,Taproom,2020-03-03,Not recorded,6402
breweries/firemans-brew,breweries,Fireman’s Brew,Woodland Hills,CA,91303,Contract,2020-03-03,Not recorded,1169
breweries/firestone-walker-brewing-co,breweries,Firestone Walker Brewing Co,Paso Robles,CA,93446,Regional,2019-11-13,Not recorded,702
breweries/firetrucker-brewery,breweries,Firetrucker Brewery,Ankeny,IA,50023,Micro,2020-02-01,Not recorded,2167
breweries/firewater-brewing-company,breweries,Firewater Brewing Company,Kennesaw,GA,30144,Proprietor,2020-03-03,Not recorded,2107
breweries/first-mile-brewing-company,breweries,First Mile Brewing Company,Fort Kent,ME,04743,Taproom,2020-02-01,Not recorded,3255
breweries/fish-brewing-co,breweries,Fish Brewing Co,Olympia,WA,98501,Micro,2020-02-07,Not recorded,7433
other-places/fishhawk-spirits,other-places,Fishhawk Spirits,Ocala,FL,34481,Distillery,yes,Yes,1902
breweries/fitgers-brewhouse,breweries,Fitger’s Brewhouse,Duluth,MN,55802,Brewpub,2020-03-03,Not recorded,3738
breweries/five-and-20-spirits-and-brewing,breweries,Five & 20 Spirits and Brewing,Westfield,NY,14787,Brewpub,2020-04-11,Not recorded,5297
breweries/five-boroughs-brewing-co,breweries,Five Boroughs Brewing Co,Brooklyn,NY,11220,Micro,yes,Yes,4930
breweries/five-churches-brewing,breweries,Five Churches Brewing,New Britain,CT,06051,Brewpub,2020-04-11,Not recorded,1643
breweries/five-dons-brewing-co,breweries,Five Dons Brewing Co,Longview,WA,98632,Micro,2020-02-07,Not recorded,7401
breweries/five-mountain-brewing-co,breweries,Five Mountain Brewing Co,Shickshinny,PA,18655,Taproom,2020-04-11,Not recorded,6282
breweries/five-threads-brewing-company,breweries,Five Threads Brewing Company,Westlake Village,CA,91362,Taproom,2020-04-11,Not recorded,1160
breweries/five-window-beer-co,breweries,Five Window Beer Co,Lodi,CA,95240,Brewpub,2020-03-03,Not recorded,541
breweries/flapjack-brewery,breweries,Flapjack Brewery,Berwyn,IL,60402,Brewpub,2020-02-01,Not recorded,2338
breweries/flat-12-bierwerks,breweries,Flat 12 Bierwerks,Indianapolis,IN,46202,Brewpub,2020-02-07,Not recorded,2669
breweries/flat-branch-pub-and-brewing,breweries,Flat Branch Pub and Brewing,Columbia,MO,65201,Brewpub,2020-02-07,Not recorded,3908
breweries/flat-fish-brewing,breweries,Flat Fish Brewing,Camarillo,CA,93010,Taproom,2020-03-03,Not recorded,333
breweries/flat-mountain-brewhouse,breweries,Flat Mountain Brewhouse,Garden City,KS,67846,Brewpub,2020-04-11,Not recorded,2785
breweries/flatland-brewing-company,breweries,Flatland Brewing Company,Elk Grove,CA,95624,Taproom,2020-03-03,Not recorded,417
breweries/flatrock-brewing-company,breweries,Flatrock Brewing Company,Napoleon,OH,43545,Brewpub,2020-03-03,Not recorded,5547
breweries/flight-deck-brewing,breweries,Flight Deck Brewing,Brunswick,ME,04011,Micro,2020-04-11,Not recorded,3245
breweries/flix-brewhouse,breweries,Flix Brewhouse,Albuquerque,NM,87120,Brewpub,2019-11-13,Not recorded,4749
breweries/flix-brewhouse-carmel-in,breweries,Flix Brewhouse,Carmel,IN,46032,Brewpub,2019-11-13,Not recorded,2610
breweries/flix-brewhouse-chandler-az,breweries,Flix Brewhouse,Chandler,AZ,85225,Brewpub,2019-11-13,Not recorded,132
breweries/flix-brewhouse-des-moines-ia,breweries,Flix Brewhouse,Des Moines,IA,50310,Brewpub,2019-11-13,Not recorded,2210
breweries/flix-brewhouse-round-rock-tx,breweries,Flix Brewhouse,Round Rock,TX,78681,Micro,2019-10-26,Not recorded,6841
breweries/flix-brewhouse-frisco-little-elm,breweries,Flix Brewhouse - Frisco/Little Elm,Frisco,TX,75033,Micro,2019-11-13,Not recorded,6738
breweries/flix-brewhouse-madison,breweries,Flix Brewhouse - Madison,Madison,WI,53704,Brewpub,2019-11-13,Not recorded,7767
breweries/floating-bridge-brewing,breweries,Floating Bridge Brewing,Seattle,WA,98105,Taproom,2020-04-11,Not recorded,7512
breweries/floodland-brewing,breweries,Floodland Brewing,Seattle,WA,98103,Micro,2020-02-07,Not recorded,7491
breweries/floodstage-ale-works,breweries,Floodstage Ale Works,Brighton,CO,80601,Brewpub,2020-04-11,Not recorded,1222
breweries/florida-beer-co,breweries,Florida Beer Co,Cape Canaveral,FL,32920,Regional,2020-03-03,Not recorded,1756
breweries/florida-keys-brewing-co,breweries,Florida Keys Brewing Co.,Islamorada,FL,33036,Taproom,2020-04-11,Not recorded,1822
breweries/flossmoor-station-brewing-co,breweries,Flossmoor Station Brewing Co,Flossmoor,IL,60422,Brewpub,2020-04-11,Not recorded,2447
breweries/floyd-county-brewing-company,breweries,Floyd County Brewing Company,New Albany,IN,47150,Brewpub,2020-03-03,Not recorded,2734
breweries/flyboybrewery-and-pub,breweries,FlyBoyBrewery and Pub,Portland,OR,97224,Brewpub,2020-03-03,Not recorded,5823
breweries/flyers-restaurant-and-brewery,breweries,Flyers Restaurant and Brewery,Oak Harbor,WA,98277,Brewpub,2020-02-07,Not recorded,7429
breweries/flying-basset-brewing,breweries,Flying Basset Brewing,Gilbert,AZ,85233,Brewpub,2020-03-03,Not recorded,154
breweries/flying-belgian-brewery,breweries,Flying Belgian Brewery,Farmingdale,NY,11735,Micro,2020-03-03,Not recorded,5031
breweries/flying-dog-brewery,breweries,Flying Dog Brewery,Frederick,MD,21703,Regional,2020-03-03,Not recorded,3158
breweries/flying-dreams-brewing-co,breweries,Flying Dreams Brewing Co.,Worcester,MA,01610,Micro,2020-03-03,Not recorded,3102
breweries/flying-fish-brewing-co,breweries,Flying Fish Brewing Co,Somerdale,NJ,08083,Regional,2020-03-03,Not recorded,4728
breweries/flying-lion-brewing,breweries,Flying Lion Brewing,Seattle,WA,98118,Taproom,2019-11-13,Yes,7477
breweries/flying-man-brewing-company,breweries,Flying Man Brewing Company,Austin,TX,78660,Micro,2020-04-11,Not recorded,6623
breweries/flying-tiger-brewery,breweries,Flying Tiger Brewery,Monroe,LA,71201,Micro,2020-04-11,Not recorded,2912
breweries/flytrap-brewing,breweries,Flytrap Brewing,Wilmington,NC,28401,Taproom,2020-04-11,Not recorded,4436
breweries/flywheel-brewing-company,breweries,Flywheel Brewing Company,Elizabethtown,KY,42701,Taproom,2020-03-03,Not recorded,2841
breweries/foam-brewers,breweries,Foam Brewers,Burlington,VT,05401,Micro,2020-02-07,Not recorded,7220
breweries/foggy-noggin-brewing,breweries,Foggy Noggin Brewing,Bothell,WA,98021,Taproom,2019-11-03,Not recorded,7307
breweries/foley-brothers-brewing-co,breweries,Foley Brothers Brewing Co.,Brandon,VT,05733,Micro,2020-02-07,Not recorded,7212
breweries/folklore-brewing-and-meadery,breweries,Folklore Brewing & Meadery,Dothan,AL,36301,Micro,2020-04-11,Not recorded,56
breweries/folksbier,breweries,Folksbier,Brooklyn,NY,11231,Regional,2020-03-03,Not recorded,4937
breweries/fonta-flora-brewery,breweries,Fonta Flora Brewery,Morganton,NC,28655,Micro,2020-02-01,Not recorded,4349
other-places/fontem-holdings-blu,other-places,Fontem Holdings - Blu,Charlotte,NC,28273,Other,2019-11-13,Not recorded,4208
breweries/foolproof-brewing-company,breweries,Foolproof Brewing Company,Pawtucket,RI,02860,Micro,2020-04-11,Not recorded,6346
breweries/fools-fire-brewing-company-at-fermentation-lounge,breweries,Fools Fire Brewing Company At Fermentation Lounge,Tallahassee,FL,32301,Brewpub,2020-03-03,Not recorded,1993
breweries/footbridge-brewery,breweries,Footbridge Brewery,Boothbay Harbor,ME,04544,Taproom,2020-04-11,Not recorded,3238
breweries/foothill-hops-farm-brewery,breweries,Foothill Hops Farm Brewery,Munnsville,NY,13409,Taproom,2020-03-03,Not recorded,5136
breweries/foothills-brewing-and-beverage-co,breweries,Foothills Brewing and Beverage Co,Black Diamond,WA,98010,Micro,2020-02-07,Not recorded,7304
breweries/foothills-brewing-co,breweries,Foothills Brewing Co,Winston Salem,NC,27103,Regional,2020-03-03,Not recorded,4448
breweries/for-the-love-of-god-brewing,breweries,For the Love of God Brewing,Spokane,WA,99205,Brewpub,2020-02-07,Not recorded,7561
breweries/forbidden-barrel-brewing,breweries,Forbidden Barrel Brewing,Worthington,MN,56187,Taproom,yes,Not recorded,3896
breweries/fordham-and-old-dominion-brewing-company,breweries,Fordham and Old Dominion Brewing Company,Dover,DE,19901,Regional,2020-03-03,Not recorded,1713
breweries/forest-city-brewery,breweries,Forest City Brewery,Cleveland,OH,44113,Taproom,2020-04-11,Not recorded,5416
breweries/forest-city-brewing,breweries,Forest City Brewing,Middlefield,CT,06455,Taproom,2020-03-03,Not recorded,1635
breweries/forge-brew-works,breweries,Forge Brew Works,Lorton,VA,22079,Brewpub,2020-02-07,Not recorded,7068
breweries/forge-brewhouse,breweries,Forge Brewhouse,Dekalb,IL,60115,Taproom,2020-03-03,Not recorded,2431
breweries/forgotten-boardwalk-brewing,breweries,Forgotten Boardwalk Brewing,Cherry Hill,NJ,08003,Micro,2020-03-03,Not recorded,4638
breweries/forgotten-road-ales,breweries,Forgotten Road Ales,Graham,NC,27253,Taproom,2020-03-03,Not recorded,4286
breweries/fort-george-brewery,breweries,Fort George Brewery,Astoria,OR,97103,Regional,2020-03-03,Not recorded,5658
breweries/fort-hill-brewery,breweries,Fort Hill Brewery,Easthampton,MA,01027,Micro,2020-04-11,Not recorded,2979
breweries/fort-point-beer-company,breweries,Fort Point Beer Company,San Francisco,CA,94129,Regional,2020-03-03,Not recorded,906
breweries/fortress-beerworks,breweries,Fortress BeerWorks,Spring,TX,77388,Taproom,2020-03-03,Not recorded,6878
breweries/fortside-brewing-company,breweries,Fortside Brewing Company,Vancouver,WA,98661,Micro,2020-02-07,Not recorded,7620
breweries/forward-operating-base-brewing-company-fob-brewing,breweries,Forward Operating Base Brewing Company / FOB Brewing,Dupont,WA,98327,Taproom,2020-04-11,Not recorded,7348
breweries/fossil-craft-beer-co,breweries,Fossil Craft Beer Co,Colorado Springs,CO,80904,Taproom,2020-03-03,Not recorded,1253
breweries/foulmouthed-brewing,breweries,Foulmouthed Brewing,South Portland,ME,04106,Brewpub,2020-02-01,Not recorded,3330
breweries/foundation-brewing-company,breweries,Foundation Brewing Company,Portland,ME,04103,Micro,2020-04-11,Not recorded,3310
breweries/founders-brewing-co,breweries,Founders Brewing Co,Detroit,MI,48201,Regional,2019-05-31,Not recorded,3429
breweries/founders-brewing-co-grand-rapids-mi,breweries,Founders Brewing Co,Grand Rapids,MI,49503,Regional,2019-05-31,Not recorded,3474
breweries/founders-brewing-production-facility,breweries,Founders Brewing Production Facility,Grand Rapids,MI,49507,Regional,2020-03-03,Not recorded,3484
breweries/founding-fathers-brewing-company,breweries,Founding Fathers Brewing Company,Long Lake,MN,55356,Contract,2020-03-03,Not recorded,3771
breweries/fountain-city-brewing-co-monarch-public-house,breweries,Fountain City Brewing Co / Monarch Public House,Fountain City,WI,54629,Contract,2020-03-03,Not recorded,7726
breweries/fountain-hill-brewery,breweries,Fountain Hill Brewery,Grand Rapids,MI,49503,Brewpub,2020-02-07,Not recorded,3477
breweries/fountain-square-brewing-co,breweries,Fountain Square Brewing Co,Indianapolis,IN,46203,Micro,2020-02-07,Yes,2663
breweries/four-bullets-brewery,breweries,Four Bullets Brewery,Richardson,TX,75081,Micro,2020-03-03,Not recorded,6833
breweries/four-corners-brewing-co,breweries,Four Corners Brewing Co,Dallas,TX,75215,Largge,2020-03-03,Not recorded,6686
breweries/four-day-ray-brewing,breweries,Four Day Ray Brewing,Fishers,IN,46038,Brewpub,2020-03-03,Not recorded,2635
breweries/four-eyed-guys-brewing,breweries,Four Eyed Guys Brewing,Spokane,WA,99205,Micro,2020-02-07,Not recorded,7562
breweries/four-fathers-brewing,breweries,Four Fathers Brewing,Valparaiso,IN,46383,Taproom,2020-03-03,Not recorded,2762
breweries/four-mile-brewing,breweries,Four Mile Brewing,Olean,NY,14760,Micro,2020-03-03,Not recorded,5164
breweries/four-peaks-brewery-and-taproom,breweries,Four Peaks Brewery & Taproom,Tempe,AZ,85282,Largge,2020-03-03,Not recorded,218
breweries/four-peaks-brewing-co,breweries,Four Peaks Brewing Co,Tempe,AZ,85281,Largge,2020-03-03,Not recorded,219
breweries/four-quarters-brewing-co,breweries,Four Quarters Brewing Co,Winooski,VT,05404,Micro,2019-10-26,Not recorded,7273
breweries/four-seasons-brewing-co,breweries,Four Seasons Brewing Co,Latrobe,PA,15650,Brewpub,2020-04-11,Not recorded,6143
breweries/four-sons-brewing,breweries,Four Sons Brewing,Huntington Beach,CA,92648,Micro,2020-03-03,Not recorded,485
breweries/four-sons-brewing-production,breweries,Four Sons Brewing - Production,Huntington Beach,CA,92648,Micro,2020-04-11,Not recorded,486
breweries/fourth-creek-brewing-co,breweries,Fourth Creek Brewing Co,Statesville,NC,28677,Taproom,2020-03-03,Not recorded,4411
breweries/fox-brewing,breweries,Fox Brewing,West Des Moines,IA,50265,Micro,2020-02-01,Not recorded,2256
breweries/fox-head-brewing-llc,breweries,Fox Head Brewing LLC,Waukesha,WI,53189,Micro,2020-03-03,Not recorded,7877
breweries/fox-island-brewing,breweries,Fox Island Brewing,Gig Harbor,WA,98335,Taproom,2020-03-03,Not recorded,7368
breweries/fox-river-brewing-co,breweries,Fox River Brewing Co,Oshkosh,WI,54901,Brewpub,2019-11-13,Not recorded,7838
breweries/fox-river-brewing-co-and-restaurant,breweries,Fox River Brewing Co and Restaurant,Appleton,WI,54913,Brewpub,2019-11-13,Not recorded,7682
breweries/foxhole-brewhouse,breweries,Foxhole Brewhouse,Willmar,MN,56201,Taproom,2020-03-03,Not recorded,3892
breweries/foy-enterprises-llc-dba-dog-river-brewery,breweries,Foy Enterprises LLC DBA Dog River Brewery,Barre,VT,05641,Brewpub,2020-04-11,Not recorded,7208
breweries/franklin-street-brewing-company,breweries,Franklin Street Brewing Company,Manchester,IA,52057,Taproom,2020-02-01,Not recorded,2232
breweries/fredericksburg-brewing-co,breweries,Fredericksburg Brewing Co,Fredericksburg,TX,78624,Brewpub,2020-03-03,Not recorded,6736
breweries/free-state-brewing-co,breweries,Free State Brewing Co,Lawrence,KS,66044,Brewpub,2020-02-01,Not recorded,2792
breweries/freebridge-brewing,breweries,Freebridge Brewing,The Dalles,OR,97058,Brewpub,2020-04-11,Not recorded,5931
breweries/freehouse-brewery,breweries,Freehouse Brewery,Charleston,SC,29405,Micro,2020-03-03,Not recorded,6376
breweries/freetail-brewing-co-brewpub,breweries,Freetail Brewing Co - Brewpub,San Antonio,TX,78257,Micro,2020-03-03,Not recorded,6851
breweries/freight-yard-brewing-llc,breweries,Freight Yard Brewing LLC,Clay,NY,13041,Proprietor,2020-03-03,Not recorded,4998
breweries/fremont-brewing-co,breweries,Fremont Brewing Co,Seattle,WA,98103,Regional,2019-11-27,Not recorded,7487
breweries/fremont-brewing-co-west,breweries,Fremont Brewing Co- West,Seattle,WA,98107,Micro,2019-11-27,Not recorded,7488
breweries/french-broad-river-brewing-co,breweries,French Broad River Brewing Co,Asheville,NC,28803,Micro,2020-03-03,Not recorded,4149
breweries/frenchtown-brewing-company,breweries,Frenchtown Brewing Company,Charlotte Amalie,VI,00802,Micro,2020-03-03,Not recorded,7205
breweries/freys-brewing-company,breweries,Frey’s Brewing Company,Mount Airy,MD,21771,Micro,2020-04-11,Not recorded,3181
breweries/friday-harbor-brewing,breweries,Friday Harbor Brewing,Friday Harbor,WA,98250,Taproom,2020-04-11,Not recorded,7367
breweries/friends-and-allies-brewing-company,breweries,Friends and Allies Brewing Company,Austin,TX,78702,Micro,2020-04-11,Not recorded,6624
breweries/frog-alley-brewing,breweries,Frog Alley Brewing,Schenectady,NY,12305,Taproom,2020-04-11,Not recorded,5240
breweries/frogg-brewing,breweries,Frogg Brewing,Marlborough,NH,03455,Micro,2020-03-03,Not recorded,4576
breweries/frogtown-brewery,breweries,Frogtown Brewery,Los Angeles,CA,90039,Taproom,2020-03-03,Not recorded,569
breweries/frolic-brewing-company,breweries,Frolic Brewing Company,Westminster,CO,80234,Brewpub,2020-04-11,Not recorded,1583
breweries/from-the-earth-brewing-company,breweries,From The Earth Brewing Company,Roswell,GA,30076,Brewpub,2020-04-11,Not recorded,2124
breweries/front-range-brewing-co,breweries,Front Range Brewing Co.,Lafayette,CO,80026,Brewpub,2020-03-03,Not recorded,1473
breweries/front-royal-brewing-company-llc,breweries,"Front Royal Brewing Company, LLC",Front Royal,VA,22630,Brewpub,2020-02-07,Not recorded,7035
breweries/front-street-brewery-ia,breweries,Front Street Brewery - IA,Davenport,IA,52801,Micro,2020-02-01,Not recorded,2201
breweries/frontyard-brewing,breweries,Frontyard Brewing,Austin,TX,78733,Micro,2020-04-11,Not recorded,6625
breweries/frost-beer-works,breweries,Frost Beer Works,Hinesburg,VT,05461,Micro,2020-02-07,Not recorded,7231
breweries/fruition-brewing,breweries,Fruition Brewing,Watsonville,CA,95076,Taproom,2020-04-11,Not recorded,1149
breweries/full-mile-beer-company-and-kitchen,breweries,Full Mile Beer Company and Kitchen,Sun Prairie,WI,53590,Brewpub,2020-02-07,Not recorded,7869
breweries/full-pint-brewing-company,breweries,Full Pint Brewing Company,North Versailles,PA,15137,Micro,2020-04-11,Not recorded,6192
breweries/full-sail-brewing-co,breweries,Full Sail Brewing Co,Hood River,OR,97031,Regional,2020-03-03,Not recorded,5757
breweries/full-tilt-brewing,breweries,Full Tilt Brewing,Baltimore,MD,21212,Taproom,2020-02-01,Not recorded,3110
breweries/fullsteam-brewery,breweries,Fullsteam Brewery,Durham,NC,27701,Micro,2020-02-01,Not recorded,4258
breweries/fulton-beer,breweries,Fulton Beer,Minneapolis,MN,55401,Micro,2020-03-03,Not recorded,3786
breweries/fulton-beer-minneapolis-mn,breweries,Fulton Beer,Minneapolis,MN,55418,Regional,2020-03-03,Not recorded,3787
breweries/funhouse-brews,breweries,Funhouse Brews,Portland,OR,97217,Micro,2020-03-03,Not recorded,5824
breweries/funk-brewing,breweries,Funk Brewing,Elizabethtown,PA,17022,Brewpub,2020-03-03,Not recorded,6047
breweries/funkwerks,breweries,Funkwerks,Fort Collins,CO,80524,Micro,12/20.2019,Not recorded,1411
breweries/funky-bow-brewery-and-beer-company,breweries,Funky Bow Brewery & Beer Company,Lyman,ME,04002,Micro,2020-03-03,Not recorded,3280
breweries/funky-buddha-brewery,breweries,Funky Buddha Brewery,Oakland Park,FL,33334,Largge,2019-06-17,Not recorded,1901
breweries/funky-town-brewery-iron-tree-tables-and-taps,breweries,Funky Town Brewery / Iron Tree Tables and Taps,Florissant,CO,80816,Brewpub,2020-02-01,Not recorded,1397
breweries/furthermore-beer,breweries,Furthermore Beer,Black River Falls,WI,54615,Contract,2020-03-03,Not recorded,7696
breweries/fusion-brewing-llc,breweries,Fusion Brewing LLC,Lexington,KY,40508,Taproom,2020-02-01,Not recorded,2854
breweries/g-c-starkey-beer-company,breweries,G.C. Starkey Beer Company,Geneva,NY,14456,Contract,2020-03-03,Not recorded,5045
breweries/g5-brewing-company,breweries,G5 Brewing Company,BELOIT,WI,53511,Brewpub,2020-02-07,Not recorded,7695
breweries/g5-brewpub,breweries,G5 Brewpub,Severance,CO,80550,Brewpub,2020-03-03,Not recorded,1556
breweries/gakona-brewing-company,breweries,Gakona Brewing Company,Gakona,AK,99586,Micro,2019-11-03,Not recorded,20
breweries/gallaghers-where-u-brew,breweries,Gallaghers’ Where U Brew,Edmonds,WA,98020,Taproom,2020-04-11,Not recorded,7353
breweries/galveston-island-brewing,breweries,Galveston Island Brewing,Galveston,TX,77554,Taproom,2020-04-11,Not recorded,6742
breweries/game-on-brewing,breweries,Game On Brewing,Saint Paul,MN,55116,Contract,2020-02-07,Not recorded,3852
breweries/gamecraft-brewing,breweries,GameCraft Brewing,Laguna Hills,CA,92653,Brewpub,2020-02-07,Not recorded,521
breweries/gandy-dancer-brew-works,breweries,Gandy Dancer Brew Works,Sioux Falls,SD,57103,Brewpub,2020-04-11,Not recorded,6468
breweries/garage-brewing-company,breweries,Garage Brewing Company,Murrieta,CA,92562,Micro,12/20.2019,Not recorded,631
breweries/garage-brewing-company-temecula-ca,breweries,Garage Brewing Company,Temecula,CA,92590,Brewpub,12/20.2019,Not recorded,1074
breweries/garden-of-eve-farm-brewery,breweries,Garden of Eve Farm Brewery,Riverhead,NY,11901,Taproom,2020-03-03,Not recorded,5210
breweries/garden-path-fermentation,breweries,Garden Path Fermentation,Burlington,WA,98233,Taproom,2020-03-03,Not recorded,7322
breweries/garden-state-beer-company,breweries,Garden State Beer Company,Galloway,NJ,08205,Taproom,2020-03-03,Not recorded,4659
breweries/gardiner-brewing-company,breweries,Gardiner Brewing Company,Gardiner,NY,12525,Taproom,2020-04-11,Not recorded,5042
breweries/garland-city-beer-works,breweries,Garland City Beer Works,Watertown,NY,13601,Brewpub,2020-04-11,Not recorded,5285
breweries/garretts-brewing-company,breweries,Garrett’s Brewing Company,Trumansburg,NY,14886,Micro,2020-04-11,Not recorded,5268
breweries/garretts-mill-and-brewing-company,breweries,Garrett’s Mill and Brewing Company,Garrettsville,OH,44231,Brewpub,2020-03-03,Not recorded,5480
breweries/garrs-beer-co,breweries,Garr’s Beer Co.,Huntsville,AL,35805,Contract,2020-03-03,Not recorded,64
breweries/garys-olde-towne-tavern,breweries,Gary’s Olde Towne Tavern,Naples,ME,04055,Brewpub,2020-04-11,Not recorded,3286
other-places/gas-city-vapes,other-places,Gas City Vapes,Medicine Hat,T1B 2X2,T1B 2X2,eCig,yes,Yes,6480
breweries/gaslight-brewery-and-restaurant,breweries,Gaslight Brewery and Restaurant,South Orange,NJ,07079,Brewpub,2020-03-03,Not recorded,4732
breweries/gate-city-brewing-company,breweries,Gate City Brewing Company,Roswell,GA,30075,Taproom,2020-02-01,Not recorded,2123
breweries/gatlinburg-brewing-company,breweries,Gatlinburg Brewing Company,Gatlinburg,TN,37738,Micro,2020-03-03,Not recorded,6515
breweries/geaghans-pub-and-craft-brewery,breweries,Geaghan’s Pub & Craft Brewery,Bangor,ME,04401,Brewpub,2020-03-03,Not recorded,3220
breweries/geaux-brewing-llc,breweries,Geaux Brewing LLC,Auburn,WA,98002,Brewpub,2020-02-07,Not recorded,7281
breweries/geist-beerworks,breweries,Geist Beerworks,Redmond,OR,97756,Taproom,2020-03-03,Not recorded,5893
breweries/gemini-beer-company,breweries,Gemini Beer Company,Westminster,CO,80031,Contract,2020-03-03,Not recorded,1581
breweries/gemut-biergarten,breweries,Gemüt Biergarten,Columbus,OH,43205,Brewpub,2020-03-03,Not recorded,5428
breweries/gentle-giant-brewing-company,breweries,Gentle Giant Brewing Company,Pearl River,NY,10965,Brewpub,2020-03-03,Not recorded,5175
breweries/genus-brewing-nu-home-brew-and-bottles,breweries,Genus Brewing / Nu Home Brew and Bottles,Spokane Valley,WA,99216,Micro,2020-03-03,Not recorded,7585
breweries/georgetown-brewing-co,breweries,Georgetown Brewing Co,Seattle,WA,98108,Regional,2020-03-03,Not recorded,7503
breweries/geronimo-brewing-inc,breweries,Geronimo Brewing Inc,Doylestown,PA,18901,Brewpub,2020-04-11,Not recorded,6035
breweries/gezellig-brewing-company,breweries,Gezellig Brewing Company,Newton,IA,50208,Micro,2020-02-01,Not recorded,2240
breweries/ghost-harbor-brewing-company,breweries,Ghost Harbor Brewing Company,Elizabeth City,NC,27909,Taproom,2020-04-11,Not recorded,4265
breweries/ghost-isle-brewing-company,breweries,Ghost Isle Brewing Company,New Buffalo,MI,49117,Brewpub,2020-03-03,Not recorded,3600
breweries/ghost-runners-brewery,breweries,Ghost Runners Brewery,Vancouver,WA,98661,Taproom,2020-04-11,Not recorded,7626
breweries/ghost-town-brewing,breweries,Ghost Town Brewing,Oakland,CA,94607,Micro,2020-04-11,Not recorded,663
breweries/ghostface-brewing-company,breweries,Ghostface Brewing Company,Mooresville,NC,28115,Brewpub,2020-03-03,Not recorded,4343
breweries/ghostfish-brewing-company,breweries,Ghostfish Brewing Company,Seattle,WA,98134,Micro,2019-04-26,Not recorded,7479
breweries/gibbs-hundred-brewing-company,breweries,Gibb’s Hundred Brewing Company,Greensboro,NC,27405,Micro,2020-02-01,Not recorded,4289
breweries/gideons-brewing-company,breweries,Gideon’s Brewing Company,Bismarck,ND,58504,Taproom,2020-03-03,Not recorded,4458
breweries/gift-horse-brewing-company,breweries,Gift Horse Brewing Company,York,PA,17401,Taproom,2020-03-03,Not recorded,6323
breweries/gilded-goat-brewing-company,breweries,Gilded Goat Brewing Company,Fort Collins,CO,80525,Taproom,2020-02-01,Not recorded,1398
breweries/gilgamesh-brewing-co,breweries,Gilgamesh Brewing Co,Salem,OR,97302,Micro,2020-04-11,Not recorded,5911
breweries/gillette-brewing-company,breweries,Gillette Brewing Company,Gillette,WY,82716,Brewpub,2020-04-11,Not recorded,7942
breweries/gilman-brewing-company,breweries,Gilman Brewing Company,Berkeley,CA,94710,Brewpub,2020-02-07,Not recorded,304
breweries/girdwood-brewing-company,breweries,Girdwood Brewing Company,Girdwood,AK,99587,Taproom,2019-11-03,Not recorded,21
breweries/gizmo-brew-works,breweries,Gizmo Brew Works,Raleigh,NC,27617,Taproom,2020-03-03,Not recorded,4372
breweries/glacier-brewhouse,breweries,Glacier Brewhouse,Anchorage,AK,99501,Brewpub,2019-11-03,Not recorded,8
breweries/gladiator-brewing-co,breweries,Gladiator Brewing Co.,Clarksville,TN,37040,Taproom,2020-03-03,Not recorded,6497
breweries/glass-creek-winery,breweries,Glass Creek Winery,Hastings,MI,49058,Taproom,2020-03-03,Not recorded,3508
breweries/glasstown-brewing,breweries,Glasstown Brewing,Millville,NJ,08332,Micro,2020-04-11,Not recorded,4696
breweries/gloucester-brewing-company,breweries,Gloucester Brewing Company,Gloucester,VA,23061,Taproom,2020-03-03,Not recorded,7039
breweries/gneiss-brewing,breweries,Gneiss Brewing,Limerick,ME,04048,Taproom,2019-04-20,Not recorded,3277
breweries/goat-island-brewing,breweries,Goat Island Brewing,Cullman,AL,35055,Micro,yes,Not recorded,54
breweries/goat-lips-chew-and-brewhouse-redneck-riviera-brewing,breweries,Goat Lips Chew and Brewhouse / Redneck Riviera Brewing,Pensacola,FL,32514,Brewpub,2020-02-01,Not recorded,1936
breweries/goat-patch-brewing-co,breweries,Goat Patch Brewing Co.,Colorado Springs,CO,80907,Taproom,2020-02-01,Not recorded,1247
breweries/goat-ridge-brewing,breweries,Goat Ridge Brewing,New London,MN,56273,Micro,2020-02-01,Not recorded,3823
breweries/goathouse-brewing-co,breweries,GoatHouse Brewing Co.,Lincoln,CA,95648,Taproom,2020-02-01,Not recorded,532
breweries/gold-hill-brewery,breweries,Gold Hill Brewery,Placerville,CA,95667,Taproom,2020-03-03,Not recorded,720
breweries/golden-grove-farm-and-brew,breweries,Golden Grove Farm & Brew,Piedmont,SC,29673,Brewpub,2020-03-03,Not recorded,6436
breweries/golden-road-brewing,breweries,Golden Road Brewing,Anaheim,CA,92806,Largge,2020-03-03,Not recorded,267
breweries/golden-road-brewing-los-angeles-ca,breweries,Golden Road Brewing,Los Angeles,CA,90039,Largge,2020-03-03,Not recorded,570
breweries/golden-road-brewing-co,breweries,Golden Road Brewing Co,Sacramento,CA,95811,Largge,2020-03-03,Not recorded,789
breweries/golden-state-brew-and-grill,breweries,Golden State Brew and Grill,Gilroy,CA,95020,Brewpub,2020-04-11,Not recorded,460
breweries/golden-triangle-brew-co,breweries,Golden Triangle Brew Co,Fort Benton,MT,59442,Brewpub,2020-03-03,Not recorded,4077
breweries/goldhorn-brewery,breweries,Goldhorn Brewery,Cleveland,OH,44103,Brewpub,2020-03-03,Not recorded,5397
breweries/goldspot-brewing-co,breweries,Goldspot Brewing Co,Denver,CO,80221,Taproom,2020-04-11,Not recorded,1325
breweries/goldwater-brewing-co,breweries,Goldwater Brewing Co,Scottsdale,AZ,85251,Taproom,2020-03-03,Not recorded,206
breweries/goliad-brewing-company,breweries,Goliad Brewing Company,Goliad,TX,77963,Micro,2020-03-03,Not recorded,6748
breweries/gongoozlers-brewery,breweries,Gongoozlers Brewery,New Bremen,OH,45869,Taproom,2020-03-03,Not recorded,5549
breweries/good-city-brewing-company,breweries,Good City Brewing Company,Milwaukee,WI,53203,Brewpub,2020-02-07,Not recorded,7797
breweries/good-measure-brewing-co,breweries,Good Measure Brewing Co,Northfield,VT,05663,Micro,2020-02-07,Not recorded,7242
breweries/good-people-brewing-co,breweries,Good People Brewing Co,Birmingham,AL,35233,Micro,2020-03-03,Not recorded,46
breweries/good-river-beer-company,breweries,Good River Beer Company,Denver,CO,80223,Micro,2020-02-01,Not recorded,1288
breweries/goodlife-brewing-company,breweries,GoodLife Brewing Company,Bend,OR,97701,Regional,2020-03-03,Not recorded,5677
breweries/goodwater-brewery,breweries,GoodWater Brewery,Williston,VT,05495,Micro,2020-02-07,Not recorded,7271
breweries/goodwood-brewhouse-and-live-room,breweries,Goodwood Brewhouse &  Live Room,Jeffersonville,IN,47130,Taproom,2020-03-03,Not recorded,2700
breweries/goodwood-brewing-co,breweries,Goodwood Brewing Co,Louisville,KY,40202,Micro,2020-03-03,Not recorded,2870
breweries/goose-island-beer-co-fulton-st,breweries,Goose Island Beer Co / Fulton St,Chicago,IL,60612,Largge,2020-02-07,Yes,2354
breweries/goose-island-brewpub,breweries,Goose Island Brewpub,Chicago,IL,60614,Largge,2020-03-03,Not recorded,2374
breweries/gordon-biersch-brewery-restaurant-annapolis,breweries,Gordon Biersch Brewery Restaurant - Annapolis,Annapolis,MD,21401,Brewpub,2020-03-03,Not recorded,3109
breweries/gordon-biersch-brewery-restaurant-baltimore,breweries,Gordon Biersch Brewery Restaurant - Baltimore,Baltimore,MD,21202,Brewpub,2020-02-01,Not recorded,3111
breweries/gordon-biersch-brewery-restaurant-burbank,breweries,Gordon Biersch Brewery Restaurant - Burbank,Burbank,CA,91502,Brewpub,2020-03-03,Not recorded,326
breweries/gordon-biersch-brewery-restaurant-columbus,breweries,Gordon Biersch Brewery Restaurant - Columbus,Columbus,OH,43215,Brewpub,2020-03-03,Not recorded,5429
breweries/gordon-biersch-brewery-restaurant-honolulu,breweries,Gordon Biersch Brewery Restaurant - Honolulu,Honolulu,HI,96813,Brewpub,2019-11-03,Not recorded,2142
breweries/gordon-biersch-brewery-restaurant-louisville,breweries,Gordon Biersch Brewery Restaurant - Louisville,Louisville,KY,40202,Brewpub,2020-04-11,Not recorded,2873
breweries/gordon-biersch-brewery-restaurant-myrtle-beach,breweries,Gordon Biersch Brewery Restaurant - Myrtle Beach,Myrtle Beach,SC,29577,Brewpub,2020-04-11,Not recorded,6427
breweries/gordon-biersch-brewery-restaurant-new-orleans,breweries,Gordon Biersch Brewery Restaurant - New Orleans,New Orleans,LA,70130,Brewpub,2020-03-03,Not recorded,2917
breweries/gordon-biersch-brewery-restaurant-rockville,breweries,Gordon Biersch Brewery Restaurant - Rockville,Rockville,MD,20850,Brewpub,2020-04-11,Not recorded,3196
breweries/gordon-biersch-brewery-restaurant-syracuse,breweries,Gordon Biersch Brewery Restaurant - Syracuse,Syracuse,NY,13290,Brewpub,2020-03-03,Not recorded,5255
breweries/gordon-biersch-brewery-restaurant-tysons-corner,breweries,Gordon Biersch Brewery Restaurant - Tysons Corner,Mc Lean,VA,22102,Brewpub,2020-02-07,Not recorded,7080
breweries/gordon-biersch-brewery-restaurant-virginia-beach,breweries,Gordon Biersch Brewery Restaurant - Virginia Beach,Virginia Beach,VA,23462,Brewpub,2020-02-07,Not recorded,7172
breweries/gordon-biersch-brewing-co,breweries,Gordon Biersch Brewing Co,San Jose,CA,95112,Regional,2020-03-03,Not recorded,945
breweries/gore-range-brewery,breweries,Gore Range Brewery,Edwards,CO,81632,Brewpub,2020-03-03,Not recorded,1382
breweries/gorilla-alchemy-brewery,breweries,Gorilla Alchemy Brewery,Fort Lupton,CO,80621,Taproom,2020-03-03,Not recorded,1423
breweries/goshen-brewing-company,breweries,Goshen Brewing Company,Goshen,IN,46526,Brewpub,2020-02-07,Not recorded,2650
breweries/gotl-brewing-co,breweries,GOTL Brewing Co,Geneva,OH,44041,Brewpub,2020-03-03,Not recorded,5481
breweries/grace-ridge-brewing-inc,breweries,"Grace Ridge Brewing, Inc.",Homer,AK,99603,Taproom,2019-11-03,Not recorded,23
breweries/grafton-winery-and-brewhaus,breweries,Grafton Winery & Brewhaus,Grafton,IL,62037,Brewpub,2020-02-07,Not recorded,2461
breweries/grain-theory,breweries,Grain Theory,Abilene,TX,79601,Brewpub,2020-03-03,Not recorded,6586
breweries/grains-of-wrath-brewing,breweries,Grains of Wrath Brewing,Camas,WA,98607,Brewpub,2020-03-03,Not recorded,7326
breweries/grainworks-brewing-company,breweries,Grainworks Brewing Company,West Chester,OH,45069,Taproom,2020-04-11,Not recorded,5589
breweries/grand-canyon-brewing-company,breweries,Grand Canyon Brewing Company,Williams,AZ,86046,Micro,2020-04-11,Not recorded,249
breweries/grand-rapids-brewing-company,breweries,Grand Rapids Brewing Company,Grand Rapids,MI,49503,Brewpub,2020-04-11,Not recorded,3488
breweries/grand-teton-brewing,breweries,Grand Teton Brewing,Victor,ID,83455,Micro,2020-02-01,Not recorded,2323
breweries/grandmas-house,breweries,Grandma’s House,Denver,CO,80210,Taproom,2020-03-03,Not recorded,1302
other-places/grandten-distilling,other-places,GrandTen Distilling,Boston,MA,02127,Distillery,YES,Yes,2952
breweries/granger-city-brewing-company,breweries,Granger City Brewing Company,Granger,TX,76530,Brewpub,2020-04-11,Not recorded,6750
breweries/granite-city-food-and-brewery,breweries,Granite City Food & Brewery,Cleveland,OH,44124,Brewpub,2020-03-03,Not recorded,5398
breweries/granite-city-food-and-brewery-detroit-mi,breweries,Granite City Food & Brewery,Detroit,MI,48243,Brewpub,2020-04-11,Not recorded,3434
breweries/granite-city-food-and-brewery-indianapolis-in,breweries,Granite City Food & Brewery,Indianapolis,IN,46260,Brewpub,2020-03-03,Not recorded,2673
breweries/granite-city-food-and-brewery-northbrook-il,breweries,Granite City Food & Brewery,Northbrook,IL,60062,Brewpub,2020-02-07,Not recorded,2516
breweries/granite-city-food-and-brewery-1,breweries,Granite City Food & Brewery (#1),Saint Cloud,MN,56301,Brewpub,2020-02-07,Not recorded,3845
breweries/granite-city-food-and-brewery-11,breweries,Granite City Food & Brewery (#11),Kansas City,MO,64153,Brewpub,2020-03-03,Not recorded,3933
breweries/granite-city-food-and-brewery-12,breweries,Granite City Food & Brewery (#12),Kansas City,KS,66111,Brewpub,2020-02-07,Not recorded,2790
breweries/granite-city-food-and-brewery-16,breweries,Granite City Food & Brewery (#16),Omaha,NE,68114,Brewpub,2020-03-03,Not recorded,4513
breweries/granite-city-food-and-brewery-19,breweries,Granite City Food & Brewery (#19),Rockford,IL,61112,Brewpub,2020-03-03,Not recorded,2542
breweries/granite-city-food-and-brewery-2,breweries,Granite City Food & Brewery (#2),Sioux Falls,SD,57106,Brewpub,2020-03-03,Not recorded,6464
breweries/granite-city-food-and-brewery-21,breweries,Granite City Food & Brewery (#21),East Peoria,IL,61611,Brewpub,2020-04-11,Not recorded,2437
breweries/granite-city-food-and-brewery-24,breweries,Granite City Food & Brewery (#24),Fort Wayne,IN,46805,Brewpub,2020-04-11,Not recorded,2639
breweries/granite-city-food-and-brewery-25,breweries,Granite City Food & Brewery (#25),Maumee,OH,43537,Brewpub,2020-03-03,Not recorded,5525
breweries/granite-city-food-and-brewery-29,breweries,Granite City Food & Brewery (#29),Creve Coeur,MO,63141,Brewpub,2020-04-11,Not recorded,3912
breweries/granite-city-food-and-brewery-30,breweries,Granite City Food & Brewery (#30),Naperville,IL,60563,Brewpub,2020-03-03,Not recorded,2506
breweries/granite-city-food-and-brewery-32,breweries,Granite City Food & Brewery (#32),Northville,MI,48168,Brewpub,2020-03-03,Not recorded,3605
breweries/granite-city-food-and-brewery-4,breweries,Granite City Food & Brewery (#4),Clive,IA,50325,Brewpub,2020-02-01,Not recorded,2194
breweries/granite-city-food-and-brewery-5,breweries,Granite City Food & Brewery (#5),Cedar Rapids,IA,52402,Brewpub,2020-02-01,Not recorded,2184
breweries/granite-city-food-and-brewery-6,breweries,Granite City Food & Brewery (#6),Davenport,IA,52807,Brewpub,2020-02-01,Not recorded,2202
breweries/granite-city-food-and-brewery-8,breweries,Granite City Food & Brewery (#8),Maple Grove,MN,55369,Brewpub,2020-04-11,Not recorded,3775
breweries/granite-city-food-and-wort-house,breweries,Granite City Food & Wort House,Ellsworth,IA,50075,Micro,2020-02-01,Not recorded,2219
breweries/granite-city-food-corp,breweries,Granite City Food (Corp),Minneapolis,MN,55431,Micro,2020-04-11,Not recorded,3801
breweries/granite-coast-brewing-company,breweries,Granite Coast Brewing Company,Peabody,MA,01960,Taproom,2020-03-03,Not recorded,3050
breweries/granite-falls-brewing-co,breweries,Granite Falls Brewing Co.,Granite Falls,NC,28630,Micro,2020-04-11,Not recorded,4288
breweries/granite-mountain-brewing,breweries,Granite Mountain Brewing,Prescott,AZ,86302,Taproom,2020-03-03,Not recorded,195
breweries/granite-roots-brewing,breweries,Granite Roots Brewing,Troy,NH,03465,Taproom,2020-03-03,Not recorded,4611
breweries/grateful-grain-brewing-company,breweries,Grateful Grain Brewing Company,Monmouth,ME,04259,Taproom,2020-03-03,Not recorded,3284
breweries/gravity-brewing,breweries,Gravity Brewing,Louisville,CO,80027,Taproom,2020-03-03,Not recorded,1509
breweries/gravity-brewlab,breweries,Gravity Brewlab,Miami Beach,FL,33139,Contract,2020-03-03,Not recorded,1882
breweries/gravsouth-brewing-co,breweries,GravSouth Brewing Co.,Cotati,CA,94931,Brewpub,2020-02-07,Not recorded,394
breweries/grayton-beer-brewpub,breweries,Grayton Beer Brewpub,Santa Rosa Beach,FL,32459,Brewpub,2020-04-11,Not recorded,1977
breweries/grayton-beer-company,breweries,Grayton Beer Company,Santa Rosa Beach,FL,32459,Micro,2020-03-03,Not recorded,1976
breweries/great-adirondack-brewing-company,breweries,Great Adirondack Brewing Company,Lake Placid,NY,12946,Brewpub,2020-04-11,Not recorded,5103
breweries/great-american-restaurants-sweetwater-tavern,breweries,"Great American Restaurants, Sweetwater Tavern",Centreville,VA,20121,Brewpub,2020-02-07,Not recorded,6985
breweries/great-american-restaurants-sweetwater-tavern-falls-church-va,breweries,"Great American Restaurants, Sweetwater Tavern",Falls Church,VA,22042,Brewpub,2020-02-07,Not recorded,7022
breweries/great-american-restaurants-sweetwater-tavern-sterling-va,breweries,"Great American Restaurants, Sweetwater Tavern",Sterling,VA,20166,Brewpub,2020-02-07,Not recorded,7163
breweries/great-baraboo-brewing-co,breweries,Great Baraboo Brewing Co,Clinton Township,MI,48035,Brewpub,2020-04-11,Not recorded,3415
breweries/great-barn-brewery,breweries,Great Barn Brewery,New Hope,PA,18938,Taproom,2020-04-11,Not recorded,6185
breweries/great-basin-brewing-co,breweries,Great Basin Brewing Co,Sparks,NV,89431,Brewpub,2020-03-03,Not recorded,4883
breweries/great-basin-brewing-co-production-facility,breweries,Great Basin Brewing Co - Production Facility,Reno,NV,89502,Micro,2020-04-11,Not recorded,4872
breweries/great-beer-co,breweries,Great Beer Co,Chatsworth,CA,91311,Contract,2020-03-03,Not recorded,357
breweries/great-central-brewing-company,breweries,Great Central Brewing Company,Chicago,IL,60612,Taproom,2020-03-03,Not recorded,2375
breweries/great-change-brewing,breweries,Great Change Brewing,Bakersfield,CA,93313,Taproom,2020-04-11,Not recorded,297
breweries/great-crescent-brewery,breweries,Great Crescent Brewery,Aurora,IN,47001,Micro,2020-04-11,Not recorded,2595
breweries/great-dane-pub-and-brewing-co-downtown,breweries,Great Dane Pub and Brewing Co - Downtown,Madison,WI,53703,Brewpub,2020-02-07,Not recorded,7770
breweries/great-dane-pub-and-brewing-co-fitchburg,breweries,Great Dane Pub and Brewing Co - Fitchburg,Fitchburg,WI,53711,Brewpub,2020-02-07,Not recorded,7725
breweries/great-dane-pub-and-brewing-co-hilldale,breweries,Great Dane Pub and Brewing Co -- Hilldale,Madison,WI,53705,Brewpub,2020-02-07,Not recorded,7771
breweries/great-dane-pub-and-brewing-co-wausau,breweries,Great Dane Pub and Brewing Co- Wausau,Wausau,WI,54401,Brewpub,2020-02-07,Not recorded,7886
breweries/great-divide-brewing-co,breweries,Great Divide Brewing Co,Denver,CO,80205,Regional,2020-03-03,Not recorded,1303
breweries/great-divide-brewing-co-rino-barrel-bar,breweries,Great Divide Brewing Co - RiNo Barrel Bar,Denver,CO,80216,Micro,2020-04-11,Not recorded,1326
breweries/great-escape-beer-works,breweries,Great Escape Beer Works,Springfield,MO,65804,Taproom,2020-03-03,Not recorded,4003
breweries/great-flats-brewing,breweries,Great Flats Brewing,Schenectady,NY,12305,Micro,2020-03-03,Not recorded,5239
breweries/great-flood-brewing,breweries,Great Flood Brewing,Louisville,KY,40205,Micro,2020-04-11,Not recorded,2874
breweries/great-flood-brewing-production-facility,breweries,Great Flood Brewing- Production Facility,Louisville,KY,40203,Micro,2020-04-11,Not recorded,2875
breweries/great-lakes-brewing-co,breweries,Great Lakes Brewing Co,Cleveland,OH,44113,Regional,2020-03-03,Not recorded,5399
breweries/great-lakes-brewing-co-cleveland-oh,breweries,Great Lakes Brewing Co,Cleveland,OH,44113,Brewpub,2020-03-03,Not recorded,5400
breweries/great-notion-brewing-nw,breweries,Great Notion Brewing NW,Portland,OR,97210,Micro,2020-03-03,Not recorded,5825
breweries/great-oak-brewing-company,breweries,Great Oak Brewing Company,Johnson City,TN,37604,Taproom,2020-04-11,Not recorded,6521
breweries/great-river-brewery,breweries,Great River Brewery,Davenport,IA,52801,Micro,2020-02-01,Not recorded,2203
breweries/green-bench-brewing-co,breweries,Green Bench Brewing Co,Saint Petersburg,FL,33705,Micro,2020-04-11,Not recorded,1964
breweries/green-bus-brewing,breweries,Green Bus Brewing,Huntsville,AL,35801,Brewpub,2020-04-11,Not recorded,68
breweries/green-cheek-beer-company,breweries,Green Cheek Beer Company,Orange,CA,92865,Micro,2020-03-03,Not recorded,684
breweries/green-earth-brewing-company,breweries,Green Earth Brewing Company,Greeley,CO,80631,Taproom,2020-02-01,Not recorded,1451
breweries/green-empire-brewing,breweries,Green Empire Brewing,Colchester,VT,05446,Micro,2020-02-07,Not recorded,7227
breweries/green-feet-brewing,breweries,Green Feet Brewing,Tucson,AZ,85713,Taproom,2020-04-11,Not recorded,236
breweries/green-flash-brewing-co,breweries,Green Flash Brewing Co,San Diego,CA,92121,Regional,2020-03-03,Not recorded,838
breweries/green-mountain-beer-company,breweries,Green Mountain Beer Company,Lakewood,CO,80227,Micro,2020-03-03,Not recorded,1479
breweries/green-tree-brewery,breweries,Green Tree Brewery,Le Claire,IA,52753,Taproom,2020-02-01,Not recorded,2231
breweries/greenbrier-valley-brewing-co,breweries,Greenbrier Valley Brewing Co,Maxwelton,WV,24957,Micro,2020-03-03,Not recorded,7915
breweries/greenbush-annex,breweries,Greenbush Annex,Sawyer,MI,49125,Micro,2020-03-03,Not recorded,3653
breweries/greenbush-brewing-co,breweries,Greenbush Brewing Co,Sawyer,MI,49125,Micro,2020-04-11,Not recorded,3654
breweries/greene-eagle-winery-and-brewpub,breweries,Greene Eagle Winery and Brewpub,Cortland,OH,44410,Brewpub,2020-03-03,Not recorded,5456
breweries/greenpoint-beer,breweries,Greenpoint Beer,Brooklyn,NY,11222,Micro,2020-04-11,Not recorded,4943
breweries/greenstar-brewing-at-uncommon-ground,breweries,Greenstar Brewing At Uncommon Ground,Chicago,IL,60613,Brewpub,2020-04-11,Yes,2356
breweries/greenwood-brewing-llc,breweries,Greenwood Brewing LLC,Phoenix,AZ,85004,Contract,2020-03-03,Not recorded,180
breweries/grey-sail-brewing-co-llc,breweries,Grey Sail Brewing Co. LLC,Westerly,RI,02891,Micro,2020-03-03,Not recorded,6362
breweries/greyline-brewing,breweries,Greyline Brewing,Grand Rapids,MI,49504,Brewpub,2020-02-07,Not recorded,3478
breweries/gridlock-brewing-co,breweries,Gridlock Brewing Co,Livermore,CA,94551,Contract,2020-03-03,Not recorded,538
breweries/griesedieck-brothers-brewery,breweries,Griesedieck Brothers Brewery,Saint Louis,MO,63147,Micro,2020-04-11,Not recorded,3992
breweries/griffin-claw-brewing-co,breweries,Griffin Claw Brewing Co,Birmingham,MI,48009,Micro,2020-02-07,Not recorded,3384
breweries/grimm-artisanal-ales,breweries,Grimm Artisanal Ales,Brooklyn,NY,11211,Micro,2019-11-27,Not recorded,4934
breweries/grimm-brothers-brewhouse-llc,breweries,"Grimm Brothers Brewhouse, LLC",Loveland,CO,80537,Taproom,2019-11-27,Not recorded,1511
breweries/grinders-high-noon-brewery,breweries,Grinder’s High Noon Brewery,Leavenworth,KS,66048,Brewpub,2020-03-03,Not recorded,2798
breweries/grindhaus-brew-lab,breweries,Grindhaus Brew Lab,Clearwater,FL,33765,Taproom,2020-03-03,Not recorded,1764
breweries/grist-brewing-company-lone-tree,breweries,Grist Brewing Company - Lone Tree,Lone Tree,CO,80124,Micro,2020-04-11,Not recorded,1495
breweries/gritty-mcduffs-freeport,breweries,Gritty McDuffs - Freeport,Freeport,ME,04032,Brewpub,2019-11-03,Not recorded,3256
breweries/gritty-mcduffs-lewiston-auburn,breweries,Gritty McDuffs - Lewiston/Auburn,Auburn,ME,04210,Brewpub,2019-10-29,Not recorded,3215
breweries/gritty-mcduffs-portland,breweries,Gritty McDuffs - Portland,Portland,ME,04101,Brewpub,2019-11-03,Yes,3297
breweries/grixsen-brewing-co,breweries,Grixsen Brewing Co,Portland,OR,97202,Brewpub,2020-03-03,Not recorded,5826
breweries/grossen-bart-brewery,breweries,Grossen Bart Brewery,Longmont,CO,80501,Taproom,2020-03-03,Not recorded,1500
breweries/ground-breaker-brewing,breweries,Ground Breaker Brewing,Portland,OR,97214,Brewpub,2020-04-11,Not recorded,5844
breweries/grove-city-brewing-company,breweries,Grove City Brewing Company,Grove City,OH,43123,Brewpub,2020-03-03,Not recorded,5488
breweries/grove-roots-brewing,breweries,Grove Roots Brewing,Winter Haven,FL,33880,Taproom,2020-04-11,Not recorded,2041
breweries/gruhlkes-microbrewery-bias-vineyards,breweries,Gruhlke’s Microbrewery / Bias Vineyards,Berger,MO,63014,Brewpub,2020-03-03,Not recorded,3898
breweries/grumpy-old-men-brewing,breweries,Grumpy Old Men Brewing,Blue Ridge,GA,30513,Taproom,2020-04-11,Not recorded,2081
breweries/grumpy-troll-the,breweries,"Grumpy Troll, The",Mount Horeb,WI,53572,Micro,2020-04-11,Not recorded,7826
breweries/gts-on-the-bay,breweries,GTs On the Bay,Orange Beach,AL,36561,Brewpub,2020-04-11,Not recorded,82
breweries/guadalupe-mountain-brewing-company,breweries,Guadalupe Mountain Brewing Company,Carlsbad,NM,88220,Brewpub,2020-04-11,Not recorded,4791
breweries/guanella-pass-brewing-company-llc,breweries,"Guanella Pass Brewing Company, LLC",Georgetown,CO,80444,Taproom,2020-03-03,Not recorded,1432
breweries/guardian-brewing-company,breweries,Guardian Brewing Company,Saugatuck,MI,49453,Brewpub,2020-03-03,Not recorded,3648
breweries/guidon-brewing-company,breweries,Guidon Brewing Company,Hendersonville,NC,28792,Micro,2020-03-03,Not recorded,4306
breweries/guinness-open-gate-brewery-and-barrel-house,breweries,Guinness Open Gate Brewery and Barrel House,Halethorpe,MD,21227,Largge,2019-10-25,Not recorded,3172
breweries/gun-hill-brewing-co,breweries,Gun Hill Brewing Co,Bronx,NY,10469,Micro,2020-03-03,Not recorded,4928
breweries/gunbarrel-brewing-company,breweries,Gunbarrel Brewing Company,Boulder,CO,80301,Taproom,2020-02-01,Not recorded,1201
breweries/gunpowder-falls-brewing-co,breweries,Gunpowder Falls Brewing Co,New Freedom,PA,17349,Micro,2020-03-03,Not recorded,6184
breweries/gypsy-road-brewing-co,breweries,Gypsy Road Brewing Co,Kernersville,NC,27284,Taproom,2020-04-11,Not recorded,4325
breweries/gypsy-run-brewery,breweries,Gypsy Run Brewery,Danville,KY,40422,Brewpub,2020-03-03,Not recorded,2840
breweries/h-a-brewing-co,breweries,H.A. Brewing Co,Eureka,MT,59917,Taproom,2020-03-03,Not recorded,4076
other-places/h-gerstner-and-sons,other-places,H Gerstner and Sons,Dayton,OH,45402,Other,yes,Yes,5461
breweries/h-h-hinder-brewing-company,breweries,H.H. Hinder Brewing Company,Waupaca,WI,54981,Taproom,2020-04-11,Not recorded,7885
breweries/hacienda-beer-co,breweries,Hacienda Beer Co,Baileys Harbor,WI,54202,Micro,2020-03-03,Not recorded,7689
breweries/hackensack-brewing-company,breweries,Hackensack Brewing Company,Hackensack,NJ,07601,Taproom,2020-04-11,Not recorded,4662
breweries/haines-brewing-co,breweries,Haines Brewing Co,Haines,AK,99827,Taproom,2019-11-03,Not recorded,22
breweries/hairless-hare-brewery,breweries,Hairless Hare Brewery,Vandalia,OH,45377,Brewpub,2020-03-03,Not recorded,5583
breweries/half-acre-beer-co,breweries,Half Acre Beer Co,Chicago,IL,60618,Regional,2020-03-03,Not recorded,2376
breweries/half-door-brewing-company,breweries,Half Door Brewing Company,San Diego,CA,92101,Brewpub,2020-03-03,Not recorded,839
breweries/half-lion-brewing-company,breweries,Half Lion Brewing Company,Sumner,WA,98390,Taproom,2020-03-03,Not recorded,7590
breweries/half-moon-bay-brewing-co,breweries,Half Moon Bay Brewing Co,Half Moon Bay,CA,94019,Brewpub,2020-04-11,Not recorded,472
breweries/half-pint-brewing-company,breweries,Half Pint Brewing Company,Waseca,MN,56093,Taproom,2020-03-03,Not recorded,3887
breweries/half-wall-brewery,breweries,Half Wall Brewery,New Smyrna Beach,FL,32168,Brewpub,2020-03-03,Not recorded,1895
breweries/halfway-crooks-beer,breweries,Halfway Crooks Beer,Atlanta,GA,30312,Taproom,2020-03-03,Not recorded,2059
breweries/hamburger-marys-andersonville-brewing-company,breweries,Hamburger Mary’s/Andersonville Brewing Company,Chicago,IL,60640,Brewpub,2020-03-03,Not recorded,2377
breweries/hamilton-family-brewery,breweries,Hamilton Family Brewery,Rancho Cucamonga,CA,91730,Taproom,2020-03-03,Not recorded,740
breweries/hammer-and-forge-brewing-company,breweries,Hammer & Forge Brewing Company,Boones Mill,VA,24064,Taproom,2020-04-11,Not recorded,6976
breweries/hammerheart-brewing-company,breweries,HammerHeart Brewing Company,Lino Lakes,MN,55014,Micro,2020-03-03,Not recorded,3768
breweries/hangar-24-craft-brewery,breweries,Hangar 24 Craft Brewery,Redlands,CA,92374,Regional,2020-03-03,Yes,750
breweries/hangar-24-craft-brewing-lake-havasu-city,breweries,Hangar 24 Craft Brewing - Lake Havasu City,Lake Havasu City,AZ,86404,Brewpub,2020-02-07,Yes,163
breweries/hanging-hills-brewing-company,breweries,Hanging Hills Brewing Company,Hartford,CT,06114,Micro,2020-04-11,Not recorded,1627
breweries/hansa-brewery,breweries,Hansa Brewery,Cleveland,OH,44113,Brewpub,2020-03-03,Not recorded,5401
breweries/hanson-brothers-beer-company,breweries,Hanson Brothers Beer Company,Tulsa,OK,74103,Contract,2019-11-27,Not recorded,5639
breweries/hapas-brewing-company,breweries,Hapa’s Brewing Company,San Jose,CA,95126,Taproom,2020-03-03,Not recorded,946
breweries/happy-street-bru-werks,breweries,Happy Street Bru-Werks,Mount Vernon,OH,43050,Brewpub,2020-03-03,Not recorded,5545
breweries/happy-valley-brewing-company,breweries,Happy Valley Brewing Company,State College,PA,16801,Brewpub,2020-03-03,Not recorded,6290
breweries/harbor-head-brewing-co,breweries,Harbor Head Brewing Co,Northport,NY,11768,Taproom,2020-03-03,Not recorded,5160
breweries/hardywood-park-craft-brewery,breweries,Hardywood Park Craft Brewery,Richmond,VA,23220,Regional,12/20.2019,Not recorded,7131
breweries/hardywood-park-craft-brewery-charlottesville,breweries,Hardywood Park Craft Brewery-Charlottesville,Charlottesville,VA,22903,Micro,12/20.2019,Not recorded,6994
breweries/hardywood-west-creek,breweries,Hardywood West Creek,Richmond,VA,23238,Micro,12/20.2019,Not recorded,7132
breweries/harland-brewing-company,breweries,Harland Brewing Company,San Diego,CA,92131,Micro,2020-04-11,Not recorded,852
breweries/harlem-blue-beer,breweries,Harlem Blue Beer,New York,NY,10026,Proprietor,2020-03-03,Not recorded,5148
breweries/harmonic-brewing,breweries,Harmonic Brewing,San Francisco,CA,94107,Taproom,2020-03-03,Not recorded,907
breweries/harper-lane-brewery,breweries,Harper Lane Brewery,Plymouth,MA,02360,Proprietor,2020-03-03,Not recorded,3053
breweries/harpers-ferry-brewing,breweries,Harper’s Ferry Brewing,Purcellville,VA,20132,Taproom,12/20.2019,Not recorded,7110
breweries/harpers-restaurant-and-brewpub,breweries,Harpers Restaurant and Brewpub,East Lansing,MI,48823,Brewpub,2020-03-03,Not recorded,3447
breweries/harpoon-brewery,breweries,Harpoon Brewery,Boston,MA,02210,Regional,2020-02-07,Not recorded,2956
breweries/harpoon-brewery-vermont,breweries,Harpoon Brewery - Vermont,Windsor,VT,05089,Regional,2019-06-19,Not recorded,7272
breweries/harry-stuff-brewing-co,breweries,Harry Stuff Brewing Co.,Wawaka,IN,46794,Brewpub,2020-04-11,Not recorded,2768
breweries/harvest-brewing,breweries,Harvest Brewing,Bennington,VT,05201,Brewpub,2020-03-03,Not recorded,7210
breweries/harvest-moon-brewery-cafe,breweries,Harvest Moon Brewery/Cafe,New Brunswick,NJ,08901,Brewpub,2020-04-11,Not recorded,4703
breweries/harvest-moon-brewing,breweries,Harvest Moon Brewing,Belt,MT,59412,Micro,2020-04-11,Not recorded,4041
breweries/harvest-seasonal-kitchen,breweries,Harvest Seasonal Kitchen,McKinney,TX,75069,Brewpub,2020-03-03,Not recorded,6808
breweries/hawk-moth-brewing-co,breweries,Hawk Moth Brewing Co,Rogers,AR,72756,Taproom,2020-03-03,Not recorded,120
breweries/hayesville-brewing-co,breweries,Hayesville Brewing Co,Hayesville,NC,28904,Brewpub,2020-04-11,Not recorded,4304
breweries/haymarket-brewery-and-taproom,breweries,Haymarket Brewery and Taproom,Bridgman,MI,49106,Taproom,2019-11-27,Not recorded,3388
breweries/haymarket-pub-and-brewery,breweries,Haymarket Pub and Brewery,Chicago,IL,60661,Brewpub,2019-11-27,Not recorded,2364
breweries/haynies-corner-brewing-co,breweries,Haynie’s Corner Brewing Co.,Evansville,IN,47713,Brewpub,2020-03-03,Not recorded,2627
breweries/haywire-brewing-company,breweries,Haywire Brewing Company,Snohomish,WA,98290,Taproom,2020-03-03,Not recorded,7548
breweries/headstrong-brewery,breweries,HeadStrong Brewery,Douglas,WY,82633,Taproom,2020-03-03,Not recorded,7940
breweries/headtrip-brewery,breweries,Headtrip Brewery,Stow,OH,44224,Taproom,2020-04-11,Not recorded,5570
breweries/headworks-brewing,breweries,Headworks Brewing,Enumclaw,WA,98022,Taproom,2020-03-03,Not recorded,7357
breweries/heartland-brewery,breweries,Heartland Brewery,New York,NY,10003,Contract,2020-03-03,Not recorded,5149
breweries/heathen-brewing-co,breweries,Heathen Brewing Co.,Vancouver,WA,98686,Micro,2019-06-04,Not recorded,7619
breweries/heaven-and-ale-brewing-co,breweries,Heaven & Ale Brewing Co,Chattanooga,TN,37405,Brewpub,2020-04-11,Not recorded,6493
breweries/heavenly-goat-brewing-company,breweries,Heavenly Goat Brewing Company,Granger,IN,46530,Brewpub,2020-02-01,Not recorded,2651
breweries/heavenly-vineyards,breweries,Heavenly Vineyards,Morley,MI,49336,Taproom,2020-03-03,Not recorded,3590
breweries/heavens-gate-brewery,breweries,Heaven’s Gate Brewery,Riggins,ID,83549,Micro,2020-02-01,Not recorded,2316
breweries/heavy-seas-beer,breweries,Heavy Seas Beer,Baltimore,MD,21227,Regional,2020-03-03,Not recorded,3117
breweries/helderberg-mountain-brewing-company,breweries,Helderberg Mountain Brewing Company,East Berne,NY,12059,Taproom,2020-04-11,Not recorded,5021
breweries/helicon-brewing,breweries,Helicon Brewing,Oakdale,PA,15071,Taproom,2020-03-03,Not recorded,6196
breweries/helio-basin-brewing-company,breweries,Helio Basin Brewing Company,Phoenix,AZ,85018,Brewpub,2020-02-07,Not recorded,178
breweries/hell-on-horsecreek-brewing,breweries,Hell on Horsecreek Brewing,Madison,NC,27025,Taproom,2020-03-03,Not recorded,4335
breweries/hellbender-brewing-company,breweries,Hellbender Brewing Company,Washington,DC,20011,Micro,2020-02-07,Not recorded,1698
breweries/helltown-brewing,breweries,Helltown Brewing,Export,PA,15632,Micro,2020-04-11,Not recorded,"6064,6065"
breweries/helluva-brewing-company,breweries,Helluva Brewing Company,Chandler,AZ,85226,Brewpub,2020-04-11,Not recorded,135
breweries/helmsman-alehouse,breweries,Helmsman Alehouse,Newport Beach,CA,92663,Brewpub,2020-03-03,Not recorded,650
breweries/helton-brewing-company,breweries,Helton Brewing Company,Phoenix,AZ,85016,Brewpub,2020-03-03,Not recorded,181
breweries/hemisphere-brewing-co,breweries,Hemisphere Brewing Co,Rockwall,TX,75032,Taproom,2020-03-03,Not recorded,6838
breweries/hemlock-state-brewing-company,breweries,Hemlock State Brewing Company,Mountlake Terrace,WA,98043,Taproom,2020-03-03,Not recorded,7424
breweries/henderson-brewing-company,breweries,Henderson Brewing Company,Henderson,KY,42420,Brewpub,2020-02-07,Not recorded,2849
breweries/henhouse-brewing-company-palace-of-barrels,breweries,Henhouse Brewing Company Palace of Barrels,Petaluma,CA,94954,Micro,2020-03-03,Not recorded,710
breweries/henniker-brewing-company-llc,breweries,"Henniker Brewing Company, LLC",Henniker,NH,03242,Micro,2020-04-11,Not recorded,4559
breweries/hereford-and-hops-steakhouse-and-brewpub,breweries,Hereford and Hops Steakhouse and Brewpub,Escanaba,MI,49829,Brewpub,2020-04-11,Not recorded,3450
breweries/heretic-brewing-company,breweries,Heretic Brewing Company,Fairfield,CA,94533,Micro,2020-04-11,Not recorded,435
breweries/heritage-hill-brewhouse-and-kitchen,breweries,Heritage Hill Brewhouse & Kitchen,Pompey,NY,13138,Brewpub,2020-03-03,Not recorded,5193
breweries/herkimer-pub-and-brewery,breweries,Herkimer Pub and Brewery,Minneapolis,MN,55408,Brewpub,2020-03-03,Not recorded,3788
breweries/hermit-thrush-brewery-llc,breweries,"Hermit Thrush Brewery, LLC",Brattleboro,VT,05301,Micro,2020-02-07,Not recorded,7213
breweries/hex-and-hop-inc,breweries,"Hex and Hop, Inc.",Bloomingdale,NY,12913,Brewpub,2020-04-11,Not recorded,4922
breweries/hexagon-brewing-co,breweries,Hexagon Brewing Co,Knoxville,TN,37918,Micro,2020-04-11,Not recorded,6536
breweries/hi-sign-brewing,breweries,Hi Sign Brewing,Austin,TX,78742,Micro,2020-04-11,Not recorded,6626
breweries/hi-wire-brewing-big-top-production-facility,breweries,Hi-Wire Brewing Big Top Production Facility,Asheville,NC,28803,Regional,2020-03-03,Not recorded,4150
breweries/hi-wire-brewing-south-slope-specialty-brewery,breweries,Hi-Wire Brewing South Slope Specialty Brewery,Asheville,NC,28801,Regional,2020-03-03,Not recorded,4151
breweries/hi-wire-brewing-taproom,breweries,Hi-Wire Brewing Taproom,Durham,NC,27701,Micro,2020-02-01,Not recorded,4259
breweries/hickory-brewery-american-honor-ale-house-and-brewery,breweries,Hickory Brewery / American Honor Ale House and Brewery,Hickory,NC,28602,Micro,2020-03-03,Not recorded,4311
breweries/hickory-nut-gorge-brewery,breweries,Hickory Nut Gorge Brewery,Lake Lure,NC,28746,Taproom,2020-03-03,Not recorded,4330
breweries/hidden-cove-brewing-co,breweries,Hidden Cove Brewing Co,Wells,ME,04090,Micro,2019-10-29,Not recorded,3338
breweries/hidden-river-brewing-co,breweries,Hidden River Brewing Co,Douglassville,PA,19518,Taproom,2020-04-11,Not recorded,6031
breweries/hidden-sands-brewing-company,breweries,Hidden Sands Brewing Company,Egg Harbor Township,NJ,08234,Taproom,2020-03-03,Not recorded,4649
breweries/hideaway-brewing-co,breweries,Hideaway Brewing Co,Auburn,WA,98092,Micro,2020-03-03,Not recorded,7282
breweries/hideaway-park-brewery,breweries,Hideaway Park Brewery,Winter Park,CO,80482,Taproom,2020-03-03,Not recorded,1594
other-places/hierophant-meadery,other-places,Hierophant Meadery,Mead,WA,99021,,2019-12-08,Not recorded,7274
breweries/high-alpine-brewing-company,breweries,High Alpine Brewing Company,Gunnison,CO,81230,Brewpub,2020-04-11,Not recorded,1460
breweries/high-cotton-brewing,breweries,High Cotton Brewing,Memphis,TN,38103,Micro,2020-03-03,Not recorded,6549
breweries/high-desert-brewing-co,breweries,High Desert Brewing Co,Las Cruces,NM,88005,Brewpub,2020-03-03,Not recorded,4806
breweries/high-ground-brewing,breweries,High Ground Brewing,Terra Alta,WV,26764,Micro,2020-02-07,Not recorded,7925
breweries/high-heel-brewing,breweries,High Heel Brewing,Saint Louis,MO,63110,Contract,2020-03-03,Not recorded,3983
breweries/high-horse-brewery-and-bistro,breweries,High Horse Brewery and Bistro,Amherst,MA,01002,Contract,2020-02-07,Not recorded,2939
other-places/high-west-distillery,other-places,High West Distillery,Park City,UT,84060,Distillery,yes,Yes,6915
breweries/higherground-brewing-co,breweries,Higherground Brewing Co,Hamilton,MT,59840,Brewpub,2020-04-11,Not recorded,4083
breweries/highgrain-brewing-co,breweries,HighGrain Brewing Co.,Cincinnati,OH,45236,Brewpub,2020-03-03,Not recorded,5362
breweries/highland-brewing-co,breweries,Highland Brewing Co,Asheville,NC,28803,Regional,2020-03-03,Not recorded,4152
breweries/highland-park-brewery,breweries,Highland Park Brewery,Los Angeles,CA,90012,Brewpub,2020-04-11,Not recorded,581
breweries/highlands-hollow-brewhouse,breweries,Highlands Hollow Brewhouse,Boise,ID,83702,Brewpub,2020-02-01,Not recorded,2268
breweries/highmark-brewery,breweries,Highmark Brewery,Fredericksburg,VA,22405,Taproom,2020-03-03,Not recorded,7034
breweries/highpoint-brewing-company,breweries,Highpoint Brewing Company,San Dimas,CA,91773,Taproom,2020-03-03,Not recorded,895
breweries/highside-brewery,breweries,HighSide Brewery,Frisco,CO,80443,Brewpub,2020-03-03,Not recorded,1428
breweries/highway-79-brewery,breweries,Highway 79 Brewery,Hot Springs,SD,57747,Brewpub,2020-04-11,Not recorded,6457
breweries/hill-farmstead-brewery,breweries,Hill Farmstead Brewery,Greensboro Bend,VT,05842,Micro,2019-11-13,Not recorded,7230
breweries/hillcrest-brewing-company,breweries,Hillcrest Brewing Company,San Diego,CA,92103,Brewpub,2020-02-07,Not recorded,824
breweries/hillenbrand-farmhaus-brewery,breweries,Hillenbrand Farmhaus Brewery,Newcastle,CA,95658,Taproom,2020-04-11,Not recorded,648
breweries/hillsboro-brewing-company,breweries,Hillsboro Brewing Company,Hillsboro,WI,54634,Brewpub,2020-02-07,Not recorded,7742
breweries/hilo-brewing-co,breweries,"Hilo Brewing, CO",Hilo,HI,96720,Micro,2020-02-01,Not recorded,2139
breweries/hingham-beer-works,breweries,Hingham Beer Works,Hingham,MA,02043,Brewpub,2020-03-03,Not recorded,3004
breweries/hitchcock-brewing-company,breweries,Hitchcock Brewing Company,Whately,MA,01093,Micro,2020-02-07,Not recorded,3096
breweries/hitchhiker-brewing-co,breweries,Hitchhiker Brewing Co.,Sharpsburg,PA,15215,Brewpub,2020-03-03,Not recorded,6280
breweries/hitmaker-brewing-company,breweries,Hitmaker Brewing Company,Austin,TX,78736,Taproom,2020-04-11,Not recorded,6627
breweries/hix-farm-brewery,breweries,Hix Farm Brewery,Cookeville,TN,38501,Taproom,2020-04-11,Not recorded,6505
breweries/hixtown-brewing-co,breweries,Hixtown Brewing Co,Villa Rica,GA,30180,Taproom,2020-02-01,Not recorded,2137
breweries/hob-nob-brewery,breweries,HOB NOB BREWERY,Saint Helens,OR,97051,Brewpub,2020-04-11,Not recorded,5906
breweries/hobbs-tavern-and-brewing-co,breweries,Hobbs Tavern & Brewing Co.,West Ossipee,NH,03890,Brewpub,2020-03-03,Not recorded,4612
breweries/hoboken-brewing-company,breweries,Hoboken Brewing Company,Hoboken,NJ,07030,Contract,2020-03-03,Not recorded,4675
breweries/hofbrauhaus-cleveland-cincinnati-restaurant-group,breweries,Hofbrauhaus Cleveland / Cincinnati Restaurant Group,Cleveland,OH,44114,Brewpub,2020-03-03,Not recorded,5402
breweries/hofbrauhaus-columbus,breweries,Hofbrauhaus Columbus,Columbus,OH,43212,Brewpub,2020-03-03,Not recorded,5430
breweries/hofbrauhaus-st-louis-belleville,breweries,Hofbrauhaus St. Louis-Belleville,Belleville,IL,62223,Brewpub,2020-04-11,Not recorded,2336
breweries/hog-island-beer-company,breweries,Hog Island Beer Company,Orleans,MA,02653,Micro,2020-03-03,Not recorded,3049
breweries/hog-river-brewing-co,breweries,Hog River Brewing Co,Hartford,CT,06106,Taproom,2020-04-11,Not recorded,1628
breweries/hogback-mountain-brewery,breweries,Hogback Mountain Brewery,Bristol,VT,05443,Micro,2020-02-07,Not recorded,7217
breweries/hogshead-brewery,breweries,Hogshead Brewery,Denver,CO,80212,Taproom,2020-03-03,Not recorded,1304
breweries/hoh-river-brewery,breweries,Hoh River Brewery,Tumwater,WA,98512,Taproom,2020-03-03,Not recorded,7616
breweries/hoi-polloi-brewing-production-facility,breweries,Hoi Polloi Brewing - Production Facility,Oakland,CA,94611,Taproom,2020-03-03,Not recorded,661
breweries/hoi-polloi-brewing-taproom,breweries,Hoi Polloi Brewing - Taproom,Berkeley,CA,94703,Taproom,2020-03-03,Not recorded,305
breweries/hold-fast-brewing,breweries,Hold Fast Brewing,Springfield,MO,65806,Taproom,2020-04-11,Not recorded,4004
breweries/holidaily-brewing-co,breweries,Holidaily Brewing Co,Golden,CO,80403,Taproom,2020-04-11,Not recorded,1441
breweries/holler-brewing-company,breweries,Holler Brewing Company,Houston,TX,77007,Taproom,2020-03-03,Not recorded,6763
breweries/holliday-brewing,breweries,Holliday Brewing,Spartanburg,SC,29307,Taproom,2020-04-11,Not recorded,6444
breweries/hollister-brewing-co,breweries,Hollister Brewing Co,Goleta,CA,93117,Brewpub,2020-03-03,Not recorded,462
breweries/hollow-earth-brewing-co,breweries,Hollow Earth Brewing Co,Oxford,PA,19363,Brewpub,2020-04-11,Not recorded,6197
breweries/hollywood-brewing-co,breweries,Hollywood Brewing Co,Hollywood,FL,33019,Brewpub,2020-03-03,Not recorded,1818
breweries/hollywood-brewing-co-hollywood-fl,breweries,Hollywood Brewing Co,Hollywood,FL,33020,Micro,2020-03-03,Not recorded,1819
breweries/holy-city-brewing-production,breweries,Holy City Brewing - Production,Charleston,SC,29405,Micro,2020-04-11,Not recorded,6380
breweries/holy-craft-brewing-co,breweries,Holy Craft Brewing Co,San Francisco,CA,94133,Micro,2020-03-03,Not recorded,908
breweries/holy-mountain-brewing-co,breweries,Holy Mountain Brewing Co,Seattle,WA,98119,Taproom,2019-04-27,Not recorded,7483
breweries/home-of-the-brave-brewing-company,breweries,Home of the Brave Brewing Company,Honolulu,HI,96814,Brewpub,2019-11-03,Not recorded,2143
breweries/home-republic,breweries,Home Republic,Virginia Beach,VA,23451,Brewpub,2020-02-07,Not recorded,7173
breweries/homeplace-beer-co,breweries,Homeplace Beer Co,Burnsville,NC,28714,Taproom,2020-04-11,Not recorded,4192
breweries/homer-brewing-co,breweries,Homer Brewing Co,Homer,AK,99603,Taproom,2019-11-03,Not recorded,24
breweries/homestead-beer-co,breweries,Homestead Beer Co.,Heath,OH,43056,Micro,2020-04-11,Not recorded,5492
breweries/hondos-brew-and-cork-pub,breweries,Hondo’s Brew and Cork Pub,Astoria,OR,97103,Taproom,2020-04-11,Not recorded,5659
breweries/honest-weight-artisan-beer,breweries,Honest Weight Artisan Beer,Orange,MA,01364,Taproom,2020-04-11,Not recorded,3048
breweries/honey-hollow-brewery,breweries,Honey Hollow Brewery,Earlton,NY,12058,Taproom,2020-04-11,Not recorded,5018
breweries/honolulu-beerworks,breweries,Honolulu BeerWorks,Honolulu,HI,96813,Brewpub,2019-11-03,Yes,2140
breweries/hoof-hearted-brewing,breweries,Hoof Hearted Brewing,Marengo,OH,43334,Micro,2020-03-03,Not recorded,5516
breweries/hoof-hearted-brewing-brewery-and-kitchen,breweries,Hoof Hearted Brewing - Brewery and Kitchen,Columbus,OH,43215,Brewpub,2020-03-03,Not recorded,5431
breweries/hoops-brewing,breweries,Hoops Brewing,Duluth,MN,55802,Taproom,2020-04-11,Not recorded,3741
breweries/hootenanny-brewing,breweries,Hootenanny Brewing,Mooresville,NC,28115,Micro,2020-04-11,Not recorded,4346
breweries/hoots-beer-co,breweries,HOOTS Beer Co.,Winston Salem,NC,27101,Micro,2020-04-11,Not recorded,4451
breweries/hop-butcher-for-the-world,breweries,Hop Butcher For the World,Darien,IL,60561,Micro,2019-11-27,Not recorded,2426
breweries/hop-central-brewery-and-taproom,breweries,HOP Central Brewery and Taproom,Chandler,AZ,85226,Contract,2020-03-03,Not recorded,133
breweries/hop-creek-pub,breweries,Hop Creek Pub,Napa,CA,94558,Brewpub,2020-02-07,Not recorded,635
breweries/hop-culture-farms-and-brew-co,breweries,Hop Culture Farms and Brew Co,Colchester,CT,06415,Taproom,2020-03-03,Not recorded,1610
breweries/hop-cycle-brewing-company,breweries,Hop Cycle Brewing Company,Banks,OR,97106,Brewpub,2020-04-11,Not recorded,5665
breweries/hop-garden-brewing,breweries,Hop Garden Brewing,Belleville,WI,53508,Contract,2020-03-03,Not recorded,7694
breweries/hop-haus-brewing-co,breweries,Hop Haus Brewing Co,Verona,WI,53593,Brewpub,2020-02-07,Not recorded,7874
breweries/hop-lot-brewing-co,breweries,Hop Lot Brewing Co.,Suttons Bay,MI,49682,Brewpub,2020-02-07,Not recorded,3668
breweries/hop-n-keg-brewery-the-quarry-steakhouse-and-brewpub,breweries,Hop N’ Keg Brewery / The Quarry Steakhouse and Brewpub,Vernal,UT,84078,Brewpub,2020-02-07,Not recorded,6946
breweries/hop-nation-brewing-company,breweries,Hop Nation Brewing Company,Yakima,WA,98902,Micro,2020-04-11,Not recorded,7671
breweries/hop-river-brewing-company,breweries,Hop River Brewing Company,Fort Wayne,IN,46808,Taproom,2020-04-11,Not recorded,2640
breweries/hop-secret-brewing-co,breweries,Hop Secret Brewing Co,Monrovia,CA,91016,Taproom,2020-03-03,Not recorded,612
breweries/hop-soul-brewery,breweries,Hop Soul Brewery,Brunswick,GA,31520,Brewpub,2020-02-07,Not recorded,2084
breweries/hop-tree-brewing-company-ltd,breweries,Hop Tree Brewing Company Ltd,Hudson,OH,44236,Brewpub,2020-03-03,Not recorded,5496
breweries/hop-valley-brewing-co,breweries,Hop Valley Brewing Co,Springfield,OR,97477,Largge,2020-03-03,Not recorded,5926
breweries/hoparazzi-brewing-co,breweries,Hoparazzi Brewing Co,Anaheim,CA,92806,Taproom,2020-04-11,Not recorded,272
breweries/hopcat,breweries,Hopcat,Grand Rapids,MI,49503,Brewpub,2020-03-03,Not recorded,3485
breweries/hopewell-brewing-co,breweries,Hopewell Brewing Co,Chicago,IL,60647,Micro,2020-02-07,Not recorded,2367
breweries/hopkins-ordinary-ale-works,breweries,Hopkins Ordinary Ale Works,Sperryville,VA,22740,Taproom,2019-10-26,Yes,7153
breweries/hopland-brewstillery,breweries,Hopland Brewstillery,Holland,MI,49424,Taproom,2020-03-03,Not recorded,3512
breweries/hoplife-brewing-company,breweries,HopLife Brewing Company,Port Saint Lucie,FL,34986,Taproom,2020-04-11,Not recorded,1949
breweries/hopped-up-brewing-company,breweries,Hopped Up Brewing Company,Spokane,WA,99206,Taproom,2020-03-03,Not recorded,7568
breweries/hoppers-grill-and-brewing-co,breweries,Hoppers Grill and Brewing Co,Midvale,UT,84047,Brewpub,2020-02-07,Not recorded,6906
breweries/hoppin-frog-brewing,breweries,Hoppin’ Frog Brewing,Akron,OH,44306,Micro,2020-04-11,Not recorded,5310
breweries/hopping-eagle-brewing-company,breweries,Hopping Eagle Brewing Company,Hawley,PA,18428,Taproom,2020-03-03,Not recorded,6100
breweries/hopping-gnome-brewing-company,breweries,Hopping Gnome Brewing Company,Wichita,KS,67214,Taproom,2020-04-11,Not recorded,2828
breweries/hops-and-grain-san-marcos,breweries,Hops & Grain San Marcos,San Marcos,TX,78666,Taproom,2020-04-11,Not recorded,6866
breweries/hops-and-growlers,breweries,Hops and Growlers,Ocean Springs,MS,39564,Taproom,2020-03-03,Not recorded,4033
breweries/hops-and-leisure,breweries,Hops and Leisure,Oconomowoc,WI,53066,Contract,2020-03-03,Not recorded,7833
breweries/hops-grillhouse-and-brewery,breweries,Hops Grillhouse and Brewery,Alexandria,VA,22305,Contract,2020-03-03,Not recorded,6954
breweries/hops-on-the-hill-farm-brewery,breweries,Hops On the Hill Farm Brewery,South Glastonbury,CT,06073,Taproom,2020-03-03,Not recorded,1671
breweries/hopsaint-brewing-company,breweries,HopSaint Brewing Company,Torrance,CA,90503,Brewpub,2020-02-07,Not recorded,1083
breweries/hopscotch-brewing,breweries,Hopscotch Brewing,Artesia,NM,88210,Taproom,2020-03-03,Not recorded,4785
breweries/hopshire-farm-and-brewery,breweries,Hopshire Farm and Brewery,Freeville,NY,13068,Taproom,2020-03-03,Not recorded,5040
breweries/hopworks-urban-brewery,breweries,Hopworks Urban Brewery,Portland,OR,97202,Micro,2019-06-04,Not recorded,5812
breweries/hopworks-urban-brewery-vancouver,breweries,Hopworks Urban Brewery - Vancouver,Vancouver,WA,98683,Brewpub,2020-04-11,Not recorded,7627
breweries/horny-toad-brewing-co-llc,breweries,"Horny Toad Brewing Co, LLC",Rowena,TX,76875,Taproom,2019-10-26,Not recorded,6843
breweries/horse-and-dragon-brewing-company,breweries,Horse & Dragon Brewing Company,Fort Collins,CO,80524,Micro,2020-03-03,Not recorded,1404
breweries/horse-heaven-hills-brewery,breweries,Horse Heaven Hills Brewery,Prosser,WA,99350,Taproom,2020-03-03,Not recorded,7452
breweries/horse-thief-hollow-brewery,breweries,Horse Thief Hollow Brewery,Chicago,IL,60643,Brewpub,2020-04-11,Not recorded,2393
breweries/horus-aged-ales,breweries,Horus Aged Ales,Oceanside,CA,92056,Micro,2020-03-03,Not recorded,674
breweries/hoster-brewing-co,breweries,Hoster Brewing Co,Columbus,OH,43213,Contract,2020-03-03,Not recorded,5432
breweries/house-beer,breweries,House Beer,Venice,CA,90291,Proprietor,2020-03-03,Not recorded,1118
breweries/house-of-fermentology,breweries,House of Fermentology,Burlington,VT,05401,Micro,2020-02-07,Not recorded,7221
breweries/howling-henrys-brewery,breweries,Howling Henry’s Brewery,Hummelstown,PA,17036,Micro,2020-03-03,Not recorded,6114
breweries/hub-city-brewing-company,breweries,Hub City Brewing Company,Belen,NM,87002,Taproom,2020-04-11,Not recorded,4788
breweries/hudson-valley-brewery,breweries,Hudson Valley Brewery,Beacon,NY,12508,Micro,2020-04-11,Not recorded,4913
breweries/humble-abode-brewing,breweries,Humble Abode Brewing,Spokane,WA,99217,Taproom,2020-03-03,Not recorded,7569
breweries/humble-farmer-brewing-co,breweries,Humble Farmer Brewing Co.,Imperial,CA,92251,Brewpub,2020-04-11,Not recorded,491
breweries/humble-farmer-brewing-co-inc,breweries,"Humble Farmer Brewing Co., Inc.",Holtville,CA,92250,Taproom,2020-03-03,Not recorded,484
breweries/humboldt-regeneration,breweries,Humboldt Regeneration,McKinleyville,CA,95519,Taproom,2020-04-11,Not recorded,604
breweries/humpys-great-alaskan-alehouse,breweries,Humpy’s Great Alaskan Alehouse,Anchorage,AK,99501,Contract,2019-11-03,Not recorded,9
breweries/hunga-dunga-brewing,breweries,Hunga Dunga Brewing,Moscow,ID,83843,Brewpub,2020-02-01,Not recorded,2302
breweries/hunter-gatherer-brewery-and-alehouse,breweries,Hunter Gatherer Brewery and Alehouse,Columbia,SC,29201,Brewpub,2020-03-03,Not recorded,6393
breweries/hunyuck-brew-co,breweries,Hunyuck Brew Co.,Oakdale,MN,55128,Contract,2020-03-03,Not recorded,3830
breweries/huss-brewing,breweries,Huss Brewing,Tempe,AZ,85283,Regional,2020-03-03,Not recorded,220
breweries/hutton-and-smith-brewing-company-m-l-king,breweries,"Hutton & Smith Brewing Company, M. L. King",Chattanooga,TN,37403,Taproom,2020-03-03,Not recorded,6488
breweries/hwy-14-brewing-co,breweries,Hwy 14 Brewing Co.,Albion,NE,68620,Micro,2020-03-03,Not recorded,4479
breweries/hydraulic-hearth,breweries,Hydraulic Hearth,Buffalo,NY,14210,Brewpub,2020-03-03,Not recorded,4952
breweries/hysteria-brewing-company,breweries,Hysteria Brewing Company,Columbia,MD,21046,Taproom,2020-02-01,Not recorded,3141
breweries/ibu-llc,breweries,IBU LLC,Syracuse,NY,13212,Taproom,2020-03-03,Not recorded,5256
breweries/icarus-brewing-company,breweries,Icarus Brewing Company,Lakewood,NJ,08701,Taproom,2020-04-11,Not recorded,4681
breweries/idle-hands-craft-ales,breweries,Idle Hands Craft Ales,Malden,MA,02148,Taproom,2019-05-01,Not recorded,3022
breweries/idol-beer-works,breweries,Idol Beer Works,Lodi,CA,95240,Micro,2020-04-11,Not recorded,542
breweries/idyll-hounds-brewing-company,breweries,Idyll Hounds Brewing Company,Santa Rosa Beach,FL,32459,Micro,2020-04-11,Not recorded,1978
breweries/iechyd-da-brewing,breweries,Iechyd Da Brewing,Elkhart,IN,46516,Brewpub,2020-03-03,Not recorded,2625
breweries/if-i-brewed-the-world-brewery,breweries,If I Brewed the World Brewery,Saint Petersburg,FL,33712,Taproom,2020-03-03,Not recorded,1961
breweries/ill-mannered-brewing-company,breweries,Ill Mannered Brewing Company,Powell,OH,43065,Taproom,2020-04-11,Not recorded,5562
breweries/illuminated-brew-works,breweries,Illuminated Brew Works,Chicago,IL,60642,Micro,2020-02-07,Yes,2355
breweries/imagine-nation-brewing,breweries,Imagine Nation Brewing,Missoula,MT,59802,Taproom,2020-04-11,Not recorded,4113
breweries/immersion-brewing,breweries,Immersion Brewing,Bend,OR,97702,Brewpub,2020-03-03,Not recorded,5678
breweries/imminent-brewing,breweries,Imminent Brewing,Northfield,MN,55057,Taproom,2020-03-03,Not recorded,3828
breweries/imperial-western-beer-company,breweries,Imperial Western Beer Company,Los Angeles,CA,90012,Brewpub,2020-03-03,Not recorded,571
breweries/imprint-beer-company,breweries,Imprint Beer Company,Hatfield,PA,19440,Taproom,2020-04-11,Not recorded,6099
breweries/in-law-brewing-co,breweries,In-Law Brewing Co,Chase Mills,NY,13621,Taproom,2020-04-11,Not recorded,4986
breweries/inbound-brewco,breweries,Inbound Brewco,Minneapolis,MN,55401,Taproom,2020-03-03,Not recorded,3789
breweries/inc-82-brewing,breweries,Inc 82 Brewing,Dublin,CA,94568,Brewpub,2020-04-11,Not recorded,410
breweries/incendiary-brewing-company,breweries,Incendiary Brewing Company,Winston Salem,NC,27101,Taproom,2020-03-03,Not recorded,4449
breweries/independence-brewing,breweries,Independence Brewing,Austin,TX,78744,Regional,2020-03-03,Not recorded,6616
breweries/independent-fermentations-brewing,breweries,Independent Fermentations Brewing,Plymouth,MA,02360,Taproom,2020-03-03,Not recorded,3054
breweries/indian-ladder-farm-cidery-and-brewery,breweries,Indian Ladder Farm Cidery & Brewery,Altamont,NY,12009,Taproom,2019-11-27,Not recorded,4895
breweries/indian-valley-brewing,breweries,Indian Valley Brewing,Novato,CA,94945,Taproom,2020-03-03,Not recorded,653
breweries/indiana-city-brewing,breweries,Indiana City Brewing,Indianapolis,IN,46202,Micro,2020-04-11,Not recorded,2682
breweries/indie-brewing-company,breweries,Indie Brewing Company,Los Angeles,CA,90023,Taproom,2020-03-03,Not recorded,572
breweries/industrial-arts-brewing-co,breweries,Industrial Arts Brewing Co.,Garnerville,NY,10923,Micro,2020-03-03,Not recorded,5043
breweries/industry-brewing,breweries,Industry Brewing,Peoria,IL,61615,Taproom,2020-04-11,Not recorded,2531
other-places/ink-microblading,other-places,ink microblading,,,,Other,yes,Yes,7968
breweries/inland-empire-brewing-co,breweries,Inland Empire Brewing Co,Riverside,CA,92507,Proprietor,2020-03-03,Not recorded,764
breweries/inland-wharf-brewing-company,breweries,Inland Wharf Brewing Company,Murrieta,CA,92562,Taproom,2020-04-11,Not recorded,630
breweries/inlet-brewing-co,breweries,Inlet Brewing Co,Jupiter,FL,33469,Proprietor,2020-03-03,Not recorded,1845
breweries/inn-on-peaks-island-brewery-the,breweries,"Inn On Peaks Island Brewery, The",Peaks Island,ME,04108,Brewpub,2020-02-07,Not recorded,3296
breweries/inner-compass-brewing,breweries,Inner Compass Brewing,Sanford,FL,32771,Taproom,2020-04-11,Not recorded,1973
breweries/inner-groove-brewing,breweries,Inner Groove Brewing,Verona,PA,15147,Taproom,2020-04-11,Not recorded,6305
breweries/innerspace-brewing-company,breweries,InnerSpace Brewing Company,Huntsville,AL,35805,Taproom,2020-03-03,Not recorded,65
breweries/innovation-brewing,breweries,Innovation Brewing,Sylva,NC,28779,Brewpub,2020-03-03,Not recorded,4415
breweries/inoculum-ale-works,breweries,Inoculum Ale Works,Spring Hill,FL,34606,Taproom,2020-03-03,Not recorded,1987
breweries/inside-the-five-brewing,breweries,Inside The Five Brewing,Sylvania,OH,43560,Brewpub,2020-03-03,Not recorded,5574
breweries/insurgent-brewing-co-llc,breweries,Insurgent Brewing Co. LLC,Chino Valley,AZ,86323,Brewpub,2020-03-03,Not recorded,139
breweries/interboro-spirits-and-ales,breweries,Interboro Spirits And Ales,Brooklyn,NY,11211,Brewpub,2019-10-26,Not recorded,4933
breweries/intercourse-brewing-co,breweries,Intercourse Brewing Co,Collegeville,PA,19426,Contract,2020-03-03,Not recorded,6014
breweries/intersect-brewing,breweries,Intersect Brewing,Fort Collins,CO,80526,Taproom,2020-03-03,Not recorded,1405
breweries/intrinsic-brewing,breweries,Intrinsic Brewing,Garland,TX,75040,Brewpub,2020-03-03,Not recorded,6744
breweries/intuition-ale-works,breweries,Intuition Ale Works,Jacksonville,FL,32202,Micro,2020-03-03,Not recorded,1831
breweries/intuition-ale-works-production-facility,breweries,Intuition Ale Works Production Facility,Jacksonville,FL,32204,Micro,2020-04-11,Not recorded,1835
breweries/inu-island-ales,breweries,Inu Island Ales,Kaneohe,HI,96744,Taproom,2020-02-01,Not recorded,2154
breweries/inventors-brewpub,breweries,Inventors Brewpub,Port Washington,WI,53074,Brewpub,2020-02-07,Not recorded,7844
breweries/inverness-brewing,breweries,Inverness Brewing,Monkton,MD,21111,Taproom,2020-03-03,Not recorded,3180
breweries/iowa-brewing,breweries,Iowa Brewing,Cedar Rapids,IA,52401,Micro,2020-02-01,Not recorded,2185
breweries/iowa-river-brewing-company,breweries,Iowa River Brewing Company,Marshalltown,IA,50158,Taproom,2020-02-01,Not recorded,2233
breweries/ipswich-ale-brewery,breweries,Ipswich Ale Brewery,Ipswich,MA,01938,Regional,2020-03-03,Not recorded,3012
breweries/irish-mafia-brewing-co,breweries,Irish Mafia Brewing Co,Bloomfield,NY,14469,Brewpub,2020-04-11,Not recorded,4919
breweries/iron-furnace-brewing,breweries,Iron Furnace Brewing,Franconia,NH,03580,Taproom,2020-03-03,Not recorded,4556
breweries/iron-goat-brewing,breweries,Iron Goat Brewing,Spokane,WA,99201,Taproom,2020-02-01,Not recorded,7559
breweries/iron-hand-brewing-llc,breweries,"Iron Hand Brewing, LLC",Mobile,AL,36603,Brewpub,2020-03-03,Not recorded,75
breweries/iron-hart,breweries,Iron Hart,Carbondale,PA,18407,Brewpub,2020-03-03,Not recorded,5996
breweries/iron-hill-brewery-and-restaurant,breweries,Iron Hill Brewery & Restaurant,Hershey,PA,17033,Brewpub,2020-04-11,Not recorded,6106
breweries/iron-hill-brewery-and-restaurant-ardmore,breweries,Iron Hill Brewery & Restaurant (Ardmore),Ardmore,PA,19003,Brewpub,2020-04-11,Not recorded,5960
breweries/iron-hill-brewery-and-restaurant-chestnut-hill,breweries,Iron Hill Brewery & Restaurant - Chestnut Hill,Philadelphia,PA,19118,Brewpub,2020-04-11,Not recorded,6211
breweries/iron-hill-brewery-and-restaurant-greenville,breweries,Iron Hill Brewery & Restaurant - Greenville,Greenville,SC,29607,Brewpub,2020-04-11,Not recorded,6404
breweries/iron-hill-brewery-and-restaurant-huntingdon-valley,breweries,Iron Hill Brewery & Restaurant - Huntingdon Valley,Huntingdon Valley,PA,19006,Brewpub,2020-03-03,Not recorded,6115
breweries/iron-hill-brewery-and-restaurant-north-wales,breweries,Iron Hill Brewery & Restaurant - North Wales,North Wales,PA,19454,Brewpub,2020-04-11,Not recorded,6193
breweries/iron-hill-brewery-and-restaurant-phoenixville,breweries,Iron Hill Brewery & Restaurant - Phoenixville,Phoenixville,PA,19460,Brewpub,2020-03-03,Not recorded,6228
breweries/iron-hill-brewery-and-restaurant-rehoboth-beach,breweries,Iron Hill Brewery & Restaurant - Rehoboth Beach,Rehoboth Beach,DE,19971,Brewpub,2020-04-11,Not recorded,1725
breweries/iron-hill-brewery-and-restaurant-wilmington,breweries,Iron Hill Brewery & Restaurant - Wilmington,Wilmington,DE,19801,Brewpub,2020-02-07,Not recorded,1730
breweries/iron-horse-brewery,breweries,Iron Horse Brewery,Ellensburg,WA,98926,Regional,2020-02-07,Not recorded,7355
breweries/iron-johns-brewing-company,breweries,Iron John’s Brewing Company,Tucson,AZ,85719,Taproom,2020-03-03,Not recorded,230
breweries/iron-monk-brewing-company,breweries,Iron Monk Brewing Company,Stillwater,OK,74074,Taproom,2020-03-03,Not recorded,5636
breweries/iron-rail-brewing,breweries,Iron Rail Brewing,Topeka,KS,66603,Brewpub,2020-04-11,Not recorded,2816
breweries/iron-spike-brewing-company,breweries,Iron Spike Brewing Company,Galesburg,IL,61401,Brewpub,2020-03-03,Not recorded,2451
breweries/iron-triangle-brewing-company,breweries,Iron Triangle Brewing Company,Los Angeles,CA,90021,Micro,2020-03-03,Not recorded,573
breweries/ironbark-brewery,breweries,Ironbark Brewery,Jackson,MI,49203,Taproom,2020-04-11,Not recorded,3534
breweries/ironfire-brewing-company,breweries,Ironfire Brewing Company,Temecula,CA,92590,Micro,2020-04-11,Not recorded,1072
breweries/ironmonger-brewing,breweries,Ironmonger Brewing,Marietta,GA,30067,Micro,2020-03-03,Not recorded,2115
other-places/ironton-distillery,other-places,Ironton Distillery,Denver,CO,80216,distillery,2020-07-31,Not recorded,1331
breweries/ironweed-ale-werks,breweries,Ironweed Ale Werks,Ocean City,MD,51842,Brewpub,2020-02-07,Not recorded,3184
breweries/ironwood-brewing-co-llc,breweries,Ironwood Brewing Co LLC,Valparaiso,IN,46383,Taproom,2020-03-03,Not recorded,2763
breweries/irving-cliff-brewery,breweries,Irving Cliff Brewery,Honesdale,PA,18431,Brewpub,2020-03-03,Not recorded,6110
breweries/island-city-brewing-company,breweries,Island City Brewing Company,Winona,MN,55987,Micro,2020-04-11,Not recorded,3893
breweries/island-coastal-lager,breweries,Island Coastal Lager,Lakeland,FL,33815,Contract,2020-03-03,Not recorded,1852
breweries/island-dog-brewing,breweries,Island Dog Brewing,South Portland,ME,04106,Taproom,2019-04-20,Not recorded,3329
breweries/island-hoppin-brewery,breweries,Island Hoppin’ Brewery,Eastsound,WA,98245,Micro,2020-03-03,Not recorded,7350
breweries/isle-brewers-guild,breweries,Isle Brewers Guild,Pawtucket,RI,02860,Taproom,2020-04-11,Not recorded,6347
breweries/islla-st-brewing,breweries,Islla St. Brewing,San Antonio,TX,78233,Micro,2020-03-03,Not recorded,6852
breweries/itasca-brewing-company-inc,breweries,Itasca Brewing Company Inc,Itasca,IL,60143,Taproom,2020-03-03,Not recorded,2473
breweries/ithaca-beer-co,breweries,Ithaca Beer Co,Ithaca,NY,14850,Regional,2020-03-03,Not recorded,5093
breweries/ivanhoe-aleworks,breweries,Ivanhoe Aleworks,Denison,TX,75020,Taproom,2020-04-11,Not recorded,6705
breweries/ivanhoe-park-brewing-company,breweries,Ivanhoe Park Brewing Company,Orlando,FL,32803,Taproom,2020-03-03,Not recorded,1909
breweries/ivory-bill-brewing-co,breweries,Ivory Bill Brewing Co,Siloam Springs,AR,72761,Taproom,2020-04-11,Not recorded,124
breweries/j-fargos-family-dining-and-micro-brewery-coyote-j-brewing-co,breweries,J. Fargo’s Family Dining & Micro Brewery / Coyote J Brewing Co,Cortez,CO,81321,Brewpub,2020-02-07,Not recorded,1273
breweries/j-j-bitting-brewing-co,breweries,J.J. Bitting Brewing Co.,Woodbridge,NJ,07095,Brewpub,2020-03-03,Not recorded,4744
breweries/j-wakefield-brewing,breweries,J Wakefield Brewing,Miami,FL,33127,Micro,12/20.2019,Not recorded,1875
breweries/jack-masons-tavern-and-brewery,breweries,Jack Mason’s Tavern and Brewery,Clifton Forge,VA,24422,Brewpub,2020-02-07,Not recorded,7002
breweries/jack-russell-farm-ales,breweries,Jack Russell Farm Ales,Camino,CA,95709,Brewpub,2020-03-03,Not recorded,336
breweries/jackalope-brewing-company-llc,breweries,"Jackalope Brewing Company, LLC",Nashville,TN,37203,Micro,2019-11-27,Not recorded,6557
breweries/jackie-os-pub-and-brewery,breweries,Jackie O’s Pub & Brewery,Athens,OH,45701,Brewpub,2020-03-03,Not recorded,5319
breweries/jacks-abby-brewing,breweries,Jack’s Abby Brewing,Framingham,MA,01702,Regional,12/20.2019,Not recorded,2993
breweries/jackson-street-brewing,breweries,Jackson Street Brewing,Sioux City,IA,51101,Micro,2020-02-01,Not recorded,2249
breweries/jacob-leinenkugel-brewing-co,breweries,Jacob Leinenkugel Brewing Co,Chippewa Falls,WI,54729,Largge,2020-03-03,Not recorded,7705
breweries/jaden-james-brewery-the-cascade-winery,breweries,Jaden James Brewery @ The Cascade Winery,Grand Rapids,MI,49512,Brewpub,2019-11-27,Not recorded,3475
breweries/jafb-brewery,breweries,JAFB Brewery,Wooster,OH,44691,Taproom,2020-03-03,Not recorded,5597
breweries/jagged-mountain-brewery,breweries,Jagged Mountain Brewery,Denver,CO,80202,Taproom,2020-04-11,Not recorded,1327
breweries/jailbreak-brewing-company,breweries,Jailbreak Brewing Company,Laurel,MD,20723,Micro,2019-10-25,Not recorded,3177
breweries/jaipur-restaurant-and-brewpub,breweries,Jaipur Restaurant and Brewpub,Omaha,NE,68144,Brewpub,2020-04-11,Not recorded,4517
breweries/james-peak-brewery,breweries,James Peak Brewery,Nederland,CO,80466,Brewpub,2020-02-07,Not recorded,1530
breweries/james-river-brewery,breweries,James River Brewery,Scottsville,VA,24590,Taproom,2020-04-11,Not recorded,7151
breweries/jamesport-brewing-co,breweries,Jamesport Brewing Co,Ludington,MI,49431,Brewpub,2020-04-11,Not recorded,3569
breweries/jarfly-brewing-co,breweries,Jarfly Brewing Co,Somerset,KY,42501,Taproom,2020-04-11,Not recorded,2893
breweries/jasper-ridge-brewing-co,breweries,Jasper Ridge Brewing Co,Ishpeming,MI,49849,Brewpub,2020-04-11,Not recorded,3531
breweries/jdubs-brewing-co,breweries,JDub’s Brewing Co.,Sarasota,FL,34237,Micro,2020-02-07,Not recorded,1979
breweries/jekyll-brewing,breweries,Jekyll Brewing,Alpharetta,GA,30005,Micro,2020-04-11,Not recorded,2049
breweries/jeremiah-johnson-brewing-company,breweries,Jeremiah Johnson Brewing Company,Great Falls,MT,59405,Micro,2020-03-03,Not recorded,4081
breweries/jersey-cyclone-brewing,breweries,Jersey Cyclone Brewing,Somerset,NJ,07980,Taproom,2020-03-03,Not recorded,4730
breweries/jersey-girl-brewing-company,breweries,Jersey Girl Brewing Company,Hackettstown,NJ,07840,Micro,2020-03-03,Not recorded,4665
breweries/jester-king-brewery,breweries,Jester King Brewery,Austin,TX,78736,Brewpub,2019-11-13,Not recorded,6608
breweries/jigsys-brewpub-and-restaurant,breweries,Jigsy’s Brewpub & Restaurant,Enola,PA,17025,Brewpub,2020-04-11,Not recorded,6053
breweries/jim-dandy-brewing,breweries,Jim Dandy Brewing,Pocatello,ID,83201,Micro,2020-02-01,Not recorded,2309
breweries/jjs-brewing-company,breweries,JJs Brewing Company,fayetteville,AR,72703,Brewpub,2020-03-03,Not recorded,94
breweries/john-harvards-brew-house-framingham,breweries,John Harvards Brew House - Framingham,Framingham,MA,01701,Brewpub,2020-04-11,Not recorded,2992
breweries/john-s-rhodell-brewery,breweries,John S. Rhodell Brewery,Peoria,IL,61602,Taproom,2020-03-03,Not recorded,2529
breweries/johnnie-maccrackens-celtic-firehouse-pub-inc,breweries,"Johnnie MacCracken’s Celtic Firehouse Pub, Inc.",Marietta,GA,30060,Brewpub,2020-03-03,Not recorded,2116
breweries/jolly-pumpkin-cafe-and-brewery,breweries,Jolly Pumpkin Cafe and Brewery,Ann Arbor,MI,48104,Brewpub,2020-03-03,Not recorded,3364
breweries/jolly-pumpkin-restaurant-brewery-and-distillery,breweries,"Jolly Pumpkin Restaurant, Brewery & Distillery",Traverse City,MI,49686,Micro,2020-04-11,Not recorded,3680
breweries/jolly-roger-brew,breweries,Jolly Roger Brew,Mooresville,NC,28117,Micro,2020-03-03,Not recorded,4344
breweries/jones-creek-brewing,breweries,Jones Creek Brewing,Chehalis,WA,98532,Taproom,2020-03-03,Not recorded,7334
breweries/joseph-wolf-brewing-company,breweries,Joseph Wolf Brewing Company,Saint Paul,MN,55101,Contract,2020-03-03,Not recorded,3855
breweries/joymongers-brewing-co,breweries,Joymongers Brewing Co.,Greensboro,NC,27401,Taproom,2020-02-01,Not recorded,4290
breweries/joyride-brewing-co,breweries,Joyride Brewing Co,Edgewater,CO,80214,Taproom,2020-03-03,Not recorded,1381
breweries/jt-schmids-restaurant-and-brewery,breweries,JT Schmids Restaurant & Brewery,Anaheim,CA,92806,Brewpub,2020-03-03,Not recorded,268
breweries/jubeck-new-world-brewing,breweries,Jubeck New World Brewing,Dubuque,IA,52001,Taproom,2020-02-01,Not recorded,2216
breweries/jubilee-craft-beer-co,breweries,Jubilee Craft Beer Co,Nashville,TN,37215,Contract,2019-11-27,Not recorded,6558
breweries/jukes-ale-works-llc,breweries,Jukes Ale Works LLC,Elkhorn,NE,68022,Brewpub,2020-03-03,Not recorded,4485
breweries/junk-ditch-brewing-company,breweries,Junk Ditch Brewing Company,Fort Wayne,IN,46808,Brewpub,2020-04-11,Not recorded,2641
breweries/jville-brewery,breweries,J’ville Brewery,Jacksonville,VT,05342,Taproom,2020-03-03,Not recorded,7233
breweries/k-oz-restaurant-brewery,breweries,K-Oz Restaurant Brewery,San Francisco,CA,94103,Brewpub,2020-04-11,Not recorded,916
breweries/k-point-brewing,breweries,K Point Brewing,Eau Claire,WI,54701,Brewpub,2020-02-07,Not recorded,7720
breweries/k2-brothers-brewing,breweries,K2 Brothers Brewing,Rochester,NY,14609,Brewpub,2020-03-03,Not recorded,5218
breweries/kairoa-brewing-company,breweries,Kairoa Brewing Company,San Diego,CA,92116,Brewpub,2020-03-03,Not recorded,840
breweries/kalona-brewing-company,breweries,Kalona Brewing Company,Kalona,IA,52247,Brewpub,2020-02-01,Not recorded,2227
breweries/kane-brewing,breweries,Kane Brewing,Ocean,NJ,07712,Micro,2019-11-27,Not recorded,4709
breweries/kannah-creek-brewing-co,breweries,Kannah Creek Brewing Co,Grand Junction,CO,81501,Brewpub,2020-04-11,Not recorded,1447
breweries/kansas-city-breweries-company,breweries,Kansas City Breweries Company,Olathe,KS,66062,Proprietor,2020-03-03,Not recorded,2803
breweries/kansas-territory-brewing,breweries,Kansas Territory Brewing,Washington,KS,66968,Micro,2020-02-01,Not recorded,2819
breweries/karbach-brewing-co,breweries,Karbach Brewing Co,Houston,TX,77092,Largge,2020-03-03,Not recorded,6764
breweries/karben4-brewing,breweries,Karben4 Brewing,Madison,WI,53704,Micro,2020-03-03,Not recorded,7773
breweries/karetas-brewing,breweries,Karetas Brewing,Itasca,IL,60143,Contract,2020-03-03,Not recorded,2474
breweries/karl-strauss-brewing-co,breweries,Karl Strauss Brewing Co,San Diego,CA,92109,Regional,2020-02-07,Not recorded,825
breweries/karl-strauss-brewing-co-anaheim,breweries,Karl Strauss Brewing Co - Anaheim,Anaheim,CA,92806,Brewpub,2020-03-03,Not recorded,269
breweries/karl-strauss-brewing-co-carlsbad,breweries,Karl Strauss Brewing Co - Carlsbad,Carlsbad,CA,92008,Brewpub,2020-04-11,Not recorded,348
breweries/karl-strauss-brewing-co-downtown-los-angeles,breweries,Karl Strauss Brewing Co - Downtown Los Angeles,Los Angeles,CA,90017,Brewpub,2020-03-03,Not recorded,574
breweries/karl-strauss-brewing-co-la-jolla,breweries,Karl Strauss Brewing Co - La Jolla,La Jolla,CA,92037,Brewpub,2020-02-07,Not recorded,512
breweries/karl-strauss-brewing-co-universal-citywalk,breweries,Karl Strauss Brewing Co - Universal CityWalk,Universal City,CA,91608,Brewpub,2020-04-11,Not recorded,1105
breweries/karrikin-spirits,breweries,Karrikin Spirits,Cincinnati,OH,45227,Brewpub,2020-03-03,Not recorded,5363
breweries/karst-brewing-llc,breweries,Karst Brewing LLC,Fountain,MN,55935,Taproom,2020-03-03,Not recorded,3753
breweries/kassiks-brewery,breweries,Kassik’s Brewery,Kenai,AK,99611,Micro,2019-11-03,Not recorded,28
breweries/kauai-beer-company,breweries,Kauai Beer Company,Lihue,HI,96766,Brewpub,2019-11-03,Not recorded,2158
breweries/kauai-island-brewery,breweries,Kauai Island Brewery,Port Allen,HI,96705,Brewpub,2019-11-03,Not recorded,2160
breweries/kaweah-brewing-co,breweries,Kaweah Brewing Co.,Tulare,CA,93274,Micro,2020-03-03,Not recorded,1098
breweries/keg-creek-brewing-company,breweries,Keg Creek Brewing Company,Glenwood,IA,51534,Micro,2019-04-20,Not recorded,2223
breweries/kegg-brewing-company,breweries,Kegg Brewing Company,Champion,PA,15622,Taproom,2020-03-03,Not recorded,6007
breweries/kelleys-island-brewery,breweries,Kelleys Island Brewery,Kelleys Island,OH,43438,Brewpub,2020-03-03,Not recorded,5499
breweries/kells-brewery,breweries,Kells Brewery,Portland,OR,97209,Brewpub,2020-03-03,Not recorded,5827
breweries/kelly-brewing-company,breweries,Kelly Brewing Company,Morgan Hill,CA,95037,Taproom,2020-03-03,Not recorded,626
breweries/kellys-brewpub,breweries,Kellys Brewpub,Albuquerque,NM,87106,Brewpub,2020-04-11,Not recorded,4765
breweries/kelso-beer-company,breweries,KelSo Beer Company,Brooklyn,NY,11238,Contract,2020-03-03,Not recorded,4938
breweries/kenai-river-brewing-co,breweries,Kenai River Brewing Co,Soldotna,AK,99669,Micro,2019-11-03,Not recorded,39
breweries/kennebunkport-brewery-federal-jacks,breweries,Kennebunkport Brewery / Federal Jacks,Kennebunk,ME,04043,Brewpub,2019-04-20,Not recorded,3269
breweries/kenosha-brewing-company,breweries,Kenosha Brewing Company,Kenosha,WI,53142,Brewpub,2020-02-07,Not recorded,7747
breweries/kern-river-brewing-co,breweries,Kern River Brewing Co,Kernville,CA,93238,Brewpub,2020-03-03,Not recorded,509
breweries/kernersville-brewing-company,breweries,Kernersville Brewing Company,Kernersville,NC,27284,Micro,2020-04-11,Not recorded,4326
breweries/ketch-brewing,breweries,Ketch Brewing,San Diego,CA,92111,Micro,2020-04-11,Not recorded,853
breweries/kettle-and-spoke-brewery-llc,breweries,"Kettle and Spoke Brewery, LLC",Boulder,CO,80301,Taproom,2020-03-03,Not recorded,1206
breweries/kettle-house-brewing-co,breweries,Kettle House Brewing Co.,Bonner,MT,59823,Regional,yes,Not recorded,4054
breweries/kettlehouse-brewing-co-bonner-brewery,breweries,Kettlehouse Brewing Co - Bonner Brewery,Bonner,MT,59823,Micro,2019-11-27,Not recorded,4053
breweries/kettlehouse-brewing-co-southside,breweries,Kettlehouse Brewing Co - Southside,Missoula,MT,59801,Micro,2019-11-27,Not recorded,4109
breweries/keuka-brewing-co,breweries,Keuka Brewing Co,Hammondsport,NY,14840,Micro,2020-03-03,Not recorded,5066
other-places/kevin-joy,other-places,Kevin Joy,Detroit,MI,48211,Artist,yes,Yes,3428
breweries/key-brewing-co,breweries,Key Brewing Co.,Dundalk,MD,21222,Micro,2020-03-03,Not recorded,3150
breweries/keyhole-valley-brewing,breweries,Keyhole Valley Brewing,Shelton,WA,98584,Taproom,2020-03-03,Not recorded,7544
breweries/kickback-brewery,breweries,Kickback Brewery,Westford,VT,05494,Micro,2020-02-07,Not recorded,7267
breweries/kickstand-brewing-co,breweries,Kickstand Brewing Co,Commerce Township,MI,48382,Brewpub,2020-04-11,Not recorded,3416
breweries/kiitos-brewing,breweries,Kiitos Brewing,Salt Lake City,UT,84104,Micro,2020-02-07,Not recorded,6928
breweries/killington-beer-company,breweries,Killington Beer Company,Killington,VT,05751,Micro,2020-02-07,Not recorded,7235
breweries/kills-boro-brewing-company,breweries,Kills Boro Brewing Company,Staten Island,NY,10301,Micro,2020-04-11,Not recorded,5251
breweries/kilokilo-brewing-company,breweries,Kilokilo Brewing Company,Paso Robles,CA,93446,Brewpub,2020-02-07,Not recorded,703
breweries/kilowatt-brewing,breweries,Kilowatt Brewing,San Diego,CA,92111,Taproom,2020-04-11,Not recorded,854
breweries/kind-beer-distributing,breweries,Kind Beer Distributing,Charlotte,NC,28213,Contract,2020-03-03,Not recorded,4212
breweries/kindred-beer,breweries,Kindred Beer,Columbus,OH,43230,Micro,2020-03-03,Not recorded,5433
breweries/kindred-spirit-brewing,breweries,Kindred Spirit Brewing,Richmond,VA,23238,Taproom,2020-03-03,Not recorded,7128
breweries/king-canary-brewing-company,breweries,King Canary Brewing Company,Mooresville,NC,28117,Taproom,2020-03-03,Not recorded,4345
breweries/king-cong-brewing-company,breweries,King Cong Brewing Company,Sacramento,CA,95815,Brewpub,2020-04-11,Not recorded,793
breweries/king-street-brewing-co,breweries,King Street Brewing Co,Anchorage,AK,99515,Micro,2019-11-03,Not recorded,10
breweries/kings-and-convicts-brewing,breweries,Kings & Convicts Brewing,Highwood,IL,60040,Micro,2020-04-11,Not recorded,2466
breweries/kings-bluff-brewery,breweries,Kings Bluff Brewery,Clarksville,TN,37040,Micro,2019-11-27,Not recorded,6496
breweries/kingston-standard-brewing-co,breweries,Kingston Standard Brewing Co.,Kingston,NY,12401,Taproom,2020-03-03,Not recorded,5100
breweries/kinslahger-brewing-company,breweries,Kinslahger Brewing Company,Oak Park,IL,60304,Taproom,2020-03-03,Not recorded,2518
breweries/kinsmen-brewing,breweries,Kinsmen Brewing,Milldale,CT,06467,Brewpub,2020-03-03,Not recorded,1639
breweries/kitzingen-brewery,breweries,Kitzingen Brewery,Wyoming,MI,49519,Brewpub,2020-03-03,Not recorded,3704
breweries/klamath-basin-brewing-co,breweries,Klamath Basin Brewing Co,Klamath Falls,OR,97601,Brewpub,2020-04-11,Not recorded,5766
breweries/klaus-brewing-company,breweries,Klaus Brewing Company,Houston,TX,77065,Taproom,2020-03-03,Not recorded,6765
breweries/klondike-brewing-company,breweries,Klondike Brewing Company,Skagway,AK,99840,Brewpub,2019-11-03,Not recorded,37
breweries/knee-deep-brewing-co,breweries,Knee Deep Brewing Co.,Auburn,CA,95602,Regional,2020-03-03,Not recorded,290
breweries/knotty-brewing-co,breweries,Knotty Brewing Co.,San Diego,CA,92101,Taproom,2020-03-03,Not recorded,841
breweries/knotty-pine-brewing,breweries,Knotty Pine Brewing,Columbus,OH,43212,Brewpub,2020-03-03,Not recorded,5434
breweries/knucklehead-craft-brewing,breweries,Knucklehead Craft Brewing,Webster,NY,14580,Brewpub,2020-03-03,Not recorded,5291
breweries/knuth-brewing-company,breweries,Knuth Brewing Company,Ripon,WI,54971,Brewpub,2020-02-07,Not recorded,7851
breweries/kodiak-island-brewing-co-llc,breweries,"Kodiak Island Brewing Co, LLC",Kodiak,AK,99615,Taproom,2019-11-03,Not recorded,31
breweries/kohola-brewery,breweries,Kohola Brewery,Lahaina,HI,96761,Micro,2020-02-01,Not recorded,2157
breweries/kokopelli-beer-company,breweries,Kokopelli Beer Company,Westminster,CO,80031,Brewpub,2020-03-03,Not recorded,1582
breweries/kona-brewing-co,breweries,Kona Brewing Co,Kailua Kona,HI,96740,Regional,2020-02-01,Not recorded,2151
breweries/kootenai-river-brewing-co,breweries,Kootenai River Brewing Co,Bonners Ferry,ID,83805,Brewpub,2020-02-01,Not recorded,2276
breweries/koto-brewing,breweries,Koto Brewing,Twin Falls,ID,83301,Brewpub,2020-02-01,Not recorded,2321
breweries/kozy-yak-brewery-and-fresar-winery,breweries,Kozy Yak Brewery & Fresar Winery,Rosholt,WI,54473,Brewpub,2020-02-07,Not recorded,7855
breweries/krauskis-brewskis-the-hoppy-brewer,breweries,Krauski’s Brewskis / The Hoppy Brewer,Gresham,OR,97030,Taproom,2020-03-03,Not recorded,5745
breweries/kroghs-restaurant-and-brewpub,breweries,Krogh’s Restaurant and Brewpub,Sparta,NJ,07871,Brewpub,2020-04-11,Not recorded,4733
breweries/kros-strain-brewing-company,breweries,Kros Strain Brewing Company,LaVista,NE,68128,Micro,2020-03-03,Not recorded,4497
breweries/kuhnhenn-brewing-co,breweries,Kuhnhenn Brewing Co,Warren,MI,48092,Micro,2020-02-07,Not recorded,3691
breweries/kuhnhenn-clinton-township,breweries,Kuhnhenn Clinton Township,Clinton Township,MI,48035,Micro,2020-03-03,Not recorded,3414
breweries/kul-brewing,breweries,Kul Brewing,La Crosse,WI,54601,Contract,2020-03-03,Not recorded,7753
breweries/kulshan-brewing-co,breweries,Kulshan Brewing Co,Bellingham,WA,98229,Micro,2020-04-11,Not recorded,7300
breweries/kulshan-brewing-co-k2,breweries,Kulshan Brewing Co - K2,Bellingham,WA,98225,Taproom,2020-03-03,Not recorded,7293
breweries/kurant-brew-and-brew,breweries,Kurant Brew & Brew,Philadelphia,PA,19125,Taproom,2020-04-11,Not recorded,6212
breweries/la-conner-brewing-co,breweries,La Conner Brewing Co,La Conner,WA,98257,Brewpub,2020-03-03,Not recorded,7389
breweries/la-cumbre-brewing-co,breweries,La Cumbre Brewing Co,Albuquerque,NM,87107,Regional,2019-11-13,Not recorded,4750
breweries/la-dona-cerveceria,breweries,La Dona Cerveceria,Minneapolis,MN,55405,Taproom,2020-03-03,Not recorded,3790
breweries/la-provence-restaurant,breweries,La Provence Restaurant,Roseville,CA,95747,Brewpub,2020-02-07,Not recorded,777
breweries/la-reforma,breweries,La Reforma,Albuquerque,NM,87113,Brewpub,2020-03-03,Not recorded,4756
breweries/lady-justice-brewing-company,breweries,Lady Justice Brewing Company,Denver,CO,80212,Taproom,2020-03-03,Not recorded,1305
breweries/lafayette-brewing-co,breweries,Lafayette Brewing Co,Buffalo,NY,14203,Brewpub,2020-04-11,Not recorded,4956
breweries/lafayette-brewing-co-lafayette-in,breweries,Lafayette Brewing Co,Lafayette,IN,47901,Brewpub,2020-02-07,Not recorded,2705
breweries/lager-heads-smokehouse,breweries,Lager Heads Smokehouse,Medina,OH,44256,Brewpub,2020-03-03,Not recorded,5526
breweries/laguna-beach-beer-co,breweries,Laguna Beach Beer Co,Rancho Santa Margarita,CA,92688,Brewpub,2020-03-03,Not recorded,745
breweries/laguna-beach-brewery-and-grille,breweries,Laguna Beach Brewery and Grille,Laguna Beach,CA,92651,Brewpub,2020-02-07,Not recorded,520
breweries/lagunitas-brewing-co,breweries,Lagunitas Brewing Co,Chicago,IL,60608,Largge,12/20.2019,Not recorded,2398
breweries/lagunitas-brewing-co-petaluma-ca,breweries,Lagunitas Brewing Co,Petaluma,CA,94954,Largge,12/20.2019,Not recorded,711
breweries/lagunitas-chicago,breweries,Lagunitas Chicago,Chicago,IL,60608,Largge,12/20.2019,Not recorded,2399
breweries/lagunitas-seattle-taproom-and-beer-sanctuary,breweries,Lagunitas Seattle Taproom and Beer Sanctuary,Seattle,WA,98107,Brewpub,12/20.2019,Not recorded,7521
breweries/laht-neppur-brewing,breweries,Laht Neppur Brewing,Waitsburg,WA,99361,Taproom,2020-03-03,Not recorded,7637
breweries/lake-ann-brewing-co,breweries,Lake Ann Brewing Co,Lake Ann,MI,49650,Taproom,2020-03-03,Not recorded,3554
breweries/lake-anne-brew-house,breweries,Lake Anne Brew House,Reston,VA,20190,Taproom,2020-03-03,Not recorded,7112
breweries/lake-austin-ales,breweries,Lake Austin Ales,Cedar Park,TX,78613,Micro,2020-04-11,Not recorded,6666
breweries/lake-bluff-brewing-company,breweries,Lake Bluff Brewing Company,Lake Bluff,IL,60044,Taproom,2020-03-03,Not recorded,2479
breweries/lake-bottom-distillery-and-brewery,breweries,Lake Bottom Distillery and Brewery,Corcoran,CA,93212,Brewpub,2020-04-11,Not recorded,380
breweries/lake-brothers-beer-company,breweries,Lake Brothers Beer Company,Naperville,IL,60540,Contract,2020-03-03,Not recorded,2507
breweries/lake-bums-brewco-llc,breweries,"Lake Bums BrewCo, LLC.",Pontiac,MO,65729,Taproom,2020-03-03,Not recorded,3966
breweries/lake-effect-brewing-company,breweries,Lake Effect Brewing Company,Chicago,IL,60641,Taproom,2020-04-11,Not recorded,2394
breweries/lake-gaston-brewing-company,breweries,Lake Gaston Brewing Company,Fayetteville,NC,28301,Brewpub,2020-04-11,Not recorded,4272
breweries/lake-monster-brewing,breweries,Lake Monster Brewing,Saint Paul,MN,55114,Taproom,2020-03-03,Not recorded,3856
breweries/lake-of-the-woods-brewing-company,breweries,Lake of the Woods Brewing Company,Warroad,MN,56763,Taproom,2020-03-03,Not recorded,3886
breweries/lake-rat-brewing,breweries,Lake Rat Brewing,Celina,OH,45822,Brewpub,2020-03-03,Not recorded,5349
breweries/lake-stevens-brewing-company,breweries,Lake Stevens Brewing Company,Lake Stevens,WA,98258,Taproom,2020-03-03,Not recorded,7391
breweries/lake-superior-brewing-co,breweries,Lake Superior Brewing Co,Duluth,MN,55806,Micro,2020-03-03,Not recorded,3739
breweries/lake-texoma-lodge-and-resort,breweries,Lake Texoma Lodge And Resort,Mead,OK,73449,Brewpub,2020-04-11,Not recorded,5613
breweries/lake-time-brewery,breweries,Lake Time Brewery,Clear Lake,IA,50428,Brewpub,2020-02-01,Not recorded,2192
breweries/lake-tribe-brewing,breweries,Lake Tribe Brewing,Tallahassee,FL,32303,Micro,2020-03-03,Not recorded,1994
breweries/lake-zurich-brewing-company,breweries,Lake Zurich Brewing Company,Lake Zurich,IL,60047,Micro,2020-03-03,Not recorded,2480
breweries/lakefront-brewery-inc,breweries,Lakefront Brewery Inc,Milwaukee,WI,53212,Regional,12/20.2019,Yes,7792
breweries/lakes-and-legends-brewing-company,breweries,Lakes & Legends Brewing Company,Minneapolis,MN,55403,Taproom,2020-03-03,Not recorded,3791
breweries/lamplighter-brewing-co,breweries,Lamplighter Brewing Co.,Cambridge,MA,02139,Micro,12/20.2019,Not recorded,2965
breweries/land-grant-brewing-company,breweries,Land-Grant Brewing Company,Columbus,OH,43215,Micro,2020-04-11,Not recorded,5443
breweries/landon-winery,breweries,Landon Winery,Greenville,TX,75401,Taproom,2020-04-11,Not recorded,6753
breweries/langhorne-brewing-co,breweries,Langhorne Brewing Co,Langhorne,PA,19047,Brewpub,2020-03-03,Not recorded,6139
breweries/lanikai-brewing-co,breweries,Lanikai Brewing Co,Kailua,HI,96734,Taproom,2020-02-01,Not recorded,2149
breweries/lansing-brewing-company,breweries,Lansing Brewing Company,Lansing,MI,48912,Brewpub,2020-03-03,Not recorded,3555
breweries/lantern-brewing,breweries,Lantern Brewing,Seattle,WA,98103,Taproom,2020-03-03,Not recorded,7504
breweries/laotto-brewing-llc,breweries,LaOtto Brewing LLC,Laotto,IN,46763,Brewpub,2020-03-03,Not recorded,2709
breweries/lariat-lodge-brewing-littleton,breweries,Lariat Lodge Brewing - Littleton,Littleton,CO,80127,Brewpub,2020-04-11,Not recorded,1491
breweries/lark-brewing,breweries,Lark Brewing,Cedar Falls,IA,50613,Brewpub,2020-02-01,Not recorded,2180
breweries/last-call-brewing-company,breweries,Last Call Brewing Company,Oakdale,CA,95361,Taproom,2020-03-03,Not recorded,655
breweries/last-days-of-autumn-brewing,breweries,Last Days of Autumn Brewing,Knoxville,TN,37917,Brewpub,2019-11-27,Not recorded,6529
breweries/last-frontier-brewing-company,breweries,Last Frontier Brewing Company,Wasilla,AK,99654,Brewpub,2019-11-03,Not recorded,43
breweries/last-name-brewing,breweries,Last Name Brewing,Upland,CA,91786,Micro,2020-03-03,Not recorded,1106
breweries/last-wave-brewing-company,breweries,Last Wave Brewing Company,Point Pleasant,NJ,08742,Taproom,2020-03-03,Not recorded,4717
breweries/lasting-brass-craft-brewing,breweries,Lasting Brass Craft Brewing,Oakville,CT,06779,Taproom,2020-03-03,Not recorded,1660
breweries/latchkey-brewing-company,breweries,Latchkey Brewing Company,San Diego,CA,92110,Taproom,2020-04-11,Not recorded,855
breweries/latitude-33-brewing-co,breweries,Latitude 33 Brewing Co,Vista,CA,92081,Regional,2020-03-03,Not recorded,1133
breweries/lauderale,breweries,LauderAle,Fort Lauderdale,FL,33316,Taproom,2020-03-03,Not recorded,1793
breweries/laughing-crow-beer,breweries,Laughing Crow Beer,Amherst,NH,03031,Micro,2020-03-03,Not recorded,4534
breweries/laughing-dog-brewing,breweries,Laughing Dog Brewing,Ponderay,ID,83852,Micro,2020-02-01,Not recorded,2311
breweries/laughing-sun-brewing,breweries,Laughing Sun Brewing,Bismarck,ND,58502,Brewpub,2020-03-03,Not recorded,4459
breweries/launch-pad-brewery,breweries,Launch Pad Brewery,Aurora,CO,80017,Taproom,2020-04-11,Not recorded,1185
breweries/laurel-highlands-brewing,breweries,Laurel Highlands Brewing,Uniontown,PA,15401,Micro,2020-03-03,Not recorded,6302
breweries/laurelwood-public-house-and-brewery-ne,breweries,Laurelwood Public House and Brewery - NE,Portland,OR,97213,Brewpub,2020-03-03,Not recorded,5828
breweries/laurelwood-public-house-and-brewery-ne-woodinville-wa,breweries,Laurelwood Public House and Brewery - NE,Woodinville,WA,98072,Proprietor,2020-03-03,Not recorded,7659
breweries/lavery-brewing-co,breweries,Lavery Brewing Co,Erie,PA,16501,Brewpub,2020-04-11,Not recorded,6061
breweries/lawsons-finest-liquids,breweries,Lawson’s Finest Liquids,Waitsfield,VT,05673,Micro,2020-02-07,Not recorded,7263
breweries/lazy-boy-brewing,breweries,Lazy Boy Brewing,Everett,WA,98208,Micro,2020-03-03,Not recorded,7360
breweries/lazy-circles-brewing,breweries,Lazy Circles Brewing,Norman,OK,73071,Taproom,2020-04-11,Not recorded,5619
breweries/lazy-duck-brewing,breweries,Lazy Duck Brewing,San Jose,CA,95112,Taproom,2020-03-03,Not recorded,947
breweries/lazy-hiker-brewing-co,breweries,Lazy Hiker Brewing Co.,Franklin,NC,28734,Taproom,2020-02-01,Not recorded,4277
breweries/lazy-monk-brewing,breweries,Lazy Monk Brewing,Eau Claire,WI,54702,Micro,2020-04-11,Not recorded,7721
breweries/lazyg-brewhouse,breweries,LazyG Brewhouse,Prescott,AZ,86303,Micro,2020-03-03,Not recorded,196
breweries/lead-dog-brewing,breweries,Lead Dog Brewing,Reno,NV,89512,Micro,2020-04-11,Not recorded,4873
breweries/leadfoot-brewing,breweries,Leadfoot Brewing,Chicopee,MA,01020,Taproom,2020-02-01,Not recorded,2968
breweries/leaf-and-hive,breweries,Leaf & Hive,Santa Fe,NM,87507,Taproom,2020-03-03,Not recorded,4827
breweries/lean-horse-productions,breweries,Lean Horse Productions,Spearfish,SD,57783,Contract,2020-03-03,Not recorded,6472
breweries/leaven-brewing-co,breweries,Leaven Brewing Co.,Riverview,FL,33569,Taproom,2020-03-03,Not recorded,1952
breweries/ledge-hill-brewing-co,breweries,Ledge Hill Brewing Co,Westport,NY,12993,Taproom,2020-04-11,Not recorded,5299
breweries/left-nut-brewing-co,breweries,Left Nut Brewing Co,Gainesville,GA,30504,Micro,2020-02-07,Not recorded,2100
breweries/legacy-brewing-company,breweries,Legacy Brewing Company,Oceanside,CA,92058,Micro,2020-03-03,Not recorded,675
breweries/legacy-caribbean-craft-brewery,breweries,Legacy Caribbean Craft Brewery,Opa Locka,FL,33054,Taproom,2020-04-11,Not recorded,1906
breweries/legal-draft-beer-company,breweries,Legal Draft Beer Company,Arlington,TX,76011,Micro,2020-03-03,Not recorded,6600
breweries/legend-brewing-co,breweries,Legend Brewing Co,Portsmouth,VA,23704,Brewpub,2020-02-07,Not recorded,7102
breweries/legend-brewing-co-richmond-va,breweries,Legend Brewing Co,Richmond,VA,23224,Micro,2020-02-07,Not recorded,7119
breweries/legends-brewhouse-and-eatery-2,breweries,Legends Brewhouse and Eatery (#2),de Pere,WI,54115,Brewpub,2020-02-07,Not recorded,7714
breweries/legends-craft-brewery,breweries,Legends Craft Brewery,Anaheim,CA,92805,Micro,2020-02-07,Not recorded,264
breweries/legion-brewing-company,breweries,Legion Brewing Company,Charlotte,NC,28205,Taproom,2020-04-11,Not recorded,4222
breweries/lehmans-orchard-brewery-and-farmhouse,breweries,Lehmans Orchard Brewery and Farmhouse,Buchanan,MI,49107,Brewpub,2020-02-07,Not recorded,3392
breweries/leinenkugels-10th-street-brewery,breweries,Leinenkugel’s 10th Street Brewery,Milwaukee,WI,53205,Largge,2020-03-03,Not recorded,7802
breweries/lemons-mill-brewery,breweries,Lemons Mill Brewery,Harrodsburg,KY,40330,Taproom,2020-03-03,Not recorded,2848
breweries/lengthwise-brewing-co,breweries,Lengthwise Brewing Co,Bakersfield,CA,93313,Brewpub,2020-04-11,Not recorded,298
breweries/les-cheneaux-distillers,breweries,Les Cheneaux Distillers,Cedarville,MI,49719,Brewpub,2020-04-11,Not recorded,3404
breweries/level-beer,breweries,Level Beer,Portland,OR,97230,Taproom,2020-04-11,Not recorded,5845
breweries/level-crossing-brewing-company,breweries,Level Crossing Brewing Company,Salt Lake City,UT,84115,Brewpub,2020-02-07,Not recorded,6929
breweries/lexington-brewing-and-distilling-co,breweries,Lexington Brewing & Distilling Co.,Lexington,KY,40508,Regional,2020-03-03,Not recorded,2858
breweries/liability-brewing-co,breweries,Liability Brewing Co.,Greenville,SC,29609,Taproom,2020-03-03,Not recorded,6403
breweries/liambru-tasty-llc,breweries,Liambru Tasty LLC,Proctor,VT,05765,Micro,2020-02-07,Not recorded,7244
breweries/liberal-cup-public-house-and-brewery,breweries,Liberal Cup Public House and Brewery,Hallowell,ME,04347,Brewpub,2020-04-11,Not recorded,3266
breweries/liberator-brewing-company,breweries,Liberator Brewing Company,Rockland,ME,04841,Taproom,2020-04-11,Not recorded,3318
breweries/library-sports-grill-and-brewery,breweries,Library Sports Grill and Brewery,Laramie,WY,82070,Brewpub,2020-02-07,Not recorded,7953
breweries/lic-beer-project,breweries,LIC Beer Project,Long Island City,NY,11101,Micro,2020-03-03,Not recorded,5117
breweries/lickinghole-creek-craft-brewery,breweries,Lickinghole Creek Craft Brewery,Goochland,VA,23063,Micro,2020-02-07,Not recorded,7040
breweries/lift-bridge-brewery,breweries,Lift Bridge Brewery,Stillwater,MN,55082,Micro,2020-02-07,Not recorded,3879
breweries/light-the-lamp-brewery,breweries,Light the Lamp Brewery,Grayslake,IL,60030,Brewpub,2020-02-07,Not recorded,2463
breweries/lightning-brewery,breweries,Lightning Brewery,Poway,CA,92064,Micro,2020-04-11,Not recorded,731
breweries/lil-charlies-restaurant-and-brewery,breweries,Lil’ Charlie’s Restaurant & Brewery,Batesville,IN,47006,Contract,2020-03-03,Not recorded,2597
breweries/lilly-pad-hopyard-brewery,breweries,Lilly Pad Hopyard Brewery,Lancing,TN,37770,Brewpub,2019-11-27,Not recorded,6542
breweries/lilys-seafood-restaurant-and-brewery,breweries,Lilys Seafood Restaurant and Brewery,Royal Oak,MI,48067,Brewpub,2020-03-03,Not recorded,3634
breweries/limestone-beer-co,breweries,Limestone Beer Co,Wichita,KS,67203,Brewpub,2020-02-07,Not recorded,2823
breweries/limestone-brewers,breweries,Limestone Brewers,Osage,IA,50461,Brewpub,2020-02-01,Not recorded,2242
breweries/limitless-brewing,breweries,Limitless Brewing,Lenexa,KS,66215,Taproom,2020-03-03,Not recorded,2799
breweries/lineage-brewing,breweries,Lineage Brewing,Columbus,OH,43202,Brewpub,2020-03-03,Not recorded,5435
breweries/linesider-brewing-company,breweries,LineSider Brewing Company,East Greenwich,RI,02818,Taproom,2020-03-03,Not recorded,6340
breweries/lion-brewery-inc-the,breweries,"Lion Brewery Inc, The",Wilkes Barre,PA,18705,Regional,2020-03-03,Not recorded,6315
breweries/lion-bridge-brewing-company,breweries,Lion Bridge Brewing Company,Cedar Rapids,IA,52404,Brewpub,2020-02-01,Not recorded,2186
breweries/lionstone-brewing,breweries,Lionstone Brewing,Geneseo,IL,61254,Brewpub,2020-03-03,Not recorded,2454
breweries/liquid-hero-brewery,breweries,Liquid Hero Brewery,York,PA,17401,Micro,2020-04-11,Not recorded,6325
breweries/liquid-mechanics-brewing-company,breweries,Liquid Mechanics Brewing Company,Lafayette,CO,80026,Micro,2020-03-03,Not recorded,1474
breweries/liquid-roots-brewing-project,breweries,Liquid Roots Brewing Project,Lenoir,NC,28645,Taproom,2020-03-03,Not recorded,4331
breweries/liquid-state-brewing-company,breweries,Liquid State Brewing Company,Ithaca,NY,14850,Taproom,2020-03-03,Not recorded,5094
breweries/listermann-brewing-company,breweries,Listermann Brewing Company,Cincinnati,OH,45207,Taproom,2020-03-03,Not recorded,5364
breweries/little-apple-brewing-co,breweries,Little Apple Brewing Co,Manhattan,KS,66502,Brewpub,2020-02-07,Not recorded,2800
breweries/little-creatures-brewing,breweries,Little Creatures Brewing,San Francisco,CA,94158,Brewpub,2020-03-03,Not recorded,909
breweries/little-dog-brewing-co,breweries,Little Dog Brewing Co.,Neptune City,NJ,07753,Taproom,2020-04-11,Not recorded,4701
breweries/little-fish-brewing-company,breweries,Little Fish Brewing Company,Athens,OH,45701,Brewpub,2020-03-03,Not recorded,5320
breweries/little-harpeth-brewing-co,breweries,Little Harpeth Brewing Co,Nashville,TN,37213,Micro,2019-11-27,Not recorded,6559
breweries/little-house-brewing-company,breweries,Little House Brewing Company,Chester,CT,06412,Taproom,2020-02-01,Not recorded,1609
breweries/little-miami-brewing-company,breweries,Little Miami Brewing Company,Milford,OH,45150,Brewpub,2020-03-03,Not recorded,5537
breweries/little-red-barn-brewing,breweries,Little Red Barn Brewing,Winsted,CT,06098,Taproom,2020-04-11,Not recorded,1691
breweries/little-thistle-brewing,breweries,Little Thistle Brewing,Rochester,MN,55901,Taproom,2020-04-11,Not recorded,3838
breweries/little-toad-creek-brewery-and-distillery,breweries,Little Toad Creek Brewery & Distillery,Silver City,NM,88061,Brewpub,2019-10-26,Not recorded,4836
breweries/live-oak-brewing-co,breweries,Live Oak Brewing Co,Del Valle,TX,78617,Regional,2020-03-03,Not recorded,6704
breweries/lively-beerworks,breweries,Lively Beerworks,Oklahoma City,OK,73109,Micro,2019-11-13,Not recorded,5620
breweries/living-the-dream-brewing-co,breweries,Living the Dream Brewing Co.,Littleton,CO,80125,Taproom,2020-03-03,Not recorded,1489
breweries/lo-fi-brewing,breweries,Lo-Fi Brewing,North Charleston,SC,29405,Micro,2020-03-03,Not recorded,6430
breweries/lo-rez-brewing,breweries,Lo Rez Brewing,Chicago,IL,60608,Taproom,2020-03-03,Not recorded,2378
breweries/loaded-question-brewing-co,breweries,Loaded Question Brewing Co.,Portsmouth,NH,03801,Taproom,2020-04-11,Not recorded,4600
breweries/local-315-brewing-company,breweries,Local 315 Brewing Company,Warners,NY,13164,Taproom,2020-04-11,Not recorded,5283
breweries/local-option,breweries,Local Option,Chicago,IL,60614,Contract,2020-03-03,Not recorded,2379
breweries/lock-15-brewing-co,breweries,Lock 15 Brewing Co,Akron,OH,44304,Brewpub,2020-03-03,Not recorded,5306
breweries/lock-27-brewing,breweries,Lock 27 Brewing,Centerville,OH,45458,Brewpub,2020-03-03,Not recorded,5350
breweries/lock-27-brewing-dayton-oh,breweries,Lock 27 Brewing,Dayton,OH,45402,Brewpub,2020-03-03,Not recorded,5466
breweries/lock-city-brewing,breweries,Lock City Brewing,Stamford,CT,06906,Micro,2020-03-03,Not recorded,1675
breweries/lockport-brewery,breweries,Lockport Brewery,Bolivar,OH,44612,Brewpub,2020-03-03,Not recorded,5332
breweries/lockport-brewery-bolivar-oh,breweries,Lockport Brewery,Bolivar,OH,44612,Brewpub,2020-03-03,Not recorded,5333
breweries/loco-patron-mexican-brewery,breweries,Loco Patron Mexican Brewery,Scottsdale,AZ,85260,Brewpub,2020-03-03,Not recorded,207
breweries/locust-cider-and-brewing-company,breweries,Locust Cider & Brewing Company,Woodinville,WA,98072,Taproom,2020-03-03,Not recorded,7660
breweries/lodi-beer-company,breweries,Lodi Beer Company,Lodi,CA,95240,Brewpub,2020-04-11,Not recorded,543
breweries/logansport-brewing-company,breweries,Logansport Brewing Company,Logansport,IN,46947,Brewpub,2020-04-11,Not recorded,2713
breweries/loggers-brewing-company,breweries,Loggers Brewing Company,Saginaw,MI,48609,Taproom,2020-03-03,Not recorded,3639
breweries/logsdon-farmhouse-ales,breweries,Logsdon Farmhouse Ales,Hood River,OR,97031,Taproom,2019-11-27,Not recorded,5756
breweries/logyard-brewing,breweries,Logyard Brewing,Kane,PA,16735,Taproom,2020-04-11,Not recorded,6126
breweries/lolo-peak-brewing-company,breweries,Lolo Peak Brewing Company,Lolo,MT,59847,Micro,2020-04-11,Not recorded,4105
breweries/loma-brewing-company,breweries,Loma Brewing Company,Los Gatos,CA,95030,Brewpub,2020-02-07,Not recorded,589
breweries/lone-mountain-farms,breweries,Lone Mountain Farms,ATHOL,ID,83801,Micro,2020-02-01,Not recorded,2260
breweries/lone-pine-brewing-company,breweries,Lone Pine Brewing Company,Portland,ME,04101,Micro,2020-02-07,Not recorded,3304
breweries/lone-pine-brewing-company-gorham-tasting-room,breweries,Lone Pine Brewing Company - Gorham Tasting Room,Gorham,ME,04038,Taproom,2020-03-03,Not recorded,3264
breweries/lone-pint-brewery,breweries,Lone Pint Brewery,Magnolia,TX,77355,Micro,2019-04-20,Not recorded,6800
breweries/lonerider-brewing-co,breweries,Lonerider Brewing Co,Raleigh,NC,27617,Regional,2020-03-03,Not recorded,4373
breweries/long-beach-brewing-company,breweries,Long Beach Brewing Company,Oceanside,NY,11572,Micro,2020-04-11,Not recorded,5161
breweries/long-blue-cat-brewing-co,breweries,Long Blue Cat Brewing Co,Londonderry,NH,03053,Brewpub,2020-04-11,Not recorded,4569
breweries/long-table-brewing,breweries,Long Table Brewing,Denver,CO,80207,Taproom,2020-03-03,Not recorded,1306
breweries/long-trail-brewing-co,breweries,Long Trail Brewing Co,Bridgewater Corners,VT,05035,Regional,2020-03-03,Not recorded,7216
breweries/long-wooden-spoon-brewing,breweries,Long Wooden Spoon Brewing,Amarillo,TX,79110,Micro,2020-04-11,Not recorded,6596
breweries/longtab-brewing-company-llc,breweries,Longtab Brewing Company LLC,San Antonio,TX,78238,Brewpub,2020-04-11,Not recorded,6856
breweries/looking-glass-brewing-company,breweries,Looking Glass Brewing Company,Dewitt,MI,48820,Brewpub,2020-04-11,Not recorded,3439
breweries/lookingglass-brewery,breweries,Lookingglass Brewery,Winston,OR,97496,Taproom,2020-03-03,Not recorded,5947
breweries/lookout-brewing-company,breweries,Lookout Brewing Company,Black Mountain,NC,28711,Taproom,2020-04-11,Not recorded,4181
breweries/loomis-basin-brewing-co,breweries,Loomis Basin Brewing Co,Loomis,CA,95650,Micro,2020-02-07,Not recorded,560
breweries/loop-brewing-co,breweries,Loop Brewing Co,Mc Cook,NE,69001,Brewpub,2020-03-03,Not recorded,4509
breweries/loose-rail-brewing,breweries,Loose Rail Brewing,Canal Winchester,OH,43110,Taproom,2020-04-11,Not recorded,5342
breweries/loose-shoe-brewing-company-llc,breweries,"Loose Shoe Brewing Company, LLC",Amherst,VA,24521,Micro,2020-02-07,Not recorded,6955
breweries/loowit-brewing,breweries,Loowit Brewing,Vancouver,WA,98660,Brewpub,2020-04-11,Not recorded,7628
breweries/lopez-island-brewing-co,breweries,Lopez Island Brewing Co,Lopez Island,WA,98261,Micro,2020-04-11,Not recorded,7403
breweries/lord-hobo-brewing-co,breweries,Lord Hobo Brewing Co,Woburn,MA,01801,Regional,2020-03-03,Not recorded,3101
breweries/los-angeles-ale-works,breweries,Los Angeles Ale Works,Hawthorne,CA,90250,Taproom,2020-03-03,Not recorded,476
breweries/los-dos-potrillos-mexican-restaurant-y-cerveceria,breweries,Los Dos Potrillos Mexican Restaurant y Cervecería,Parker,CO,80138,Brewpub,2020-03-03,Not recorded,1544
breweries/lost-cabin-beer-co,breweries,Lost Cabin Beer Co.,Rapid City,SD,57701,Taproom,2020-03-03,Not recorded,6460
breweries/lost-canoe-brewing-co,breweries,Lost Canoe Brewing Co,Snohomish,WA,98290,Taproom,2020-03-03,Not recorded,7549
breweries/lost-coast-brew-house,breweries,Lost Coast Brew House,Eureka,CA,95503,Brewpub,2020-03-03,Not recorded,427
breweries/lost-coast-brewery-and-cafe-table-bluff-brewing-inc,breweries,"Lost Coast Brewery and Cafe - Table Bluff Brewing, Inc.",Eureka,CA,95501,Regional,2020-03-03,Not recorded,428
breweries/lost-colony-brewery-and-cafe,breweries,Lost Colony Brewery and Cafe,Manteo,NC,27954,Brewpub,2020-03-03,Not recorded,4336
breweries/lost-dakota-brewing-co,breweries,Lost Dakota Brewing Co.,Bozeman,MT,59718,Taproom,2020-03-03,Not recorded,4058
breweries/lost-duck-brewing-co,breweries,Lost Duck Brewing Co.,Fort Madison,IA,52627,Brewpub,2020-02-01,Not recorded,2222
breweries/lost-forty-brewing,breweries,Lost Forty Brewing,Little Rock,AR,72202,Regional,2020-03-03,Not recorded,106
breweries/lost-friend-brewing-company,breweries,Lost Friend Brewing Company,Colorado Springs,CO,80918,Taproom,2020-04-11,Not recorded,1257
breweries/lost-grove-brewing,breweries,Lost Grove Brewing,Boise,ID,83706,Taproom,2020-02-01,Not recorded,2269
breweries/lost-kingdom-brewery-firehouse-distillery,breweries,Lost Kingdom Brewery / Firehouse Distillery,Ovid,NY,14521,Taproom,2020-03-03,Not recorded,5169
breweries/lost-nation-brewing,breweries,Lost Nation Brewing,Morrisville,VT,05661,Micro,2020-02-07,Not recorded,7239
breweries/lost-rhino-brewing-co,breweries,Lost Rhino Brewing Co,Ashburn,VA,20147,Micro,2020-02-07,Not recorded,6959
breweries/lost-rhino-retreat,breweries,Lost Rhino Retreat,Ashburn,VA,20148,Brewpub,2020-02-07,Not recorded,6960
breweries/lost-signal-brewing-company,breweries,Lost Signal Brewing Company,Springfield,MO,65806,Brewpub,2020-04-11,Not recorded,4005
breweries/lost-tavern-brewing,breweries,Lost Tavern Brewing,Hellertown,PA,18055,Taproom,2020-03-03,Not recorded,6104
breweries/lost-towns-brewing-company,breweries,Lost Towns Brewing Company,Gilbertville,MA,01031,Taproom,2020-04-11,Not recorded,2995
breweries/lost-way-brewery,breweries,Lost Way Brewery,Holdrege,NE,68949,Taproom,2020-03-03,Not recorded,4491
breweries/lost-winds-brewing-company,breweries,Lost Winds Brewing Company,San Clemente,CA,92673,Taproom,2020-04-11,Not recorded,808
breweries/loudoun-brewing-co,breweries,Loudoun Brewing Co,Leesburg,VA,20176,Micro,2020-02-07,Not recorded,7057
breweries/louisiana-purchase-brewing-company,breweries,Louisiana Purchase Brewing Company,Ponchatoula,LA,70454,Taproom,2020-03-03,Not recorded,2928
breweries/lovecraft-brewing-co,breweries,LoveCraft Brewing Co,Bremerton,WA,98337,Taproom,2020-03-03,Not recorded,7317
breweries/lovelady-brewing-company,breweries,Lovelady Brewing Company,Henderson,NV,89015,Micro,2020-03-03,Not recorded,4846
breweries/loveland-aleworks,breweries,Loveland Aleworks,Loveland,CO,80537,Micro,2020-04-11,Not recorded,1517
breweries/lowdown-brewery-kitchen,breweries,Lowdown Brewery + Kitchen,Denver,CO,80203,Brewpub,2020-02-07,Not recorded,1289
breweries/lowercase-brewing-production-facility,breweries,Lowercase Brewing - Production Facility,Seattle,WA,98108,Taproom,2020-03-03,Not recorded,7505
breweries/ltd-brewery,breweries,LTD Brewery,Hopkins,MN,55343,Taproom,yes,Not recorded,3763
breweries/lubec-brewing-co,breweries,Lubec Brewing Co,Lubec,ME,04652,Brewpub,2020-03-03,Not recorded,3279
breweries/lucky-devil-brewing,breweries,Lucky Devil Brewing,Berkeley,CA,94702,Contract,2020-03-03,Not recorded,306
breweries/lucky-envelope-brewing,breweries,Lucky Envelope Brewing,Seattle,WA,98107,Taproom,2020-03-03,Not recorded,7506
breweries/lucky-labrador-beer-hall,breweries,Lucky Labrador Beer Hall,Portland,OR,97209,Brewpub,2020-04-11,Not recorded,5846
breweries/lucky-luke-brewing-company,breweries,Lucky Luke Brewing Company,Palmdale,CA,93551,Taproom,2020-03-03,Not recorded,698
breweries/lucky-monk-burger-pizza-and-beer-co,breweries,"Lucky Monk Burger, Pizza & Beer Co",South Barrington,IL,60010,Brewpub,2020-04-11,Not recorded,2555
breweries/lucky-star-brewery,breweries,Lucky Star Brewery,Miamisburg,OH,45342,Brewpub,2020-03-03,Not recorded,5530
breweries/luckys-1313-brewpub,breweries,Lucky’s 1313 Brewpub,Madison,WI,53715,Brewpub,2020-02-07,Not recorded,7772
breweries/lumber-house-brewing-company,breweries,Lumber House Brewing Company,Black Diamond,WA,98010,Proprietor,2020-03-03,Not recorded,7305
breweries/luminous-brewhouse,breweries,Luminous Brewhouse,Sheridan,WY,82801,Brewpub,2020-03-03,Not recorded,7961
breweries/lunacy-brewing-company,breweries,Lunacy Brewing Company,Haddon Heights,NJ,08035,Taproom,2020-03-03,Not recorded,4667
breweries/lupine-brewing-co,breweries,LuPine Brewing Co,Delano,MN,55328,Micro,yes,Not recorded,3733
breweries/lupulin-brewing-sioux-falls,breweries,Lupulin Brewing - Sioux Falls,Sioux Falls,SD,57106,Taproom,2020-03-03,Not recorded,6465
breweries/lynchpin-beer-company-the-laundry,breweries,Lynchpin Beer Company / The Laundry,Fenton,MI,48430,Brewpub,2020-04-11,Not recorded,3454
breweries/lynlake-brewery,breweries,LynLake Brewery,Minneapolis,MN,55408,Taproom,2020-04-11,Not recorded,3802
breweries/lynnwood-brewing-concern,breweries,Lynnwood Brewing Concern,Raleigh,NC,27613,Brewpub,2020-03-03,Not recorded,4374
breweries/lynnwood-brewing-concern-raleigh-nc,breweries,Lynnwood Brewing Concern,Raleigh,NC,27604,Micro,2020-03-03,Not recorded,4375
breweries/m-i-a-beer-co,breweries,M.I.A. Beer Co,Doral,FL,33172,Micro,2020-04-11,Not recorded,1783
breweries/mac-and-jacks-brewery-inc,breweries,Mac and Jacks Brewery Inc,Redmond,WA,98052,Regional,2020-02-07,Not recorded,7460
breweries/machine-house-brewery,breweries,Machine House Brewery,Seattle,WA,98108,Taproom,2019-04-26,Not recorded,7480
breweries/mackinaw-brewing-co,breweries,Mackinaw Brewing Co,Traverse City,MI,49684,Brewpub,2020-03-03,Not recorded,3676
breweries/mackinaw-trail-brewing-company-mackinaw-trail-winery-and-brewery,breweries,Mackinaw Trail Brewing Company / Mackinaw Trail Winery and Brewery,Manistique,MI,49854,Taproom,2020-03-03,Not recorded,3575
breweries/macushla-brewing-co,breweries,Macushla Brewing Co,Glenview,IL,60025,Taproom,2020-03-03,Not recorded,2459
breweries/mad-beach-brewing,breweries,Mad Beach Brewing,Madeira Beach,FL,33708,Brewpub,2020-02-07,Not recorded,1863
breweries/mad-bomber-brewing-company,breweries,Mad Bomber Brewing Company,Hayden,ID,83835,Taproom,2020-02-01,Not recorded,2293
breweries/mad-chef-craft-brewing,breweries,Mad Chef Craft Brewing,East Petersburg,PA,17520,Brewpub,2020-04-11,Not recorded,6040
breweries/mad-county-brewing,breweries,Mad County Brewing,Marshall,NC,28753,Brewpub,2020-04-11,Not recorded,4338
breweries/mad-duck-craft-brewing-company-marks-and-herndon,breweries,Mad Duck Craft Brewing Company - Marks and Herndon,Fresno,CA,93711,Brewpub,2020-03-03,Not recorded,443
breweries/mad-knight-brewing-company,breweries,Mad Knight Brewing Company,Chattanooga,TN,37409,Taproom,2019-11-27,Yes,6484
breweries/mad-malts-brewery-and-tap-room,breweries,Mad Malts Brewery & Tap Room,Huntsville,AL,35801,Taproom,2020-03-03,Not recorded,66
breweries/mad-princes-brewing,breweries,Mad Princes Brewing,Buckingham,PA,18902,Taproom,2020-04-11,Not recorded,5987
breweries/mad-river-brewing-co,breweries,Mad River Brewing Co,Blue Lake,CA,95525,Micro,2020-03-03,Not recorded,317
other-places/mad-river-distillers,other-places,Mad River Distillers,,,,Distillery,yes,Yes,7969
breweries/mad-science-brewing-company,breweries,Mad Science Brewing Company,Adamstown,MD,21710,Taproom,2020-04-11,Not recorded,3107
breweries/mad-swede-brewing-co,breweries,Mad Swede Brewing Co.,Boise,ID,83709,Taproom,2020-02-01,Not recorded,2270
breweries/madcap-brew-co,breweries,MadCap Brew Co,Kent,OH,44240,Micro,2020-03-03,Not recorded,5500
breweries/madcow-brewing-co,breweries,Madcow Brewing Co.,Portland,OR,97233,Micro,2020-04-11,Not recorded,5847
breweries/madewest-brewing-company,breweries,Madewest Brewing Company,Ventura,CA,93003,Micro,2020-02-07,Not recorded,1120
breweries/madhouse-brewing-co,breweries,Madhouse Brewing Co,Des Moines,IA,50309,Taproom,2019-04-20,Not recorded,2209
breweries/madison-river-brewing-co,breweries,Madison River Brewing Co,Belgrade,MT,59714,Micro,2020-04-11,Not recorded,4039
breweries/madtree-brewing,breweries,MadTree Brewing,Cincinnati,OH,45209,Regional,2020-03-03,Not recorded,5365
breweries/madtree-brewing-cincinnati-oh,breweries,MadTree Brewing,Cincinnati,OH,45209,Regional,2020-03-03,Not recorded,5366
breweries/maelstrom-brewing-company,breweries,Maelstrom Brewing Company,Kirkland,WA,98033,Taproom,2020-03-03,Not recorded,7387
breweries/magic-valley-brewing,breweries,Magic Valley Brewing,Buhl,ID,83316,Brewpub,2020-02-01,Not recorded,2277
breweries/magnify-brewing-company,breweries,Magnify Brewing Company,Fairfield,NJ,07004,Micro,2020-04-11,Not recorded,4652
breweries/magnolia-dogpatch,breweries,Magnolia Dogpatch,San Francisco,CA,94107,Micro,2020-04-11,Not recorded,917
breweries/maidens-brewery,breweries,Maidens Brewery,Evansville,IN,47712,Brewpub,2020-03-03,Not recorded,2628
breweries/main-and-mill-brewing-company,breweries,Main And Mill Brewing Company,Festus,MO,63028,Brewpub,2020-03-03,Not recorded,3917
breweries/main-and-six-brewing-company,breweries,Main & Six Brewing Company,Jacksonville,FL,32206,Taproom,2020-03-03,Not recorded,1832
breweries/main-channel-brewing-company,breweries,Main Channel Brewing Company,Guntersville,AL,35976,Taproom,2020-03-03,Not recorded,61
breweries/main-sail-brewery-atwood-yacht-club,breweries,Main Sail Brewery / Atwood Yacht Club,Sherrodsville,OH,44675,Taproom,2020-04-11,Not recorded,5567
breweries/main-street-brewery,breweries,Main Street Brewery,Corona,CA,92880,Brewpub,2020-04-11,Not recorded,382
breweries/main-street-brewery-four-corners,breweries,Main Street Brewery/Four Corners,Cortez,CO,81321,Brewpub,2020-03-03,Not recorded,1274
breweries/main-street-brewing-inc-turonis-pizza,breweries,Main Street Brewing Inc/Turonis Pizza,Evansville,IN,47711,Brewpub,2020-04-11,Not recorded,2629
breweries/maine-beer-co,breweries,Maine Beer Co,Freeport,ME,04032,Regional,2019-11-13,Not recorded,3257
other-places/maine-craft-distilling,other-places,Maine Craft Distilling,Portland,ME,04101,,2019-04-20,Not recorded,3299
breweries/mainely-brews-restaurant-and-brewhouse,breweries,Mainely Brews Restaurant and Brewhouse,Waterville,ME,04901,Contract,2020-03-03,Not recorded,3337
breweries/makai-brewing-company,breweries,Makai Brewing Company,Ocean Isle Beach,NC,28469,Taproom,2020-04-11,Not recorded,4362
breweries/makers-craft-brewery,breweries,Maker’s Craft Brewery,Norfolk,VA,23504,Micro,2020-02-07,Not recorded,7091
breweries/malai-fort-worth,breweries,Malai Fort Worth,Fort Worth,TX,76109,Brewpub,2020-04-11,Not recorded,6730
breweries/man-skirt-brewing,breweries,Man Skirt Brewing,Hackettstown,NJ,07840,Micro,2020-03-03,Not recorded,4666
breweries/manatawny-creek-brewery,breweries,Manatawny Creek Brewery,Douglassville,PA,19518,Taproom,2020-03-03,Not recorded,6030
breweries/manfish-brewing,breweries,Manfish Brewing,Issaquah,WA,98027,Micro,2020-03-03,Not recorded,7374
breweries/manitou-brewing-company,breweries,Manitou Brewing Company,Manitou Springs,CO,80829,Brewpub,2020-04-11,Not recorded,1525
breweries/mantra-artisan-ales,breweries,Mantra Artisan Ales,Franklin,TN,37064,Micro,2019-11-27,Not recorded,6512
breweries/maple-island-brewing,breweries,Maple Island Brewing,Stillwater,MN,55082,Taproom,2020-03-03,Not recorded,3880
breweries/maple-lawn-brewery,breweries,Maple Lawn Brewery,Pomeroy,OH,45769,Taproom,2020-03-03,Not recorded,5557
breweries/maplewood-brewing-company,breweries,Maplewood Brewing Company,Chicago,IL,60647,Micro,2020-03-03,Not recorded,2380
breweries/marble-brewery-mav-lab,breweries,Marble Brewery - Mav Lab,Albuquerque,NM,87111,Micro,2020-04-11,Not recorded,4766
breweries/marble-brewery-production,breweries,Marble Brewery - Production,Albuquerque,NM,87102,Regional,2020-03-03,Not recorded,4757
breweries/marblehead-brewing-company,breweries,Marblehead Brewing Company,Marblehead,MA,01945,Micro,2020-03-03,Not recorded,3023
breweries/march-first-brewing,breweries,March First Brewing,Cincinnati,OH,45249,Brewpub,2020-03-03,Not recorded,5367
breweries/mare-island-brewing-co-coal-shed-brewery,breweries,Mare Island Brewing Co. - Coal Shed Brewery,Vallejo,CA,94592,Micro,2020-02-07,Not recorded,1112
breweries/marietta-brewing-co,breweries,Marietta Brewing Co,Marietta,OH,45750,Brewpub,2020-03-03,Not recorded,5518
breweries/marker-48-brewing-llc,breweries,Marker 48 Brewing LLC,Brooksville,FL,34613,Taproom,2020-04-11,Not recorded,1755
breweries/market-cross-pub-and-brewery,breweries,Market Cross Pub & Brewery,Carlisle,PA,17013,Brewpub,2020-03-03,Not recorded,5997
breweries/market-garden-brewery,breweries,Market Garden Brewery,Cleveland,OH,44113,Micro,2019-12-08,Not recorded,5391
breweries/market-garden-brewery-cleveland-oh,breweries,Market Garden Brewery,Cleveland,OH,44113,Micro,2019-12-08,Not recorded,5392
breweries/market-street-brewing-co,breweries,Market Street Brewing Co,Corning,NY,14830,Brewpub,2020-03-03,Not recorded,5005
breweries/market-street-public-house,breweries,Market Street Public House,Denton,MD,21629,Brewpub,2019-10-25,Not recorded,3147
breweries/marsh-island-brewing-company,breweries,Marsh Island Brewing Company,Orono,ME,04473,Micro,2019-04-20,Not recorded,3292
breweries/marshall-wharf-brewing-co,breweries,Marshall Wharf Brewing Co,Belfast,ME,04915,Micro,2020-02-07,Not recorded,3227
breweries/marthas-exchange-restaurant-and-brewery,breweries,Martha’s Exchange Restaurant and Brewery,Nashua,NH,03060,Brewpub,2020-03-03,Not recorded,4580
breweries/martin-house-brewing-company,breweries,Martin House Brewing Company,Fort Worth,TX,76111,Micro,2020-03-03,Not recorded,6725
breweries/marto-brewing-co,breweries,Marto Brewing Co.,Sioux City,IA,51101,Brewpub,2020-02-01,Not recorded,2250
breweries/marz-community-brewing,breweries,Marz Community Brewing,Chicago,IL,60609,Micro,2020-04-11,Not recorded,2395
breweries/marzonis-brick-oven-and-brewery,breweries,Marzoni’s Brick Oven and Brewery,Duncansville,PA,16635,Brewpub,2020-04-11,Not recorded,6039
breweries/mash-cult-brewing,breweries,Mash Cult Brewing,Florence,KY,41042,Taproom,2020-03-03,Not recorded,2842
breweries/mash-lab-brewing,breweries,Mash Lab Brewing,Windsor,CO,80550,Taproom,2020-03-03,Not recorded,1591
breweries/mashcraft-brewing,breweries,MashCraft Brewing,Greenwood,IN,46142,Micro,2020-03-03,Not recorded,2655
breweries/mashcraft-fishers,breweries,MashCraft Fishers,Fishers,IN,46038,Brewpub,2020-03-03,Not recorded,2636
breweries/mason-city-brewing,breweries,Mason City Brewing,Mason City,IA,50401,Taproom,2020-02-01,Not recorded,2235
breweries/masons-brewing-company,breweries,Mason’s Brewing Company,Brewer,ME,04412,Micro,2020-03-03,Not recorded,3241
breweries/mast-landing-brewing-company,breweries,Mast Landing Brewing Company,Westbrook,ME,04092,Taproom,2020-03-03,Not recorded,3339
breweries/masters-brewhouse,breweries,Masters Brewhouse,Deer Park,WA,99006,Brewpub,2020-03-03,Not recorded,7346
breweries/masthead-brewing-co,breweries,Masthead Brewing Co,Cleveland,OH,44114,Taproom,2020-03-03,Not recorded,5403
breweries/mastrys-brewing-co,breweries,Mastry’s Brewing Co,St Pete Beach,FL,33706,Taproom,2020-03-03,Not recorded,1988
breweries/matanuska-brewing-company,breweries,Matanuska Brewing Company,Palmer,AK,99645,Micro,2019-11-03,Not recorded,34
breweries/matchwood-brewing-company,breweries,Matchwood Brewing Company,Sandpoint,ID,83864,Brewpub,2020-02-01,Not recorded,2319
breweries/maui-brewing-co-brewpub,breweries,"Maui Brewing Co, Brewpub",Lahaina,HI,96761,Brewpub,2019-11-03,Not recorded,2156
breweries/maui-brewing-co-production,breweries,Maui Brewing Co - Production,Kihei,HI,96753,Regional,2020-02-01,Not recorded,2155
breweries/maumee-bay-brewing-co,breweries,Maumee Bay Brewing Co,Toledo,OH,43604,Brewpub,2020-03-03,Not recorded,5579
breweries/maxline-brewing,breweries,Maxline Brewing,Fort Collins,CO,80525,Taproom,2020-04-11,Not recorded,1409
breweries/maxs-fanno-creek-brew-pub,breweries,Max’s Fanno Creek Brew Pub,Tigard,OR,97223,Brewpub,2020-03-03,Not recorded,5933
breweries/mayday-brewery,breweries,Mayday Brewery,Murfreesboro,TN,37129,Micro,2019-11-27,Not recorded,6554
breweries/mayflower-brewing-co,breweries,Mayflower Brewing Co,Plymouth,MA,02360,Micro,2020-04-11,Not recorded,3055
breweries/mbf-brewing-co,breweries,MBF Brewing Co,Los Angeles,CA,90014,Contract,2020-02-07,Not recorded,565
breweries/mcallister-brewing-company,breweries,McAllister Brewing Company,North Wales,PA,19454,Brewpub,2020-04-11,Not recorded,6194
breweries/mcarthurs-brew-house,breweries,McArthur’s Brew House,Cuyahoga Falls,OH,44221,Brewpub,2020-03-03,Not recorded,5458
breweries/mccall-brewing-co,breweries,McCall Brewing Co,McCall,ID,83638,Brewpub,2020-02-01,Not recorded,2300
breweries/mcfleshmans-brewing-co,breweries,McFleshman’s Brewing Co,Appleton,WI,54911,Taproom,2020-04-11,Not recorded,7684
breweries/mcguires-irish-pub-and-brewery-destin,breweries,McGuire’s Irish Pub and Brewery - Destin,Destin,FL,32541,Brewpub,2020-02-07,Not recorded,1781
breweries/mcguires-irish-pub-and-brewery-pensacola,breweries,McGuire’s Irish Pub and Brewery - Pensacola,Pensacola,FL,32502,Brewpub,2020-03-03,Not recorded,1937
breweries/mchenry-brewing-company,breweries,McHenry Brewing Company,McHenry,IL,60050,Taproom,2020-03-03,Not recorded,2497
breweries/mckenzie-brew-house,breweries,McKenzie Brew House,Glen Mills,PA,19342,Brewpub,2020-03-03,Not recorded,6076
breweries/mcmenamins-breweries,breweries,McMenamins Breweries,Portland,OR,97217,Regional,2020-03-03,Not recorded,5829
breweries/mcmenamins-cedar-hills,breweries,McMenamins - Cedar Hills,Beaverton,OR,97005,Brewpub,2020-04-11,Not recorded,5668
breweries/mcmenamins-cornelius-pass-roadhouse,breweries,McMenamins Cornelius Pass Roadhouse,Hillsboro,OR,97124,Brewpub,2020-03-03,Not recorded,5752
breweries/mcmenamins-fulton-pub-and-brewery,breweries,McMenamins Fulton Pub and Brewery,Portland,OR,97239,Micro,2020-03-03,Not recorded,5830
breweries/mcmenamins-john-barleycorns,breweries,McMenamins John Barleycorns,Tigard,OR,97224,Brewpub,2020-03-03,Not recorded,5934
breweries/mcmenamins-kalama-harbor-lodge-brewery,breweries,McMenamins Kalama Harbor Lodge Brewery,Kalama,WA,98625,Brewpub,2020-04-11,Not recorded,7375
breweries/mcmenamins-lighthouse-brewery,breweries,McMenamins Lighthouse Brewery,Lincoln City,OR,97367,Brewpub,2020-04-11,Not recorded,5772
breweries/mcmenamins-mill-creek-brewery,breweries,McMenamins Mill Creek Brewery,Mill Creek,WA,98012,Brewpub,2020-04-11,Not recorded,7414
breweries/mcmenamins-oak-hills-brewery,breweries,McMenamins Oak Hills Brewery,Portland,OR,97229,Micro,2020-04-11,Not recorded,5848
breweries/mcmenamins-old-church-brewery,breweries,McMenamins Old Church Brewery,Wilsonville,OR,97070,Brewpub,2020-03-03,Not recorded,5944
breweries/mcmenamins-olympic-club-brewery,breweries,McMenamins Olympic Club Brewery,Centralia,WA,98531,Brewpub,2020-03-03,Not recorded,7333
breweries/mcmenamins-on-monroe,breweries,McMenamins on Monroe,Corvallis,OR,97330,Brewpub,2020-04-11,Not recorded,5708
breweries/mcmenamins-queen-anne-brewery,breweries,McMenamins Queen Anne Brewery,Seattle,WA,98109,Micro,2020-04-11,Not recorded,7513
breweries/mcmenamins-thompson-brewery,breweries,McMenamins Thompson Brewery,Salem,OR,97302,Micro,2020-03-03,Not recorded,5907
breweries/mczs-brew-pub,breweries,McZ’s Brew Pub,Rosholt,WI,54473,Brewpub,2020-02-07,Not recorded,7856
breweries/mecan-river-brewing-company,breweries,Mecan River Brewing Company,Coloma,WI,54930,Brewpub,2020-02-07,Not recorded,7708
breweries/mechanistic-brewing,breweries,Mechanistic Brewing,Clarion,PA,16214,Taproom,2020-04-11,Not recorded,6010
breweries/meddlesome-brewing-company,breweries,Meddlesome Brewing Company,Cordova,TN,38018,Micro,2019-06-02,Not recorded,6509
breweries/medusa-brewing-company,breweries,Medusa Brewing Company,Hudson,MA,01749,Taproom,2020-03-03,Not recorded,3008
breweries/mekleys-brewing-co,breweries,Mekley’s Brewing Co.,Cement City,MI,49233,Brewpub,2020-02-07,Not recorded,3405
breweries/melms-brewing-co,breweries,Melms Brewing Co,Hartland,WI,53029,Proprietor,2020-03-03,Not recorded,7740
breweries/mels-micro,breweries,Mel’s Micro,Richland Center,WI,53581,Brewpub,2020-02-07,Not recorded,7850
breweries/melvin-brewing,breweries,Melvin Brewing,Alpine,WY,83128,Regional,2019-10-26,Not recorded,7930
breweries/melvin-brewing-eureka-mo,breweries,Melvin Brewing,Eureka,MO,63025,Brewpub,2019-10-26,Not recorded,3914
breweries/melvin-brewing-bellingham,breweries,Melvin Brewing Bellingham,Bellingham,WA,98225,Brewpub,2019-10-26,Not recorded,7291
breweries/melvin-brewing-co-thai-me-up,breweries,Melvin Brewing Co (Thai Me Up),Jackson,WY,83001,Micro,2019-10-26,Not recorded,7945
breweries/melvin-brewing-san-diego-brewpub,breweries,Melvin Brewing San Diego Brewpub,San Diego,CA,92101,Brewpub,2019-10-26,Not recorded,816
breweries/memphis-made-brewing-company,breweries,Memphis Made Brewing Company,Memphis,TN,38104,Micro,2020-03-03,Not recorded,6550
breweries/menace-brewing-co,breweries,Menace Brewing Co,Bellingham,WA,98225,Taproom,2020-03-03,Not recorded,7294
breweries/merrimack-ales,breweries,Merrimack Ales,Lowell,MA,01852,Micro,2020-02-07,Not recorded,3016
breweries/metal-monkey-brewing-llc,breweries,Metal Monkey Brewing LLC,Romeoville,IL,60446,Micro,2020-02-07,Not recorded,2544
breweries/mexitaly-brick-oven-brewhouse,breweries,Mexitaly Brick Oven Brewhouse,York,PA,17402,Brewpub,2020-03-03,Not recorded,6324
breweries/mi-brewery-kayla-rae-cellars,breweries,MI Brewery / Kayla Rae Cellars,Rockford,MI,49341,Taproom,2020-04-11,Not recorded,3631
breweries/mica-town-brewing,breweries,Mica Town Brewing,Marion,NC,28752,Taproom,2020-03-03,Not recorded,4337
breweries/michigan-brewing-works,breweries,Michigan Brewing Works,Williamston,MI,48895,Taproom,2020-04-11,Not recorded,3700
breweries/mickduffs-brewing-co,breweries,MickDuff’s Brewing Co,Sandpoint,ID,83864,Brewpub,2019-11-03,Not recorded,2318
breweries/mickey-finns-brewery,breweries,Mickey Finns Brewery,Libertyville,IL,60048,Brewpub,2020-02-07,Not recorded,2486
breweries/middlecoast-brewing-company,breweries,MiddleCoast Brewing Company,Traverse City,MI,49684,Taproom,2020-03-03,Not recorded,3677
breweries/middleton-brewing-co,breweries,Middleton Brewing  Co,Everett,WA,98208,Brewpub,2020-03-03,Not recorded,7361
breweries/middleton-brewing-mbtx,breweries,Middleton Brewing (MBTX),San Marcos,TX,78666,Taproom,2020-03-03,Not recorded,6865
breweries/midland-brewing-co,breweries,Midland Brewing Co,Midland,MI,48642,Brewpub,yes,Not recorded,3587
breweries/midnight-brewery,breweries,Midnight Brewery,Rockville,VA,23146,Micro,2020-02-07,Not recorded,7145
breweries/midnight-oil-brewing,breweries,Midnight Oil Brewing,Newark,DE,19702,Taproom,2020-03-03,Not recorded,1719
breweries/midnight-sun-brewing-co,breweries,Midnight Sun Brewing Co,Anchorage,AK,99507,Micro,2019-11-03,Not recorded,11
breweries/midnite-mine-brewpub,breweries,Midnite Mine Brewpub,Fairbanks,AK,99701,Taproom,2019-11-03,Not recorded,18
breweries/midtown-brewing-co,breweries,Midtown Brewing Co,Lansing,MI,48933,Brewpub,yes,Not recorded,3556
breweries/midwest-coast-brewing-company,breweries,Midwest Coast Brewing Company,Chicago,IL,60612,Taproom,2020-04-11,Not recorded,2396
breweries/miel-brewery-and-taproom,breweries,Miel Brewery & Taproom,New Orleans,LA,70115,Taproom,2020-03-03,Not recorded,2918
breweries/mighty-river-brewing-company,breweries,Mighty River Brewing Company,Windsor,CO,80550,Taproom,2020-03-03,Not recorded,1592
breweries/migration-brewing-co,breweries,Migration Brewing Co,Portland,OR,97230,Micro,2020-04-11,Not recorded,5849
breweries/migration-brewing-co-portland-or,breweries,Migration Brewing Co,Portland,OR,97232,Brewpub,2020-04-11,Not recorded,5850
breweries/mike-hess-brewing-miramar,breweries,Mike Hess Brewing - Miramar,San Diego,CA,92126,Micro,2019-11-03,Not recorded,818
breweries/mikerphone-brewing,breweries,Mikerphone Brewing,Elk Grove Village,IL,60007,Micro,2020-04-11,Not recorded,2439
breweries/mikkeller-brewing-nyc,breweries,Mikkeller Brewing NYC,Flushing,NY,11368,Brewpub,2019-11-03,Not recorded,5036
breweries/mikkeller-brewing-san-diego,breweries,Mikkeller Brewing San Diego,San Diego,CA,92126,Micro,2019-11-03,Not recorded,819
breweries/mile-post-111-brewing,breweries,Mile Post 111 Brewing,Cashmere,WA,98815,Brewpub,2019-11-03,Not recorded,7329
breweries/mile-wide-beer-co,breweries,Mile Wide Beer Co.,Louisville,KY,40204,Taproom,2019-11-03,Not recorded,2867
breweries/miles-craft-ales-miles-wine-cellars,breweries,Miles Craft Ales @ Miles Wine Cellars,Himrod,NY,14842,Contract,2020-03-03,Not recorded,5076
breweries/milford-point-brewing-company,breweries,Milford Point Brewing Company,Milford,CT,06460,Micro,2020-02-07,Not recorded,1637
breweries/mill-creek-brewing-co,breweries,Mill Creek Brewing Co.,Nolensville,TN,37135,Micro,2020-04-11,Not recorded,6577
breweries/mill-house-brewing-company,breweries,Mill House Brewing Company,Poughkeepsie,NY,12601,Brewpub,2020-03-03,Not recorded,5198
breweries/mill-river-brewing-bbq-and-smokehouse,breweries,Mill River Brewing BBQ & Smokehouse,Saint Albans City,VT,05478,Brewpub,2020-03-03,Not recorded,7251
breweries/mill-valley-beer-works,breweries,Mill Valley Beer Works,Mill Valley,CA,94941,Brewpub,2020-02-07,Not recorded,607
breweries/millercoors-brewing-co-albany,breweries,MillerCoors Brewing Co - Albany,Albany,GA,31705,Largge,2020-03-03,Not recorded,2047
breweries/millercoors-brewing-co-fort-worth,breweries,MillerCoors Brewing Co - Fort Worth,Fort Worth,TX,76134,Largge,2020-03-03,Not recorded,6726
breweries/millercoors-brewing-co-golden,breweries,MillerCoors Brewing Co - Golden,Golden,CO,80401,Largge,2020-02-07,Not recorded,1436
breweries/millercoors-brewing-co-irwindale,breweries,MillerCoors Brewing Co - Irwindale,Irwindale,CA,91706,Largge,2020-02-07,Not recorded,499
breweries/millercoors-brewing-co-shenandoah-facility,breweries,MillerCoors Brewing Co - Shenandoah Facility,Elkton,VA,22827,Largge,2020-03-03,Not recorded,7017
breweries/millercoors-brewing-co-trenton,breweries,MillerCoors Brewing Co - Trenton,Trenton,OH,45067,Largge,2019-12-08,Not recorded,5582
breweries/mills-river-brewery,breweries,Mills River Brewery,Arden,NC,28704,Brewpub,2020-03-03,Not recorded,4140
breweries/millstone-pizza-company-and-brewery,breweries,Millstone Pizza Company and Brewery,Cody,WY,82414,Brewpub,2020-02-07,Not recorded,7938
breweries/millstream-brewing-co,breweries,Millstream Brewing Co,Amana,IA,52203,Brewpub,2020-02-01,Not recorded,2164
breweries/millwood-brewing-company,breweries,Millwood Brewing Company,Spokane,WA,99212,Taproom,2020-03-03,Not recorded,7570
breweries/milwaukee-ale-house,breweries,Milwaukee Ale House,Milwaukee,WI,53202,Brewpub,2020-02-07,Not recorded,7798
breweries/milwaukee-brewing-company,breweries,Milwaukee Brewing Company,Milwaukee,WI,53233,Micro,2020-03-03,Not recorded,7803
breweries/milwaukee-premium-brewing-co,breweries,Milwaukee Premium Brewing Co,Glendale,WI,53209,Contract,2020-03-03,Not recorded,7727
breweries/minglewood-brewery,breweries,Minglewood Brewery,Cape Girardeau,MO,63701,Brewpub,2019-11-03,Not recorded,3903
breweries/minhas-craft-brewery,breweries,Minhas Craft Brewery,Monroe,WI,53566,Regional,2019-11-27,Not recorded,7823
breweries/minneapolis-town-hall-brewery,breweries,Minneapolis Town Hall Brewery,Minneapolis,MN,55454,Brewpub,2020-04-11,Not recorded,3803
breweries/mirage-beer-co,breweries,Mirage Beer Co.,Tacoma,WA,98407,Proprietor,2020-03-03,Not recorded,7601
breweries/mirror-image-brewing-co,breweries,Mirror Image Brewing Co.,Frederick,CO,80530,Brewpub,2020-03-03,Not recorded,1426
breweries/mirror-twin-brewing,breweries,Mirror Twin Brewing,Lexington,KY,40502,Brewpub,2020-02-01,Not recorded,2855
breweries/mispillion-river-brewing,breweries,Mispillion River Brewing,Milford,DE,19963,Micro,2020-04-11,Not recorded,1717
breweries/missing-falls-brewery,breweries,Missing Falls Brewery,Akron,OH,44311,Taproom,2020-04-11,Not recorded,5311
breweries/missing-links-brewery,breweries,Missing Links Brewery,Renfrew,PA,16053,Brewpub,2020-04-11,Not recorded,6270
breweries/missing-mountain-brewing-company,breweries,Missing Mountain Brewing Company,Cuyahoga Falls,OH,44262,Brewpub,2020-03-03,Not recorded,5459
breweries/missoula-brewing-company,breweries,Missoula Brewing Company,Missoula,MT,59808,Brewpub,2019-11-27,Yes,4108
breweries/missouri-beer-company,breweries,Missouri Beer Company,O Fallon,MO,63366,Micro,2020-04-11,Not recorded,3957
breweries/missouri-breaks-brewing,breweries,Missouri Breaks Brewing,Wolf Point,MT,59201,Taproom,2020-04-11,Not recorded,4130
breweries/mistress-brewing-company,breweries,Mistress Brewing Company,Ankeny,IA,50023,Taproom,2020-02-01,Not recorded,2168
breweries/misty-mountain-brewery,breweries,Misty Mountain Brewery,Brookings,OR,97415,Brewpub,2020-03-03,Not recorded,5698
breweries/mitten-brewing-co-northport,breweries,Mitten Brewing Co - Northport,Northport,MI,49670,Brewpub,2019-11-03,Not recorded,3603
breweries/moab-brewery,breweries,Moab Brewery,Moab,UT,84532,Micro,2019-11-03,Not recorded,6907
breweries/mobcraft-beer,breweries,MobCraft Beer,Milwaukee,WI,53204,Micro,2019-11-03,Not recorded,7793
breweries/mobtown-brewing-co,breweries,Mobtown Brewing Co,Baltimore,MD,21224,Taproom,2020-03-03,Not recorded,3118
breweries/moby-dick-brewing-co,breweries,Moby Dick Brewing Co.,New Bedford,MA,02740,Brewpub,2020-02-07,Not recorded,3037
breweries/moderation-brewing,breweries,Moderation Brewing,Brunswick,ME,04011,Taproom,2020-03-03,Not recorded,3244
breweries/modern-times-barrel-house,breweries,Modern Times Barrel House,San Diego,CA,92110,Micro,2019-11-27,Not recorded,820
breweries/modern-times-beer,breweries,Modern Times Beer,San Diego,CA,92110,Regional,2019-11-27,Not recorded,821
breweries/modern-times-the-belmont-fermentorium,breweries,Modern Times - The Belmont Fermentorium,Portland,OR,97214,Brewpub,2019-11-27,Not recorded,5815
breweries/modern-times-the-dankness-dojo,breweries,Modern Times - The Dankness Dojo,Los Angeles,CA,90014,Brewpub,2019-11-27,Not recorded,562
breweries/modicum-brewing,breweries,Modicum Brewing,Altoona,WI,54720,Taproom,2020-04-11,Not recorded,7678
breweries/modist-brewing-company,breweries,Modist Brewing Company,Minneapolis,MN,55401,Micro,yes,Not recorded,3805
breweries/moerlein-lager-house,breweries,Moerlein Lager House,Cincinnati,OH,45202,Brewpub,2020-03-03,Not recorded,5368
breweries/mohegan-cafe-and-brewery,breweries,Mohegan Cafe and Brewery,Block Island,RI,02807,Brewpub,2019-11-27,Not recorded,6337
breweries/moksa-brewing-co,breweries,Moksa Brewing Co,Rocklin,CA,95677,Micro,2020-04-11,Not recorded,771
breweries/mollys-blind-dog-brewery,breweries,Molly’s Blind Dog Brewery,Chester,VA,23831,Taproom,2020-03-03,Not recorded,6999
breweries/momac-brewing-company,breweries,MoMac Brewing Company,Portsmouth,VA,23703,Micro,2020-02-07,Not recorded,7103
breweries/monadnock-brewing-company-inc,breweries,"Monadnock Brewing Company, Inc",Langdon,NH,03602,Micro,2020-04-11,Not recorded,4564
breweries/monarch-brewing-company,breweries,Monarch Brewing Company,Monticello,IL,61856,Brewpub,2020-03-03,Not recorded,2502
other-places/monday-com,other-places,monday.com,New York,NY,10011,,2019-12-08,Not recorded,5144
breweries/monday-night-brewing,breweries,Monday Night Brewing,Atlanta,GA,30318,Regional,12/20.2019,Not recorded,2067
breweries/monday-night-brewing-garage,breweries,Monday Night Brewing - Garage,Atlanta,GA,30310,Micro,12/20.2019,Not recorded,2068
breweries/monkey-town-brewing-company,breweries,Monkey Town Brewing Company,Dayton,TN,37321,Brewpub,2019-11-27,Not recorded,6511
breweries/monkish-brewing-co,breweries,Monkish Brewing Co,Torrance,CA,90501,Taproom,2020-03-03,Not recorded,1086
breweries/monkless-belgian-ales,breweries,Monkless Belgian Ales,Bend,OR,97701,Micro,2020-03-03,Not recorded,5679
breweries/monnik-beer-company,breweries,Monnik Beer Company,Louisville,KY,40217,Brewpub,2020-03-03,Not recorded,2871
breweries/montauk-brewing-co,breweries,Montauk Brewing Co,Montauk,NY,11954,Micro,2020-04-11,Not recorded,5134
breweries/montavilla-brew-works,breweries,Montavilla Brew Works,Portland,OR,97215,Taproom,2020-04-11,Not recorded,5851
breweries/montclair-brewery,breweries,Montclair Brewery,Montclair,NJ,07042,Taproom,2020-04-11,Not recorded,4698
breweries/monterey-coast-brewing,breweries,Monterey Coast Brewing,Salinas,CA,93901,Brewpub,2020-02-07,Not recorded,803
breweries/montucky-cold-snacks,breweries,Montucky Cold Snacks,Bozeman,MT,59718,Contract,2019-11-27,Not recorded,4056
breweries/monzula-farm-brewery-vineyard-22,breweries,Monzula Farm Brewery / Vineyard 22,Cadiz,OH,43907,Taproom,2020-03-03,Not recorded,5339
breweries/moo-duck-brewery,breweries,Moo-Duck Brewery,Elizabethtown,PA,17022,Brewpub,2020-03-03,Not recorded,6048
breweries/moody-tongue-brewing-company,breweries,Moody Tongue Brewing Company,Chicago,IL,60616,Micro,2020-03-03,Not recorded,2381
breweries/moon-hill-brewing-co-inc,breweries,"Moon Hill Brewing Co., Inc.",Gardner,MA,01440,Brewpub,2020-04-11,Not recorded,2994
breweries/moon-river-brewing-co,breweries,Moon River Brewing Co,Savannah,GA,31401,Brewpub,2020-02-07,Not recorded,2128
breweries/moon-tower-sudworks,breweries,Moon Tower Sudworks,Houston,TX,77003,Brewpub,2019-10-26,Not recorded,6756
breweries/moonlight-brewing-co,breweries,Moonlight Brewing Co,Santa Rosa,CA,95403,Largge,2020-03-03,Not recorded,1014
breweries/moonlight-meadery-hidden-moon-brewing,breweries,Moonlight Meadery/Hidden Moon Brewing,Londonderry,NH,03053,Contract,2020-03-03,Not recorded,4568
breweries/moonraker-brewing-co,breweries,Moonraker Brewing Co.,Auburn,CA,95602,Taproom,2019-11-27,Not recorded,288
breweries/moonraker-brewing-company-production-facility,breweries,Moonraker Brewing Company (Production Facility),Auburn,CA,95602,Micro,2019-11-27,Not recorded,289
breweries/moonridge-brewpub,breweries,MoonRidge Brewpub,Cornell,WI,54732,Brewpub,2019-11-27,Not recorded,7710
breweries/moonrise-brewing-company,breweries,Moonrise Brewing Company,Palm Coast,FL,32137,Brewpub,2019-11-27,Not recorded,1927
breweries/moontown-brewing,breweries,Moontown Brewing,Whitestown,IN,46075,Brewpub,2020-02-07,Not recorded,2775
breweries/morgantown-brewing-company,breweries,Morgantown Brewing Company,Morgantown,WV,26505,Brewpub,2020-02-07,Not recorded,7917
breweries/moscow-brewing-company,breweries,Moscow Brewing Company,Moscow,ID,83843,Brewpub,2020-02-01,Not recorded,2303
breweries/moss-mill-brewing,breweries,Moss Mill Brewing,Huntingdon Valley,PA,19006,Taproom,2020-03-03,Not recorded,6116
breweries/mother-bunch-brewing-inc,breweries,"Mother Bunch Brewing, Inc.",Phoenix,AZ,85006,Brewpub,2020-03-03,Not recorded,182
breweries/mother-earth-brew-co-llc,breweries,Mother Earth Brew Co LLC,Nampa,ID,83687,Micro,2020-02-01,Not recorded,2307
breweries/mother-earth-brew-co-llc-vista-ca,breweries,Mother Earth Brew Co LLC,Vista,CA,92081,Regional,12/20.2019,Not recorded,1138
breweries/mother-road-brewery-and-taproom,breweries,Mother Road Brewery and Taproom,Flagstaff,AZ,86001,Micro,2020-04-11,Not recorded,146
breweries/mother-road-brewing-co,breweries,Mother Road Brewing Co,Flagstaff,AZ,86001,Micro,2020-03-03,Not recorded,144
breweries/mother-stewarts-brewing-co,breweries,Mother Stewart’s Brewing Co,Springfield,OH,45504,Taproom,2020-04-11,Not recorded,5569
breweries/motor-city-brewing-works,breweries,Motor City Brewing Works,Detroit,MI,48201,Brewpub,2020-02-07,Not recorded,3432
breweries/motor-city-brewing-works-warehouse,breweries,Motor City Brewing Works Warehouse,Detroit,MI,48201,Micro,2020-04-11,Not recorded,3435
breweries/motosonora-brewing-company,breweries,MotoSonora Brewing Company,Tucson,AZ,85719,Contract,2020-03-03,Not recorded,231
breweries/mount-diablo-brewing-company,breweries,Mount Diablo Brewing Company,Pleasanton,CA,94588,Micro,2020-02-07,Not recorded,723
breweries/mount-dora-brewing-co,breweries,Mount Dora Brewing Co,Mount Dora,FL,32757,Brewpub,2020-04-11,Not recorded,1885
breweries/mount-ida-reserve,breweries,Mount Ida Reserve,Charlottesville,VA,22902,Micro,2020-02-07,Not recorded,6988
breweries/mount-shasta-brewing-co,breweries,Mount Shasta Brewing Co,Weed,CA,96094,Micro,2020-02-07,Not recorded,1152
breweries/mountain-mikes-pizza,breweries,Mountain Mike’s Pizza,Windsor,CA,95492,Brewpub,2020-02-07,Not recorded,1163
breweries/mountain-rambler-brewery,breweries,Mountain Rambler Brewery,Bishop,CA,93514,Brewpub,2020-03-03,Not recorded,314
breweries/mountain-tap-brewery,breweries,Mountain Tap Brewery,Steamboat Springs,CO,80487,Brewpub,2020-03-03,Not recorded,1564
breweries/mountain-toad-brewing,breweries,Mountain Toad Brewing,Golden,CO,80401,Taproom,2019-10-26,Yes,1435
breweries/mountain-town-station-restaurant-and-brew-pub,breweries,Mountain Town Station Restaurant & Brew Pub,Mt Pleasant,MI,48858,Brewpub,yes,Not recorded,3593
breweries/mountain-view-brewing,breweries,Mountain View Brewing,Grants Pass,OR,97527,Micro,2020-04-11,Not recorded,5740
breweries/mountains-walking,breweries,Mountains Walking,Bozeman,MT,59718,Brewpub,2020-04-11,Not recorded,4061
breweries/moylans-brewery-and-restaurant,breweries,Moylan’s Brewery & Restaurant,Novato,CA,94945,Brewpub,2020-04-11,Not recorded,654
breweries/mt-head-brewing-co,breweries,MT Head Brewing Co,Walla Walla,WA,99324,Taproom,2020-03-03,Not recorded,7639
breweries/mt-rushmore-brewing-company,breweries,Mt. Rushmore Brewing Company,Custer,SD,57730,Brewpub,2020-03-03,Not recorded,6453
breweries/mucho-aloha-beer-company,breweries,Mucho Aloha Beer Company,Santa Barbara,CA,93108,Contract,2020-03-03,Not recorded,990
breweries/mucky-duck-brewery,breweries,Mucky Duck Brewery,Akron,OH,44319,Brewpub,2020-03-03,Not recorded,5307
breweries/mud-hound-brewing-co-macdowell-brew-kitchen,breweries,Mud Hound Brewing Co / MacDowell Brew Kitchen,Leesburg,VA,20175,Brewpub,2020-02-07,Not recorded,7058
breweries/mudbug-brewery,breweries,Mudbug Brewery,Thibodaux,LA,70302,Taproom,2020-04-11,Not recorded,2933
breweries/mudhen-brewing-company,breweries,Mudhen Brewing Company,Wildwood,NJ,08260,Brewpub,2020-03-03,Not recorded,4741
breweries/mudhook-brewing-co,breweries,Mudhook Brewing Co,York,PA,17401,Brewpub,2020-04-11,Not recorded,6326
breweries/mudshark-brewing-co,breweries,Mudshark Brewing Co,Lake Havasu City,AZ,86403,Micro,2020-02-07,Not recorded,164
breweries/mule-and-elk-brewing-co,breweries,Mule & Elk Brewing Co,Cle Elum,WA,98922,Taproom,2020-03-03,Not recorded,7338
breweries/mullys-brewery,breweries,Mully’s Brewery,Prince Frederick,MD,20678,Taproom,2020-03-03,Not recorded,3190
breweries/mumford-brewing-company,breweries,Mumford Brewing Company,Los Angeles,CA,90013,Taproom,2020-04-11,Not recorded,582
breweries/municipal-brew-works,breweries,Municipal Brew Works,Hamilton,OH,45011,Taproom,2020-04-11,Not recorded,5489
breweries/muskogee-brewing-company,breweries,Muskogee Brewing Company,Muskogee,OK,74401,Micro,2020-04-11,Not recorded,5615
breweries/mustang-sally-brewing-co,breweries,Mustang Sally Brewing Co,Chantilly,VA,20151,Micro,2020-02-07,Not recorded,6986
breweries/my-old-kentucky-foam,breweries,My Old Kentucky Foam,Georgetown,KY,40324,Taproom,2020-04-11,Not recorded,2845
breweries/nailers-brewing-company,breweries,Nailers Brewing Company,Whiteland,IN,46184,Brewpub,2020-04-11,Not recorded,2774
breweries/naked-dove-brewing-company,breweries,Naked Dove Brewing Company,Canandaigua,NY,14424,Micro,2020-03-03,Not recorded,4974
breweries/naked-river-brewing-company,breweries,Naked River Brewing Company,Chattanooga,TN,37408,Brewpub,2019-11-27,Not recorded,6485
breweries/nano-brew-cleveland,breweries,Nano Brew Cleveland,Cleveland,OH,44113,Brewpub,2020-03-03,Not recorded,5404
breweries/nantahala-brewing-co,breweries,Nantahala Brewing Co,Bryson City,NC,28713,Micro,2020-04-11,Not recorded,4189
breweries/napa-palisades-beer-company,breweries,Napa Palisades Beer Company,Napa,CA,94559,Proprietor,2020-02-07,Yes,633
breweries/napa-smith-brewery,breweries,Napa Smith Brewery,Vallejo,CA,94589,Micro,2020-03-03,Not recorded,1113
breweries/napa-valley-brewing-co-calistoga-inn,breweries,Napa Valley Brewing Co/ Calistoga Inn,Calistoga,CA,94515,Brewpub,2020-03-03,Not recorded,330
breweries/naples-beach-brewery,breweries,Naples Beach Brewery,Naples,FL,34104,Taproom,2020-03-03,Not recorded,1887
breweries/narrow-gauge-brewing-company,breweries,Narrow Gauge Brewing Company,Florissant,MO,63031,Taproom,2020-04-11,Not recorded,3918
breweries/narrow-path-brewing-company,breweries,Narrow Path Brewing Company,Loveland,OH,45140,Taproom,2020-03-03,Not recorded,5511
breweries/natchez-brewing-co,breweries,Natchez Brewing Co,Natchez,MS,39120,Micro,2020-04-11,Not recorded,4031
breweries/natian-brewery,breweries,Natian Brewery,Portland,OR,97232,Micro,2020-03-03,Not recorded,5831
breweries/natty-greenes-brewing-co,breweries,Natty Greene’s Brewing Co,Greensboro,NC,27403,Brewpub,2020-03-03,Not recorded,"4292,4293"
breweries/navigation-brewing-co,breweries,Navigation Brewing Co,Lowell,MA,01851,Taproom,2020-03-03,Not recorded,3017
breweries/nc-state-brewery,breweries,NC State Brewery,Raleigh,NC,27695,Micro,2020-03-03,Not recorded,4376
breweries/neches-brewing-company,breweries,Neches Brewing Company,Port Neches,TX,77651,Brewpub,2020-03-03,Not recorded,6831
breweries/nepenthe-brewing-co,breweries,Nepenthe Brewing Co.,Baltimore,MD,21211,Brewpub,2020-02-07,Not recorded,3115
breweries/neshaminy-creek-brewing-co,breweries,Neshaminy Creek Brewing Co,Croydon,PA,19021,Regional,2020-03-03,Not recorded,6021
breweries/never-summer-brewing-co,breweries,Never Summer Brewing Co,Granby,CO,80446,Taproom,2020-03-03,Not recorded,1446
breweries/new-anthem-beer-project,breweries,New Anthem Beer Project,Wilmington,NC,28401,Taproom,2020-04-11,Not recorded,4437
breweries/new-barons-brewing-cooperative,breweries,New Barons Brewing Cooperative,Milwaukee,WI,53207,Micro,2020-04-11,Not recorded,7812
breweries/new-belgium-brewing-co,breweries,New Belgium Brewing Co,Asheville,NC,28806,Regional,12/20.2019,Not recorded,4160
breweries/new-belgium-brewing-co-fort-collins-co,breweries,New Belgium Brewing Co,Fort Collins,CO,80524,Regional,12/20.2019,Not recorded,1412
breweries/new-belgium-brewing-denver-pilot-at-the-source,breweries,New Belgium Brewing - Denver Pilot At the Source,Denver,CO,80216,Micro,12/20.2019,Not recorded,1333
breweries/new-city-brewery,breweries,New City Brewery,Easthampton,MA,01027,Taproom,2020-03-03,Not recorded,2977
breweries/new-crescent-brewing-co,breweries,New Crescent Brewing Co.,Irwin,PA,15642,Micro,2020-04-11,Not recorded,6120
breweries/new-england-brewing-co,breweries,New England Brewing Co,Woodbridge,CT,06525,Regional,2019-11-13,Yes,1693
breweries/new-era-fine-fermentations,breweries,New Era Fine Fermentations,Tulsa,OK,74120,Brewpub,2020-04-11,Not recorded,5643
breweries/new-glory-craft-brewery,breweries,New Glory Craft Brewery,Sacramento,CA,95826,Taproom,2020-03-03,Not recorded,790
breweries/new-groove-artisan-brewery,breweries,New Groove Artisan Brewery,Boiling Springs,SC,29316,Brewpub,2020-04-11,Not recorded,6369
breweries/new-helvetia-brewing-company,breweries,New Helvetia Brewing Company,Sacramento,CA,95818,Taproom,2019-04-20,Yes,780
breweries/new-holland-brewing-co,breweries,New Holland Brewing Co,Holland,MI,49424,Regional,2020-03-03,Not recorded,3513
breweries/new-image-brewing-co,breweries,New Image Brewing Co,Arvada,CO,80002,Brewpub,2020-04-11,Not recorded,1179
breweries/new-madison-brewing,breweries,New Madison Brewing,Madison,IN,47250,Taproom,2020-03-03,Not recorded,2714
breweries/new-oberpfalz-brewing,breweries,New Oberpfalz Brewing,Griffith,IN,46319,Taproom,2020-03-03,Not recorded,2659
breweries/new-park-brewing,breweries,New Park Brewing,West Hartford,CT,06110,Micro,2020-04-11,Not recorded,1686
breweries/new-planet-beer-co,breweries,New Planet Beer Co,Boulder,CO,80304,Contract,2020-03-03,Not recorded,1207
breweries/new-realm-brewing,breweries,New Realm Brewing,Atlanta,GA,30306,Micro,2020-03-03,Not recorded,2060
breweries/new-realm-brewing-virginia-beach-va,breweries,New Realm Brewing,Virginia Beach,VA,23454,Micro,2020-02-07,Not recorded,7174
breweries/new-republic-brewing,breweries,New Republic Brewing,College Station,TX,77845,Micro,2019-04-20,Not recorded,6670
breweries/new-river-brewing,breweries,New River Brewing,West Jefferson,NC,28694,Brewpub,2020-04-11,Not recorded,4428
breweries/new-smyrna-beach-brewing-co,breweries,New Smyrna Beach Brewing Co,New Smyrna Beach,FL,32168,Taproom,2020-03-03,Not recorded,1896
breweries/new-terrain-brewing-company,breweries,New Terrain Brewing Company,Golden,CO,80403,Taproom,2020-04-11,Not recorded,1442
breweries/new-trail-brewing-company,breweries,New Trail Brewing Company,Williamsport,PA,17701,Micro,2020-03-03,Not recorded,6319
breweries/new-village-brewery-and-taproom,breweries,New Village Brewery and Taproom,Oriental,NC,28571,Taproom,2020-03-03,Not recorded,4364
breweries/new-york-beer-project,breweries,New York Beer Project,Lockport,NY,14094,Brewpub,2020-04-11,Not recorded,5114
breweries/newburgh-brewing-company,breweries,Newburgh Brewing Company,Newburgh,NY,12550,Micro,2020-04-11,Not recorded,5155
breweries/newburyport-brewing-co,breweries,Newburyport Brewing Co,Newburyport,MA,01950,Micro,2020-03-03,Not recorded,3039
breweries/newfangled-brew-works,breweries,Newfangled Brew Works,Harrisburg,PA,17111,Brewpub,2019-11-03,Not recorded,6091
breweries/next-door-brewing-company,breweries,Next Door Brewing Company,Madison,WI,53704,Brewpub,2020-04-11,Not recorded,7775
breweries/next-trick-brewing-llc,breweries,Next Trick Brewing LLC,West Burke,VT,05871,Taproom,2020-04-11,Not recorded,7266
breweries/nexus-brewery,breweries,Nexus Brewery,Albuquerque,NM,87109,Brewpub,2020-03-03,Not recorded,4758
breweries/niantic-public-house-and-brewery,breweries,Niantic Public House and Brewery,Niantic,CT,06357,Taproom,2019-11-03,Not recorded,1654
breweries/nickelpoint-brewing-co,breweries,Nickelpoint Brewing Co,Raleigh,NC,27608,Micro,2020-03-03,Not recorded,4377
breweries/night-lizard-brewing-company,breweries,Night Lizard Brewing Company,Santa Barbara,CA,93101,Taproom,2020-04-11,Not recorded,993
breweries/nightlife-brewing-co,breweries,NightLife Brewing Co,Miami,FL,33125,Micro,2020-03-03,Not recorded,1873
breweries/nine-giant-brewing,breweries,Nine Giant Brewing,Cincinnati,OH,45213,Brewpub,2020-03-03,Not recorded,5369
breweries/nine-maidens-brewing-company,breweries,Nine Maidens Brewing Company,Rochester,NY,14607,Taproom,2020-03-03,Not recorded,5219
breweries/nine-yards-brewing,breweries,Nine Yards Brewing,Kenmore,WA,98028,Brewpub,2020-04-11,Not recorded,7379
breweries/ninkasi-brewing-co,breweries,Ninkasi Brewing Co,Eugene,OR,97402,Regional,2019-11-27,Not recorded,5721
breweries/no-boat-brewing-company,breweries,No Boat Brewing Company,Snoqualmie,WA,98065,Taproom,2020-02-01,Not recorded,7554
breweries/no-bs-brew-company,breweries,No BS Brew Company,Livonia,NY,14487,Micro,2020-03-03,Not recorded,5113
breweries/no-clue-craft-brewery,breweries,No Clue Craft Brewery,Rancho Cucamonga,CA,91730,Micro,2019-11-03,Not recorded,739
breweries/no-drought-brewing-co,breweries,No Drought Brewing Co.,Spokane,WA,99216,Micro,2020-03-03,Not recorded,7571
breweries/no-li-brewhouse,breweries,No-Li Brewhouse,Spokane,WA,99202,Micro,2020-04-11,Not recorded,7574
breweries/noble-ale-works,breweries,Noble Ale Works,Anaheim,CA,92806,Micro,2020-04-11,Not recorded,273
breweries/noble-beast-brewing-co,breweries,Noble Beast Brewing Co.,Cleveland,OH,44114,Brewpub,2020-03-03,Not recorded,5405
breweries/noble-creature-cask-house,breweries,Noble Creature Cask House,Youngstown,OH,44503,Brewpub,2020-03-03,Not recorded,5601
breweries/noble-jay-brewing-company,breweries,Noble Jay Brewing Company,Niantic,CT,06357,Taproom,2020-03-03,Not recorded,1655
breweries/noble-savage-brewing-company,breweries,Noble Savage Brewing Company,Glen Cove,NY,11542,Taproom,2020-04-11,Not recorded,5051
breweries/nocoast-beer-co,breweries,NoCoast Beer Co,Oskaloosa,IA,52577,Micro,2020-02-01,Not recorded,2243
breweries/nocona-beer-and-brewery,breweries,Nocona Beer and Brewery,Nocona,TX,76255,Taproom,2020-04-11,Not recorded,6820
breweries/nocterra-brewing-company,breweries,Nocterra Brewing Company,Powell,OH,43065,Micro,2020-03-03,Not recorded,5561
breweries/noda-brewing-co-ne,breweries,NoDa Brewing Co - NE,Charlotte,NC,28206,Regional,2020-03-03,Not recorded,4213
breweries/nolo,breweries,Nolo,New Haven,CT,06511,Brewpub,2020-03-03,Not recorded,1646
breweries/nomadic-beerworks,breweries,Nomadic Beerworks,Austin,TX,78704,Taproom,2020-03-03,Not recorded,6617
breweries/noon-whistle-brewing-company,breweries,Noon Whistle Brewing Company,Lombard,IL,60148,Taproom,2020-04-11,Not recorded,2489
breweries/nor-cal-brewing-co,breweries,Nor Cal Brewing Co,Chico,CA,95928,Taproom,2020-03-03,Not recorded,361
breweries/norris-english-pub,breweries,Norris English Pub,Liberty,IN,47353,Brewpub,2020-03-03,Not recorded,2712
breweries/north-brewery,breweries,North Brewery,Endicott,NY,13760,Taproom,2020-03-03,Not recorded,5028
breweries/north-channel-brewing-co,breweries,North Channel Brewing Co.,Manistee,MI,49660,Brewpub,2020-02-07,Not recorded,3574
breweries/north-coast-brewing-co-inc,breweries,North Coast Brewing Co Inc.,Fort Bragg,CA,95437,Regional,2020-03-03,Not recorded,437
breweries/north-country-canning-co,breweries,North Country Canning Co,Slippery Rock,PA,16057,Micro,2020-03-03,Not recorded,6284
breweries/north-end-tavern-and-brewery,breweries,North End Tavern & Brewery,Parkersburg,WV,26104,Brewpub,2020-02-07,Not recorded,7918
breweries/north-forty-beer-company,breweries,North Forty Beer Company,Roseburg,OR,97470,Taproom,2020-03-03,Not recorded,5899
breweries/north-idaho-mountain-brew-city-limits-pub,breweries,North Idaho Mountain Brew / City Limits Pub,Wallace,ID,83873,Brewpub,2020-02-01,Yes,2325
breweries/north-jetty-brewing,breweries,North Jetty Brewing,Seaview,WA,98644,Taproom,2020-03-03,Not recorded,7542
breweries/north-pier-brewing,breweries,North Pier Brewing,Benton Harbor,MI,49022,Brewpub,2020-03-03,Not recorded,3379
breweries/north-sound-brewing-co,breweries,North Sound Brewing Co.,Mount Vernon,WA,98273,Taproom,2020-04-11,Not recorded,7421
breweries/northampton-brewery,breweries,Northampton Brewery,Northampton,MA,01060,Brewpub,2020-03-03,Not recorded,3043
breweries/northbound-smokehouse-brewpub,breweries,Northbound Smokehouse Brewpub,Minneapolis,MN,55406,Brewpub,2020-03-03,Not recorded,3792
breweries/northern-ales,breweries,Northern Ales,Kettle Falls,WA,99141,Brewpub,2020-03-03,Not recorded,7383
breweries/northern-maine-brewing-co,breweries,Northern Maine Brewing Co,Caribou,ME,04736,Brewpub,2020-02-07,Not recorded,3250
breweries/northern-oak-brewery-inc,breweries,"Northern Oak Brewery, Inc.",Holly,MI,48442,Brewpub,2020-02-07,Not recorded,3521
breweries/northern-outer-banks-brewing-company,breweries,Northern Outer Banks Brewing Company,Corolla,NC,27927,Micro,2020-04-11,Not recorded,4253
breweries/northern-row-brewery-and-distillery,breweries,Northern Row Brewery & Distillery,Cincinnati,OH,45202,Micro,2020-04-11,Not recorded,5378
breweries/northshire-brewery-inc,breweries,"Northshire Brewery, Inc",Bennington,VT,05201,Micro,2020-02-07,Not recorded,7209
breweries/northwest-brewing-company,breweries,Northwest Brewing Company,TUKWILA,WA,98188,Proprietor,2020-03-03,Not recorded,7614
breweries/northwest-peaks-brewery,breweries,Northwest Peaks Brewery,Seattle,WA,98118,Taproom,2020-03-03,Not recorded,7507
breweries/nortons-brewing-co,breweries,Nortons Brewing Co.,Wichita,KS,67202,Brewpub,2020-02-07,Not recorded,2824
breweries/nostalgia-brewing,breweries,Nostalgia Brewing,Columbus,OH,43230,Brewpub,2020-03-03,Not recorded,5436
breweries/notaviva-craft-fermentations,breweries,Notaviva Craft Fermentations,Purcellville,VA,20132,Brewpub,2020-02-07,Not recorded,7107
breweries/nothings-left-brewing-co,breweries,Nothing’s Left Brewing Co,Tulsa,OK,74120,Micro,2019-11-03,Not recorded,5638
breweries/novo-brazil-brewing-company,breweries,Novo Brazil Brewing Company,Chula Vista,CA,91914,Micro,2020-03-03,Not recorded,365
breweries/nu-brewery,breweries,NU Brewery,New Gloucester,ME,04260,Taproom,2019-11-03,Not recorded,3287
breweries/nu-life-market,breweries,Nu Life Market,Scott City,KS,67871,Planning,2019-11-03,Not recorded,2809
breweries/nutmeg-brewhouse,breweries,Nutmeg Brewhouse,Burnsville,MN,55306,Brewpub,2020-04-11,Not recorded,3727
breweries/nuts-and-bolts-brewing,breweries,Nuts and Bolts Brewing,Biddeford,ME,04005,Taproom,2019-10-29,Yes,3233
breweries/o-h-s-o-brewery,breweries,O.H.S.O. Brewery,Phoenix,AZ,85028,Brewpub,2020-04-11,Not recorded,185
breweries/o-h-s-o-brewery-gilbert,breweries,O.H.S.O. Brewery - Gilbert,Gilbert,AZ,85234,Brewpub,2020-03-03,Not recorded,155
breweries/oak-and-dagger-public-house,breweries,Oak and Dagger Public House,Raleigh,NC,27604,Contract,2020-03-03,Not recorded,4378
breweries/oak-cliff-brewing-co,breweries,Oak Cliff Brewing Co,Dallas,TX,75224,Micro,2020-04-11,Not recorded,6693
breweries/oak-highlands-brewery,breweries,Oak Highlands Brewery,Dallas,TX,75238,Micro,2020-03-03,Not recorded,6687
breweries/oak-park-brewing-company,breweries,Oak Park Brewing Company,Oak Park,IL,60302,Brewpub,2020-04-11,Not recorded,2519
breweries/oak-pond-brewing-co,breweries,Oak Pond Brewing Co,Skowhegan,ME,04976,Micro,2020-04-11,Not recorded,3327
breweries/oak-road-brewery,breweries,Oak Road Brewery,Summerville,SC,29483,Taproom,2020-04-11,Not recorded,6446
breweries/oakbrook-brewing-company,breweries,Oakbrook Brewing Company,Reading,PA,19611,Brewpub,2019-10-26,Not recorded,6268
breweries/oakland-united-beerworks,breweries,Oakland United Beerworks,Oakland,CA,94607,Micro,2020-02-07,Not recorded,659
breweries/oaklyn-springs-brewery,breweries,Oaklyn Springs Brewery,Fuquay Varina,NC,27526,Taproom,2020-03-03,Not recorded,4281
breweries/oakshire-brewing,breweries,Oakshire Brewing,Eugene,OR,97402,Micro,2020-04-11,Not recorded,5725
breweries/oasis-brewery,breweries,Oasis Brewery,Denver,CO,80211,Taproom,2020-03-03,Not recorded,1307
breweries/obed-and-isaacs-microbrewery-and-eatery-peoria,breweries,Obed & Isaac’s Microbrewery and Eatery - Peoria,Peoria,IL,61603,Brewpub,2020-03-03,Not recorded,2530
breweries/obercreek-brewing-company,breweries,Obercreek Brewing Company,Wappingers Falls,NY,12590,Taproom,2020-04-11,Not recorded,5282
breweries/obscure-brewing,breweries,Obscure Brewing,Sioux Falls,SD,57110,Taproom,2020-04-11,Not recorded,6469
breweries/occidental-brewing,breweries,Occidental Brewing,Portland,OR,97203,Micro,2020-04-11,Not recorded,5852
breweries/ocean-beach-brewery,breweries,Ocean Beach Brewery,San Diego,CA,92107,Brewpub,2020-03-03,Not recorded,843
breweries/ocean-lab-brewing,breweries,Ocean Lab Brewing,Carolina,PR,00979,Brewpub,2019-11-27,Not recorded,6334
breweries/ocean-view-brew-works,breweries,Ocean View Brew Works,Albany,CA,94706,Taproom,2020-03-03,Not recorded,258
breweries/oceanside-brewing-company,breweries,Oceanside Brewing Company,Oceanside,CA,92058,Taproom,2020-03-03,Not recorded,676
breweries/ocelot-brewing-co,breweries,Ocelot Brewing Co,Dulles,VA,20166,Taproom,2020-03-03,Not recorded,7014
breweries/ochoco-brewing-co,breweries,Ochoco Brewing Co,Prineville,OR,97754,Brewpub,2020-04-11,Not recorded,5890
breweries/ocmulgee-brewpub,breweries,Ocmulgee Brewpub,Macon,GA,31201,Brewpub,2020-02-07,Not recorded,2111
breweries/oconnor-brewing-co,breweries,O’Connor Brewing Co,Norfolk,VA,23517,Regional,2020-03-03,Not recorded,7095
breweries/octopi-brewing-untitled-art,breweries,Octopi Brewing / Untitled Art,Waunakee,WI,53597,Regional,2019-11-27,Not recorded,7881
breweries/odd-alewives-farm-brewery,breweries,Odd Alewives Farm Brewery,Waldoboro,ME,04572,Taproom,2020-03-03,Not recorded,3334
breweries/odd-breed-wild-ales,breweries,Odd Breed Wild Ales,Pompano Beach,FL,33060,Taproom,2020-04-11,Not recorded,1945
breweries/odd-fellows-brewing-co,breweries,Odd Fellows Brewing Co,Nashua,NH,03060,Brewpub,2020-04-11,Not recorded,4581
breweries/odd-man-rush,breweries,Odd Man Rush,Eagle River,AK,99577,Micro,2019-11-03,Not recorded,15
breweries/odd-side-ales,breweries,Odd Side Ales,Grand Haven,MI,49417,Micro,2020-03-03,Not recorded,3467
breweries/odd13-brewing-inc,breweries,Odd13 Brewing Inc,Lafayette,CO,80026,Micro,2020-02-07,Not recorded,1472
breweries/odd13-production-facility,breweries,Odd13 Production Facility,Lafayette,CO,80026,Micro,2020-03-03,Not recorded,1475
breweries/oddball-brewing,breweries,Oddball Brewing,Suncook,NH,03275,Micro,2020-03-03,Not recorded,4609
breweries/oddstory-brewing-co,breweries,Oddstory Brewing Co,Chattanooga,TN,37403,Taproom,2019-11-27,Not recorded,6486
breweries/oddwood-ales,breweries,Oddwood Ales,Austin,TX,78723,Brewpub,2020-04-11,Not recorded,6628
breweries/ode-brewing-co,breweries,Ode Brewing Co.,El Paso,TX,79902,Brewpub,2020-03-03,Not recorded,6720
breweries/odell-brewing-co,breweries,Odell Brewing Co,Fort Collins,CO,80524,Regional,2020-02-07,Not recorded,1400
breweries/odell-brewing-co-denver,breweries,Odell Brewing Co - Denver,Denver,CO,80205,Micro,2020-02-07,Not recorded,1290
breweries/off-square-brewing,breweries,Off Square Brewing,Crown Point,IN,46307,Brewpub,2020-04-11,Not recorded,2622
breweries/off-the-cuff-brewing-company,breweries,Off The Cuff Brewing Company,West Brookfield,MA,01585,Contract,2020-03-03,Not recorded,3084
breweries/off-the-grid-brewing-co,breweries,Off the Grid Brewing Co,Apple Valley,CA,92308,Taproom,2020-04-11,Not recorded,281
breweries/off-the-rail-brewing,breweries,Off the Rail Brewing,Youngstown,OH,44503,Micro,2019-11-27,Not recorded,5600
breweries/oggis-pizza-and-brewing-co-carmel-mountain-ranch,breweries,Oggis Pizza & Brewing Co - Carmel Mountain Ranch,San Diego,CA,92128,Brewpub,2020-02-07,Not recorded,826
breweries/oggis-sports-brewhouse-pizza-apple-valley,breweries,Oggi’s Sports Brewhouse Pizza - Apple Valley,Apple Valley,CA,92308,Brewpub,2020-03-03,Not recorded,280
breweries/ogres-brewing,breweries,Ogres Brewing,Clinton,WA,98236,Taproom,2020-04-11,Not recorded,7340
breweries/ohana-brewing-co,breweries,Ohana Brewing Co,Los Angeles,CA,90058,Micro,2020-04-11,Not recorded,583
breweries/ohio-brewing-company,breweries,Ohio Brewing Company,Cuyahoga Falls,OH,44221,Brewpub,2020-03-03,Not recorded,5460
breweries/ohm-brewing-company,breweries,Ohm Brewing Company,Golden,CO,80401,Taproom,2020-03-03,Not recorded,1440
breweries/okoboji-brewing-co,breweries,Okoboji Brewing Co,Spirit Lake,IA,51360,Taproom,2020-02-01,Not recorded,2252
breweries/ol-republic-brewery,breweries,Ol’ Republic Brewery,Nevada City,CA,95959,Micro,2020-03-03,Not recorded,647
breweries/ola-brew-co,breweries,Ola Brew Co.,Kailua Kona,HI,96740,Micro,2020-02-01,Not recorded,2152
breweries/old-41-brewing-company,breweries,Old 41 Brewing Company,Terre Haute,IN,47807,Brewpub,2020-03-03,Not recorded,2759
breweries/old-690-brewing-co,breweries,Old 690 Brewing Co,Purcellville,VA,20132,Brewpub,2020-02-07,Not recorded,7108
breweries/old-99-brewing-co,breweries,Old 99 Brewing Co,Roseburg,OR,97470,Taproom,2020-04-11,Not recorded,5900
other-places/old-bavarian-brewing-co,other-places,Old Bavarian Brewing Co,Menasha,WI,54952,,2020-03-03,Not recorded,7786
breweries/old-bust-head-brewing-co,breweries,Old Bust Head Brewing Co.,Warrenton,VA,20187,Micro,2020-02-07,Not recorded,7185
breweries/old-coast-ales,breweries,Old Coast Ales,Saint Augustine,FL,32080,Brewpub,2020-03-03,Not recorded,1958
breweries/old-dog-alehouse,breweries,Old Dog Alehouse,Delaware,OH,43015,Brewpub,2020-03-03,Not recorded,5471
breweries/old-forge-brewing-co,breweries,Old Forge Brewing Co,Danville,PA,17821,Brewpub,2020-03-03,Not recorded,6024
breweries/old-hangtown-beer-works,breweries,Old Hangtown Beer Works,Placerville,CA,95667,Micro,2020-02-07,Not recorded,719
breweries/old-harbor-brewery,breweries,Old Harbor Brewery,Guiynavo,PR,00968,Brewpub,2019-11-27,Not recorded,6336
breweries/old-irving-brewing-co,breweries,Old Irving Brewing Co.,Chicago,IL,60641,Brewpub,2020-04-11,Not recorded,2397
breweries/old-kan-beer-and-co,breweries,Old Kan Beer & Co,Oakland,CA,94607,Brewpub,2020-04-11,Not recorded,664
breweries/old-louisville-brewery-barrel-room,breweries,Old Louisville Brewery Barrel Room,Shelbyville,KY,40065,Taproom,2020-03-03,Not recorded,2892
breweries/old-man-brewing,breweries,Old Man Brewing,Snohomish,WA,98290,Taproom,2020-03-03,Not recorded,7550
breweries/old-mill-brewpub,breweries,Old Mill Brewpub,Lexington,SC,29072,Brewpub,2020-03-03,Not recorded,6422
breweries/old-mill-brewpub-and-grill,breweries,Old Mill Brewpub and Grill,Plainwell,MI,49080,Brewpub,2020-04-11,Not recorded,3619
breweries/old-nation-brewing-company,breweries,Old Nation Brewing Company,Williamston,MI,48895,Regional,2020-03-03,Not recorded,3699
breweries/old-ox-brewery-llc,breweries,Old Ox Brewery LLC,Ashburn,VA,20147,Taproom,2020-04-11,Not recorded,6962
breweries/old-planters-brewing-co,breweries,Old Planters Brewing Co.,Beverly,MA,01915,Taproom,2020-03-03,Not recorded,2947
breweries/old-schoolhouse-brewery,breweries,Old Schoolhouse Brewery,Winthrop,WA,98862,Brewpub,2020-04-11,Not recorded,7655
breweries/old-skool-brewing,breweries,Old Skool Brewing,Baker,MT,59313,Micro,2020-03-03,Not recorded,4038
breweries/old-soul-brewing,breweries,Old Soul Brewing,Fort Myers,FL,33907,Taproom,2020-03-03,Not recorded,1802
breweries/old-spruce-brewing,breweries,Old Spruce Brewing,Snowshoe,WV,26209,Brewpub,2020-04-11,Not recorded,7923
breweries/old-stump-brewery,breweries,Old Stump Brewery,Pomona,CA,91767,Taproom,2020-03-03,Not recorded,726
other-places/old-sugar-distillery,other-places,Old Sugar Distillery,Madison,WI,53703,,2019-11-13,Yes,7761
breweries/old-tappan-brewing-company,breweries,Old Tappan Brewing Company,Bayville,NY,11709,Taproom,2020-04-11,Not recorded,4912
breweries/old-town-abbey-ales,breweries,Old Town Abbey Ales,Chicago,IL,60661,Contract,2020-03-03,Not recorded,2382
breweries/old-town-brewhouse,breweries,Old Town Brewhouse,Lewisville,TX,75057,Taproom,2020-04-11,Not recorded,6789
breweries/old-town-brewing,breweries,Old Town Brewing,Portland,OR,97211,Brewpub,2020-04-11,Not recorded,5853
breweries/old-trade-brewery,breweries,Old Trade Brewery,Brandy Station,VA,22714,Taproom,2020-02-07,Not recorded,6977
breweries/olde-bedford-brewing-company,breweries,Olde Bedford Brewing Company,Bedford,PA,15522,Taproom,2020-04-11,Not recorded,5966
breweries/olde-peninsula-brewpub-and-restaurant,breweries,Olde Peninsula Brewpub and Restaurant,Kalamazoo,MI,49007,Brewpub,2020-03-03,Not recorded,3540
breweries/olde-salem-brewing-company,breweries,Olde Salem Brewing Company,Salem,VA,24153,Taproom,2020-02-07,Not recorded,7149
breweries/ole-dallas-brewery,breweries,Ole Dallas Brewery,Dallas,NC,28034,Taproom,2020-04-11,Not recorded,4254
breweries/ole-shed-brewing-company,breweries,Ole Shed Brewing Company,Tullahoma,TN,37388,Micro,2019-11-27,Not recorded,6585
breweries/olentangy-river-brewing-company,breweries,Olentangy River Brewing Company,Lewis Center,OH,43035,Taproom,2019-12-08,Not recorded,5506
breweries/oliver-brewing-company,breweries,Oliver Brewing Company,Baltimore,MD,21213,Micro,2020-03-03,Not recorded,3119
breweries/olomana-brewing-co,breweries,Olomana Brewing Co.,Kailua,HI,96735,Micro,2020-02-01,Not recorded,2150
breweries/omaha-brewing-company,breweries,Omaha Brewing Company,Omaha,GA,31821,Micro,2020-04-11,Not recorded,2119
breweries/ombibulous-brewing-company,breweries,Ombibulous Brewing Company,Altoona,WI,54720,Taproom,2020-04-11,Not recorded,7679
breweries/omeara-bros-brewing-company,breweries,O’Meara Bros. Brewing Company,Lakeport,CA,95453,Brewpub,2020-04-11,Not recorded,525
breweries/on-rotation-brewery,breweries,On Rotation Brewery,Dallas,TX,75214,Taproom,2020-03-03,Not recorded,6688
breweries/on-tour-brewing-co,breweries,On Tour Brewing Co.,Chicago,IL,60622,Taproom,2020-03-03,Not recorded,2383
breweries/onco-fermentations,breweries,ONCO Fermentations,Tully,NY,13159,Taproom,2020-03-03,Not recorded,5271
breweries/one-barrel-brewing-company,breweries,One Barrel Brewing Company,Madison,WI,53704,Micro,2019-11-13,Yes,7762
breweries/one-well-brewing,breweries,One Well Brewing,Kalamazoo,MI,49001,Taproom,2020-03-03,Not recorded,3541
breweries/one-well-brewing-production-facility,breweries,One Well Brewing Production Facility,Kalamazoo,MI,49001,Micro,2020-02-07,Not recorded,3539
other-places/oola-distillery,other-places,OOLA Distillery,Seattle,WA,98122,Distillery,yes,Yes,7478
breweries/opa-opa-brewery,breweries,Opa Opa Brewery,Easthampton,MA,01027,Contract,2020-03-03,Not recorded,2978
breweries/open-outcry,breweries,Open Outcry,Chicago,IL,60643,Brewpub,2020-02-07,Not recorded,2368
breweries/openroad-brewery,breweries,OpenRoad Brewery,Wayland,MI,49348,Taproom,2020-04-11,Not recorded,3696
breweries/orchid-island-brewery,breweries,Orchid Island Brewery,Vero Beach,FL,32963,Brewpub,2020-04-11,Not recorded,2030
breweries/ordnance-brewing,breweries,Ordnance Brewing,Boardman,OR,97818,Micro,2020-03-03,Not recorded,5695
breweries/ordnance-brewing-taproom,breweries,Ordnance Brewing Taproom,Wilsonville,OR,97070,Brewpub,2020-04-11,Not recorded,5946
breweries/ore-dock-brewing-co,breweries,Ore Dock Brewing Co,Marquette,MI,49855,Micro,2020-04-11,Not recorded,3577
breweries/oregon-city-brewing-company,breweries,Oregon City Brewing Company,Oregon City,OR,97045,Brewpub,2020-03-03,Not recorded,5800
breweries/origin-beer-lab,breweries,Origin Beer Lab,Ashland,VA,23005,Micro,2020-02-07,Not recorded,6965
breweries/orlando-brewing-partners-inc,breweries,"Orlando Brewing Partners, Inc.",Orlando,FL,32806,Micro,2020-04-11,Not recorded,1913
breweries/ormond-brewing,breweries,Ormond Brewing,Ormond Beach,FL,32174,Micro,2020-02-07,Not recorded,1923
breweries/ornery-beer-company,breweries,Ornery Beer Company,Fairfax,VA,22030,Brewpub,2020-02-07,Not recorded,7019
breweries/orono-brewing-bangor-draught-room,breweries,Orono Brewing Bangor Draught Room,Bangor,ME,04401,Micro,2019-04-20,Not recorded,3219
breweries/orpheus-brewing,breweries,Orpheus Brewing,Atlanta,GA,30324,Micro,2020-03-03,Not recorded,2061
breweries/oskar-blues-brewery,breweries,Oskar Blues Brewery,Austin,TX,78758,Regional,2020-03-03,Not recorded,6618
breweries/oskar-blues-brewery-and-tasty-weasel-tap-room,breweries,Oskar Blues Brewery & Tasty Weasel Tap Room,Longmont,CO,80501,Regional,2020-03-03,Not recorded,1501
breweries/oskar-blues-brewery-brevard,breweries,Oskar Blues Brewery - Brevard,Brevard,NC,28712,Regional,2020-03-03,Not recorded,4187
breweries/oskar-blues-brewery-lyons,breweries,Oskar Blues Brewery - Lyons,Lyons,CO,80540,Brewpub,2020-02-07,Not recorded,1523
breweries/oswego-brewing-company,breweries,Oswego Brewing Company,Oswego,IL,60543,Taproom,2020-04-11,Not recorded,2524
breweries/other-brother-beer-co,breweries,Other Brother Beer Co.,Seaside,CA,93955,Micro,2020-02-07,Not recorded,1032
breweries/otter-creek-brewing-co,breweries,Otter Creek Brewing Co,Middlebury,VT,05753,Regional,2019-11-27,Not recorded,7238
breweries/ouachita-brewery,breweries,Ouachita Brewery,West Monroe,LA,71291,Micro,2020-03-03,Not recorded,2934
breweries/our-brewing-co,breweries,Our Brewing Co,Holland,MI,49423,Taproom,yes,Not recorded,3515
other-places/our-lady-of-perpetual-hops,other-places,Our Lady of Perpetual Hops,New Albany,IN,47150,,2020-07-31,Not recorded,2735
breweries/our-mutual-friend-brewing,breweries,Our Mutual Friend Brewing,Denver,CO,80205,Micro,2019-11-27,Not recorded,1284
breweries/ouray-brewery,breweries,Ouray Brewery,Ouray,CO,81427,Brewpub,2020-02-07,Not recorded,1535
breweries/ourayle-house-brewery-mr-grumpy-pants-brewing,breweries,Ourayle House Brewery / Mr. Grumpy Pants Brewing,Ouray,CO,81427,Taproom,2020-03-03,Not recorded,1537
breweries/outer-banks-brewing-station,breweries,Outer Banks Brewing Station,Kill Devil Hills,NC,27948,Brewpub,2020-02-01,Not recorded,4327
breweries/outer-limits-brewing-llc,breweries,"Outer Limits Brewing, LLC",Proctorsville,VT,05153,Brewpub,2019-11-27,Not recorded,7245
breweries/outer-planet-craft-brewing,breweries,Outer Planet Craft Brewing,Seattle,WA,98122,Taproom,2020-04-11,Not recorded,7514
breweries/outerbelt-brewing-company,breweries,Outerbelt Brewing Company,Carroll,OH,43112,Micro,2020-03-03,Not recorded,5347
breweries/outlaw-brewing-co,breweries,Outlaw Brewing Co,Bozeman,MT,59718,Taproom,2019-10-26,Not recorded,4055
breweries/outlook-farm-brewery,breweries,Outlook Farm Brewery,Westhampton,MA,01027,Micro,2020-04-11,Not recorded,3090
breweries/over-town-brewing-company,breweries,Over Town Brewing Company,Monrovia,CA,91016,Micro,2020-04-11,Not recorded,613
breweries/overflow-brewing-company,breweries,Overflow Brewing Company,Saint Petersburg,FL,33701,Taproom,2020-03-03,Not recorded,1962
breweries/oxbow-blending-and-bottling,breweries,Oxbow Blending & Bottling,Portland,ME,04101,Micro,2020-03-03,Not recorded,3306
breweries/oxbow-brewing-co,breweries,Oxbow Brewing Co,Newcastle,ME,04553,Micro,2020-02-07,Not recorded,3288
breweries/oyster-house-brewing-co,breweries,Oyster House Brewing Co.,Asheville,NC,28806,Brewpub,2020-03-03,Not recorded,4153
breweries/ozark-beer-company,breweries,Ozark Beer Company,Rogers,AR,72756,Micro,2020-04-11,Not recorded,121
breweries/ozark-brewery,breweries,Ozark Brewery,Osage Beach,MO,65065,Brewpub,2020-03-03,Not recorded,3961
breweries/ozarks-brewing-company,breweries,Ozarks Brewing Company,West Plains,MO,65775,Brewpub,2020-04-11,Not recorded,4020
breweries/ozones-brewhouse,breweries,Ozone’s Brewhouse,Lansing,MI,48906,Taproom,yes,Not recorded,3557
breweries/pabst-milwaukee-brewery,breweries,Pabst Milwaukee Brewery,Milwaukee,WI,53233,Largge,2019-11-03,Not recorded,7794
breweries/pacific-beach-ale-house,breweries,Pacific Beach Ale House,San Diego,CA,92109,Brewpub,2020-02-07,Not recorded,827
breweries/pacific-brewing-and-malting,breweries,Pacific Brewing and Malting,Tacoma,WA,98402,Micro,2020-04-11,Not recorded,7604
breweries/pacific-islander-beer-company,breweries,Pacific Islander Beer Company,Santee,CA,92071,Micro,2020-03-03,Not recorded,1027
breweries/pacific-plate-brewing-co,breweries,Pacific Plate Brewing Co,Monrovia,CA,91016,Taproom,2020-04-11,Not recorded,614
breweries/packwood-brewing-co,breweries,Packwood Brewing Co,Packwood,WA,98361,Brewpub,2020-04-11,Not recorded,7440
breweries/paddle-hard-brewing,breweries,Paddle Hard Brewing,Grayling,MI,49738,Taproom,2020-03-03,Not recorded,3502
breweries/pale-fire-brewing-co,breweries,Pale Fire Brewing Co,Harrisonburg,VA,22801,Micro,2020-02-07,Not recorded,7047
breweries/pallister-brothers-brewing-company,breweries,Pallister Brothers Brewing Company,Ottumwa,IA,52501,Taproom,2020-02-01,Not recorded,2244
breweries/palm-harbor-brewery,breweries,Palm Harbor Brewery,Palm Harbor,FL,34683,Brewpub,2020-03-03,Not recorded,1928
breweries/palm-tree-brewing-company,breweries,Palm Tree Brewing Company,Orangevale,CA,95662,Taproom,2020-03-03,Not recorded,687
breweries/palmetto-brewing-co,breweries,Palmetto Brewing Co,Charleston,SC,29403,Regional,2020-03-03,Not recorded,6377
breweries/palmia,breweries,Palmia,San Francisco,CA,94123,Proprietor,2020-03-03,Not recorded,910
breweries/palo-alto-brewing-co,breweries,Palo Alto Brewing Co,Mountain View,CA,94043,Contract,2020-03-03,Not recorded,628
breweries/palooza-brewery-and-gastropub,breweries,Palooza Brewery and Gastropub,Kenwood,CA,95452,Proprietor,2020-03-03,Not recorded,507
breweries/pantomime-mixtures,breweries,Pantomime Mixtures,Hector,NY,14841,Taproom,2020-04-11,Not recorded,5070
breweries/pantown-brewing-company,breweries,Pantown Brewing Company,Saint Cloud,MN,56303,Taproom,2020-03-03,Not recorded,3846
breweries/paonia-united-brewing-company,breweries,Paonia United Brewing Company,Paonia,CO,81428,Brewpub,2020-04-11,Not recorded,1542
breweries/papa-marces-cerveceria,breweries,Papa Marce’s Cerveceria,Carlsbad,CA,92008,Taproom,2020-03-03,Not recorded,344
breweries/paradigm-shift-brewing,breweries,Paradigm Shift Brewing,Massillon,OH,44646,Taproom,2020-03-03,Not recorded,5523
breweries/paradise-brewing-paradise-brewing-supplies,breweries,Paradise Brewing / Paradise Brewing Supplies,Cincinnati,OH,45255,Taproom,2020-04-11,Not recorded,5379
breweries/paradise-creek-brewery,breweries,Paradise Creek Brewery,Pullman,WA,99163,Brewpub,2020-03-03,Not recorded,7453
breweries/paradox-beer-co,breweries,Paradox Beer Co,Divide,CO,80814,Taproom,2020-04-11,Not recorded,1371
breweries/paradox-brewery,breweries,Paradox Brewery,Schroon Lake,NY,12870,Micro,2020-03-03,Not recorded,5243
breweries/paragon-brewing,breweries,Paragon Brewing,Coeur D Alene,ID,83815,Proprietor,2020-02-01,Not recorded,2281
breweries/paraiso-brewery,breweries,Paraiso Brewery,Los Banos,CA,93635,Brewpub,2020-03-03,Not recorded,588
breweries/parallel-45-brewing,breweries,Parallel 45 Brewing,Independence,OR,97351,Micro,2020-04-11,Not recorded,5761
breweries/park-city-brewery,breweries,Park City Brewery,Park City,UT,84098,Micro,2020-02-07,Not recorded,6916
breweries/park-pizza-and-brewing-company,breweries,Park Pizza & Brewing Company,Orlando,FL,32827,Brewpub,2020-04-11,Not recorded,1914
breweries/parker-county-brewing-co,breweries,Parker County Brewing Co.,Willow Park,TX,76087,Brewpub,2020-04-11,Not recorded,6899
breweries/parkers-hilltop-brewery,breweries,Parker’s Hilltop Brewery,Clarkston,MI,48346,Brewpub,2020-04-11,Not recorded,3412
breweries/parkersburg-brewing-co,breweries,Parkersburg Brewing Co,Parkersburg,WV,26101,Brewpub,2020-02-07,Not recorded,7919
breweries/parkside-brewing-company,breweries,Parkside Brewing Company,Burlington,IA,52601,Brewpub,2020-02-01,Not recorded,2176
breweries/parkway-brewing,breweries,Parkway Brewing,Salem,VA,24153,Micro,2020-02-07,Not recorded,7150
breweries/parleaux-beer-lab,breweries,Parleaux Beer Lab,New Orleans,LA,70117,Taproom,2020-03-03,Not recorded,2919
breweries/parma-ridge-brewing-at-parma-ridge-vineyards,breweries,Parma Ridge Brewing At Parma Ridge Vineyards,Parma,ID,83660,Brewpub,2020-02-01,Not recorded,2308
breweries/parts-and-labor-brewing-company,breweries,Parts & Labor Brewing Company,Sterling,CO,80751,Brewpub,2020-03-03,Not recorded,1568
breweries/paso-robles-casino-craft-paso-bar,breweries,Paso Robles Casino / Craft Paso Bar,Paso Robles,CA,93446,Brewpub,2020-03-03,Not recorded,705
breweries/patchogue-beer-project,breweries,Patchogue Beer Project,Patchogue,NY,11772,Taproom,2020-03-03,Not recorded,5173
breweries/patriot-acres-farm-brewery,breweries,Patriot Acres Farm Brewery,Sudlersville,MD,21668,Taproom,2020-04-11,Not recorded,3205
breweries/pavlovs-brewing-company,breweries,Pavlov’s Brewing Company,Temperance,MI,48182,Taproom,2020-03-03,Not recorded,3672
breweries/paw-paw-brewing-company-llc,breweries,Paw Paw Brewing Company LLC,PAW PAW,MI,49079,Micro,yes,Not recorded,3614
breweries/pax-verum-brewing,breweries,Pax Verum Brewing,Lapel,IN,46051,Taproom,2020-04-11,Not recorded,2710
breweries/payette-brewing-co,breweries,Payette Brewing Co,Boise,ID,83702,Micro,2020-02-01,Yes,2261
breweries/peabody-heights-brewery,breweries,Peabody Heights Brewery,Baltimore,MD,21218,Micro,2020-02-07,Not recorded,3116
breweries/peace-tree-brewing-company,breweries,Peace Tree Brewing Company,Knoxville,IA,50138,Micro,2020-02-01,Not recorded,2229
breweries/peacemaker-brewing-company,breweries,Peacemaker Brewing Company,Canandaigua,NY,14424,Micro,2020-04-11,Not recorded,4975
breweries/peak-organic-brewing-co,breweries,Peak Organic Brewing Co,Portland,ME,04101,Proprietor,2020-03-03,Not recorded,3307
breweries/peaks-n-pines-brewing-company,breweries,Peaks N Pines Brewing Company,Colorado Springs,CO,80922,Taproom,2020-03-03,Not recorded,1254
breweries/pearl-beach-brew-pub,breweries,Pearl Beach Brew Pub,Tulsa,OK,74120,Taproom,2020-04-11,Not recorded,5644
breweries/pecan-street-brewing-co,breweries,Pecan Street Brewing Co,Johnson City,TX,78636,Brewpub,2020-03-03,Not recorded,6782
breweries/peckish-pig,breweries,Peckish Pig,Evanston,IL,60202,Brewpub,2020-03-03,Not recorded,2442
breweries/pedal-haus-brewery,breweries,Pedal Haus Brewery,Tempe,AZ,85281,Brewpub,2020-03-03,Not recorded,221
breweries/peddler-brewing,breweries,Peddler Brewing,Seattle,WA,98107,Taproom,2020-04-11,Not recorded,7515
breweries/peekskill-brewing-co,breweries,Peekskill Brewing Co,Peekskill,NY,10566,Brewpub,2020-04-11,Not recorded,5178
breweries/pegasus-city-brewery,breweries,Pegasus City Brewery,Dallas,TX,75207,Micro,2020-04-11,Not recorded,6694
breweries/pelican-brewing-company,breweries,Pelican Brewing Company,Pacific City,OR,97135,Regional,2020-03-03,Not recorded,5805
breweries/pen-druid-brewing,breweries,Pen Druid Brewing,Sperryville,VA,22740,Taproom,2020-02-07,Not recorded,7154
breweries/pennsylvania-brewing-co,breweries,Pennsylvania Brewing Co,Pittsburgh,PA,15212,Micro,2020-04-11,Not recorded,6247
breweries/pensacola-bay-brewery,breweries,Pensacola Bay Brewery,Pensacola,FL,32502,Taproom,2020-04-11,Yes,1934
breweries/pentagonal-brewing-co,breweries,Pentagonal Brewing Co,Imperial,CA,92251,Taproom,2020-04-11,Not recorded,492
breweries/peoria-artisan-brewery,breweries,Peoria Artisan Brewery,Peoria,AZ,85382,Brewpub,2020-03-03,Not recorded,175
breweries/perching-bird-brewing-company,breweries,Perching Bird Brewing Company,Concord,CA,94520,Micro,2020-02-07,Not recorded,377
breweries/perennial-artisan-ales,breweries,Perennial Artisan Ales,Saint Louis,MO,63111,Micro,2019-11-13,Not recorded,3977
breweries/perrin-brewing-company,breweries,Perrin Brewing Company,Comstock Park,MI,49321,Regional,2019-11-27,Not recorded,3418
breweries/perry-street-brewing-co,breweries,Perry Street Brewing Co.,Spokane,WA,99202,Brewpub,2020-03-03,Not recorded,7572
breweries/perrylodgic-brewing-company,breweries,Perrylodgic Brewing Company,Paris,TN,38242,Brewpub,2019-11-27,Not recorded,6579
breweries/persimmon-hollow-brewing,breweries,Persimmon Hollow Brewing,Deland,FL,32720,Micro,2020-03-03,Not recorded,1779
breweries/peter-bs-brewpub,breweries,Peter B’s Brewpub,Monterey,CA,93940,Brewpub,2020-04-11,Not recorded,621
other-places/peter-draws,other-places,Peter Draws,Greensboro,NC,27401,,2020-02-01,Not recorded,4291
breweries/peticolas-brewing-co,breweries,Peticolas Brewing Co,Dallas,TX,75207,Micro,2020-03-03,Not recorded,6689
breweries/petoskey-brewing,breweries,Petoskey Brewing,Petoskey,MI,49770,Micro,2020-03-03,Not recorded,3616
breweries/pfriem-family-brewers,breweries,pFriem Family Brewers,Hood River,OR,97031,Regional,12/20.2019,Not recorded,5759
breweries/phantom-ales,breweries,Phantom Ales,Anaheim,CA,92806,Brewpub,2020-02-07,Not recorded,265
breweries/phantom-canyon-brewing-co,breweries,Phantom Canyon Brewing Co,Colorado Springs,CO,80903,Brewpub,2020-02-07,Not recorded,1249
breweries/phantom-carriage-brewery,breweries,Phantom Carriage Brewery,Gardena,CA,90248,Brewpub,2020-02-07,Not recorded,457
breweries/phantom-horse-brewing,breweries,Phantom Horse Brewing,Rock Spring,GA,30739,Brewpub,2020-04-11,Not recorded,2121
breweries/pharr-mill-brewing-company,breweries,Pharr Mill Brewing Company,Harrisburg,NC,28075,Taproom,2020-03-03,Not recorded,4302
breweries/phase-2-brewing,breweries,Phase 2 Brewing,Lansdowne,VA,20176,Brewpub,2019-11-27,Not recorded,7055
breweries/philadelphia-brewing-co,breweries,Philadelphia Brewing Co,Philadelphia,PA,19125,Micro,2020-03-03,Not recorded,6206
breweries/philipsburg-brewing-co,breweries,Philipsburg Brewing Co,Philipsburg,MT,59858,Micro,2019-11-27,Not recorded,4117
breweries/philipsburg-brewing-co-philipsburg-mt,breweries,Philipsburg Brewing Co,Philipsburg,MT,59858,Taproom,2019-11-27,Not recorded,4118
breweries/phx-beer-co,breweries,PHX Beer Co.,Phoenix,AZ,85034,Brewpub,2020-04-11,Not recorded,186
breweries/pie-and-pints-restaurant-and-brewery,breweries,Pie & Pints Restaurant & Brewery,Middlebury,CT,06762,Contract,2020-02-07,Not recorded,1634
breweries/piedmont-brewery-and-kitchen,breweries,Piedmont Brewery and Kitchen,Macon,GA,31201,Brewpub,2020-03-03,Not recorded,2112
breweries/pig-iron-brewing-co,breweries,Pig Iron Brewing Co,Marietta,PA,17547,Brewpub,2020-04-11,Not recorded,6154
breweries/pig-minds-brewing-co,breweries,Pig Minds Brewing Co,Machesney Park,IL,61115,Taproom,2020-03-03,Not recorded,2493
breweries/pig-pounder-brewery,breweries,Pig Pounder Brewery,Greensboro,NC,27408,Taproom,2020-04-11,Not recorded,4295
breweries/pigeon-head-brewery,breweries,Pigeon Head Brewery,Reno,NV,89512,Brewpub,2020-04-11,Not recorded,4874
breweries/pigs-eye-pub,breweries,Pigs Eye Pub,Woodbury,MN,55129,Proprietor,2020-03-03,Not recorded,3894
breweries/pike-51-brewing-hudsonville-winery,breweries,Pike 51 Brewing - Hudsonville Winery,Hudsonville,MI,49426,Brewpub,2020-03-03,Not recorded,3528
breweries/pike-brewing-co,breweries,Pike Brewing Co,Seattle,WA,98101,Micro,2019-04-27,Not recorded,7484
breweries/pikes-peak-brewing,breweries,Pikes Peak Brewing,Monument,CO,80132,Micro,2020-03-03,Not recorded,1529
breweries/pileated-brewing-co,breweries,Pileated Brewing Co,Ann Arbor,MI,48104,Micro,2020-02-07,Not recorded,3359
breweries/pine-and-palm-brewing,breweries,Pine and Palm Brewing,Fresno,CA,93711,Taproom,2020-03-03,Not recorded,444
breweries/pinehurst-brewing-company,breweries,Pinehurst Brewing Company,Pinehurst,NC,28374,Brewpub,2020-04-11,Not recorded,4366
breweries/pinglehead-brewing-company-brewers-pizza,breweries,Pinglehead Brewing Company / Brewer’s Pizza,Orange Park,FL,32073,Brewpub,2020-03-03,Not recorded,1907
breweries/pinnacle-brewing-co-groggs,breweries,Pinnacle Brewing Co/Groggs,Helper,UT,84526,Contract,2020-02-07,Not recorded,6903
breweries/pint-and-plow,breweries,Pint & Plow,Kerrville,TX,78028,Brewpub,2020-04-11,Not recorded,6786
breweries/pint-nine-brewing-company,breweries,Pint Nine Brewing Company,La Vista,NE,68128,Micro,2020-03-03,Not recorded,4494
breweries/pinthouse-pizza-round-rock,breweries,Pinthouse Pizza Round Rock,Round Rock,TX,78681,Brewpub,2019-10-26,Not recorded,6842
breweries/pipeworks-brewing-co,breweries,Pipeworks Brewing Co,Chicago,IL,60647,Micro,2019-04-20,Not recorded,2358
breweries/pitchers-sports-restaurant-and-brewery,breweries,Pitchers Sports Restaurant and Brewery,Fort Collins,CO,80526,Brewpub,2020-03-03,Not recorded,1406
breweries/pitchfork-brewing,breweries,Pitchfork Brewing,Hudson,WI,54016,Taproom,2020-04-11,Not recorded,7743
breweries/pivo-brewery,breweries,PIVO Brewery,Calmar,IA,52132,Brewpub,2020-02-01,Not recorded,2177
breweries/pivot-brewing-company,breweries,Pivot Brewing Company,Lexington,KY,40505,Taproom,2020-03-03,Not recorded,2859
breweries/pixeled-brewing-co,breweries,Pixeled Brewing Co.,Fargo,ND,58103,Taproom,2019-11-27,Not recorded,4465
breweries/pizza-beer-company,breweries,Pizza Beer Company,Saint Charles,IL,60175,Contract,2020-03-03,Not recorded,2548
breweries/pizza-port-bressi-ranch,breweries,Pizza Port - Bressi Ranch,Carlsbad,CA,92009,Regional,2020-02-07,Not recorded,342
breweries/pizza-port-carlsbad,breweries,Pizza Port Carlsbad,Carlsbad,CA,92008,Regional,2020-03-03,Not recorded,345
breweries/pizza-port-san-clemente,breweries,Pizza Port San Clemente,San Clemente,CA,92672,Brewpub,2020-04-11,Not recorded,809
breweries/placerville-brewing-co,breweries,Placerville Brewing Co,Placerville,CA,95667,Brewpub,2020-03-03,Not recorded,721
breweries/plan-bee-farm-brewery,breweries,Plan Bee Farm Brewery,Poughkeepsie,NY,12603,Taproom,2020-04-11,Not recorded,5199
breweries/plat-35-brewery,breweries,Plat 35  Brewery,Porter,IN,46304,Brewpub,2020-02-07,Not recorded,2744
breweries/platform-beer-co,breweries,Platform Beer Co,Cleveland,OH,44113,Regional,2020-03-03,Not recorded,5406
breweries/platform-beer-co-locoba,breweries,Platform Beer Co - Locoba,Cincinnati,OH,45202,Micro,2020-03-03,Not recorded,5370
breweries/platform-beer-phunkenship,breweries,Platform Beer Phunkenship,Cleveland,OH,44109,Micro,2020-03-03,Not recorded,5407
breweries/platform-cincinnati,breweries,Platform Cincinnati,Cincinnati,OH,45203,Micro,2020-04-11,Not recorded,5380
breweries/platt-park-brewing-co,breweries,Platt Park Brewing Co.,Denver,CO,80210,Taproom,2020-04-11,Not recorded,1328
breweries/pleasure-house-brewing,breweries,Pleasure House Brewing,Virginia Beach,VA,23451,Taproom,2020-02-07,Not recorded,7175
breweries/poboy-brewing,breweries,Po’Boy Brewing,Port Jefferson Station,NY,11776,Taproom,2020-04-11,Not recorded,5196
breweries/pocono-brewery-company,breweries,Pocono Brewery Company,Swiftwater,PA,18370,Brewpub,2020-03-03,Not recorded,6295
breweries/point-ybel-brewing-company,breweries,Point Ybel Brewing Company,Fort Myers,FL,33908,Taproom,2020-03-03,Not recorded,1803
breweries/policy-kings-brewery-llc,breweries,Policy Kings Brewery LLC,Cedar City,UT,84720,Taproom,2020-02-07,Not recorded,6902
breweries/pollyanna-brewing-company,breweries,Pollyanna Brewing Company,Lemont,IL,60439,Micro,2020-04-11,Not recorded,2483
breweries/polyculture-brewing-company,breweries,Polyculture Brewing Company,Croydon,NH,03773,Taproom,2020-03-03,Not recorded,4546
breweries/pond-farm-brewing-company,breweries,Pond Farm Brewing Company,SAN RAFAEL,CA,94901,Taproom,2020-03-03,Not recorded,982
breweries/pondaseta-brewing-co,breweries,Pondaseta Brewing Co.,Amarillo,TX,79119,Taproom,2020-04-11,Not recorded,6597
breweries/ponderosa-brewing,breweries,Ponderosa Brewing,Albuquerque,NM,87104,Brewpub,2020-04-11,Not recorded,4767
breweries/pono-brewing-company,breweries,Pono Brewing Company,Portland,OR,97266,Contract,2020-03-03,Not recorded,5832
breweries/ponysaurus-brewing-company,breweries,Ponysaurus Brewing Company,Durham,NC,27701,Taproom,2020-02-01,Not recorded,4260
breweries/pooles-island-brewing-company,breweries,Pooles Island Brewing Company,Middle River,MD,21220,Taproom,2020-03-03,Not recorded,3179
breweries/poor-house-brewing,breweries,Poor House Brewing,San Diego,CA,92116,Taproom,2020-03-03,Not recorded,844
breweries/poplar-street-pub,breweries,Poplar Street Pub,Salt Lake City,UT,84101,Brewpub,2020-02-07,Not recorded,6930
breweries/port-brewing-co-the-lost-abbey,breweries,Port Brewing Co / The Lost Abbey,San Marcos,CA,92069,Micro,2020-03-03,Yes,968
breweries/port-city-brewing-co,breweries,Port City Brewing Co.,Alexandria,VA,22304,Regional,2020-03-03,Yes,6953
breweries/port-huron-brewing-co,breweries,Port Huron Brewing Co,Wisconsin Dells,WI,53965,Micro,2020-03-03,Not recorded,7898
breweries/port-jeff-brewing-co,breweries,Port Jeff Brewing Co,Port Jefferson,NY,11777,Micro,2020-04-11,Not recorded,5195
breweries/port-orleans-brewing-company,breweries,Port Orleans Brewing Company,New Orleans,LA,70115,Micro,2020-04-11,Not recorded,2923
breweries/port-town-brewing-co,breweries,Port Town Brewing Co,San Pedro,CA,90731,Proprietor,2020-03-03,Not recorded,979
breweries/port-townsend-brewing-co,breweries,Port Townsend Brewing Co,Port Townsend,WA,98368,Micro,2020-03-03,Not recorded,7445
breweries/portico-brewing-co,breweries,Portico Brewing Co,Waltham,MA,02453,Contract,2020-03-03,Not recorded,3079
breweries/portland-brewing-north-american-breweries,breweries,Portland Brewing/North American Breweries,Portland,OR,97210,Regional,2020-03-03,Not recorded,5833
breweries/portland-u-brew-and-pub,breweries,Portland U-Brew & Pub,Portland,OR,97202,Brewpub,2020-04-11,Not recorded,5854
breweries/portneuf-valley-brewing-co,breweries,Portneuf Valley Brewing Co,Pocatello,ID,83201,Brewpub,2020-02-01,Not recorded,2310
breweries/portsmouth-brewing-co-maults,breweries,Portsmouth Brewing Co/Maults,Portsmouth,OH,45662,Brewpub,2020-03-03,Not recorded,5560
breweries/poseidon-brewing-company,breweries,Poseidon Brewing Company,Ventura,CA,93003,Taproom,2020-04-11,Not recorded,1124
breweries/post-falls-brewing,breweries,Post Falls Brewing,Post Falls,ID,83854,Taproom,2020-02-01,Not recorded,2312
breweries/pour-house,breweries,Pour House,Wichita,KS,67202,Brewpub,2020-02-01,Not recorded,2821
breweries/pour-mans-brewing-company,breweries,Pour Mans Brewing Company,Ephrata,PA,17522,Taproom,2019-10-26,Not recorded,6055
breweries/powder-hollow-brewery,breweries,Powder Hollow Brewery,Enfield,CT,06082,Micro,2020-04-11,Not recorded,1618
breweries/powderhaus-brewing,breweries,Powderhaus Brewing,Garden City,ID,83714,Micro,2020-02-01,Not recorded,2289
breweries/power-house-brewing-cos-columbus-bar,breweries,Power House Brewing Co’s Columbus Bar,Columbus,IN,47203,Brewpub,2020-02-07,Not recorded,2618
breweries/prairie-artisan-ales,breweries,Prairie Artisan Ales,Tulsa,OK,74107,Micro,2019-11-27,Not recorded,5640
breweries/prairie-brothers-brewing,breweries,Prairie Brothers Brewing,Fargo,ND,58104,Taproom,2020-04-11,Not recorded,4466
breweries/prairie-pride-brewery,breweries,Prairie Pride Brewery,Grand Island,NE,68801,Taproom,2020-04-11,Not recorded,4488
breweries/pratt-street-ale-house,breweries,Pratt Street Ale House,Baltimore,MD,21201,Brewpub,2020-02-01,Not recorded,3112
breweries/precarious-beer-project,breweries,Precarious Beer Project,Williamsburg,VA,23185,Brewpub,2020-02-07,Not recorded,7192
breweries/precarious-beer-project-beer-hall,breweries,Precarious Beer Project - Beer Hall,Williamsburg,VA,23185,Brewpub,2020-02-07,Not recorded,7193
breweries/precious-things-fermentation-project,breweries,Precious Things Fermentation Project,Spokane,WA,99217,Taproom,2019-06-04,Yes,7557
breweries/prestonrose-farm-and-brewing-co,breweries,Prestonrose Farm and Brewing Co.,Paris,AR,72855,Brewpub,2020-03-03,Not recorded,118
breweries/pretentious-beer-co,breweries,Pretentious Beer Co,Knoxville,TN,37902,Micro,2020-03-03,Not recorded,6534
breweries/preyer-brewing-company,breweries,Preyer Brewing Company,Greensboro,NC,27401,Taproom,2020-03-03,Not recorded,4294
breweries/priest-lake-brewing,breweries,Priest Lake Brewing,Priest Lake,ID,83856,Taproom,2020-02-01,Not recorded,2314
breweries/primal-brewery,breweries,Primal Brewery,Huntersville,NC,28078,Taproom,2020-04-11,Not recorded,4322
breweries/primal-brewing-company,breweries,Primal Brewing Company,Baird,TX,79504,Taproom,2020-03-03,Not recorded,6648
breweries/primitive-beer-llc,breweries,Primitive Beer LLC,Longmont,CO,80504,Taproom,2020-03-03,Not recorded,1502
breweries/printers-ale-manufacturing-co,breweries,Printer’s Ale Manufacturing Co.,Carrollton,GA,30117,Micro,2020-02-07,Not recorded,2086
breweries/printshop-beer-co,breweries,Printshop Beer Co,Knoxville,TN,37920,Taproom,2019-11-27,Not recorded,6530
breweries/prison-brews,breweries,Prison Brews,Jefferson City,MO,65101,Brewpub,2019-10-26,Not recorded,3927
breweries/prison-city-brewing,breweries,Prison City Brewing,Auburn,NY,13021,Proprietor,2019-10-26,Not recorded,4901
breweries/prison-hill-brewing-co,breweries,Prison Hill Brewing Co,Yuma,AZ,85364,Brewpub,2019-10-26,Not recorded,251
breweries/pro-re-nata-brewery,breweries,Pro Re Nata Brewery,Crozet,VA,22932,Taproom,2020-02-07,Not recorded,7004
breweries/proclamation-ale-company,breweries,Proclamation Ale Company,Warwick,RI,02886,Micro,2019-04-20,Not recorded,6358
breweries/prodigy-brewing-company,breweries,Prodigy Brewing Company,San Marcos,CA,92078,Contract,2020-03-03,Not recorded,970
breweries/progress-brewing,breweries,Progress Brewing,South El Monte,CA,91733,Taproom,2020-04-11,Not recorded,1045
breweries/progression-brewing-company,breweries,Progression Brewing Company,Northampton,MA,01060,Brewpub,2020-02-07,Not recorded,3042
breweries/prohibition-brewing,breweries,Prohibition Brewing,Vista,CA,92084,Brewpub,2020-03-03,Not recorded,1134
breweries/prohibition-pig,breweries,Prohibition Pig,Waterbury,VT,05676,Brewpub,2019-11-27,Not recorded,7265
breweries/proof-brewing-co,breweries,Proof Brewing Co,Tallahassee,FL,32301,Micro,2020-04-11,Not recorded,1995
breweries/prost-brewing,breweries,Prost Brewing,Denver,CO,80211,Micro,2020-04-11,Not recorded,1329
breweries/protagonist-brewery,breweries,Protagonist Brewery,Charlotte,NC,28205,Taproom,2019-11-27,Not recorded,4209
breweries/protector-brewery-llc,breweries,Protector Brewery LLC,San Diego,CA,92126,Taproom,2020-03-03,Not recorded,845
breweries/providence-brewing-company,breweries,Providence Brewing Company,Providence,RI,02904,Taproom,2020-04-11,Not recorded,6352
breweries/provincetown-brewing-co,breweries,Provincetown Brewing Co.,Provincetown,MA,02657,Brewpub,2020-03-03,Not recorded,3058
breweries/pryes-brewing-company,breweries,Pryes Brewing Company,Minneapolis,MN,55411,Micro,2020-03-03,Not recorded,3793
breweries/public-brewhouse,breweries,Public Brewhouse,Tucson,AZ,85705,Taproom,2020-03-03,Not recorded,232
breweries/public-house-brewing-co,breweries,Public House Brewing Co,Saint James,MO,65559,Micro,2020-03-03,Not recorded,3974
breweries/public-house-kitchen-and-brewery,breweries,Public House Kitchen and Brewery,Manassas,VA,20110,Brewpub,2020-02-07,Not recorded,7074
breweries/pull-brewing-co,breweries,Pull Brewing Co,New Paltz,NY,12561,Contract,2020-03-03,Not recorded,5140
breweries/pulpit-rock-brewing-co,breweries,Pulpit Rock Brewing Co.,Decorah,IA,52101,Taproom,2020-02-01,Not recorded,2206
breweries/pumphouse-brewery-and-restaurant,breweries,Pumphouse Brewery and Restaurant,Longmont,CO,80501,Brewpub,2020-04-11,Not recorded,1504
breweries/punch-buggy-brewing-company,breweries,Punch Buggy Brewing Company,Philadelphia,PA,19122,Taproom,2020-03-03,Not recorded,6207
breweries/pure-order-brewing-co,breweries,Pure Order Brewing Co,Santa Barbara,CA,93103,Taproom,2020-03-03,Not recorded,991
breweries/pure-project,breweries,Pure Project,San Diego,CA,92121,Taproom,12/20.2019,Not recorded,860
breweries/purgatory-beer-co-llc,breweries,"Purgatory Beer Co, LLC",Whitinsville,MA,01588,Taproom,2020-03-03,Not recorded,3097
breweries/puritan-brew-company,breweries,Puritan Brew Company,Fayetteville,AR,72701,Contract,2020-03-03,Not recorded,95
breweries/put-in-bay-brewing-co,breweries,Put-In-Bay Brewing Co,Put In Bay,OH,43456,Brewpub,2020-03-03,Not recorded,5563
breweries/pyramid-breweries-north-american-breweries,breweries,Pyramid Breweries / North American Breweries,Seattle,WA,98134,Brewpub,2020-04-11,Not recorded,7516
breweries/quantum-brewing-co,breweries,Quantum Brewing Co,San Diego,CA,92123,Brewpub,2020-04-11,Not recorded,856
breweries/quarter-barrel-arcade,breweries,Quarter Barrel Arcade,Cedar Rapids,IA,52401,Brewpub,2020-02-01,Not recorded,2187
breweries/quarter-celtic-brewpub,breweries,Quarter Celtic Brewpub,Albuquerque,NM,87110,Brewpub,2020-03-03,Not recorded,4759
breweries/quartzite-brewing-company,breweries,Quartzite Brewing Company,Chewelah,WA,99109,Taproom,2020-03-03,Not recorded,7336
breweries/quattro-goombas-brewery,breweries,Quattro Goombas Brewery,Aldie,VA,20105,Brewpub,2020-02-07,Not recorded,6952
breweries/queen-city-brewery-llc,breweries,"Queen City Brewery, LLC",Burlington,VT,05401,Micro,2020-02-07,Not recorded,7222
breweries/queen-city-brewing,breweries,Queen City Brewing,Staunton,VA,24401,Taproom,2020-02-07,Not recorded,7157
breweries/quenched-and-tempered-brewery,breweries,Quenched & Tempered Brewery,Grand Rapids,OH,43522,Micro,2020-03-03,Not recorded,5483
breweries/quigleys-pint-and-plate,breweries,Quigley’s Pint and Plate,Pawleys Island,SC,29585,Brewpub,2020-04-11,Not recorded,6435
breweries/quintopia-brewing-co,breweries,Quintopia Brewing Co,Quincy,CA,95971,Brewpub,2020-04-11,Not recorded,733
breweries/r-and-d-brewing,breweries,R&D Brewing,Raleigh,NC,27603,Micro,2020-03-03,Not recorded,4379
breweries/r-and-r-brewing,breweries,R & R Brewing,Mount Olive,NC,28365,Taproom,2020-03-03,Not recorded,4355
breweries/r-shea-brewing,breweries,R.Shea Brewing,Akron,OH,44313,Brewpub,2020-03-03,Not recorded,5308
breweries/rabid-brewing-llc,breweries,"Rabid Brewing, LLC",Homewood,IL,60430,Taproom,2020-03-03,Not recorded,2469
breweries/racing-city-brewing-company,breweries,Racing City Brewing Company,Saratoga Springs,NY,12866,Brewpub,2020-03-03,Not recorded,5235
breweries/radiant-pig-craft-beers,breweries,Radiant Pig Craft Beers,New York,NY,10001,Contract,2020-03-03,Not recorded,5150
breweries/radicle-effect-brewerks,breweries,Radicle Effect Brewerks,Rock Island,IL,61201,Brewpub,2020-02-07,Not recorded,2537
breweries/rahr-and-sons-brewing-co,breweries,Rahr and Sons Brewing Co,Fort Worth,TX,76104,Regional,2020-03-03,Not recorded,6727
breweries/rahr-technical-center-llc,breweries,Rahr Technical Center LLC,Shakopee,MN,55379,Micro,2020-04-11,Not recorded,3873
breweries/railhouse-brewery,breweries,Railhouse Brewery,Aberdeen,NC,28315,Micro,2020-04-11,Not recorded,4131
breweries/railhouse-restaurant-and-brewery,breweries,Railhouse Restaurant and Brewery,Marinette,WI,54143,Brewpub,2020-04-11,Not recorded,7783
breweries/railport-brewing-company,breweries,Railport Brewing Company,Waxahachie,TX,75165,Taproom,2020-04-11,Not recorded,6894
breweries/railroad-city-brewing-company,breweries,Railroad City Brewing Company,Altoona,PA,16601,Brewpub,2020-03-03,Not recorded,5953
breweries/railroad-seafood-station-and-brewing-co,breweries,Railroad Seafood Station & Brewing Co.,Corpus Christi,TX,78401,Brewpub,2020-03-03,Not recorded,6676
breweries/railside-brewing,breweries,Railside Brewing,Vancouver,WA,98665,Brewpub,2020-03-03,Not recorded,7623
breweries/railtown-brewing-co,breweries,Railtown Brewing Co,Dutton,MI,49316,Taproom,2020-03-03,Not recorded,3445
breweries/raised-grain-brewing-company,breweries,Raised Grain Brewing Company,Waukesha,WI,53186,Brewpub,2020-03-03,Not recorded,7878
breweries/ram-restaurant-and-brewery-boise,breweries,RAM Restaurant and Brewery - Boise,Boise,ID,83712,Brewpub,2020-02-01,Not recorded,2271
breweries/ram-restaurant-and-brewery-clackamas,breweries,RAM Restaurant and Brewery - Clackamas,Clackamas,OR,97015,Brewpub,2020-03-03,Not recorded,5705
breweries/ram-restaurant-and-brewery-indianapolis,breweries,RAM Restaurant and Brewery - Indianapolis,Indianapolis,IN,46204,Brewpub,2020-04-11,Not recorded,2683
breweries/ram-restaurant-and-brewery-northgate,breweries,RAM Restaurant and Brewery- Northgate,Seattle,WA,98125,Brewpub,2020-02-07,Not recorded,7492
breweries/ram-restaurant-and-brewery-production,breweries,RAM Restaurant and Brewery - Production,Tacoma,WA,98409,Micro,2020-03-03,Not recorded,7602
breweries/ram-restaurant-and-brewery-seattle,breweries,RAM Restaurant and Brewery - Seattle,Seattle,WA,98105,Brewpub,2020-04-11,Not recorded,7517
breweries/ram-restaurant-and-brewery-tacoma,breweries,RAM Restaurant and Brewery - Tacoma,Tacoma,WA,98402,Brewpub,2020-02-07,Not recorded,7597
breweries/ramblin-reds-brewing-company,breweries,Ramblin Reds Brewing Company,Wauseon,OH,43567,Taproom,2020-03-03,Not recorded,5588
breweries/ramskeller,breweries,Ramskeller,Fort Collins,CO,80523,Brewpub,2020-03-03,Not recorded,1407
breweries/ranch-house-brewery,breweries,Ranch House Brewery,Oracle,AZ,85623,Brewpub,2020-02-07,Not recorded,174
breweries/random-precision-brewing-company,breweries,Random Precision Brewing Company,Columbus,OH,43235,Taproom,2020-04-11,Not recorded,5444
breweries/random-row-brewing-co,breweries,Random Row Brewing Co.,Charlottesville,VA,22903,Taproom,2020-02-07,Not recorded,6989
breweries/ranger-creek-brewery,breweries,Ranger Creek Brewery,San Antonio,TX,78217,Micro,2019-04-20,Not recorded,6849
breweries/rants-and-raves-brewery,breweries,Rants And Raves Brewery,Moscow,ID,83843,Brewpub,2020-02-01,Not recorded,2304
breweries/rapids-brewing-company,breweries,Rapids Brewing Company,Grand Rapids,MN,55744,Brewpub,2020-03-03,Not recorded,3757
breweries/rapp-brewing-company,breweries,Rapp Brewing Company,Seminole,FL,33777,Taproom,2020-04-11,Not recorded,1986
breweries/rapps-barren-brewing-company,breweries,Rapp’s Barren Brewing Company,Mountain Home,AR,72653,Brewpub,2020-04-11,Not recorded,112
breweries/rapscallion-ales,breweries,Rapscallion Ales,Sturbridge,MA,01518,Micro,2020-02-07,Not recorded,3076
breweries/raquette-river-brewing,breweries,Raquette River Brewing,Tupper Lake,NY,12986,Brewpub,2020-04-11,Not recorded,5272
breweries/rar-brewing,breweries,RAR Brewing,Cambridge,MD,21613,Proprietor,2019-11-03,Not recorded,3138
breweries/rare-form-brewing,breweries,Rare Form Brewing,Troy,NY,12180,Taproom,2020-03-03,Not recorded,5266
breweries/raritan-bay-brewing-llc,breweries,"Raritan Bay Brewing, LLC",Keansburg,NJ,07734,Taproom,2020-04-11,Not recorded,4679
breweries/ratchet-brewery,breweries,Ratchet Brewery,Salem,OR,97302,Taproom,2020-03-03,Not recorded,5908
breweries/rattlesnake-mountain-brewery-kimos-restaurant,breweries,Rattlesnake Mountain Brewery / Kimo’s Restaurant,Richland,WA,99352,Brewpub,2020-02-07,Not recorded,7470
breweries/raven-bbq-and-brewing,breweries,Raven BBQ & Brewing,Cadillac,MI,49601,Brewpub,2020-04-11,Not recorded,3397
breweries/ravenna-brewing-company,breweries,Ravenna Brewing Company,Seattle,WA,98105,Taproom,2020-04-11,Not recorded,7518
breweries/ravenous-brewing-company,breweries,Ravenous Brewing Company,Woonsocket,RI,02895,Taproom,2020-04-11,Not recorded,6363
breweries/ravenous-pig-brewing,breweries,Ravenous Pig Brewing,Winter Park,FL,32789,Brewpub,2019-06-17,Not recorded,2042
breweries/ravinia-brewing-company,breweries,Ravinia Brewing Company,Highland Park,IL,60035,Proprietor,2020-03-03,Not recorded,2465
breweries/reach-break-brewing,breweries,Reach Break Brewing,Astoria,OR,97103,Taproom,2020-04-11,Not recorded,5660
breweries/readington-brewery-inc,breweries,Readington Brewery Inc.,Neshanic Station,NJ,08853,Planning,2019-10-26,Not recorded,4702
breweries/real-ale-brewing-co,breweries,Real Ale Brewing Co,Blanco,TX,78606,Regional,2020-03-03,Not recorded,6653
breweries/reason-beer,breweries,Reason Beer,Charlottesville,VA,22901,Micro,2020-02-07,Not recorded,6990
breweries/reaver-beach-brewing-co,breweries,Reaver Beach Brewing Co,Virginia Beach,VA,23453,Micro,2020-02-07,Not recorded,7176
breweries/rebel-hill-brewing-company,breweries,Rebel Hill Brewing Company,Phoenixville,PA,19460,Brewpub,2019-10-26,Not recorded,6227
breweries/rebel-mettle-brewing-llc,breweries,Rebel Mettle Brewing LLC,Cincinnati,OH,45214,Planning,2019-10-26,Not recorded,5354
breweries/rebel-toad-brewing-co,breweries,Rebel Toad Brewing Co,Corpus Christi,TX,78401,Brewpub,2019-10-26,Not recorded,6675
breweries/rebellion-brewing,breweries,Rebellion Brewing,Cedarburg,WI,53012,Brewpub,2019-10-26,Not recorded,7701
breweries/recess-brewing,breweries,Recess Brewing,Edwardsville,IL,62025,Taproom,2020-03-03,Not recorded,2438
breweries/reckless-ale-works,breweries,Reckless Ale Works,Columbia,MD,21045,Brewpub,2020-04-11,Not recorded,3143
breweries/reclaimed-rails-brewing-company,breweries,Reclaimed Rails Brewing Company,Bondurant,IA,50035,Taproom,2020-02-01,Not recorded,2173
breweries/record-street-brewing-co,breweries,Record Street Brewing Co,Reno,NV,89521,Contract,2020-03-03,Not recorded,4867
breweries/red-branch-brewing-company-rabbits-foot-meadery,breweries,Red Branch Brewing Company / Rabbits Foot Meadery,Sunnyvale,CA,94089,Taproom,2019-11-27,Not recorded,1059
breweries/red-bus-brewing-company,breweries,Red Bus Brewing Company,Folsom,CA,95630,Taproom,2019-10-26,Not recorded,436
breweries/red-car-brewery-and-restaurant,breweries,Red Car Brewery and Restaurant,Torrance,CA,90501,Brewpub,2020-03-03,Not recorded,1087
breweries/red-clay-brewing-company,breweries,Red Clay Brewing Company,Opelika,AL,36801,Brewpub,2020-03-03,Not recorded,80
breweries/red-door-brewing-co,breweries,Red Door Brewing Co,Albuquerque,NM,87107,Taproom,2020-04-11,Not recorded,4768
breweries/red-dragon-brewery,breweries,Red Dragon Brewery,Fredericksburg,VA,22401,Taproom,2020-02-07,Not recorded,7032
breweries/red-foot-brewing-co-the-red-yeti,breweries,Red Foot Brewing Co/ The Red Yeti,Jeffersonville,IN,47130,Brewpub,2020-03-03,Not recorded,2701
breweries/red-hare-brewing-company,breweries,Red Hare Brewing Company,Marietta,GA,30067,Micro,2020-02-07,Not recorded,2114
breweries/red-horn-brewing-co,breweries,Red Horn Brewing Co.,Cedar Park,TX,78613,Brewpub,2020-04-11,Not recorded,6667
breweries/red-jacket-brewing-at-michigan-house-cafe,breweries,Red Jacket Brewing at Michigan House Cafe,Calumet,MI,49913,Brewpub,2020-03-03,Not recorded,3399
breweries/red-mountain-brewing,breweries,Red Mountain Brewing,Ouray,CO,81427,Brewpub,2020-02-07,Not recorded,1536
breweries/red-oak-brewing-co,breweries,Red Oak Brewing Co,Whitsett,NC,27377,Regional,2020-03-03,Not recorded,4430
breweries/red-river-brewing-co,breweries,Red River Brewing Co,Shreveport,LA,71101,Brewpub,2020-02-07,Not recorded,2931
breweries/red-rock-brewing-co,breweries,Red Rock Brewing Co,Salt Lake City,UT,84101,Brewpub,2020-02-07,Not recorded,6933
breweries/red-rock-brewing-co-production,breweries,Red Rock Brewing Co - Production,Salt Lake City,UT,84103,Micro,2020-02-07,Not recorded,6934
breweries/red-shed-brewing-company,breweries,Red Shed Brewing Company,Cherry Valley,NY,13320,Taproom,2020-03-03,Not recorded,4992
breweries/red-shedman-farm-brewery,breweries,Red Shedman Farm Brewery,Mount Airy,MD,21771,Micro,2020-04-11,Not recorded,3182
breweries/red-silo-brewing-co,breweries,Red Silo Brewing Co,Cookeville,TN,38501,Taproom,2019-11-27,Not recorded,6504
breweries/red-tandem-brewery,breweries,Red Tandem Brewery,Oxnard,CA,93035,Taproom,2020-03-03,Not recorded,692
breweries/red-tank-brewing,breweries,Red Tank Brewing,Red Bank,NJ,07701,Taproom,2020-03-03,Not recorded,4722
breweries/red-wing-brewing-company,breweries,Red Wing Brewing Company,Red Wing,MN,55066,Brewpub,2020-04-11,Not recorded,3836
breweries/redbeard-brewing-co,breweries,Redbeard Brewing Co,Staunton,VA,24401,Taproom,2020-02-07,Not recorded,7158
breweries/redco-brewery,breweries,Redco Brewery,Valley Center,CA,92082,Taproom,2020-03-03,Not recorded,1115
breweries/redhook-brewery,breweries,Redhook Brewery,Seattle,WA,98122,Regional,2020-02-07,Not recorded,7493
breweries/redifer-brewing-co,breweries,Redifer Brewing Co,Yakima,WA,98901,Taproom,2020-03-03,Not recorded,7669
breweries/reel-brew-co,breweries,Reel Brew Co.,Los Angeles,CA,91605,Contract,2020-03-03,Not recorded,575
breweries/reformation-brewery,breweries,Reformation Brewery,Canton,GA,30114,Micro,2020-02-07,Not recorded,2085
breweries/refuge-brewery-inc,breweries,"Refuge Brewery, Inc.",Temecula,CA,92590,Micro,2020-04-11,Not recorded,1073
breweries/renegade-brewing-company,breweries,Renegade Brewing Company,Denver,CO,80204,Micro,2020-02-07,Not recorded,1291
breweries/rentsch-brewery,breweries,Rentsch Brewery,Georgetown,TX,78626,Micro,2020-04-11,Not recorded,6747
breweries/republic-brewing-co,breweries,Republic Brewing Co,Republic,WA,99166,Brewpub,2020-02-07,Not recorded,7468
breweries/reservoir-brewing-company,breweries,Reservoir Brewing Company,Pueblo,CO,81007,Brewpub,2020-03-03,Not recorded,1549
breweries/resident-culture,breweries,Resident Culture,Charlotte,NC,28205,Taproom,2020-03-03,Not recorded,4214
breweries/resignation-brewery,breweries,Resignation Brewery,Austin,TX,78701,Contract,2020-03-03,Not recorded,6619
breweries/resolute-brewing-co,breweries,Resolute Brewing Co,Arvada,CO,80007,Taproom,2020-03-03,Not recorded,1176
breweries/resolute-brewing-company,breweries,Resolute Brewing Company,Centennial,CO,80112,Taproom,2020-04-11,Not recorded,1240
breweries/resolution-brewing-company-llc,breweries,"Resolution Brewing Company, LLC",Anchorage,AK,99501,Taproom,2019-11-03,Not recorded,12
breweries/resonate-brewery-pizzeria,breweries,Resonate Brewery + Pizzeria,Bellevue,WA,98006,Brewpub,2020-02-07,Not recorded,7289
breweries/resting-pulse-brewing-company,breweries,Resting Pulse Brewing Company,Opelika,AL,36801,Taproom,2020-03-03,Not recorded,81
breweries/restless-moons-brewing,breweries,Restless Moons Brewing,Harrisonburg,VA,22802,Taproom,2020-02-07,Not recorded,7048
breweries/restoration-brew-worx,breweries,Restoration Brew Worx,Delaware,OH,43015,Brewpub,2020-03-03,Not recorded,5472
breweries/resurgence-brewing-company,breweries,Resurgence Brewing Company,Buffalo,NY,14213,Taproom,2020-04-11,Not recorded,4957
breweries/reubens-brews,breweries,Reuben’s Brews,Seattle,WA,98107,Micro,12/20.2019,Not recorded,"7522,7523"
breweries/reubens-brews-taproom,breweries,Reuben’s Brews Taproom,Seattle,WA,98107,Micro,12/20.2019,Not recorded,7524
breweries/reunion-brewery,breweries,ReUnion Brewery,Coralville,IA,52241,Brewpub,2020-02-01,Not recorded,2197
breweries/rev-brewing-co,breweries,REV Brewing Co,Covina,CA,91722,Taproom,2020-04-11,Not recorded,396
breweries/revelry-brewing-co,breweries,Revelry Brewing Co.,Charleston,SC,29403,Micro,2020-03-03,Not recorded,6378
breweries/revision-brewing-company,breweries,Revision Brewing Company,Sparks,NV,89431,Micro,2020-04-11,Not recorded,4884
breweries/revival-foodworks-and-brewery,breweries,Revival Foodworks and Brewery,Cranston,RI,02920,Brewpub,2019-11-27,Not recorded,6338
breweries/revolt-brewing-company,breweries,Revolt Brewing Company,Montclair,CA,91763,Taproom,2020-03-03,Not recorded,616
breweries/revolution-brewing,breweries,Revolution Brewing,Chicago,IL,60618,Regional,2020-03-03,Not recorded,2384
breweries/revolver-brewing,breweries,Revolver Brewing,Granbury,TX,76049,Largge,2019-04-20,Not recorded,6749
breweries/rg-brewery-five-sons-winery,breweries,RG Brewery / Five Sons Winery,Brockport,NY,14420,Brewpub,2020-03-03,Not recorded,4925
breweries/rhinegeist-brewery,breweries,Rhinegeist Brewery,Cincinnati,OH,45202,Regional,2020-03-03,Not recorded,5371
other-places/rho-x,other-places,Rho X,Los Angeles,ca,90022,,2019-12-08,Not recorded,563
breweries/rhombus-guys-brewing-co,breweries,Rhombus Guys Brewing Co,Grand Forks,ND,58201,Brewpub,2019-11-27,Not recorded,4470
breweries/rhythm-brewing-co,breweries,Rhythm Brewing Co,New Haven,CT,06515,Contract,2020-02-07,Not recorded,1645
breweries/rice-and-barley-taphouse,breweries,Rice and Barley Taphouse,Adrian,MI,49221,Brewpub,2020-02-07,Not recorded,3350
other-places/rich-regal,other-places,Rich Regal,Lancaster,OH,43130,Other,yes,Yes,5503
breweries/richbrau,breweries,Richbrau,Richmond,VA,23223,Taproom,2020-02-07,Not recorded,7120
breweries/richbrau-brewing,breweries,Richbrau Brewing,Richmond,VA,23223,Proprietor,2020-03-03,Not recorded,7129
breweries/ridgewalker-brewing,breweries,Ridgewalker Brewing,Forest Grove,OR,97116,Brewpub,2020-04-11,Not recorded,5733
breweries/riepstines-pub,breweries,Riepstines Pub,Williamsport,PA,17701,Brewpub,2020-04-11,Not recorded,6321
breweries/riff-raff-brewing,breweries,Riff Raff Brewing,Pagosa Springs,CO,81147,Brewpub,2020-04-11,Not recorded,1538
breweries/right-around-the-corner,breweries,Right Around The Corner,Saint Petersburg,FL,33712,Taproom,2020-03-03,Not recorded,1963
breweries/right-brain-brewery,breweries,Right Brain Brewery,Traverse City,MI,49684,Micro,2020-04-11,Not recorded,3681
breweries/right-mind-brewing,breweries,Right Mind Brewing,Blacksburg,VA,24060,Brewpub,2020-02-07,Not recorded,6970
breweries/right-proper-brewing-company,breweries,Right Proper Brewing Company,Washington,DC,20001,Brewpub,2020-04-11,Not recorded,1704
breweries/rileys-brewing-co,breweries,Riley’s Brewing Co,Madera,CA,93638,Micro,2020-03-03,Not recorded,590
breweries/rip-current-brewing-north-park,breweries,Rip Current Brewing North Park,San Diego,CA,92104,Brewpub,2020-04-11,Not recorded,857
breweries/rip-rap-brewing-company,breweries,Rip Rap Brewing Company,Norfolk,VA,23517,Taproom,2020-02-07,Not recorded,7092
breweries/rising-silo-brewery,breweries,Rising Silo Brewery,Blacksburg,VA,24060,Brewpub,2020-02-07,Not recorded,6971
breweries/rising-tide-brewing-co,breweries,Rising Tide Brewing Co,Portland,ME,04101,Micro,2020-04-11,Not recorded,3311
breweries/rivals-sports-grille,breweries,Rivals Sports Grille,Middleburg Heights,OH,44130,Contract,2020-03-03,Not recorded,5534
breweries/river-bend-brewing,breweries,River Bend Brewing,Hailey,ID,83333,Micro,2020-02-01,Not recorded,2290
breweries/river-bluff-brewing,breweries,River Bluff Brewing,Saint Joseph,MO,64501,Taproom,2020-03-03,Not recorded,3975
breweries/river-bottoms-brewing-company,breweries,River Bottoms Brewing Company,Carrollton,MO,64633,Brewpub,2020-03-03,Not recorded,3905
breweries/river-city-brewing,breweries,River City Brewing,Spokane,WA,99201,Micro,2020-04-11,Not recorded,7575
breweries/river-city-brewing-co,breweries,River City Brewing Co,Jacksonville,FL,32207,Brewpub,2020-02-07,Not recorded,1826
breweries/river-city-brewing-co-sacramento-ca,breweries,River City Brewing Co,Sacramento,CA,95814,Brewpub,2020-02-07,Not recorded,786
breweries/river-city-brewing-co-wichita-ks,breweries,River City Brewing Co,Wichita,KS,67202,Brewpub,2020-03-03,Not recorded,2826
breweries/river-company-restaurant-and-brewery-inc-the,breweries,"River Company Restaurant & Brewery Inc, The",Radford,VA,24141,Brewpub,2020-02-07,Not recorded,7111
breweries/river-dog-brewing-co,breweries,River Dog Brewing Co,Ridgeland,SC,29936,Micro,2020-04-11,Not recorded,6437
breweries/river-hops-brewing,breweries,River Hops Brewing,Fort Dodge,IA,50501,Taproom,2020-02-01,Not recorded,2220
breweries/river-horse-brewing-company,breweries,River Horse Brewing Company,Ewing,NJ,08628,Micro,2020-03-03,Not recorded,4651
breweries/river-north-brewery-rino,breweries,River North Brewery - RiNo,Denver,CO,80205,Taproom,2020-03-03,Not recorded,1308
breweries/river-of-no-return-brewing-co,breweries,River of No Return Brewing Co,Challis,ID,83226,Brewpub,2020-02-01,Not recorded,2278
breweries/river-rat-brewery,breweries,River Rat Brewery,Columbia,SC,29201,Brewpub,2020-03-03,Not recorded,6394
breweries/river-ridge-brewing,breweries,River Ridge Brewing,Bellevue,IA,52031,Taproom,2020-02-01,Not recorded,2169
breweries/river-rock-brewery,breweries,River Rock Brewery,Galt,CA,95632,Taproom,2020-04-11,Not recorded,454
breweries/river-roost-brewery,breweries,River Roost Brewery,White River Junction,VT,05001,Taproom,2020-03-03,Not recorded,7269
breweries/river-time-brewing,breweries,River Time Brewing,Darrington,WA,98241,Brewpub,2020-02-07,Not recorded,7344
breweries/riverbend-brewing-company,breweries,RiverBend Brewing Company,Bend,OR,97703,Micro,2020-03-03,Not recorded,5680
breweries/riverlands-brewing-company,breweries,Riverlands Brewing Company,Saint Charles,IL,60174,Micro,2020-02-07,Not recorded,2547
breweries/riverside-brewery-and-restaurant,breweries,Riverside Brewery &  Restaurant,West Bend,WI,53095,Brewpub,2020-04-11,Not recorded,7893
breweries/rivertown-brewing-co-monroe-barrel-house,breweries,Rivertown Brewing Co - Monroe Barrel House,Monroe,OH,45044,Micro,2020-04-11,Not recorded,5540
breweries/riverwalk-brewing-co,breweries,Riverwalk Brewing Co.,Newburyport,MA,01950,Micro,2020-02-07,Not recorded,3038
breweries/riverwatch-brewery,breweries,Riverwatch Brewery,Augusta,GA,30901,Micro,2020-04-11,Not recorded,2077
breweries/rj-rockers-brewing-co,breweries,RJ Rockers Brewing Co,Spartanburg,SC,29306,Micro,2020-04-11,Not recorded,6445
breweries/rnoggin-brewing,breweries,R’Noggin Brewing,Kenosha,WI,53142,Taproom,2020-04-11,Not recorded,7749
breweries/roadhouse-brewing-company,breweries,Roadhouse Brewing Company,Jackson,WY,83001,Micro,2020-04-11,Not recorded,7947
breweries/roaring-fork-beer-company,breweries,Roaring Fork Beer Company,Carbondale,CO,81623,Proprietor,2020-03-03,Not recorded,1232
breweries/roaring-table-brewing,breweries,Roaring Table Brewing,Lake Zurich,IL,60047,Taproom,2020-04-11,Not recorded,2481
breweries/rochester-mills-beer-co,breweries,Rochester Mills Beer Co,Rochester,MI,48307,Brewpub,2020-03-03,Not recorded,3629
breweries/rochester-mills-production-brewery,breweries,Rochester Mills Production Brewery,Auburn Hills,MI,48326,Micro,2020-02-07,Not recorded,3371
breweries/rock-art-brewery,breweries,Rock Art Brewery,Morrisville,VT,05661,Micro,2020-02-07,Not recorded,7240
breweries/rock-bottom-brewery,breweries,Rock Bottom Brewery,Daytona Beach,FL,32114,Brewpub,2020-02-07,Not recorded,1777
breweries/rock-bottom-brewery-and-restaurant-bolingbrook,breweries,Rock Bottom Brewery & Restaurant - Bolingbrook,Bolingbrook,IL,60440,Brewpub,2020-03-03,Not recorded,2344
breweries/rock-bottom-brewery-bethesda,breweries,Rock Bottom Brewery - Bethesda,Bethesda,MD,20814,Brewpub,2020-03-03,Not recorded,3134
breweries/rock-bottom-brewery-chicago,breweries,Rock Bottom Brewery - Chicago,Chicago,IL,60654,Brewpub,2020-03-03,Not recorded,2385
breweries/rock-bottom-brewery-cincinnati,breweries,Rock Bottom Brewery - Cincinnati,Cincinnati,OH,45202,Brewpub,2020-03-03,Not recorded,5372
breweries/rock-bottom-brewery-colorado-springs,breweries,Rock Bottom Brewery - Colorado Springs,Colorado Springs,CO,80922,Brewpub,2020-02-07,Not recorded,1250
breweries/rock-bottom-brewery-englewood,breweries,Rock Bottom Brewery - Englewood,Centennial,CO,80112,Brewpub,2020-04-11,Not recorded,1241
breweries/rock-bottom-brewery-highlands-ranch,breweries,Rock Bottom Brewery - Highlands Ranch,Highlands Ranch,CO,80129,Brewpub,2020-03-03,Not recorded,1462
breweries/rock-bottom-brewery-indianapolis,breweries,Rock Bottom Brewery - Indianapolis,Indianapolis,IN,46204,Brewpub,2020-03-03,Not recorded,2674
breweries/rock-bottom-brewery-la-jolla,breweries,Rock Bottom Brewery - La Jolla,La Jolla,CA,92037,Brewpub,2020-03-03,Not recorded,514
breweries/rock-bottom-brewery-milwaukee,breweries,Rock Bottom Brewery - Milwaukee,Milwaukee,WI,53203,Brewpub,2020-03-03,Not recorded,7804
breweries/rock-bottom-brewery-nashville,breweries,Rock Bottom Brewery - Nashville,Nashville,TN,37201,Brewpub,2020-03-03,Not recorded,6560
breweries/rock-bottom-brewery-orland-park,breweries,Rock Bottom Brewery - Orland Park,Orland Park,IL,60467,Brewpub,2020-04-11,Not recorded,2521
breweries/rock-bottom-brewery-short-pump,breweries,Rock Bottom Brewery -Short Pump,Richmond,VA,23233,Brewpub,2020-02-07,Not recorded,7121
breweries/rock-bottom-brewery-warrenville,breweries,Rock Bottom Brewery - Warrenville,Warrenville,IL,60555,Brewpub,2020-02-07,Not recorded,2569
breweries/rock-bridge-brewing-co,breweries,Rock Bridge Brewing Co,Columbia,MO,65202,Contract,2020-03-03,Not recorded,3910
breweries/rock-coast-brewery,breweries,Rock Coast Brewery,Loveland,CO,80537,Brewpub,2020-04-11,Not recorded,1518
breweries/rock-harbor-brewing-co,breweries,Rock Harbor Brewing Co.,Rockland,ME,04841,Brewpub,2020-04-11,Not recorded,3319
breweries/rock-house-brewing,breweries,Rock House Brewing,Lexington,KY,40508,Taproom,2020-03-03,Not recorded,2860
breweries/rock-wood-fired-pizza-and-brewery-auburn,breweries,Rock Wood Fired Pizza & Brewery - Auburn,Auburn,WA,98092,Contract,2020-03-03,Not recorded,7283
breweries/rock-wood-fired-pizza-and-brewery-lynnwood,breweries,Rock Wood Fired Pizza and Brewery - Lynnwood,Lynnwood,WA,98036,Contract,2020-03-03,Not recorded,7405
breweries/rock-wood-fired-pizza-and-brewery-tacoma,breweries,Rock Wood Fired Pizza and Brewery - Tacoma,Tacoma,WA,98402,Contract,2020-03-03,Not recorded,7603
breweries/rock-wood-fired-pizza-keep-rockin-llc,breweries,Rock Wood Fired Pizza / Keep Rockin’ LLC,Sumner,WA,98390,Contract,2020-03-03,Not recorded,"7591,7592"
breweries/rockaway-brewing-company,breweries,Rockaway Brewing Company,Long Island City,NY,11101,Micro,2020-03-03,Not recorded,5118
breweries/rocket-frog-brewing-company,breweries,Rocket Frog Brewing Company,Sterling,VA,20164,Micro,2020-02-07,Not recorded,7164
breweries/rocket-republic-brewing-company,breweries,Rocket Republic Brewing Company,Madison,AL,35758,Micro,2020-04-11,Not recorded,73
breweries/rockmill-brewing-co,breweries,Rockmill Brewing Co,Lancaster,OH,43130,Micro,2020-03-03,Not recorded,5504
breweries/rockn-dough-pizza-and-brewery,breweries,Rock’n Dough Pizza and Brewery,Germantown,TN,38138,Brewpub,2019-11-27,Not recorded,6517
breweries/rockn-dough-pizza-and-brewery-jackson-tn,breweries,Rock’n Dough Pizza and Brewery,Jackson,TN,38301,Brewpub,2019-11-27,Not recorded,6519
breweries/rocksteady-brewing-co,breweries,Rocksteady Brewing Co.,Martinez,CA,94553,Brewpub,2020-04-11,Not recorded,599
breweries/rocky-hill-brewing,breweries,Rocky Hill Brewing,Exeter,CA,93221,Taproom,2020-03-03,Not recorded,429
breweries/rocky-mountain-brewery,breweries,Rocky Mountain Brewery,Colorado Springs,CO,80915,Micro,2020-04-11,Not recorded,1259
breweries/rocky-river-brewing-co,breweries,Rocky River Brewing Co,Rocky River,OH,44116,Brewpub,2020-03-03,Not recorded,5565
breweries/rockyard-brewing-company,breweries,Rockyard Brewing Company,Castle Rock,CO,80109,Brewpub,2020-02-07,Not recorded,1235
breweries/rogers-beer,breweries,Rogers Beer,Penfield,NY,14526,Contract,2020-03-03,Not recorded,5180
breweries/rogue-ales-brewery,breweries,Rogue Ales Brewery,Newport,OR,97365,Regional,2020-03-03,Not recorded,5794
breweries/rogue-ales-issaquah-brewhouse,breweries,Rogue Ales Issaquah Brewhouse,Issaquah,WA,98027,Brewpub,2020-02-07,Not recorded,7373
breweries/roha-brewing-project,breweries,RoHa Brewing Project,Salt Lake City,UT,84115,Micro,2020-02-07,Not recorded,6935
breweries/rohrbach-brewing-company,breweries,Rohrbach Brewing Company,Rochester,NY,14624,Brewpub,2020-03-03,Not recorded,5220
breweries/rohrbachs-railroad-st-brewery,breweries,Rohrbach’s Railroad St Brewery,Rochester,NY,14609,Micro,2020-04-11,Not recorded,5223
breweries/rolling-meadows-farm-brewery,breweries,Rolling Meadows Farm Brewery,Cantrall,IL,62625,Micro,2020-03-03,Not recorded,2349
breweries/rolling-oak-brewing-co,breweries,Rolling Oak Brewing Co,Grayling,MI,49738,Micro,2020-03-03,Not recorded,3503
breweries/roma-brewery,breweries,Roma Brewery,Willernie,MN,55090,Brewpub,2020-03-03,Not recorded,3891
breweries/rome-city-brewing-co,breweries,Rome City Brewing Co,Rome,GA,30161,Brewpub,2020-03-03,Not recorded,2122
breweries/rooftop-brewing-co,breweries,Rooftop Brewing Co,Seattle,WA,98119,Micro,2019-04-26,Not recorded,7481
breweries/rooster-brewing,breweries,Rooster Brewing,Paris,KY,40361,Micro,2020-03-03,Not recorded,2889
breweries/roosters-b-street-brewery,breweries,Roosters B Street Brewery,Ogden,UT,84401,Micro,2020-02-07,Not recorded,6911
breweries/roosters-brewing-co-1,breweries,Roosters Brewing Co  (#1),Ogden,UT,84401,Micro,2020-02-07,Not recorded,6912
breweries/roosters-brewing-co-2,breweries,Roosters Brewing Co (#2),Layton,UT,84041,Brewpub,2020-02-07,Not recorded,6904
breweries/root-down-brewing-company,breweries,Root Down Brewing Company,Phoenixville,PA,19460,Brewpub,2020-04-11,Not recorded,6229
breweries/rosenstadt-brewery-llc,breweries,Rosenstadt Brewery LLC,Portland,OR,97214,Proprietor,2020-03-03,Not recorded,5834
breweries/roslyn-brewing-co,breweries,Roslyn Brewing Co,Roslyn,WA,98941,Taproom,2020-03-03,Not recorded,7474
breweries/rough-cut-brewing-company,breweries,Rough Cut Brewing Company,Kerhonkson,NY,12446,Brewpub,2020-04-11,Not recorded,5098
breweries/rough-draft-brewing,breweries,Rough Draft Brewing,San Diego,CA,92121,Micro,2020-03-03,Not recorded,846
breweries/roughtail-brewing,breweries,Roughtail Brewing,Oklahoma City,OK,73110,Micro,2019-11-27,Not recorded,5621
breweries/round-barn-brewery-round-barn-winery,breweries,Round Barn Brewery / Round Barn Winery,Baroda,MI,49101,Micro,2020-02-07,Not recorded,3373
breweries/round-guys-brewing-co,breweries,Round Guys Brewing Co,Lansdale,PA,19446,Brewpub,2020-04-11,Not recorded,6140
breweries/roundabout-brewery,breweries,Roundabout Brewery,Pittsburgh,PA,15201,Taproom,2020-03-03,Not recorded,6240
breweries/roundhouse-brewery,breweries,Roundhouse Brewery,Brainerd,MN,56401,Taproom,2020-04-11,Not recorded,3723
breweries/roundhouse-depot-brewing-co-llc,breweries,Roundhouse Depot Brewing Co. Llc,Bellefontaine,OH,43311,Taproom,2020-03-03,Not recorded,5327
breweries/route-30-brewing-company,breweries,Route 30 Brewing Company,Riverside,CA,92503,Taproom,2020-03-03,Not recorded,765
breweries/route-66-junkyard-brewery,breweries,Route 66 Junkyard Brewery,Grants,NM,87020,Brewpub,2020-04-11,Not recorded,4803
breweries/rowlands-calumet-brewery-co,breweries,Rowlands Calumet Brewery Co,Chilton,WI,53014,Taproom,2020-03-03,Not recorded,7703
breweries/rowlands-calumet-brewery-co-2,breweries,Rowlands Calumet Brewery Co (#2),Chilton,WI,53014,Micro,2020-04-11,Not recorded,7704
breweries/rowley-farmhouse-ales,breweries,Rowley Farmhouse Ales,Santa Fe,NM,87505,Taproom,2020-03-03,Not recorded,4828
breweries/royal-bavaria-brewhouse-restaurant-and-biergarten,breweries,"Royal Bavaria Brewhouse, Restaurant and Biergarten",Moore,OK,73165,Brewpub,2020-03-03,Not recorded,5614
breweries/royal-docks-brewing-company,breweries,Royal Docks Brewing Company,Canton,OH,44718,Brewpub,2020-03-03,Not recorded,5345
breweries/royale-brewing-company,breweries,Royale Brewing Company,Portland,OR,97211,Micro,2020-04-11,Not recorded,5855
breweries/ruba-brewing,breweries,Ruba Brewing,Houston,TX,77063,Micro,2020-03-03,Not recorded,6766
breweries/rubber-soul-brewing-co,breweries,"Rubber Soul Brewing, Co.",Middletown,PA,17057,Micro,2020-04-11,Not recorded,6168
breweries/ruby-mountain-brewing-co,breweries,Ruby Mountain Brewing Co,Wells,NV,89835,Micro,2020-03-03,Not recorded,4888
breweries/ruby-river-steak-house-and-brewery,breweries,Ruby River Steak House and Brewery,Ogden,UT,84405,Brewpub,2020-02-07,Not recorded,6913
breweries/ruby-valley-brew,breweries,Ruby Valley Brew,Sheridan,MT,59749,Taproom,2020-04-11,Not recorded,4121
breweries/ruckus-brewing-co,breweries,Ruckus Brewing Co,New York,NY,10001,Contract,2020-03-03,Not recorded,5151
breweries/rugged-coast-brewing,breweries,Rugged Coast Brewing,Santa Rosa,CA,95403,Micro,2020-03-03,Not recorded,1015
breweries/ruhlman-brewery-our-ales,breweries,Ruhlman Brewery/Our Ales,Hampstead,MD,21074,Taproom,2020-04-11,Not recorded,3173
breweries/ruhstaller-beer,breweries,Ruhstaller Beer,Dixon,CA,95620,Micro,2020-02-07,Not recorded,409
breweries/ruhstaller-beer-sacramento-ca,breweries,Ruhstaller Beer,Sacramento,CA,95814,Taproom,2020-04-11,Not recorded,794
breweries/rumspringa-brewing-co,breweries,Rumspringa Brewing Co,Bird In Hand,PA,17505,Taproom,2020-04-11,Not recorded,5977
breweries/run-of-the-mill-public-house-and-brewery,breweries,Run of the Mill Public House & Brewery,Saco,ME,04072,Brewpub,2020-02-07,Not recorded,3322
breweries/running-dogs-brewery,breweries,Running Dogs Brewery,Saint Helens,OR,97051,Brewpub,2020-03-03,Not recorded,5905
breweries/ruse-brewing-llc,breweries,"Ruse Brewing, LLC.",Portland,OR,97202,Proprietor,2020-03-03,Not recorded,5835
breweries/rush-river-brewing-co,breweries,Rush River Brewing Co,River Falls,WI,54022,Micro,2020-03-03,Not recorded,7852
breweries/russian-river-brewing-co-santa-rosa,breweries,Russian River Brewing Co - Santa Rosa,Santa Rosa,CA,95404,Regional,2020-03-03,Not recorded,1016
breweries/russian-river-brewing-windsor,breweries,Russian River Brewing - Windsor,Windsor,CA,95492,Brewpub,2019-11-13,Not recorded,1162
breweries/rustic-brew,breweries,Rustic Brew,Hampton,IA,50441,Micro,2020-02-01,Not recorded,2224
breweries/rustic-brewing-company,breweries,Rustic Brewing Company,Indian Orchard,MA,01151,Taproom,2020-04-11,Not recorded,3011
breweries/rustic-leaf-brewing-company,breweries,Rustic Leaf Brewing Company,Waterford,MI,48327,Taproom,2020-03-03,Not recorded,3694
breweries/rustic-road-brewing-co,breweries,Rustic Road Brewing Co,Kenosha,WI,53140,Brewpub,2020-03-03,Not recorded,7748
breweries/rusty-gate-brewery,breweries,Rusty Gate Brewery,Trinity,TX,75862,Taproom,2020-03-03,Not recorded,6887
breweries/rusty-rail-brewing,breweries,Rusty Rail Brewing,Mifflinburg,PA,17844,Brewpub,2020-03-03,Not recorded,6170
breweries/rutland-beer-works,breweries,Rutland Beer Works,Rutland,VT,05701,Brewpub,2020-04-11,Not recorded,7248
breweries/s-and-s-farm-brewery,breweries,S & S Farm Brewery,Nassau,NY,12123,Taproom,2020-03-03,Not recorded,5137
breweries/sackets-harbor-brewing-co,breweries,Sackets Harbor Brewing Co,Sackets Harbor,NY,13685,Brewpub,2020-03-03,Not recorded,5232
breweries/saco-river-brewing,breweries,Saco River Brewing,Fryeburg,ME,04037,Micro,2020-02-07,Not recorded,3259
breweries/sacred-waters-brewing-company,breweries,Sacred Waters Brewing Company,Kalispell,MT,59901,Taproom,2020-03-03,Not recorded,4094
breweries/sacrilege-brewing-project,breweries,Sacrilege Brewing Project,Half Moon Bay,CA,94019,Brewpub,2020-02-07,Not recorded,471
breweries/saddle-rock-pub-and-brewery,breweries,Saddle Rock Pub & Brewery,Wenatchee,WA,98801,Brewpub,2020-02-07,Not recorded,7649
breweries/sage-vegan-bistro-and-brewery,breweries,Sage Vegan Bistro and Brewery,Los Angeles,CA,90026,Brewpub,2020-02-07,Not recorded,566
breweries/sailfish-brewing-company-llc,breweries,"Sailfish Brewing Company, llc",Fort Pierce,FL,34950,Micro,2020-04-11,Not recorded,1807
breweries/saint-archer-brewing-company,breweries,Saint Archer Brewing Company,San Diego,CA,92121,Largge,12/20.2019,Not recorded,861
breweries/saint-arnold-brewing-co,breweries,Saint Arnold Brewing Co,Houston,TX,77020,Regional,2019-11-27,Not recorded,6758
breweries/saint-boniface-craft-brewing-co,breweries,Saint Boniface Craft Brewing Co,Ephrata,PA,17522,Micro,2020-03-03,Not recorded,6056
breweries/saint-charles-brewing-co,breweries,Saint Charles Brewing Co,Charles City,IA,50616,Taproom,2020-02-01,Not recorded,2190
breweries/saint-croix-beer-co-dba-saint-croix-brewing-co,breweries,Saint Croix Beer Co. DBA Saint Croix Brewing Co.,Saint Paul,MN,55102,Contract,2020-03-03,Not recorded,3857
breweries/saint-hazards-brewery,breweries,Saint Hazards Brewery,Middle Bass Island,OH,43446,Brewpub,2020-03-03,Not recorded,5532
breweries/saint-james-brewery,breweries,Saint James Brewery,Holbrook,NY,11741,Micro,2020-03-03,Not recorded,5078
breweries/saint-patricks-brewing-company,breweries,Saint Patrick’s Brewing Company,Littleton,CO,80120,Contract,2020-02-07,Not recorded,1486
breweries/saints-row-brewing,breweries,Saints Row Brewing,Rockville,MD,20850,Taproom,2020-03-03,Not recorded,3195
breweries/salem-ale-works,breweries,Salem Ale Works,Salem,OR,97302,Brewpub,2020-04-11,Not recorded,5912
breweries/salish-sea-brewing-company,breweries,Salish Sea Brewing Company,Edmonds,WA,98020,Brewpub,2020-02-07,Not recorded,7352
breweries/salmon-river-brewery,breweries,Salmon River Brewery,McCall,ID,83638,Brewpub,2020-02-01,Not recorded,2301
breweries/saloon-door-brewing-co,breweries,Saloon Door Brewing Co,Webster,TX,77598,Brewpub,2020-03-03,Not recorded,6896
breweries/salt-flats-brewing,breweries,Salt Flats Brewing,Salt Lake City,UT,84104,Micro,2020-02-07,Not recorded,6936
breweries/salt-lake-brewing-co-squatters-pub-brewery,breweries,Salt Lake Brewing Co/ Squatters Pub Brewery,Salt Lake City,UT,84101,Micro,2020-02-07,Not recorded,6937
breweries/salt-marsh-brewing,breweries,Salt Marsh Brewing,Bluffton,SC,29910,Brewpub,2020-04-11,Not recorded,6367
breweries/salt-point-brewing-co-llc,breweries,"Salt Point Brewing Co, LLC",Lansing,NY,14882,Brewpub,2020-04-11,Not recorded,5107
breweries/salt-springs-brewery,breweries,Salt Springs Brewery,Saline,MI,48176,Brewpub,2020-02-07,Not recorded,3645
breweries/saltfire-brewing-co,breweries,SaltFire Brewing Co.,Salt Lake City,UT,84115,Brewpub,2019-11-27,Not recorded,6922
breweries/saltwater-brewery,breweries,Saltwater Brewery,Delray Beach,FL,33444,Micro,2020-02-07,Not recorded,1780
breweries/salty-bear-brewing-co,breweries,Salty Bear Brewing Co.,Costa Mesa,CA,92626,Taproom,2020-03-03,Not recorded,390
breweries/salty-nut-brewery,breweries,Salty Nut Brewery,Huntsville,AL,35805,Taproom,2020-04-11,Not recorded,69
breweries/salud-cerveceria,breweries,Salud Cerveceria,Charlotte,NC,28205,Brewpub,2020-04-11,Not recorded,4223
breweries/sams-social-club-at-indian-springs-resort,breweries,Sam’s Social Club At Indian Springs Resort,Calistoga,CA,94515,Brewpub,2020-03-03,Not recorded,331
breweries/samuel-adams-pennsylvania-brewing-co,breweries,Samuel Adams Pennsylvania Brewing Co,Breinigsville,PA,18031,Regional,2020-03-03,Not recorded,5983
breweries/san-fernando-brewing-co,breweries,San Fernando Brewing Co.,San Fernando,CA,91340,Micro,2020-02-07,Not recorded,897
breweries/san-francisco-brewing-co,breweries,San Francisco Brewing Co,San Francisco,CA,94109,Proprietor,2019-04-20,Not recorded,898
breweries/san-juan-island-brewing-company,breweries,San Juan Island Brewing Company,Friday Harbor,WA,98250,Brewpub,2020-02-07,Not recorded,7366
breweries/san-luis-valley-brewing-co,breweries,San Luis Valley Brewing Co,Alamosa,CO,81101,Brewpub,2020-04-11,Not recorded,1172
breweries/sanctuary-brewing-company,breweries,Sanctuary Brewing Company,Hendersonville,NC,28792,Taproom,2020-03-03,Not recorded,4307
breweries/sand-city-brewing-co,breweries,Sand City Brewing Co.,Northport,NY,11768,Micro,2019-11-27,Not recorded,5159
breweries/sandbox-brewing-company,breweries,Sandbox Brewing Company,Montclair,CA,91763,Micro,2020-04-11,Not recorded,618
breweries/sandhills-brewing,breweries,Sandhills Brewing,Mission,KS,66202,Taproom,2020-03-03,Not recorded,2802
breweries/sandy-springs-brewing-company,breweries,Sandy Springs Brewing Company,Minerva,OH,44657,Brewpub,2020-03-03,Not recorded,5539
breweries/santa-clara-valley-brewing,breweries,Santa Clara Valley Brewing,San Jose,CA,95112,Micro,2020-03-03,Not recorded,948
breweries/santa-fe-brewing-co,breweries,Santa Fe Brewing Co,Santa Fe,NM,87508,Regional,2020-03-03,Not recorded,4829
breweries/santan-brewing-and-distilling-uptown-phoenix,breweries,SanTan Brewing and Distilling - Uptown Phoenix,Phoenix,AZ,85014,Brewpub,2020-03-03,Not recorded,183
breweries/santan-brewing-co,breweries,SanTan Brewing Co,Chandler,AZ,85225,Regional,2020-03-03,Not recorded,134
breweries/santan-brewing-co-uptown-chandler,breweries,SanTan Brewing Co - Uptown Chandler,Chandler,AZ,85225,Brewpub,2020-04-11,Not recorded,136
breweries/sante-adairius-rustic-ales,breweries,Sante Adairius Rustic Ales,Capitola,CA,95010,Micro,2019-11-13,Not recorded,341
breweries/santiam-brewing-co,breweries,Santiam Brewing Co,Salem,OR,97302,Micro,2020-03-03,Not recorded,5909
breweries/sapphire-mountain-brewing-co,breweries,Sapphire Mountain Brewing Co,Sapphire,NC,28774,Contract,2020-03-03,Not recorded,4402
breweries/saranac-brewery-matt-brewing-co,breweries,Saranac Brewery / Matt Brewing Co,Utica,NY,13502,Regional,2020-03-03,Not recorded,5276
breweries/sasquatch-pub,breweries,Sasquatch Pub,Portland,OR,97239,Brewpub,2020-04-11,Not recorded,5856
breweries/satire-brewing-company,breweries,Satire Brewing Company,Thornton,CO,80241,Brewpub,2020-03-03,Not recorded,1572
breweries/sauced-bbq-and-spirits,breweries,Sauced BBQ & Spirits,Livermore,CA,94550,Contract,2020-02-07,Not recorded,536
breweries/saucy-brew-works,breweries,Saucy Brew Works,Cleveland,OH,44113,Brewpub,2020-03-03,Not recorded,5408
breweries/saugatuck-brewing-company-kalamazoo,breweries,Saugatuck Brewing Company - Kalamazoo,Kalamazoo,MI,49007,Brewpub,2020-04-11,Not recorded,3542
breweries/savagewood-brewing-company,breweries,Savagewood Brewing Company,San Diego,CA,92131,Taproom,2020-04-11,Not recorded,858
breweries/save-the-world-brewing-co,breweries,Save The World Brewing Co,Marble Falls,TX,78654,Micro,2020-04-11,Not recorded,6804
breweries/sawtooth-brewery,breweries,Sawtooth Brewery,Hailey,ID,83333,Micro,2020-02-01,Not recorded,2291
breweries/scale-house-brewery,breweries,Scale House Brewery,Hector,NY,14841,Brewpub,2020-03-03,Not recorded,5069
breweries/scallywag-brewing,breweries,Scallywag Brewing,Westmont,IL,60559,Taproom,2020-03-03,Not recorded,2579
breweries/scantic-river-brewery,breweries,Scantic River Brewery,Hampden,MA,01036,Taproom,2020-03-03,Not recorded,3000
breweries/scarlet-lane-brewing-company-llc,breweries,Scarlet Lane Brewing Company LLC,McCordsville,IN,46055,Taproom,2020-03-03,Not recorded,2717
breweries/scatter-creek-brewing,breweries,Scatter Creek Brewing,Tenino,WA,98589,Taproom,2020-04-11,Not recorded,7612
breweries/scenic-brewing-company,breweries,Scenic Brewing Company,Las Vegas,NV,89117,Brewpub,2020-03-03,Not recorded,4854
breweries/sceptre-brewing-arts,breweries,Sceptre Brewing Arts,Decatur,GA,30030,Brewpub,2019-11-27,Not recorded,2094
breweries/schaylor-brewing-company,breweries,Schaylor Brewing Company,Reading,PA,19607,Brewpub,2019-10-26,Not recorded,6269
breweries/schilling-beer-co,breweries,Schilling Beer Co,Littleton,NH,03561,Brewpub,2020-03-03,Not recorded,4566
breweries/schillingbridge-winery-and-microbrewery,breweries,SchillingBridge Winery & Microbrewery,Pawnee City,NE,68420,Brewpub,2020-04-11,Not recorded,4525
breweries/schlafly-beer-the-saint-louis-brewery-llc,breweries,"Schlafly Beer/The Saint Louis Brewery, LLC",Saint Louis,MO,63103,Regional,2020-03-03,Not recorded,3985
breweries/schlafly-bottleworks,breweries,Schlafly Bottleworks,Saint Louis,MO,63143,Regional,2020-03-03,Not recorded,3986
breweries/schmohz-brewery,breweries,Schmohz Brewery,Grand Rapids,MI,49546,Micro,2020-04-11,Not recorded,3489
breweries/schnabeltier,breweries,Schnabeltier,Rochester,IN,46975,Taproom,2020-03-03,Not recorded,2748
breweries/schooner-exact-brewing-co,breweries,Schooner Exact Brewing Co,Seattle,WA,98134,Micro,2020-04-11,Not recorded,7519
breweries/schram-haus-brewery,breweries,Schram Haus Brewery,Chaska,MN,55318,Taproom,2020-03-03,Not recorded,3728
breweries/sconnie-beverage,breweries,Sconnie Beverage,Oconomowoc,WI,53066,Contract,2020-03-03,Not recorded,7834
breweries/scottys-bierwerks,breweries,Scotty’s Bierwerks,Cape Coral,FL,33909,Taproom,2020-03-03,Not recorded,1759
breweries/scratch-brewing-company,breweries,Scratch Brewing Company,Ava,IL,62907,Brewpub,2020-03-03,Not recorded,2333
breweries/screech-owl-brewing,breweries,Screech Owl Brewing,Bruceton Mills,WV,26525,Brewpub,2019-10-26,Not recorded,7904
breweries/scriptown-brewing-company,breweries,Scriptown Brewing Company,Omaha,NE,68131,Taproom,2020-03-03,Not recorded,4514
breweries/scuttlebutt-brewing-co,breweries,Scuttlebutt Brewing Co,Everett,WA,98201,Micro,2020-04-11,Not recorded,7362
breweries/sea-dog-brewing-co-clearwater,breweries,Sea Dog Brewing Co - Clearwater,Clearwater,FL,33761,Micro,2020-03-03,Not recorded,1765
breweries/sea-dog-brewing-co-s-portland,breweries,Sea Dog Brewing Co - S. Portland,S Portland,ME,04106,Brewpub,2020-02-07,Not recorded,3321
breweries/sea-dog-brewing-company-exeter,breweries,Sea Dog Brewing Company Exeter,Exeter,NH,03833,Brewpub,2020-04-11,Not recorded,4555
breweries/seaboard-brewing,breweries,Seaboard Brewing,Matthews,NC,28105,Taproom,2020-04-11,Not recorded,4339
breweries/seabright-brewery,breweries,Seabright Brewery,Santa Cruz,CA,95062,Brewpub,2020-03-03,Not recorded,1001
breweries/seaside-brewery,breweries,Seaside Brewery,Seaside,OR,97138,Brewpub,2020-03-03,Not recorded,5921
breweries/seaward-brewing,breweries,Seaward Brewing,Ventura,CA,93003,Micro,2020-04-11,Not recorded,1125
breweries/sebago-brewing,breweries,Sebago Brewing,Kennebunk,ME,04043,Brewpub,yes,Yes,3268
breweries/sebago-brewing-co,breweries,Sebago Brewing Co,Gorham,ME,04038,Micro,2019-04-20,Not recorded,3262
breweries/sebago-brewing-co-gorham-me,breweries,Sebago Brewing Co,Gorham,ME,04038,Micro,2019-04-20,Not recorded,3263
breweries/secatogue-brewing-co,breweries,Secatogue Brewing Co.,West Islip,NY,11795,Taproom,2020-03-03,Not recorded,5295
breweries/second-alarm-brewhouse-llc,breweries,"Second Alarm Brewhouse, LLC",Jemez Springs,NM,87025,Proprietor,2020-03-03,Not recorded,4805
breweries/second-district-brewing-co,breweries,Second District Brewing Co.,Philadelphia,PA,19145,Brewpub,2020-04-11,Not recorded,6213
breweries/second-salem-brewing-company,breweries,Second Salem Brewing Company,Whitewater,WI,53190,Brewpub,2020-04-11,Not recorded,7896
breweries/second-son-brews,breweries,Second Son Brews,Madera,CA,93636,Taproom,2020-04-11,Not recorded,592
breweries/second-state-brewing-company,breweries,Second State Brewing Company,Cedar Falls,IA,50613,Brewpub,2020-02-01,Not recorded,2181
breweries/second-street-brewery,breweries,Second Street Brewery,Santa Fe,NM,87505,Brewpub,2020-03-03,Not recorded,4830
breweries/secret-trail-brewing-company-llc,breweries,"Secret Trail Brewing Company, LLC",Chico,CA,95928,Taproom,2020-03-03,Not recorded,362
breweries/seismic-brewing-co,breweries,Seismic Brewing Co,Santa Rosa,CA,95407,Micro,2020-03-03,Not recorded,1017
breweries/selkirk-abbey-brewing,breweries,Selkirk Abbey Brewing,Post Falls,ID,83854,Micro,2020-02-01,Not recorded,2313
breweries/seminar-brewing,breweries,Seminar Brewing,Florence,SC,29501,Brewpub,2020-03-03,Not recorded,6398
breweries/seneca-street-brew-pub,breweries,Seneca Street Brew Pub,Manlius,NY,13104,Taproom,2020-04-11,Not recorded,5125
breweries/separatist-beer-project,breweries,Separatist Beer Project,Easton,PA,18042,Micro,12/20.2019,Not recorded,6043
breweries/sequoia-brewing-co-tower-district,breweries,Sequoia Brewing Co - Tower District,Fresno,CA,93728,Brewpub,2020-04-11,Not recorded,446
breweries/servaes-brewing-company,breweries,Servaes Brewing Company,Shawnee,KS,66203,Taproom,2020-03-03,Not recorded,2810
breweries/settle-down-easy-brewing-company,breweries,Settle Down Easy Brewing Company,Falls Church,VA,22042,Taproom,2020-02-07,Not recorded,7023
breweries/seven-arrows-brewing-co,breweries,Seven Arrows Brewing Co.,Waynesboro,VA,22980,Taproom,2020-02-07,Not recorded,7188
breweries/seven-bridges-grille-and-brewery,breweries,Seven Bridges Grille and Brewery,Jacksonville,FL,32246,Brewpub,2020-03-03,Not recorded,1833
breweries/seven-saws-brewing,breweries,Seven Saws Brewing,Holden,MA,01520,Taproom,2020-03-03,Not recorded,3005
breweries/seward-brewing,breweries,Seward Brewing,Seward,AK,99664,Brewpub,2019-04-20,Not recorded,35
breweries/shade-tree-saloon-and-grill,breweries,Shade Tree Saloon & Grill,Spring Branch,TX,78070,Brewpub,2020-04-11,Not recorded,6879
breweries/shades-brewing,breweries,Shades Brewing,Salt Lake City,UT,84115,Micro,2020-02-07,Not recorded,6938
breweries/shadowview-brewing,breweries,ShadowView Brewing,Woodstock,IL,60098,Brewpub,2020-02-07,Not recorded,2589
breweries/shaft-brewery,breweries,Shaft Brewery,Redondo Beach,CA,90277,Micro,2020-02-07,Not recorded,755
breweries/shaggy-ass-brewery-tj-haase-winery,breweries,Shaggy Ass Brewery / TJ Haase Winery,Clinton,IN,47842,Taproom,2020-04-11,Not recorded,2616
breweries/shaidzon-beer-company-llc,breweries,"Shaidzon Beer Company, LLC",West Kingston,RI,02892,Taproom,2019-11-27,Not recorded,6361
breweries/shale-brewing-co,breweries,Shale Brewing Co,North Canton,OH,44720,Micro,2020-04-11,Not recorded,5553
breweries/shannon-brewing-company-llc,breweries,"Shannon Brewing Company, LLC",Keller,TX,76248,Micro,2020-03-03,Not recorded,6785
breweries/shanty-shack-brewing,breweries,Shanty Shack Brewing,Santa Cruz,CA,95060,Taproom,2020-03-03,Not recorded,1002
breweries/shattuck-brewery-llc,breweries,"Shattuck Brewery, LLC",Elk River,ID,83827,Micro,2020-02-01,Not recorded,2284
breweries/shawneecraft-brewery,breweries,ShawneeCraft Brewery,Shawnee on Delaware,PA,18356,Taproom,2020-03-03,Not recorded,6281
breweries/she-beverage-company,breweries,SHE Beverage company,Lancaster,CA,93536,Micro,2020-03-03,Not recorded,527
breweries/shebeen-brewing-company,breweries,Shebeen Brewing Company,Wolcott,CT,06716,Micro,2020-03-03,Not recorded,1692
breweries/sheepscot-valley-brewing-co,breweries,Sheepscot Valley Brewing Co,Whitefield,ME,04353,Micro,2020-03-03,Not recorded,3342
breweries/shelter-distilling,breweries,Shelter Distilling,Mammoth Lakes,CA,93546,Brewpub,2020-03-03,Not recorded,593
breweries/shelter-island-craft-brewery,breweries,Shelter Island Craft Brewery,Shelter Island,NY,11964,Brewpub,2020-03-03,Not recorded,5245
breweries/shenandoah-valley-brewing-company,breweries,Shenandoah Valley Brewing Company,Staunton,VA,24401,Taproom,2020-02-07,Not recorded,7159
breweries/sherwood-brewing-co,breweries,Sherwood Brewing Co,Shelby Township,MI,48315,Brewpub,2020-03-03,Not recorded,3656
breweries/shiny-top-brewing,breweries,Shiny Top Brewing,Fort Dodge,IA,50501,Taproom,2020-02-01,Not recorded,2221
breweries/ship-bottom-brewery,breweries,Ship Bottom Brewery,Beach Haven,NJ,08008,Micro,2020-04-11,Not recorded,4622
breweries/shiplock-brewing,breweries,Shiplock Brewing,Richmond,VA,23219,Brewpub,2020-02-07,Not recorded,7122
breweries/shipwrecked-restaurant-and-brewery,breweries,Shipwrecked Restaurant and Brewery,Egg Harbor,WI,54209,Brewpub,2020-03-03,Not recorded,7723
breweries/shipyard-brew-pub-eliot,breweries,Shipyard Brew Pub Eliot,Eliot,ME,03903,Brewpub,2019-11-27,Not recorded,3252
breweries/shipyard-brewing-co,breweries,Shipyard Brewing Co,Portland,ME,04101,Regional,2019-11-27,Not recorded,3301
breweries/shire-breu-hous,breweries,Shire Breu Hous,Dalton,MA,01226,Brewpub,2020-02-01,Not recorded,2971
breweries/shmaltz-brewing-co,breweries,Shmaltz Brewing Co,Clifton Park,NY,12065,Contract,2020-03-03,Not recorded,5000
breweries/shoe-tree-brewing-co,breweries,Shoe Tree Brewing Co.,Carson City,NV,89706,Taproom,2020-03-03,Not recorded,4842
breweries/shoes-and-brews,breweries,Shoes & Brews,Longmont,CO,80501,Taproom,2020-04-11,Not recorded,1505
breweries/shoreline-brewery,breweries,Shoreline Brewery,Michigan City,IN,46360,Brewpub,2020-04-11,Not recorded,2720
breweries/short-bus-brew-house,breweries,Short Bus Brew House,Mc Clure,PA,17841,Brewpub,2020-04-11,Not recorded,6156
breweries/short-fuse-brewing-company,breweries,Short Fuse Brewing Company,Schiller Park,IL,60176,Taproom,2020-03-03,Not recorded,2552
breweries/short-story-brewing,breweries,Short Story Brewing,Rivesville,WV,26588,Brewpub,2020-02-07,Not recorded,7921
breweries/shorts-brewing-co,breweries,Short’s Brewing Co,Bellaire,MI,49615,Brewpub,2020-03-03,Not recorded,3378
breweries/shorts-brewing-co-production-facility,breweries,Short’s Brewing Co - Production Facility,Elk Rapids,MI,49629,Regional,2020-03-03,Not recorded,3448
breweries/shotwell-run-brewing-company,breweries,Shotwell Run Brewing Company,Etlan,VA,22719,Taproom,2020-02-07,Not recorded,7018
breweries/shrewd-fox-brewery,breweries,Shrewd Fox Brewery,Eldred,NY,12732,Taproom,2020-04-11,Not recorded,5023
breweries/shubrew-llc,breweries,"ShuBrew, LLC",Zelienople,PA,16063,Brewpub,2020-03-03,Not recorded,6331
breweries/shubrew-taproom,breweries,Shubrew Taproom,Harmony,PA,16037,Micro,2020-04-11,Not recorded,6090
breweries/shy-bear-brewing,breweries,Shy Bear Brewing,Lewistown,PA,17044,Brewpub,2020-04-11,Not recorded,6146
breweries/sibling-revelry-brewing,breweries,Sibling Revelry Brewing,Westlake,OH,44145,Micro,2020-03-03,Not recorded,5592
breweries/side-door-brewing-company,breweries,Side Door Brewing Company,Port Saint Lucie,FL,34952,Taproom,2020-04-11,Not recorded,1950
breweries/side-lot-brewery,breweries,Side Lot Brewery,Wauconda,IL,60084,Taproom,2020-03-03,Not recorded,2573
breweries/side-project-brewing,breweries,Side Project Brewing,Maplewood,MO,63143,Taproom,2019-11-27,Not recorded,3950
breweries/sideswipe-brewing,breweries,Sideswipe Brewing,Columbus,OH,43204,Taproom,2020-04-11,Not recorded,5445
breweries/sideways-farm-and-brewery,breweries,Sideways Farm and Brewery,Etowah,NC,28729,Taproom,2020-03-03,Not recorded,4268
breweries/sierra-blanca-brewing-co,breweries,Sierra Blanca Brewing Co,Moriarty,NM,87035,Micro,2020-04-11,Not recorded,4815
breweries/sierra-nevada-brewing-co,breweries,Sierra Nevada Brewing Co,Chico,CA,95928,Regional,2020-03-03,Not recorded,363
breweries/sierra-nevada-brewing-co-mills-river-nc,breweries,Sierra Nevada Brewing Co,Mills River,NC,28732,Regional,2020-03-03,Not recorded,4341
breweries/sigma-brewing-company,breweries,Sigma Brewing Company,Houston,TX,77003,Taproom,2020-03-03,Not recorded,6767
breweries/siluria-brewing-company,breweries,Siluria Brewing Company,Alabaster,AL,35007,Taproom,2020-03-03,Not recorded,44
breweries/silva-brewing,breweries,Silva Brewing,Paso Robles,CA,93446,Micro,2020-04-11,Not recorded,706
breweries/silver-branch-brewing-company,breweries,Silver Branch Brewing Company,Silver Spring,MD,20910,Micro,2020-02-01,Not recorded,3201
breweries/silver-city-brewery,breweries,Silver City Brewery,Bremerton,WA,98312,Regional,2020-02-07,Yes,7312
breweries/silver-falls-brewery,breweries,Silver Falls Brewery,Silverton,OR,97381,Brewpub,2020-03-03,Not recorded,5923
breweries/silver-gulch-brewing-co,breweries,Silver Gulch Brewing Co,Fairbanks,AK,99712,Micro,2019-12-08,Not recorded,19
breweries/silver-lake-brewing-project,breweries,Silver Lake Brewing Project,Perry,NY,14530,Taproom,2020-04-11,Not recorded,5183
breweries/silver-moon-brewing,breweries,Silver Moon Brewing,Redmond,OR,97756,Micro,2020-04-11,Not recorded,5895
breweries/silver-peak-restaurant-and-brewery,breweries,Silver Peak Restaurant and Brewery,Reno,NV,89502,Brewpub,2020-03-03,Not recorded,4868
breweries/silver-reef-brewing-company,breweries,Silver Reef Brewing Company,Saint George,UT,84790,Micro,2020-02-07,Not recorded,6919
breweries/silver-spruce-brewing-company,breweries,Silver Spruce Brewing Company,Traverse City,MI,49684,Taproom,2020-03-03,Not recorded,3678
breweries/silverking-brewing-company,breweries,Silverking Brewing Company,Tarpon Springs,FL,34689,Taproom,2020-03-03,Not recorded,2020
breweries/simple-roots-brewing-co,breweries,Simple Roots Brewing Co,Burlington,VT,05408,Taproom,2019-11-27,Not recorded,7219
other-places/simply-elegant-glass,other-places,simply elegant glass,,,,Other,yes,Yes,7971
breweries/sin-city-beer-co,breweries,Sin City Beer Co,Las Vegas,NV,89109,Contract,2020-03-03,Not recorded,4855
breweries/sing-sing-kill-brewery,breweries,Sing Sing Kill Brewery,Ossining,NY,10562,Taproom,2020-03-03,Not recorded,5167
breweries/singlecut-clifton-park,breweries,SingleCut Clifton Park,Clifton Park,NY,12065,Micro,2020-04-11,Not recorded,5001
breweries/singlespeed-brewing-co,breweries,SingleSpeed Brewing Co,Waterloo,IA,50701,Micro,2020-02-01,Not recorded,2253
breweries/singlespeed-brewing-co-tap-room,breweries,SingleSpeed Brewing Co Tap Room,Cedar Falls,IA,50613,Brewpub,2020-02-01,Not recorded,2182
breweries/sinistral-brewing-company,breweries,Sinistral Brewing Company,Manassas,VA,20110,Taproom,2020-03-03,Not recorded,7075
breweries/sisyphus-brewing,breweries,Sisyphus Brewing,Minneapolis,MN,55403,Taproom,2020-03-03,Not recorded,3794
breweries/siuslaw-brewing,breweries,Siuslaw Brewing,Alsea,OR,97324,Taproom,2020-03-03,Not recorded,5653
breweries/six-mile-bridge-brewery,breweries,Six Mile Bridge Brewery,Maryland Heights,MO,63043,Micro,2020-04-11,Not recorded,3951
breweries/sixpoint-brewery,breweries,Sixpoint Brewery,Brooklyn,NY,11231,Regional,2020-03-03,Not recorded,4939
breweries/sixth-sense-brewing-company,breweries,Sixth Sense Brewing Company,Jackson,OH,45640,Brewpub,2020-03-03,Not recorded,5497
breweries/sj-brewing-company,breweries,SJ Brewing Company,Yulee,FL,32097,Taproom,2020-03-03,Not recorded,2045
breweries/ska-brewing,breweries,SKA Brewing,Durango,CO,81303,Regional,2020-02-07,Not recorded,1373
breweries/skagit-river-brewery,breweries,Skagit River Brewery,Mount Vernon,WA,98273,Brewpub,2020-02-07,Not recorded,7420
breweries/skagway-brewing-co,breweries,Skagway Brewing Co,Skagway,AK,99840,Brewpub,2019-11-03,Not recorded,38
breweries/skewed-brewing,breweries,Skewed Brewing,Watertown,NY,13601,Brewpub,2020-04-11,Not recorded,5286
breweries/skipolinis-pizza,breweries,Skipolini’s Pizza,Rocklin,CA,95765,Brewpub,2020-04-11,Not recorded,772
breweries/skipping-rock-beer-co,breweries,Skipping Rock Beer Co.,Staunton,VA,24401,Taproom,2020-02-07,Not recorded,7160
breweries/skookum-brewery,breweries,Skookum Brewery,Arlington,WA,98223,Micro,2020-03-03,Not recorded,7280
breweries/skull-camp-brewing,breweries,Skull Camp Brewing,Elkin,NC,28621,Micro,2020-02-01,Not recorded,4267
breweries/skull-mechanix-brewing,breweries,Skull Mechanix Brewing,Austin,TX,78745,Taproom,2020-04-11,Not recorded,6629
breweries/skull-tree-brewing,breweries,Skull Tree Brewing,Casper,WY,82601,Taproom,2020-03-03,Not recorded,7931
breweries/skygazer-brewing-company,breweries,Skygazer Brewing Company,Southington,CT,06489,Taproom,2020-04-11,Not recorded,1673
breweries/skyline-brewing-company,breweries,Skyline Brewing Company,Klamath Falls,OR,97603,Micro,2020-03-03,Not recorded,5765
breweries/slate-creek-brewing-co,breweries,Slate Creek Brewing Co,Coeur D Alene,ID,83814,Taproom,2020-02-01,Not recorded,2282
breweries/slate-rock-brewing-company,breweries,Slate Rock Brewing Company,Amity,AR,71921,Taproom,2020-04-11,Not recorded,87
breweries/slaughter-county-brewing,breweries,Slaughter County Brewing,Port Orchard,WA,98366,Brewpub,2020-02-07,Not recorded,7444
breweries/sleeping-giant-brewing-company,breweries,Sleeping Giant Brewing Company,Denver,CO,80204,Micro,2020-03-03,Not recorded,1309
breweries/sleepy-owl-brewery,breweries,Sleepy Owl Brewery,Kingsport,TN,37660,Taproom,2019-10-26,Not recorded,6525
breweries/slippery-pig-brewery,breweries,Slippery Pig Brewery,Poulsbo,WA,98370,Brewpub,2020-02-07,Not recorded,7448
breweries/slo-brewing-co,breweries,SLO Brewing Co,San Luis Obispo,CA,93401,Micro,2020-03-03,Not recorded,962
breweries/slo-brewing-co-the-rock,breweries,SLO Brewing Co - The Rock,San Luis Obispo,CA,93401,Brewpub,2020-03-03,Not recorded,963
breweries/sloop-brewing,breweries,Sloop Brewing,East Fishkill,NY,12533,Micro,2020-03-03,Not recorded,5022
breweries/slow-play-brewing,breweries,Slow Play Brewing,Rock Hill,SC,29732,Taproom,2020-04-11,Not recorded,6438
breweries/slow-pour-brewing-company,breweries,Slow Pour Brewing Company,Lawrenceville,GA,30046,Taproom,2020-03-03,Not recorded,2110
breweries/sluggo-brewing,breweries,Sluggo Brewing,Tacoma,WA,98421,Brewpub,2020-02-07,Not recorded,7598
breweries/sly-fox-brewing-co,breweries,Sly Fox Brewing Co,Pottstown,PA,19464,Regional,2020-03-03,Not recorded,6261
breweries/small-batch-beer-co,breweries,Small Batch Beer Co,Winston Salem,NC,27101,Brewpub,2020-03-03,Not recorded,4450
breweries/small-brewpub,breweries,Small Brewpub,Dallas,TX,75208,Brewpub,2020-03-03,Not recorded,6690
breweries/small-town-brewery,breweries,Small Town Brewery,Wauconda,IL,60084,Largge,2020-03-03,Not recorded,2574
breweries/smartmouth-brewing-co,breweries,Smartmouth Brewing Co,Norfolk,VA,23507,Micro,2020-02-07,Not recorded,7093
breweries/smartmouth-brewing-pilot-house,breweries,Smartmouth Brewing Pilot House,Virginia Beach,VA,23451,Micro,2020-02-07,Not recorded,7177
breweries/smiling-toad-brewery,breweries,Smiling Toad Brewery,Colorado Springs,CO,80905,Taproom,2019-10-26,Not recorded,1245
breweries/smith-alley-brewing-company,breweries,Smith Alley Brewing Company,Sheridan,WY,82801,Brewpub,2020-03-03,Not recorded,7962
breweries/smockville-brewhouse,breweries,Smockville Brewhouse,Sherwood,OR,97140,Brewpub,2020-04-11,Not recorded,5922
breweries/smog-city-brewing,breweries,Smog City Brewing,Torrance,CA,90501,Micro,2020-03-03,Yes,1081
breweries/smog-city-brewing-wood-cellar,breweries,Smog City Brewing Wood Cellar,Torrance,CA,90501,Micro,2020-02-07,Not recorded,1084
breweries/smoke-mountain-brewery,breweries,Smoke Mountain Brewery,Ventura,CA,93001,Micro,2020-03-03,Not recorded,1121
breweries/smokehouse-brewing,breweries,Smokehouse Brewing,Columbus,OH,43215,Brewpub,2020-03-03,Not recorded,5437
breweries/smoking-cannon-brewery,breweries,Smoking Cannon Brewery,Ramona,CA,92065,Taproom,2020-03-03,Not recorded,734
breweries/smoky-mountain-brewery-3-pigeon-forge,breweries,Smoky Mountain Brewery (#3) - Pigeon Forge,Pigeon Forge,TN,37863,Brewpub,2020-03-03,Not recorded,6580
breweries/smug-brewing,breweries,Smug Brewing,Pawtucket,RI,02860,Taproom,2020-03-03,Not recorded,6345
breweries/smuttynose-brewing-co,breweries,Smuttynose Brewing Co,Hampton,NH,03842,Regional,2020-03-03,Not recorded,4557
breweries/smylie-brothers-brewing-co-production,breweries,Smylie Brothers Brewing Co - Production,Evanston,IL,60201,Micro,2020-04-11,Not recorded,2444
other-places/snailmailmom,other-places,SnailMailMom,Tuckahoe,NY,10707,RAoC,yes,Yes,5269
breweries/snake-river-brewing-co,breweries,Snake River Brewing Co,Jackson,WY,83001,Micro,2020-03-03,Not recorded,7946
breweries/snapshot-brewing,breweries,Snapshot Brewing,Seattle,WA,98103,Taproom,2020-03-03,Not recorded,7509
breweries/snipes-mountain-brewing-co,breweries,Snipes Mountain Brewing Co,Sunnyside,WA,98944,Brewpub,2020-02-07,Not recorded,7593
breweries/snoqualmie-falls-brewing-co,breweries,Snoqualmie Falls Brewing Co,Snoqualmie,WA,98065,Taproom,2020-04-11,Not recorded,7555
breweries/snow-eagle-brewing,breweries,Snow Eagle Brewing,Idaho Falls,ID,83402,Brewpub,2020-02-01,Not recorded,2295
breweries/snowbank-brewing,breweries,Snowbank Brewing,Fort Collins,CO,80524,Micro,2020-02-07,Not recorded,1401
breweries/snowbird-mountains-brewery,breweries,Snowbird Mountains Brewery,Andrews,NC,28901,Taproom,2020-03-03,Not recorded,4133
breweries/snowy-mountain-brewery,breweries,Snowy Mountain Brewery,Saratoga,WY,82331,Brewpub,2020-04-11,Not recorded,7959
breweries/soaring-ridge-craft-brewers,breweries,Soaring Ridge Craft Brewers,Roanoke,VA,24016,Micro,2020-02-07,Not recorded,7140
breweries/sockeye-brewing,breweries,Sockeye Brewing,Boise,ID,83716,Micro,2020-02-01,Not recorded,2272
breweries/solace-brewing-company,breweries,Solace Brewing Company,Dulles,VA,20166,Taproom,2020-03-03,Not recorded,7015
breweries/solarc-brewing,breweries,Solarc Brewing,Los Angeles,CA,90065,Contract,2020-03-03,Not recorded,576
breweries/solemn-oath-brewery,breweries,Solemn Oath Brewery,Naperville,IL,60540,Micro,2020-03-03,Not recorded,2508
breweries/solera-brewery,breweries,Solera Brewery,Mount Hood Parkdale,OR,97041,Brewpub,2020-03-03,Not recorded,5791
breweries/solid-ground-brewing,breweries,Solid Ground Brewing,Diamond Springs,CA,95619,Brewpub,2020-04-11,Not recorded,408
breweries/solorio-brewing-co,breweries,Solorio Brewing Co,Rancho Cucamonga,CA,91730,Taproom,2020-03-03,Not recorded,741
breweries/solvang-brewing-co,breweries,Solvang Brewing Co,Solvang,CA,93463,Taproom,2020-03-03,Not recorded,1040
breweries/some-brewing-co,breweries,SoMe Brewing Co,York,ME,03909,Taproom,2019-04-20,Not recorded,3347
breweries/some-nerve-brewing-company,breweries,Some Nerve Brewing Company,Manitowish Waters,WI,54545,Taproom,2020-04-11,Not recorded,7780
breweries/someplace-else-brewery,breweries,SomePlace Else Brewery,Arvada,CO,80002,Taproom,2020-03-03,Not recorded,1177
breweries/somers-point-brewing-company,breweries,Somers Point Brewing Company,Somers Point,NJ,08244,Taproom,2020-04-11,Not recorded,4729
breweries/somerville-brewing-company,breweries,Somerville Brewing Company,Somerville,MA,02143,Micro,2020-04-11,Not recorded,3066
breweries/something-wicked-brewing-company,breweries,Something Wicked Brewing Company,Hanover,PA,17331,Brewpub,2020-03-03,Not recorded,6085
breweries/somewhere-in-particular-brewing,breweries,Somewhere In Particular Brewing,Columbus,OH,43220,Brewpub,2020-03-03,Not recorded,5438
breweries/sonder-brewing,breweries,Sonder Brewing,Mason,OH,45040,Taproom,2020-04-11,Not recorded,5521
breweries/sonoran-brewing,breweries,Sonoran Brewing,Phoenix,AZ,85034,Contract,2020-03-03,Not recorded,184
breweries/sophisticated-hound-brewing-company,breweries,Sophisticated Hound Brewing Company,Princeton,WV,24740,Brewpub,2020-02-07,Not recorded,7920
breweries/soul-squared-brewing-co,breweries,Soul Squared Brewing Co.,Fort Collins,CO,80524,Taproom,2020-03-03,Not recorded,1408
breweries/sound-to-summit,breweries,Sound To Summit,Snohomish,WA,98290,Brewpub,2020-02-07,Not recorded,7547
breweries/soundgrowler-brewing-co,breweries,Soundgrowler Brewing Co.,Tinley Park,IL,60487,Brewpub,2020-04-11,Not recorded,2564
breweries/source-brewing,breweries,Source Brewing,Colts Neck,NJ,07722,Taproom,2020-03-03,Not recorded,4643
breweries/souris-river-brewing,breweries,Souris River Brewing,Minot,ND,58703,Brewpub,2019-11-27,Not recorded,4475
breweries/south-bay-brewco,breweries,South Bay Brewco,San Jose,CA,95122,Contract,2020-03-03,Not recorded,949
breweries/south-county-brewing-co,breweries,South County Brewing Co,Fawn Grove,PA,17321,Taproom,2020-04-11,Not recorded,6068
breweries/south-cypress-brewing,breweries,South Cypress Brewing,Naples,FL,34110,Brewpub,2020-04-11,Not recorded,1888
breweries/south-haven-brewpub,breweries,South Haven Brewpub,South Haven,MI,49090,Brewpub,2020-04-11,Not recorded,3657
breweries/south-of-north-brewing-company,breweries,South Of North Brewing Company,South Lake Tahoe,CA,96150,Brewpub,2020-03-03,Not recorded,1048
breweries/south-shore-brewery,breweries,South Shore Brewery,Ashland,WI,54806,Micro,2020-04-11,Not recorded,7686
breweries/south-street-brewery,breweries,South Street Brewery,Charlottesville,VA,22902,Brewpub,2020-02-07,Not recorded,6991
breweries/southampton-publick-house,breweries,Southampton Publick House,Southampton,NY,11968,Contract,2020-03-03,Not recorded,5248
breweries/southbound-brewing-co,breweries,Southbound Brewing Co,Savannah,GA,31415,Micro,2020-03-03,Not recorded,2129
breweries/southern-appalachian-brewery,breweries,Southern Appalachian Brewery,Hendersonville,NC,28792,Taproom,2020-04-11,Not recorded,4308
other-places/southern-charm-botanicals,other-places,Southern Charm Botanicals,Memphis,TN,38018,Vaporents,yes,Yes,6546
breweries/southern-grist-brewing-company,breweries,Southern Grist Brewing Company,Nashville,TN,37209,Proprietor,2020-03-03,Not recorded,6561
breweries/southern-pacific-brewing,breweries,Southern Pacific Brewing,San Francisco,CA,94110,Brewpub,2020-04-11,Not recorded,918
breweries/southern-prohibition-brewing,breweries,Southern Prohibition Brewing,Hattiesburg,MS,39401,Micro,2020-03-03,Not recorded,4025
breweries/southern-sun-pub-and-brewery,breweries,Southern Sun Pub and Brewery,Boulder,CO,80305,Brewpub,2020-03-03,Not recorded,1208
breweries/southern-tier-brewing-co,breweries,Southern Tier Brewing Co,Cleveland,OH,44115,Brewpub,2020-03-03,Not recorded,5409
breweries/southern-tier-brewing-co-lakewood-ny,breweries,Southern Tier Brewing Co,Lakewood,NY,14750,Regional,2020-03-03,Not recorded,5106
breweries/southern-tier-brewing-co-pittsburgh-pa,breweries,Southern Tier Brewing Co,Pittsburgh,PA,15212,Brewpub,2019-11-27,Not recorded,6235
breweries/southside-brewing-co,breweries,Southside Brewing Co,Cambridge,OH,43725,Brewpub,2020-03-03,Not recorded,5340
breweries/spaceway-brewing-company,breweries,Spaceway Brewing Company,Rocky Mount,NC,27804,Taproom,2020-04-11,Not recorded,4392
breweries/spahr-brewing-company,breweries,Spahr Brewing Company,Pensacola,FL,32505,Taproom,2020-03-03,Not recorded,1938
breweries/spanish-marie-brewery,breweries,Spanish Marie Brewery,Miami,FL,33186,Taproom,2020-04-11,Not recorded,1874
breweries/sparge-brewing,breweries,Sparge Brewing,Wellington,CO,80549,Taproom,2020-04-11,Not recorded,1579
breweries/spartan-brewpub,breweries,Spartan Brewpub,Mason,MI,48854,Brewpub,2020-03-03,Not recorded,3584
breweries/speakeasy-ales-and-lagers,breweries,Speakeasy Ales and Lagers,San Francisco,CA,94124,Micro,2020-03-03,Not recorded,911
breweries/spencer-devon-brewing,breweries,Spencer Devon Brewing,Fredericksburg,VA,22401,Brewpub,2020-02-07,Not recorded,7033
breweries/spice-trade-brewing,breweries,Spice Trade Brewing,Arvada,CO,80002,Brewpub,2020-03-03,Not recorded,1178
breweries/spider-bite-brewing-co,breweries,Spider Bite Brewing Co,Holbrook,NY,11741,Taproom,2020-03-03,Not recorded,5079
other-places/spider-monkey-brewing-company,other-places,Spider Monkey Brewing Company,North Canton,OH,44720,,2020-07-31,Not recorded,5554
breweries/spilled-grain-brewhouse,breweries,Spilled Grain Brewhouse,Annandale,MN,55302,Taproom,2020-04-11,Not recorded,3712
breweries/spindletap-brewery,breweries,SpindleTap Brewery,Houston,TX,77016,Micro,2020-04-11,Not recorded,6771
breweries/spoetzl-brewery,breweries,Spoetzl Brewery,Shiner,TX,77984,Regional,12/20.2019,Not recorded,6876
breweries/sportsbreweries,breweries,SportsBreweries,Frisco,TX,75034,Contract,2020-03-03,Not recorded,6739
breweries/sprecher-brewing-co-chameleon-brewing,breweries,Sprecher Brewing Co / Chameleon Brewing,Glendale,WI,53209,Micro,2020-04-11,Not recorded,7728
breweries/spring-hill-brewing,breweries,Spring Hill Brewing,Pittsburgh,PA,15212,Taproom,2020-03-03,Not recorded,6241
breweries/springfield-beer-company,breweries,Springfield Beer Company,Springfield,IL,62711,Taproom,2020-04-11,Not recorded,2559
breweries/springgate-brewery,breweries,SpringGate Brewery,Harrisburg,PA,17112,Taproom,2020-03-03,Not recorded,6092
breweries/square-one-brewery-and-distillery,breweries,Square One Brewery and Distillery,Saint Louis,MO,63104,Brewpub,2020-03-03,Not recorded,3987
breweries/square-wheel-brewing-co,breweries,Square Wheel Brewing Co,Spokane,WA,99217,Micro,2020-04-11,Not recorded,7576
breweries/st-clair-brown-winery-and-brewery,breweries,St Clair Brown Winery & Brewery,Napa,CA,94559,Taproom,2020-04-11,Not recorded,641
breweries/st-elias-brewing-co,breweries,St Elias Brewing Co,Soldotna,AK,99669,Brewpub,2019-11-03,Not recorded,40
breweries/st-florians-brewery,breweries,St. Florian’s Brewery,Windsor,CA,95492,Taproom,2020-03-03,Not recorded,1165
breweries/st-joseph-brewery-and-public-house,breweries,St. Joseph Brewery & Public House,Indianapolis,IN,46204,Brewpub,2020-03-03,Not recorded,2675
breweries/st-nicholas-brewing-co,breweries,St Nicholas Brewing Co,Du Quoin,IL,62832,Brewpub,2020-02-07,Not recorded,2435
breweries/st-pete-brewing-company,breweries,St. Pete Brewing Company,Saint Petersburg,FL,33701,Taproom,2020-04-11,Not recorded,1965
breweries/staas-brewing-company,breweries,Staas Brewing Company,Delaware,OH,43015,Taproom,2020-03-03,Not recorded,5473
breweries/stable-12-brewing-company,breweries,Stable 12 Brewing Company,Phoenixville,PA,19460,Brewpub,2020-04-11,Not recorded,6230
breweries/stacked-deck-brewing,breweries,Stacked Deck Brewing,Saint Paul,MN,55101,Taproom,2019-10-26,Not recorded,3850
breweries/stadium-brewing-co,breweries,Stadium Brewing Co,Aliso Viejo,CA,92656,Brewpub,2020-03-03,Not recorded,259
breweries/standard-brewing,breweries,Standard Brewing,Seattle,WA,98144,Brewpub,2020-02-07,Not recorded,7494
breweries/standard-deviant-brewing,breweries,Standard Deviant Brewing,San Francisco,CA,94103,Micro,2020-03-03,Not recorded,912
breweries/stanislaus-brewing-co,breweries,Stanislaus Brewing Co,Modesto,CA,95354,Brewpub,2020-03-03,Not recorded,609
breweries/starboard-brewing-co,breweries,Starboard Brewing Co,Sturgeon Bay,WI,54235,Brewpub,2020-04-11,Not recorded,7868
breweries/stargazer-brewing-company,breweries,Stargazer Brewing Company,Coatesville,PA,19320,Micro,2020-03-03,Not recorded,6013
breweries/starr-brothers-brewing-co,breweries,Starr Brothers Brewing Co.,Albuquerque,NM,87109,Brewpub,2020-04-11,Not recorded,4769
breweries/starr-hill-pilot-brewery-and-side-stage,breweries,Starr Hill Pilot Brewery & Side Stage,Roanoke,VA,24016,Taproom,2020-04-11,Not recorded,7142
breweries/starry-eyed-brewing-company,breweries,Starry Eyed Brewing Company,Little Falls,MN,56345,Taproom,2020-03-03,Not recorded,3769
breweries/stars-and-stripes-brewing,breweries,Stars & Stripes Brewing,Freeport,ME,04032,Taproom,2020-03-03,Not recorded,3258
breweries/starving-artist-brewing,breweries,Starving Artist Brewing,Ludington,MI,49431,Micro,2020-03-03,Not recorded,3568
breweries/state-48-brewery,breweries,State 48 Brewery,Phoenix,AZ,85003,Micro,2020-02-07,Not recorded,179
breweries/state-48-brewery-surprise-az,breweries,State 48 Brewery,Surprise,AZ,85374,Brewpub,2020-03-03,Not recorded,216
other-places/state-line-distillery,other-places,State Line Distillery,Madison,WI,53703,,2019-11-13,Not recorded,7768
breweries/state-room-brewery,breweries,State Room Brewery,San Rafael,CA,94901,Brewpub,2020-04-11,Not recorded,983
breweries/station-26-brewing-co,breweries,Station 26 Brewing Co,Denver,CO,80207,Taproom,2020-03-03,Not recorded,1310
breweries/stats-brewpub,breweries,Stats Brewpub,Atlanta,GA,30313,Brewpub,2020-02-07,Not recorded,2056
other-places/stattqualm-squape,other-places,stattqualm_squape,,,,eCig,yes,Yes,7972
breweries/staunton-river-brewing-company,breweries,Staunton River Brewing Company,Brookneal,VA,24528,Taproom,2020-03-03,Not recorded,6982
breweries/stave-and-nail-brewing-co,breweries,Stave and Nail Brewing Co,San Marcos,CA,92078,Taproom,2020-03-03,Not recorded,971
breweries/steadfast-beer-co,breweries,Steadfast Beer Co,Albany,NY,12203,Contract,2020-03-03,Not recorded,4891
breweries/steady-habit-brewing-company,breweries,Steady Habit Brewing Company,Haddam,CT,06438,Taproom,2020-03-03,Not recorded,1622
breweries/steady-hand-beer-co,breweries,Steady Hand Beer Co.,Atlanta,GA,30318,Microbrewery,2020-03-03,Not recorded,2062
breweries/steam-bell-beer-works,breweries,Steam Bell Beer Works,Midlothian,VA,23112,Micro,2020-02-07,Not recorded,7083
breweries/steam-horse-brewing,breweries,Steam Horse Brewing,West Palm Beach,FL,33401,Taproom,2020-03-03,Not recorded,2033
breweries/steam-plant-grill,breweries,Steam Plant Grill,Spokane,WA,99201,Brewpub,2020-02-07,Not recorded,7563
breweries/steam-theory-brewing-co,breweries,Steam Theory Brewing Co,Dallas,TX,75212,Brewpub,2020-04-11,Not recorded,6695
breweries/steamworks-brewing-co,breweries,Steamworks Brewing Co,Durango,CO,81301,Brewpub,2020-04-11,Not recorded,1376
breweries/steel-bonnet-brewing-co,breweries,Steel Bonnet Brewing Co,Scotts Valley,CA,95066,Taproom,2020-03-03,Not recorded,1031
breweries/steel-squared-brewing-company,breweries,Steel Squared Brewing Company,de Pere,WI,54115,Contract,2020-03-03,Not recorded,7715
breweries/steel-toe-brewing,breweries,Steel Toe Brewing,St Louis Park,MN,55416,Micro,2020-02-07,Not recorded,3878
breweries/steelhead-brewing-co-burlingame-station,breweries,Steelhead Brewing Co - Burlingame Station,Burlingame,CA,94010,Brewpub,2020-04-11,Not recorded,328
breweries/steinhardt-brewing-company,breweries,Steinhardt Brewing Company,Frederick,MD,21703,Micro,2020-03-03,Not recorded,3159
breweries/stellwagen-beer-company,breweries,Stellwagen Beer Company,Marshfield,MA,02050,Taproom,2020-04-11,Not recorded,3027
breweries/stemma-brewing-company-inc,breweries,Stemma Brewing Company Inc.,Bellingham,WA,98229,Taproom,2020-03-03,Not recorded,7295
other-places/stephkempf,other-places,stephkempf,Madison,WI,53704,RAoC,yes,Yes,7764
breweries/sterling-pig-brewery,breweries,Sterling Pig Brewery,Media,PA,19063,Brewpub,2020-03-03,Not recorded,6165
breweries/stevens-point-brewery,breweries,Stevens Point Brewery,Stevens Point,WI,54481,Regional,2020-03-03,Not recorded,7865
breweries/stewarts-brewing-co,breweries,Stewart’s Brewing Co,Bear,DE,19701,Brewpub,2020-03-03,Not recorded,1710
breweries/stewbum-and-stonewall-brewing-co,breweries,Stewbum & Stonewall Brewing Co.,Honolulu,HI,96817,Brewpub,2019-11-03,Not recorded,2144
breweries/still-river-brewery,breweries,Still River Brewery,Ayer,MA,01432,Micro,2020-03-03,Not recorded,2943
breweries/stillmank-brewing-company,breweries,Stillmank Brewing Company,Green Bay,WI,54302,Micro,2020-03-03,Not recorded,7734
breweries/stillwater-artisanal-ales,breweries,Stillwater Artisanal Ales,Baltimore,MD,21224,Contract,2020-03-03,Not recorded,3120
breweries/stilt-house-brewery,breweries,Stilt House Brewery,Palm Harbor,FL,34683,Taproom,2020-03-03,Not recorded,1929
breweries/stock-house-brewing-co,breweries,Stock House Brewing Co,Wauwatosa,WI,53213,Taproom,2020-03-03,Not recorded,7890
breweries/stoic-brewing,breweries,Stoic Brewing,Waxahachie,TX,75165,Contract,2020-03-03,Not recorded,6893
breweries/stone-brewing,breweries,Stone Brewing,Vista,CA,92081,Regional,2020-03-03,Not recorded,1135
breweries/stone-brewing-napa,breweries,Stone Brewing Napa,Napa,CA,94559,Brewpub,2020-03-03,Not recorded,637
breweries/stone-brewing-richmond,breweries,Stone Brewing - Richmond,Richmond,VA,23231,Regional,2020-03-03,Not recorded,7130
breweries/stone-church-brewing,breweries,Stone Church Brewing,Temecula,CA,92590,Micro,2020-02-07,Not recorded,1070
breweries/stone-corral-brewery,breweries,Stone Corral Brewery,Richmond,VT,05477,Brewpub,2020-03-03,Not recorded,7247
breweries/stone-cow-brewery,breweries,Stone Cow Brewery,Barre,MA,01005,Brewpub,2020-04-11,Not recorded,2944
breweries/stone-hollow-brewing-company,breweries,Stone Hollow Brewing Company,Beatrice,NE,68310,Taproom,2020-04-11,Not recorded,4482
breweries/stonecloud-brewing-co,breweries,Stonecloud Brewing Co.,Oklahoma City,OK,73106,Micro,2020-03-03,Not recorded,5627
breweries/stonehome-brewing-company,breweries,Stonehome Brewing Company,Watford City,ND,58854,Brewpub,2020-03-03,Not recorded,4477
breweries/stones-throw-brewery,breweries,Stones Throw Brewery,Bellingham,WA,98225,Taproom,2020-03-03,Not recorded,7296
breweries/stones-throw-brewing,breweries,Stone’s Throw Brewing,Little Rock,AR,72202,Taproom,yes,Yes,104
breweries/stoney-acres-farm,breweries,Stoney Acres Farm,Athens,WI,54411,Brewpub,2020-03-03,Not recorded,7687
breweries/stoneyard-brewing-company,breweries,Stoneyard Brewing Company,Brockport,NY,14420,Brewpub,2020-03-03,Not recorded,4926
breweries/stoneyard-production-brewery,breweries,Stoneyard Production Brewery,Brockport,NY,14420,Micro,2020-04-11,Not recorded,4927
breweries/stony-creek-brewery,breweries,Stony Creek Brewery,Branford,CT,06405,Regional,2020-02-07,Not recorded,1602
breweries/stony-run-brew-house,breweries,Stony Run Brew House,York,PA,17402,Brewpub,2020-04-11,Not recorded,6327
breweries/stormbreaker-brewing,breweries,StormBreaker Brewing,Portland,OR,97227,Brewpub,2020-04-11,Not recorded,5857
breweries/stormbreaker-brewing-st-johns,breweries,StormBreaker Brewing St. Johns,Portland,OR,97203,Brewpub,2020-03-03,Not recorded,5836
breweries/stormcloud-brewing-company,breweries,Stormcloud Brewing Company,Frankfort,MI,49635,Brewpub,2020-02-07,Not recorded,3461
breweries/stormy-mountain-brewing-company,breweries,Stormy Mountain Brewing Company,Chelan,WA,98816,Brewpub,2020-02-07,Not recorded,7335
breweries/storytellers-brewery-and-meet-house-llc,breweries,"Storytellers Brewery and Meet House, LLC",Corona,CA,92880,Taproom,2020-04-11,Not recorded,383
breweries/stoudts-brewing-co,breweries,Stoudts Brewing Co,Adamstown,PA,19501,Micro,2019-10-26,Not recorded,5950
breweries/stoup-brewing,breweries,Stoup Brewing,Seattle,WA,98107,Micro,2019-04-29,Not recorded,7485
breweries/straight-to-ale,breweries,Straight to Ale,Huntsville,AL,35805,Micro,2020-03-03,Not recorded,67
breweries/strange-colt-brewery,breweries,Strange Colt Brewery,Niceville,FL,32578,Brewpub,2020-04-11,Not recorded,1898
breweries/strange-craft-beer-co,breweries,Strange Craft Beer Co,Denver,CO,80204,Taproom,2020-03-03,Not recorded,1311
breweries/strange-days-brewing-co,breweries,Strange Days Brewing Co,Kansas City,MO,64106,Taproom,2020-04-11,Not recorded,3935
breweries/strange-roots-experimental-ales,breweries,Strange Roots Experimental Ales,Gibsonia,PA,15044,Micro,2020-04-11,Not recorded,6075
breweries/strangeways-brewing-company,breweries,Strangeways Brewing Company,Richmond,VA,23230,Taproom,2019-11-27,Not recorded,7114
breweries/strangeways-brewing-fxbg,breweries,Strangeways Brewing - FXBG,Fredericksburg,VA,22401,Micro,2019-11-27,Not recorded,7031
breweries/strangeways-brewing-rva,breweries,Strangeways Brewing - RVA,Richmond,VA,23230,Taproom,2019-11-27,Not recorded,7113
breweries/strap-tank-brewing-co,breweries,Strap Tank Brewing Co.,Springville,UT,84663,Brewpub,2019-11-27,Not recorded,6944
breweries/straub-brewery,breweries,Straub Brewery,Saint Marys,PA,15857,Regional,2020-03-03,Not recorded,6273
breweries/strawberry-alley-ale-works,breweries,Strawberry Alley Ale Works,Clarksville,TN,37040,Brewpub,2020-04-11,Not recorded,6498
breweries/strings-sports-brewery,breweries,Strings Sports Brewery,Jacksonville,FL,32206,Brewpub,2020-04-11,Not recorded,1836
breweries/strong-rope-brewery,breweries,Strong Rope Brewery,Brooklyn,NY,11215,Taproom,2020-03-03,Not recorded,4940
breweries/stubborn-german-brewing-co,breweries,Stubborn German Brewing Co,Waterloo,IL,62298,Taproom,2020-03-03,Not recorded,2571
breweries/stubboron-mule-ale-house,breweries,Stubboron Mule Ale House,San Dimas,CA,91773,Contract,2020-03-03,Not recorded,896
breweries/studio-brew,breweries,Studio Brew,Bristol,VA,24201,Brewpub,2019-11-27,Not recorded,6978
breweries/stumptown-ales,breweries,Stumptown Ales,Davis,WV,26260,Taproom,2020-03-03,Not recorded,7908
breweries/suburban-brewing-co,breweries,Suburban Brewing Co,Honey Brook,PA,19344,Micro,2020-04-11,Not recorded,6112
breweries/subversive-malting,breweries,Subversive Malting,Chatham,NY,12037,Taproom,2020-04-11,Not recorded,4988
breweries/suds-brothers-brewery,breweries,Suds Brothers Brewery,Evanston,WY,82930,Brewpub,2020-03-03,Not recorded,7941
breweries/suds-monkey-brewing,breweries,Suds Monkey Brewing,Dripping Springs,TX,78620,Taproom,2020-03-03,Not recorded,6714
breweries/sudwerk-brewing-co,breweries,Sudwerk Brewing Co,Davis,CA,95618,Micro,2020-03-03,Not recorded,403
breweries/suffolk-punch-brewing,breweries,Suffolk Punch Brewing,Charlotte,NC,28203,Brewpub,2020-04-11,Not recorded,4224
breweries/sugar-creek-brewing-co,breweries,Sugar Creek Brewing Co.,Charlotte,NC,28217,Micro,2020-04-11,Not recorded,4225
breweries/sugar-hill-brewing-company,breweries,Sugar Hill Brewing Company,Saint Paul,VA,24283,Brewpub,2020-02-07,Not recorded,7148
breweries/summerhill-brewing-llc,breweries,Summerhill Brewing LLC,Groton,NY,13073,Taproom,2020-03-03,Not recorded,5062
breweries/summit-city-brewerks,breweries,Summit City Brewerks,Fort Wayne,IN,46803,Brewpub,2020-04-11,Not recorded,2642
breweries/sun-brewing-co,breweries,Sun Brewing Co.,Canutillo,TX,79835,Brewpub,2020-03-03,Not recorded,6663
breweries/sun-king-brewery,breweries,Sun King Brewery,Fishers,IN,46037,Micro,2020-04-11,Not recorded,2637
breweries/sun-king-brewing,breweries,Sun King Brewing,Indianapolis,IN,46202,Regional,2020-02-07,Not recorded,2670
breweries/sun-up-brewing-co,breweries,Sun Up Brewing Co.,Phoenix,AZ,85012,Brewpub,2020-04-11,Not recorded,187
breweries/sun-valley-brewing-co,breweries,Sun Valley Brewing Co,Hailey,ID,83333,Brewpub,2020-02-01,Not recorded,2292
breweries/sunday-river-brewing-company,breweries,Sunday River Brewing Company,Bethel,ME,04217,Brewpub,2019-04-20,Not recorded,3230
breweries/sundowner-brewing-co,breweries,Sundowner Brewing Co.,Westlake Village,CA,91361,Micro,2020-03-03,Not recorded,1159
breweries/sunken-city-brewing-co,breweries,Sunken City Brewing Co,Hardy,VA,24101,Micro,2019-11-27,Not recorded,7046
breweries/sunriver-brewing,breweries,Sunriver Brewing,Sunriver,OR,97707,Micro,2020-04-11,Not recorded,5928
breweries/super-owl-brewing,breweries,Super Owl Brewing,Davis,CA,95616,Taproom,2019-10-26,Not recorded,402
breweries/superior-bathhouse-brewery,breweries,Superior Bathhouse Brewery,Hot Springs National Park,AR,71901,Brewpub,2019-04-20,Not recorded,103
breweries/superior-coast-brewery-karls-cuisine-winery-and-brewery,breweries,Superior Coast Brewery / Karls Cuisine Winery and Brewery,Sault Sainte Marie,MI,49783,Brewpub,2020-04-11,Not recorded,3651
breweries/supernatural-brewing-and-spirits,breweries,Supernatural Brewing and Spirits,Livonia,MI,48150,Brewpub,2020-04-11,Not recorded,3563
breweries/surly-brewing-company,breweries,Surly Brewing Company,Brooklyn Ctr,MN,55429,Regional,2019-11-13,Not recorded,3724
breweries/surly-brewing-company-minneapolis-mn,breweries,Surly Brewing Company,Minneapolis,MN,55414,Regional,2020-03-03,Not recorded,3795
breweries/suspended-brewing-co,breweries,Suspended Brewing Co,Baltimore,MD,21230,Taproom,2020-03-03,Not recorded,3121
breweries/susquehanna-brewing-co,breweries,Susquehanna Brewing Co,Pittston,PA,18640,Regional,2020-03-03,Not recorded,6260
breweries/sustainable-beverage-tech,breweries,Sustainable Beverage Tech.,Wheat Ridge,CO,80033,Micro,2020-02-07,Not recorded,1588
breweries/sutter-buttes-brewing,breweries,Sutter Buttes Brewing,Yuba City,CA,95991,Brewpub,2020-03-03,Not recorded,1170
breweries/swamp-cabbage-brewing-company,breweries,Swamp Cabbage Brewing Company,Columbia,SC,29201,Taproom,2020-03-03,Not recorded,6395
breweries/swan-brewing,breweries,Swan Brewing,Lakeland,FL,33815,Taproom,2020-03-03,Not recorded,1853
breweries/swashbuckler-brewing-co,breweries,Swashbuckler Brewing Co,Manheim,PA,17545,Micro,2020-04-11,Not recorded,6152
breweries/sweeten-creek-brewing,breweries,Sweeten Creek Brewing,Asheville,NC,28803,Brewpub,2020-03-03,Not recorded,4154
breweries/sweetwater-brewing-co,breweries,SweetWater Brewing Co,Atlanta,GA,30324,Regional,2020-03-03,Not recorded,2063
breweries/swinging-bridge-brewing-co,breweries,Swinging Bridge Brewing Co,River Falls,WI,54022,Brewpub,2020-04-11,Not recorded,7853
breweries/switchback-brewing-co,breweries,Switchback Brewing Co,Burlington,VT,05401,Regional,2020-03-03,Not recorded,7223
breweries/switchgear-brewing-co,breweries,SwitchGear Brewing Co,Elkhart Lake,WI,53020,Taproom,2020-03-03,Not recorded,7724
breweries/switchyard-brewing-company,breweries,Switchyard Brewing Company,Bloomington,IN,47404,Taproom,2020-03-03,Not recorded,2603
breweries/swover-creek-farm-brewery,breweries,Swover Creek Farm Brewery,Edinburg,VA,22824,Taproom,2020-04-11,Not recorded,7016
breweries/sycamore-brewing,breweries,Sycamore Brewing,Charlotte,NC,28203,Taproom,12/20.2019,Not recorded,4227
breweries/sycamore-brewing-cannery,breweries,Sycamore Brewing Cannery,Charlotte,NC,28206,Micro,2020-03-03,Not recorded,4215
breweries/syndicate-brewing-co,breweries,Syndicate Brewing Co,Silverthorne,CO,80497,Micro,2020-04-11,Not recorded,1561
breweries/syracuse-suds-factory,breweries,Syracuse Suds Factory,Syracuse,NY,13202,Brewpub,2020-04-11,Not recorded,5258
breweries/table-41-brewing-co,breweries,Table 41 Brewing Co.,Cohoes,NY,12047,Micro,2020-03-03,Not recorded,5002
breweries/tabol-brewing,breweries,Tabol Brewing,Richmond,VA,23222,Micro,2019-11-27,Not recorded,7115
breweries/tacoma-brewing-co,breweries,Tacoma Brewing Co.,Tacoma,WA,98402,Taproom,2020-04-11,Not recorded,7605
breweries/tactical-brewing-company,breweries,Tactical Brewing Company,Orlando,FL,32814,Taproom,2020-04-11,Not recorded,1915
breweries/tactical-ops-brewing-inc,breweries,Tactical OPS Brewing Inc.,Fresno,CA,93727,Proprietor,2020-03-03,Not recorded,445
breweries/tafts-ale-house,breweries,Taft’s Ale House,Cincinnati,OH,45202,Taproom,2020-03-03,Not recorded,5373
breweries/tafts-brewing-co,breweries,Taft’s Brewing Co,Cincinnati,OH,45232,Brewpub,2020-03-03,Not recorded,5374
breweries/tahoe-mountain-brewing-company,breweries,Tahoe Mountain Brewing Company,Truckee,CA,96161,Micro,2020-02-07,Not recorded,1094
breweries/tailspin-brewing-co,breweries,Tailspin Brewing Co,Coldwater,OH,45828,Taproom,2020-04-11,Not recorded,5421
breweries/take-16-brewing-company,breweries,Take 16 Brewing Company,Luverne,MN,56156,Micro,2020-03-03,Not recorded,3772
breweries/talisman-brewing-company,breweries,Talisman Brewing Company,Ogden,UT,84404,Taproom,2019-11-27,Not recorded,6909
breweries/talking-cursive-brewing-company,breweries,Talking Cursive Brewing Company,Syracuse,NY,13204,Taproom,2020-03-03,Not recorded,5257
breweries/talking-waters-brewing-co,breweries,Talking Waters Brewing Co.,Montevideo,MN,56265,Taproom,2020-03-03,Not recorded,3817
breweries/taneum-creek-brewing,breweries,Taneum Creek Brewing,Cle Elum,WA,98922,Taproom,2020-03-03,Not recorded,7339
breweries/tangled-roots-brewing-company,breweries,Tangled Roots Brewing Company,Ottawa,IL,61350,Brewpub,2020-03-03,Not recorded,2525
breweries/tank18,breweries,Tank18,San Francisco,CA,94103,Brewpub,2020-04-11,Not recorded,919
breweries/tannery-bend-beerworks,breweries,Tannery Bend Beerworks,Napa,CA,94559,Micro,2020-02-07,Not recorded,636
breweries/tannery-run-brew-works,breweries,Tannery Run Brew Works,Ambler,PA,19002,Brewpub,2020-03-03,Not recorded,5955
breweries/tantrick-brewing-co,breweries,Tantrick Brewing Co,Allegan,MI,49010,Micro,2020-02-07,Not recorded,3354
breweries/tanzenwald-brewing-company,breweries,Tanzenwald Brewing Company,Northfield,MN,55057,Brewpub,yes,Not recorded,3829
breweries/taos-trail-inn-brewery-and-steakhouse,breweries,Taos Trail Inn Brewery & Steakhouse,Ojo Caliente,NM,87549,Brewpub,2020-03-03,Not recorded,4817
breweries/tapistry-brewing-company,breweries,Tapistry Brewing Company,Bridgman,MI,49106,Taproom,2020-03-03,Not recorded,3389
breweries/taplands-brewery,breweries,Taplands Brewery,Santa Clara,CA,95050,Brewpub,2020-03-03,Not recorded,998
breweries/taproot-brewing-co-newport-vineyards,breweries,Taproot Brewing Co / Newport Vineyards,Middletown,RI,02842,Micro,2020-03-03,Not recorded,6342
breweries/taps-and-apps,breweries,Taps and Apps,Mililani,HI,96789,Brewpub,2019-11-03,Not recorded,2159
breweries/taps-fish-house-and-brewery-brea,breweries,TAPS Fish House and Brewery - Brea,Brea,CA,92821,Brewpub,yes,Yes,319
breweries/taps-fish-house-and-brewery-corona,breweries,TAPS Fish House and Brewery - Corona,Corona,CA,92883,Brewpub,2020-02-07,Not recorded,381
breweries/tar-banks-brewing-co,breweries,Tar Banks Brewing Co.,Louisburg,NC,27549,Taproom,2020-03-03,Not recorded,4334
breweries/tarantula-hill-brewing-co,breweries,Tarantula Hill Brewing Co.,Thousand Oaks,CA,91360,Micro,2020-02-07,Not recorded,1078
breweries/tarla-mediterranean-bar-and-grill,breweries,Tarla Mediterranean Bar and Grill,Napa,CA,94559,Brewpub,2020-03-03,Not recorded,638
breweries/tarpon-river-brewing,breweries,Tarpon River Brewing,Fort Lauderdale,FL,33301,Taproom,2020-03-03,Not recorded,1794
breweries/task-force-brewing,breweries,Task Force Brewing,Lakewood,WA,98498,Proprietor,2020-03-03,Not recorded,7393
breweries/tattooed-dad-brewing-co,breweries,Tattooed Dad Brewing Co,Jackson,ME,04921,Taproom,2020-04-11,Not recorded,3267
breweries/tavern-brewery,breweries,Tavern Brewery,Detroit Lakes,MN,56501,Brewpub,2020-03-03,Not recorded,3734
breweries/taylor-brooke-brewery,breweries,Taylor Brooke Brewery,Woodstock,CT,06281,Micro,2020-04-11,Not recorded,1695
breweries/taylor-house-brewing-co,breweries,Taylor House Brewing Co,Catasauqua,PA,18032,Taproom,2020-03-03,Not recorded,6003
breweries/teays-river-brewing,breweries,Teays River Brewing,Lafayette,IN,47909,Brewpub,2020-02-07,Not recorded,2706
breweries/tecopa-brewing-company,breweries,Tecopa Brewing Company,Tecopa,CA,92389,Brewpub,2020-02-07,Not recorded,1065
breweries/tecumseh-brewing-company,breweries,Tecumseh Brewing Company,Tecumseh,MI,49286,Brewpub,2020-02-07,Not recorded,3670
breweries/telco-brewery,breweries,Telco Brewery,Valencia,CA,91355,Taproom,2020-03-03,Not recorded,1110
breweries/telegraph-brewing-co,breweries,Telegraph Brewing Co,Santa Barbara,CA,93103,Micro,2020-04-11,Not recorded,994
breweries/tell-city-brewing-company,breweries,Tell City Brewing Company,Tell City,IN,47586,Brewpub,2020-03-03,Not recorded,2758
breweries/temblor-brewing-company,breweries,Temblor Brewing Company,Bakersfield,CA,93308,Brewpub,2020-04-11,Not recorded,299
breweries/temperance-beer-company-llc,breweries,"Temperance Beer Company, LLC",Evanston,IL,60202,Micro,2020-03-03,Not recorded,2443
breweries/temperance-row-brewing-and-uptown-deli,breweries,Temperance Row Brewing and Uptown Deli,Westerville,OH,43081,Brewpub,2020-03-03,Not recorded,5591
breweries/templin-family-brewing,breweries,Templin Family Brewing,Salt Lake City,UT,84101,Taproom,2020-02-07,Not recorded,6939
breweries/ten-10-brewing-co,breweries,Ten 10 Brewing Co,Orlando,FL,32803,Brewpub,2020-03-03,Not recorded,1910
breweries/ten-bends-beer,breweries,Ten Bends Beer,Hyde Park,VT,05655,Micro,2020-02-07,Not recorded,7232
breweries/ten-fifty-five-brewing,breweries,Ten Fifty Five Brewing,Tucson,AZ,85701,Brewpub,2020-03-03,Not recorded,233
breweries/ten-mile-brewing,breweries,Ten Mile Brewing,Signal Hill,CA,90755,Taproom,2020-04-11,Not recorded,1037
breweries/ten-mile-creek-brewery,breweries,Ten Mile Creek Brewery,Helena,MT,59601,Taproom,2020-03-03,Not recorded,4090
breweries/ten-pin-brewing-co,breweries,Ten Pin Brewing Co,Moses Lake,WA,98837,Brewpub,2020-02-07,Not recorded,7417
breweries/ten-pin-brewing-production-facility,breweries,Ten Pin Brewing - Production Facility,Moses Lake,WA,98837,Micro,2020-03-03,Not recorded,7418
breweries/tenacity-brewing,breweries,Tenacity Brewing,Flint,MI,48503,Taproom,2020-04-11,Not recorded,3458
breweries/tennessee-brew-works,breweries,Tennessee Brew Works,Nashville,TN,37203,Micro,2020-04-11,Not recorded,6562
breweries/tennessee-valley-brewing-company,breweries,Tennessee Valley Brewing Company,Clarksville,TN,37040,Taproom,2020-04-11,Not recorded,6499
breweries/tent-city-beer-company,breweries,Tent City Beer Company,Atascadero,CA,93422,Taproom,2020-03-03,Not recorded,286
breweries/tequesta-brewing-co,breweries,Tequesta Brewing Co,Tequesta,FL,33469,Micro,2020-03-03,Not recorded,2023
breweries/terminal-gravity-brewing-co,breweries,Terminal Gravity Brewing Co,Enterprise,OR,97828,Micro,2020-04-11,Not recorded,5717
breweries/texas-ale-project,breweries,Texas Ale Project,Dallas,TX,75207,Micro,2020-03-03,Not recorded,6691
breweries/texas-beer-refinery,breweries,Texas Beer Refinery,Dickinson,TX,77539,Taproom,2020-04-11,Not recorded,6709
breweries/texas-leaguer-brewing-company,breweries,Texas Leaguer Brewing Company,Missouri City,TX,77489,Micro,2019-04-20,Not recorded,6813
breweries/textile-brewing-company,breweries,Textile Brewing Company,Dyersville,IA,52040,Taproom,2020-02-01,Not recorded,2217
breweries/that-brewery-and-pub-pine,breweries,THAT Brewery & Pub - Pine,Pine,AZ,85544,Brewpub,2020-02-07,Not recorded,194
breweries/that-brewery-cottonwood,breweries,THAT Brewery - Cottonwood,Cottonwood,AZ,86326,Micro,2020-02-07,Yes,141
breweries/the-alchemist-stowe,breweries,The Alchemist - Stowe,Stowe,VT,05672,Regional,2019-06-19,Not recorded,7257
breweries/the-answer-brewpub,breweries,The Answer Brewpub,Richmond,VA,23230,Brewpub,2019-11-27,Not recorded,7116
breweries/the-austin-beer-garden-brewing-co,breweries,The Austin Beer Garden Brewing Co,Austin,TX,78704,Brewpub,2020-04-11,Not recorded,6630
breweries/the-bakers-brewery,breweries,The Bakers’ Brewery,Silverthorne,CO,80498,Brewpub,2020-03-03,Not recorded,1559
breweries/the-bear-and-peacock,breweries,The Bear And Peacock,Winter Park,FL,32789,Taproom,2020-03-03,Not recorded,2043
breweries/the-berghoff-brewery-inc,breweries,The Berghoff Brewery Inc.,Chicago,IL,60622,Contract,2020-02-07,Not recorded,2369
breweries/the-black-abbey-brewing-company,breweries,The Black Abbey Brewing Company,Nashville,TN,37204,Micro,2020-04-11,Not recorded,6563
breweries/the-blue-grasshopper-brew-pub,breweries,The Blue Grasshopper Brew Pub,Rio Rancho,NM,87124,Brewpub,2020-04-11,Not recorded,4821
breweries/the-boathouse-beer-co-and-boozery,breweries,The Boathouse Beer Co and Boozery,Tawas City,MI,48763,Brewpub,2020-03-03,Not recorded,3669
breweries/the-boiler-room-brewhaus-llc,breweries,The Boiler Room Brewhaus LLC,Fort Scott,KS,66701,Taproom,2020-03-03,Not recorded,2784
breweries/the-booth-brewing-co,breweries,The Booth Brewing Co.,Eureka,CA,95501,Micro,2020-02-07,Not recorded,426
breweries/the-bottlehouse-brewery-and-meadery,breweries,The BottleHouse Brewery And Meadery,Cleveland Heights,OH,44118,Taproom,2020-03-03,Not recorded,5420
breweries/the-brew-brothers-scioto-downs-racino,breweries,The Brew Brothers / Scioto Downs Racino,Columbus,OH,43207,Brewpub,2020-03-03,Not recorded,5439
breweries/the-brew-kettle-taproom-and-smokehouse,breweries,"The Brew Kettle, Taproom and Smokehouse",Strongsville,OH,44136,Brewpub,2020-03-03,Not recorded,5571
breweries/the-brewers-cabinet,breweries,The Brewer’s Cabinet,Reno,NV,89501,Micro,2020-03-03,Not recorded,4869
breweries/the-brewers-collective,breweries,The Brewers Collective,Bay Shore,NY,11706,Taproom,2020-04-11,Not recorded,4909
breweries/the-brewery-at-hershey,breweries,The Brewery At Hershey,Middletown,PA,17057,Taproom,2020-03-03,Not recorded,6167
breweries/the-brewery-at-maple-view-farm,breweries,The Brewery At Maple View Farm,Granby,CT,06035,Taproom,2020-04-11,Not recorded,1620
breweries/the-brewery-at-orange-county-hops,breweries,The Brewery At Orange County Hops,Walden,NY,12586,Taproom,2020-03-03,Not recorded,5280
breweries/the-brewery-boser-geist-brewing-co-llc,breweries,"The Brewery Böser Geist Brewing Co., LLC",Easton,PA,18042,Brewpub,2020-04-11,Not recorded,6042
breweries/the-brewhouse,breweries,The Brewhouse,Santa Barbara,CA,93101,Brewpub,2020-04-11,Not recorded,995
breweries/the-brewing-projekt,breweries,The Brewing Projekt,Eau Claire,WI,54703,Micro,2020-04-11,Not recorded,7722
breweries/the-brewtorium,breweries,The Brewtorium,Austin,TX,78752,Brewpub,2020-03-03,Not recorded,6620
breweries/the-brick-oven-brewpub,breweries,The Brick Oven Brewpub,Akron,OH,44312,Brewpub,2020-03-03,Not recorded,5309
breweries/the-bronx-brewery,breweries,The Bronx Brewery,Bronx,NY,10454,Regional,2020-03-03,Not recorded,4929
breweries/the-bunkhouse-brewery,breweries,The Bunkhouse Brewery,Bozeman,MT,59715,Taproom,2020-03-03,Not recorded,4059
breweries/the-chamber-by-wooden-robot-brewery,breweries,The Chamber By Wooden Robot Brewery,Charlotte,NC,28205,Taproom,2020-04-11,Not recorded,4226
breweries/the-collaboratory-restaurant-and-taphouse,breweries,The Collaboratory Restaurant and Taphouse,Asheville,NC,28801,Brewpub,2020-04-11,Not recorded,4157
breweries/the-collective-brewing-project,breweries,The Collective Brewing Project,Fort Worth,TX,76104,Micro,2020-04-11,Not recorded,6731
breweries/the-common-beer-company,breweries,The Common Beer Company,Mason,OH,45040,Taproom,2020-04-11,Not recorded,5522
breweries/the-courtyard-brewery,breweries,The Courtyard Brewery,New Orleans,LA,70130,Taproom,2020-03-03,Not recorded,2920
breweries/the-crafter-space,breweries,The Crafter Space,Milwaukee,WI,53211,Contract,2020-03-03,Not recorded,7805
breweries/the-crossings-restaurant-and-brewpub,breweries,The Crossings Restaurant and Brewpub,Putnam,CT,06260,Brewpub,2020-04-11,Not recorded,1666
other-places/the-dampfwerk-distillery,other-places,The Dampfwerk Distillery,St Louis Park,MN,55416,Distillery,yes,Yes,3877
breweries/the-den-smokehouse-and-brewery,breweries,The Den Smokehouse and Brewery,Kerman,CA,93630,Brewpub,2020-03-03,Not recorded,508
breweries/the-dreamchasers-brewery,breweries,The Dreamchaser’s Brewery,Waxhaw,NC,28173,Taproom,2020-03-03,Not recorded,4422
breweries/the-eighth-state-brewing-company,breweries,The Eighth State Brewing Company,Greenville,SC,29601,Brewpub,2020-04-11,Not recorded,6405
breweries/the-empourium-brewing-company,breweries,The Empourium Brewing Company,Denver,CO,80212,Taproom,2020-04-11,Not recorded,1330
breweries/the-farm-brewery-at-broad-run,breweries,The Farm Brewery At Broad Run,Broad Run,VA,20137,Taproom,2020-04-11,Not recorded,6981
breweries/the-fat-cat-beer-co,breweries,The Fat Cat Beer Co,La Jolla,CA,92037,Contract,2020-02-07,Not recorded,513
breweries/the-fermentorium,breweries,The Fermentorium,Cedarburg,WI,53012,Taproom,2020-03-03,Not recorded,7702
breweries/the-florida-brewery,breweries,The Florida Brewery,Auburndale,FL,33823,Regional,2020-03-03,Not recorded,1741
breweries/the-freefolk-brewery,breweries,The Freefolk Brewery,Fayetteville,WV,25840,Taproom,2020-03-03,Not recorded,7912
breweries/the-freehouse,breweries,The Freehouse,Minneapolis,MN,55401,Brewpub,yes,Not recorded,3806
breweries/the-garage-brewery,breweries,The Garage Brewery,Chesapeake,VA,23320,Taproom,yes,Not recorded,6997
breweries/the-good-beer-company,breweries,The Good Beer Company,Santa Ana,CA,92701,Taproom,2020-03-03,Not recorded,986
breweries/the-grain-shed,breweries,The Grain Shed,Spokane,WA,99202,Brewpub,2020-02-07,Not recorded,7564
breweries/the-harmony-inn,breweries,The Harmony Inn,Harmony,PA,16037,Brewpub,2020-03-03,Not recorded,6089
breweries/the-heavy-metal-brewing-co,breweries,The Heavy Metal Brewing Co.,Vancouver,WA,98661,Brewpub,2020-02-07,Not recorded,7621
breweries/the-hidden-mother-brewery,breweries,The Hidden Mother Brewery,Liberty Lake,WA,99019,Micro,2019-06-04,Not recorded,7400
breweries/the-hold-by-revelry-brewing,breweries,The Hold By Revelry Brewing,Charleston,SC,29403,Micro,2020-03-03,Not recorded,6379
breweries/the-hop-brewery,breweries,The Hop Brewery,Christopher,IL,62822,Brewpub,2020-04-11,Not recorded,2421
breweries/the-jolly-scholar,breweries,The Jolly Scholar,Cleveland,OH,44106,Brewpub,2020-03-03,Not recorded,5410
breweries/the-knickerbocker-new-holland-brewing,breweries,The Knickerbocker/ New Holland Brewing,Grand Rapids,MI,49504,Brewpub,2020-02-07,Not recorded,3479
breweries/the-koontz-lake-brewing-company,breweries,The Koontz Lake Brewing Company,Walkerton,IN,46574,Brewpub,2020-04-11,Not recorded,2766
breweries/the-larimer-beer-company,breweries,The Larimer Beer Company,Denver,CO,80207,Contract,2020-03-03,Not recorded,1312
breweries/the-livery,breweries,The Livery,Benton Harbor,MI,49022,Taproom,2020-03-03,Not recorded,3380
breweries/the-lodge-restaurant-and-microbrewery,breweries,The Lodge Restaurant & Microbrewery,Sugar Grove,OH,43155,Brewpub,2020-03-03,Not recorded,5573
breweries/the-lost-borough-brewing-company,breweries,The Lost Borough Brewing Company,Rochester,NY,14609,Taproom,2020-03-03,Not recorded,5221
breweries/the-lost-druid-brewery,breweries,The Lost Druid Brewery,AVONDALE ESTATES,GA,30002,Brewpub,2020-04-11,Not recorded,2079
breweries/the-manhattan-project-beer-company,breweries,The Manhattan Project Beer Company,Dallas,TX,75208,Proprietor,2020-03-03,Not recorded,6692
breweries/the-maple-grille-llc,breweries,The Maple Grille LLC,Hemlock,MI,48626,Taproom,2020-04-11,Not recorded,3510
breweries/the-marmot-fort-collins,breweries,The Marmot Fort Collins,Fort Collins,CO,80524,Brewpub,2020-04-11,Not recorded,1410
breweries/the-mason-jar-brewing-company,breweries,The Mason Jar Brewing Company,Menifee,CA,92586,Taproom,2020-03-03,Not recorded,606
breweries/the-millworks-brewery,breweries,The Millworks Brewery,Harrisburg,PA,17102,Brewpub,2020-04-11,Not recorded,6095
breweries/the-mitten-brewing-co,breweries,The Mitten Brewing Co,Grand Rapids,MI,49504,Taproom,2020-03-03,Not recorded,3486
breweries/the-mitten-brewing-company-production-facility,breweries,The Mitten Brewing Company Production Facility,Grand Rapids,MI,49504,Micro,2020-04-11,Not recorded,3490
breweries/the-mitten-brewing-company-saugatuck,breweries,The Mitten Brewing Company - Saugatuck,Saugatuck,MI,49453,Brewpub,2020-04-11,Not recorded,3649
breweries/the-naked-river-brewing-company,breweries,The Naked River Brewing Company,Chattanooga,TN,37408,Brewpub,2020-03-03,Not recorded,6489
breweries/the-new-buffalo-brewing-co-inc,breweries,The New Buffalo Brewing Co. Inc,Clarence,NY,14031,Contract,2020-03-03,Not recorded,4996
breweries/the-olde-mecklenburg-brewery,breweries,The Olde Mecklenburg Brewery,Charlotte,NC,28217,Regional,2020-03-03,Not recorded,4216
breweries/the-oozlefinch-craft-brewery,breweries,The Oozlefinch Craft Brewery,Fort Monroe,VA,23651,Micro,2020-02-07,Not recorded,7027
breweries/the-original-40-brewing-company,breweries,The Original 40 Brewing Company,SAN DIEGO,CA,92104,Brewpub,2020-03-03,Not recorded,847
breweries/the-other-farm-and-forge,breweries,The Other Farm & Forge,Boyertown,PA,19512,Brewpub,2020-03-03,Not recorded,5980
breweries/the-outlaw-brewing-company,breweries,The Outlaw Brewing Company,Winchester,NH,03470,Micro,2019-10-26,Not recorded,4613
breweries/the-owls-brew,breweries,The Owls Brew,New York,NY,10001,Largge,2019-10-26,Not recorded,5143
breweries/the-peddler,breweries,The Peddler,Huntington,WV,25701,Brewpub,2020-02-07,Not recorded,7914
breweries/the-peoples-pint-franklin-county-brewing-co,breweries,The Peoples Pint / Franklin County Brewing Co,Greenfield,MA,01301,Brewpub,2020-03-03,Not recorded,2999
breweries/the-phoenix-brewing-company,breweries,The Phoenix Brewing Company,Mansfield,OH,44902,Taproom,2020-03-03,Not recorded,5514
breweries/the-phoenix-on-westheimer,breweries,The Phoenix On Westheimer,Houston,TX,77098,Brewpub,2020-04-11,Not recorded,6772
breweries/the-portsmouth-brewery,breweries,The Portsmouth Brewery,Portsmouth,NH,03801,Brewpub,2020-03-03,Not recorded,4597
breweries/the-public-option,breweries,The Public Option,Washington,DC,20018,Brewpub,2020-03-03,Not recorded,1703
breweries/the-rambling-root,breweries,The Rambling Root,Fairmont,WV,26554,Brewpub,2020-02-07,Not recorded,7911
breweries/the-red-baron,breweries,The Red Baron,Burton,MI,48519,Brewpub,2020-03-03,Not recorded,3393
breweries/the-referend-bier-blendery,breweries,The Referend Bier Blendery,Pennington,NJ,08534,Micro,12/20.2019,Not recorded,4712
breweries/the-royal-oak-brewery,breweries,The Royal Oak Brewery,Royal Oak,MI,48067,Brewpub,2020-03-03,Not recorded,3635
breweries/the-runway-by-patrick,breweries,The Runway By Patrick,Napa,CA,94558,Brewpub,2020-04-11,Not recorded,642
breweries/the-sandlot-brewery-at-coors-field,breweries,The Sandlot Brewery At Coors Field,Denver,CO,80205,Largge,2020-03-03,Not recorded,1313
breweries/the-seymour-brewing-company,breweries,The Seymour Brewing Company,Seymour,IN,47274,Brewpub,2020-03-03,Not recorded,2752
breweries/the-southern-growl,breweries,The Southern Growl,Greer,SC,29651,Contract,2020-03-03,Not recorded,6414
breweries/the-st-george-brewing-company,breweries,The St. George Brewing Company,Hampton,VA,23666,Micro,2020-02-07,Not recorded,7042
breweries/the-stalking-horse,breweries,The Stalking Horse,Los Angeles,CA,90064,Brewpub,2020-03-03,Not recorded,577
breweries/the-tank-brewing-company,breweries,The Tank Brewing Company,Miami,FL,33166,Micro,2020-02-07,Not recorded,1871
breweries/the-terminal-brewhouse,breweries,The Terminal Brewhouse,Chattanooga,TN,37402,Brewpub,2020-04-11,Not recorded,6494
breweries/the-urban-woody-brewery,breweries,The Urban Woody Brewery,Fostoria,OH,44830,Taproom,2020-03-03,Not recorded,5478
breweries/the-vanguard-brewpub-and-distillery,breweries,The Vanguard Brewpub & Distillery,Hampton,VA,23669,Brewpub,2020-02-07,Not recorded,7043
breweries/the-veil-brewing-company,breweries,The Veil Brewing Company,Richmond,VA,23230,Micro,2019-11-27,Not recorded,7117
breweries/the-viking-braggot-company,breweries,The Viking Braggot Company,Eugene,OR,97402,Taproom,2020-04-11,Not recorded,5726
breweries/the-weed-reaper-experiment-brewery-and-taproom,breweries,The Weed Reaper Experiment Brewery and Taproom,Pompano Beach,FL,33069,Micro,2020-04-11,Not recorded,1946
breweries/the-wild-rover-brewery,breweries,The Wild Rover Brewery,Tampa,FL,33626,Brewpub,2020-02-07,Not recorded,2002
breweries/thesis-beer-project,breweries,Thesis Beer Project,Rochester,MN,55902,Taproom,2020-03-03,Not recorded,3837
breweries/thew-brewing-company,breweries,Thew Brewing Company,Cedar Rapids,IA,52404,Taproom,2020-02-01,Not recorded,2188
breweries/thieme-and-wagner-brewery,breweries,Thieme & Wagner Brewery,Lafayette,IN,47901,Taproom,2020-03-03,Not recorded,2707
breweries/thin-man-brewery,breweries,Thin Man Brewery,Buffalo,NY,14222,Brewpub,2020-03-03,Not recorded,4953
breweries/third-base-brewery,breweries,Third Base Brewery,Cedar Rapids,IA,52402,Brewpub,2020-02-01,Not recorded,2189
breweries/third-place-brewing,breweries,Third Place Brewing,Wichita,KS,67202,Taproom,2020-03-03,Not recorded,2827
breweries/third-street-brewhouse,breweries,Third Street Brewhouse,Cold Spring,MN,56320,Regional,yes,Not recorded,3730
breweries/third-street-brewing,breweries,Third Street Brewing,Farmville,VA,23901,Taproom,2020-04-11,Not recorded,7024
breweries/third-window-brewing,breweries,Third Window Brewing,Santa Barbara,CA,93101,Brewpub,2020-02-07,Not recorded,989
breweries/thirsty-dog-brewing-company,breweries,Thirsty Dog Brewing Company,Akron,OH,44311,Micro,2020-04-11,Not recorded,5312
breweries/thirsty-dog-east-bank,breweries,Thirsty Dog East Bank,Cleveland,OH,44113,Brewpub,2020-03-03,Not recorded,5411
breweries/thirsty-farmer-brew-works,breweries,Thirsty Farmer Brew Works,Biglerville,PA,17307,Brewpub,2020-04-11,Not recorded,5976
breweries/thirsty-monk-brewery,breweries,Thirsty Monk Brewery,Asheville,NC,28801,Brewpub,2020-03-03,Not recorded,4155
breweries/thirsty-monk-pub-brewery,breweries,Thirsty Monk Pub Brewery,Denver,CO,80218,Micro,2020-03-03,Not recorded,1314
breweries/thirsty-nomad-brewing,breweries,Thirsty Nomad Brewing,Charlotte,NC,28217,Taproom,2020-03-03,Not recorded,4217
breweries/thirsty-pagan-brewing-co,breweries,Thirsty Pagan Brewing Co,Superior,WI,54880,Brewpub,2020-03-03,Not recorded,7872
breweries/thirsty-souls-community-brewing,breweries,Thirsty Souls Community Brewing,Mount Airy,NC,27030,Taproom,2020-02-01,Not recorded,4352
breweries/thirsty-street-brewing-company,breweries,Thirsty Street Brewing Company,Billings,MT,59101,Taproom,2020-04-11,Not recorded,4049
breweries/thomas-hooker-brewing-at-colt,breweries,Thomas Hooker Brewing At Colt,Hartford,CT,06106,Micro,2020-03-03,Not recorded,1626
breweries/thompson-brewing-co,breweries,Thompson Brewing Co,Riverside,CA,92503,Brewpub,2020-02-07,Not recorded,763
breweries/thorn-brewing-co,breweries,Thorn Brewing Co,San Diego,CA,92113,Micro,2020-03-03,Not recorded,848
breweries/thornapple-brewing-company,breweries,Thornapple Brewing Company,Grand rapids,MI,49546,Micro,2020-03-03,Not recorded,3487
breweries/thr3e-punk-ales,breweries,Thr3e Punk Ales,Chula Vista,CA,91910,Taproom,2020-03-03,Not recorded,366
breweries/three-bridge-brewing-company,breweries,Three Bridge Brewing Company,Menominee,MI,49858,Taproom,2020-03-03,Not recorded,3586
breweries/three-creeks-production,breweries,Three Creeks Production,Sisters,OR,97759,Micro,2020-03-03,Not recorded,5924
breweries/three-floyds-brewing-co,breweries,Three Floyds Brewing Co,Munster,IN,46321,Regional,2019-11-13,Not recorded,2730
breweries/three-forks-bakery-and-brewing-company,breweries,Three Forks Bakery & Brewing Company,Nevada City,CA,95959,Brewpub,2020-02-07,Not recorded,646
breweries/three-heads-brewing,breweries,Three Heads Brewing,Rochester,NY,14607,Micro,2020-04-11,Not recorded,5224
breweries/three-magnets-brewing,breweries,Three Magnets Brewing,Olympia,WA,98501,Brewpub,2020-02-07,Not recorded,7434
breweries/three-mile-brewing-co,breweries,Three Mile Brewing Co,Davis,CA,95616,Taproom,2020-03-03,Not recorded,404
breweries/three-monkeys-brewing-co,breweries,Three Monkeys Brewing Co,Madera,CA,93637,Contract,2020-03-03,Not recorded,591
breweries/three-mugs-brewing-company,breweries,Three Mugs Brewing Company,Hillsboro,OR,97124,Taproom,2020-03-03,Not recorded,5753
breweries/three-notchd-brewing-company,breweries,Three Notch’d Brewing Company,Charlottesville,VA,22902,Micro,2020-02-07,Not recorded,6992
breweries/three-notchd-brewing-company-roanoke-va,breweries,Three Notch’d Brewing Company,Roanoke,VA,24011,Brewpub,2020-02-07,Not recorded,7141
breweries/three-notchd-rva-collab-house,breweries,Three Notch’d RVA Collab House,Richmond,VA,23230,Micro,2020-02-07,Not recorded,7123
breweries/three-notchd-valley-collab-house,breweries,Three Notch’d Valley Collab House,Harrisonburg,VA,22801,Micro,2020-02-07,Not recorded,7049
breweries/three-points-urban-brewery,breweries,Three Points Urban Brewery,Cincinnati,OH,45202,Taproom,2020-04-11,Not recorded,5381
breweries/three-rings-brewery,breweries,Three Rings Brewery,McPherson,KS,67401,Micro,2020-04-11,Not recorded,2801
breweries/three-tigers-brewing-company,breweries,Three Tigers Brewing Company,Granville,OH,43023,Brewpub,2020-03-03,Not recorded,5486
breweries/three-twenty-brewing-co,breweries,Three Twenty Brewing Co.,Pine City,MN,55063,Taproom,2020-04-11,Not recorded,3832
breweries/three-weavers-brewing-company,breweries,Three Weavers Brewing Company,Inglewood,CA,90301,Micro,2020-04-11,Not recorded,495
breweries/threefoot-brewing-company-llc,breweries,"Threefoot Brewing Company, LLC",Meridian,MS,39305,Proprietor,2020-03-03,Not recorded,4030
breweries/threes-brewing,breweries,Threes Brewing,Brooklyn,NY,11217,Micro,12/20.2019,Not recorded,4944
breweries/threshers-brewing-company,breweries,Threshers Brewing Company,Searsmont,ME,04973,Taproom,2019-04-20,Not recorded,3325
breweries/thumb-knuckle-brewing-company,breweries,Thumb Knuckle Brewing Company,Luxemburg,WI,54217,Taproom,2020-03-03,Not recorded,7760
breweries/thunder-canyon-brewery,breweries,Thunder Canyon Brewery,Tucson,AZ,85701,Brewpub,2020-04-11,Not recorded,237
breweries/thunder-island-brewing,breweries,Thunder Island Brewing,Cascade Locks,OR,97014,Brewpub,2020-04-11,Not recorded,5703
breweries/thunderhawk-alements,breweries,Thunderhawk Alements,San Diego,CA,92126,Taproom,2020-04-11,Not recorded,859
breweries/tie-and-timber-beer-company,breweries,Tie and Timber Beer Company,Springfield,MO,65802,Taproom,2020-04-11,Not recorded,4006
breweries/tighthead-brewing-co,breweries,Tighthead Brewing Co,MUNDELEIN,IL,60060,Taproom,2020-03-03,Not recorded,2503
breweries/tilted-axis-brewing-company,breweries,Tilted Axis Brewing Company,Lapeer,MI,48446,Brewpub,2020-04-11,Not recorded,3559
breweries/tilted-barrel-brew-pub,breweries,Tilted Barrel Brew Pub,Loveland,CO,80538,Contract,2020-03-03,Not recorded,1512
breweries/tilted-mash-brewery,breweries,Tilted Mash Brewery,Elk Grove,CA,95624,Taproom,2020-03-03,Not recorded,418
breweries/timber-creek-tap-and-table,breweries,Timber Creek Tap & Table,Meadville,PA,16335,Brewpub,2020-03-03,Not recorded,6159
breweries/timber-monster-brewing-company,breweries,Timber Monster Brewing Company,Sultan,WA,98294,Brewpub,2020-02-07,Not recorded,7589
breweries/timbukbru,breweries,Timbukbru,Clarion,IA,50525,Taproom,2020-02-01,Not recorded,2191
breweries/timeless-pints-brewing-co,breweries,Timeless Pints Brewing Co,Lakewood,CA,90712,Taproom,2020-03-03,Not recorded,526
breweries/tims-pumpkin-patch,breweries,Tim’s Pumpkin Patch,Marietta,NY,13110,Taproom,2020-04-11,Not recorded,5126
breweries/tin-bridge-brewing,breweries,Tin Bridge Brewing,Westfield,MA,01085,Taproom,2020-03-03,Not recorded,3089
breweries/tin-cannon-brewing-company,breweries,Tin Cannon Brewing Company,Gainesville,VA,20155,Taproom,2020-03-03,Not recorded,7036
breweries/tin-dog-brewing,breweries,Tin Dog Brewing,Seattle,WA,98108,Taproom,2020-03-03,Not recorded,7510
breweries/tin-man-brewing-kokomo,breweries,Tin Man Brewing Kokomo,Kokomo,IN,46903,Taproom,2020-03-03,Not recorded,2702
breweries/tiny-tims-pizza-west-mountain-brewery,breweries,Tiny Tim’s Pizza /West Mountain Brewery,Fayetteville,AR,72701,Brewpub,2020-03-03,Not recorded,96
breweries/tips-roadside,breweries,TIPS Roadside,Kenwood,CA,95452,Brewpub,2020-02-07,Not recorded,506
breweries/tired-hands-brewing-co,breweries,Tired Hands Brewing Co,Ardmore,PA,19003,Brewpub,2019-11-13,Not recorded,5958
breweries/tired-hands-brewing-co-ardmore-pa,breweries,Tired Hands Brewing Co,Ardmore,PA,19003,Brewpub,2019-11-13,Not recorded,5959
breweries/titanic-brewing-co,breweries,Titanic Brewing Co,Miami,FL,33146,Brewpub,2020-02-01,Not recorded,1868
breweries/titletown-brewing-co,breweries,Titletown Brewing Co,Green Bay,WI,54303,Brewpub,2020-04-11,Not recorded,7735
breweries/tko-libations,breweries,TKO Libations,Lewisville,TX,75056,Taproom,2020-04-11,Not recorded,6790
breweries/to-share-brewing-company,breweries,To Share Brewing Company,Manchester,NH,03104,Taproom,2020-03-03,Not recorded,4572
breweries/toast-ale,breweries,Toast Ale,New York,NY,10001,Contract,2020-03-03,Not recorded,5152
breweries/toasted-barrel-brewery,breweries,Toasted Barrel Brewery,Salt Lake City,UT,84103,Taproom,2020-02-07,Not recorded,6940
breweries/tobacco-wood-brewing-company,breweries,Tobacco Wood Brewing Company,Oxford,NC,27565,Brewpub,2020-04-11,Not recorded,4365
breweries/tocayo-brewing-company,breweries,Tocayo Brewing Company,Chicago,IL,60603,Contract,2020-03-03,Not recorded,2386
breweries/toltec-brewing-co,breweries,Toltec Brewing Co,Albuquerque,NM,87114,Brewpub,2020-03-03,Not recorded,4760
breweries/tombstone-brewing-company,breweries,Tombstone Brewing Company,Tombstone,AZ,85638,Micro,2020-03-03,Not recorded,225
breweries/tomfoolery-brewing,breweries,Tomfoolery Brewing,Hammonton,NJ,08037,Taproom,2020-03-03,Not recorded,4669
breweries/tomoka-brewing-company,breweries,Tomoka Brewing Company,Port Orange,FL,32129,Brewpub,2020-02-01,Not recorded,1948
breweries/toms-river-brewing,breweries,Toms River Brewing,Toms River,NJ,08755,Micro,2020-03-03,Not recorded,4735
breweries/tonopah-brewing-co,breweries,Tonopah Brewing Co,Tonopah,NV,89049,Brewpub,2020-03-03,Not recorded,4886
breweries/top-frog-brewery,breweries,Top Frog Brewery,Newport,WA,99156,Taproom,2020-03-03,Not recorded,7428
breweries/top-rung-brewing-company,breweries,Top Rung Brewing Company,Lacey,WA,98516,Taproom,2020-04-11,Not recorded,7390
breweries/toppling-goliath-brewing-co,breweries,Toppling Goliath Brewing Co,Decorah,IA,52101,Regional,2019-11-13,Not recorded,2205
breweries/topsys-fog-hog-brewhouse,breweries,Topsy’s / Fog Hog Brewhouse,San Francisco,CA,94108,Brewpub,2020-04-11,Not recorded,920
breweries/torched-hop-brewing-company,breweries,Torched Hop Brewing Company,Atlanta,GA,30308,Brewpub,2020-03-03,Not recorded,2064
breweries/torg-brewery,breweries,Torg Brewery,Minneapolis,MN,55432,Taproom,2020-03-03,Not recorded,3796
breweries/torn-label-brewing-company,breweries,Torn Label Brewing Company,Kansas City,MO,64108,Micro,2020-03-03,Yes,3928
breweries/torrent-brewing-co,breweries,Torrent Brewing Co,Ames,IA,50010,Taproom,2020-02-01,Not recorded,2166
breweries/tortugo-brewing-company,breweries,Tortugo Brewing Company,Inglewood,CA,90302,Taproom,2020-03-03,Not recorded,494
breweries/town-branch-distillery,breweries,Town Branch Distillery,Lexington,KY,40508,Micro,2019-11-27,Not recorded,2853
breweries/town-brewing-company,breweries,Town Brewing Company,Charlotte,NC,28208,Brewpub,2020-03-03,Not recorded,4218
breweries/towne-park-brew-co,breweries,Towne Park Brew Co,Anaheim,CA,92801,Micro,2020-03-03,Not recorded,270
breweries/township-7-brewing-co-llc,breweries,Township 7 Brewing Co. LLC,Dickinson Center,NY,12930,Taproom,2020-03-03,Not recorded,5013
breweries/toxic-brew-company,breweries,Toxic Brew Company,Dayton,OH,45402,Brewpub,2020-03-03,Not recorded,5467
breweries/toy-soldier,breweries,Toy Soldier,San Francisco,CA,94104,Brewpub,2019-10-21,Not recorded,900
breweries/track-3-microbrewery-and-coffee-house,breweries,Track 3 Microbrewery and Coffee House,Dresher,PA,19025,Taproom,2019-10-21,Not recorded,6036
breweries/track-7-brewing-co-curtis-park,breweries,Track 7 Brewing Co - Curtis Park,Sacramento,CA,95820,Regional,2019-10-21,Not recorded,784
breweries/track-7-brewing-co-natomas,breweries,Track 7 Brewing Co - Natomas,Sacramento,CA,95834,Micro,2019-10-21,Not recorded,785
breweries/tractor-brewing-co,breweries,Tractor Brewing Co,Albuquerque,NM,87102,Micro,2019-10-21,Not recorded,4748
breweries/tractorlift-brewery,breweries,TractorLift Brewery,Humboldt,IA,50548,Micro,2019-10-21,Not recorded,2225
breweries/trade-brewing,breweries,Trade Brewing,Napa,CA,94559,Taproom,2019-10-21,Not recorded,634
breweries/trademark-brewing,breweries,Trademark Brewing,Long Beach,CA,90813,Taproom,2019-10-21,Not recorded,549
breweries/trader-joes-west-coast-office,breweries,Trader Joes - West Coast Office,Monrovia,CA,91016,Contract,2019-10-21,Not recorded,611
breweries/traders-brewing-company,breweries,Traders Brewing Company,INDIANAPOLIS,IN,46268,Brewpub,2019-10-21,Not recorded,2664
breweries/tradesman-brewing-company,breweries,Tradesman Brewing Company,Charleston,SC,29405,Taproom,2019-10-21,Not recorded,6372
breweries/traffic-jam-and-snug,breweries,Traffic Jam and Snug,Detroit,MI,48201,Brewpub,2019-10-21,Yes,3427
breweries/trail-point-brewing-co,breweries,Trail Point Brewing Co.,Allendale,MI,49401,Taproom,2019-10-21,Not recorded,3355
breweries/trailhead-brewing-co,breweries,Trailhead Brewing Co,Saint Charles,MO,63302,Brewpub,2019-10-21,Not recorded,3971
breweries/trails-to-ales-brewery,breweries,Trails to Ales Brewery,Franklin,PA,16323,Brewpub,2019-10-21,Not recorded,6070
breweries/transient-artisan-ales,breweries,Transient Artisan Ales,Bridgman,MI,49106,Taproom,2019-10-21,Not recorded,3387
breweries/transmitter-brewing,breweries,Transmitter Brewing,Brooklyn,NY,11205,Micro,2019-10-21,Not recorded,4932
breweries/transplant-city-beer-co,breweries,Transplant City Beer Co,Litchfield Park,AZ,85340,Taproom,2019-10-21,Not recorded,168
breweries/transplants-brewing-company,breweries,Transplants Brewing Company,Palmdale,CA,93551,Micro,2020-02-07,Not recorded,697
breweries/trap-rock-brewing-co,breweries,Trap Rock Brewing Co.,Saint Croix Falls,WI,54024,Taproom,2020-03-03,Not recorded,7857
breweries/trap-rock-restaurant-and-brewery,breweries,Trap Rock Restaurant And Brewery,Berkeley Heights,NJ,07922,Brewpub,2020-04-11,Not recorded,4625
breweries/trapezium-brewing-company,breweries,Trapezium Brewing Company,Petersburg,VA,23803,Brewpub,2020-02-07,Not recorded,7100
breweries/tree-house-brewery,breweries,Tree House Brewery,Charlton,MA,01507,Regional,2019-05-01,Not recorded,2967
breweries/treppenhaus-brewing,breweries,Treppenhaus Brewing,Waterloo,IA,50701,Micro,2020-02-01,Not recorded,2254
breweries/tri-city-brewing-co,breweries,Tri City Brewing Co,Bay City,MI,48706,Taproom,2020-03-03,Not recorded,3375
breweries/tribe-beer-brewery-and-taproom-on-front-street,breweries,Tribe Beer Brewery & Taproom On Front Street,Mokena,IL,60448,Micro,2020-04-11,Not recorded,2499
breweries/tribus-beer-co,breweries,Tribus Beer Co.,Milford,CT,06461,Taproom,2020-03-03,Not recorded,1638
breweries/tributary-brewing-company,breweries,Tributary Brewing Company,Kittery,ME,03904,Taproom,2019-10-29,Not recorded,3271
breweries/triceratops-brewing,breweries,Triceratops Brewing,Tumwater,WA,98501,Proprietor,2020-03-03,Not recorded,7617
breweries/tricksters-brewing-company,breweries,Trickster’s Brewing Company,Coeur D Alene,ID,83815,Micro,2019-10-26,Not recorded,2279
breweries/trillium-brewing,breweries,Trillium Brewing,Canton,MA,02021,Taproom,2019-05-01,Not recorded,2966
breweries/trinity-brewhouse,breweries,Trinity Brewhouse,Providence,RI,02903,Brewpub,2020-04-11,Not recorded,6353
breweries/trinity-brewing,breweries,Trinity Brewing,Colorado Springs,CO,80907,Brewpub,2020-04-11,Not recorded,1260
breweries/tripelroot,breweries,Tripelroot,Zeeland,MI,49464,Brewpub,2020-03-03,Not recorded,3708
breweries/triple-bottom-brewing-company,breweries,Triple Bottom Brewing Company,Philadelphia,PA,19123,Taproom,2020-04-11,Not recorded,6214
breweries/triple-crossing-brewing-company,breweries,Triple Crossing Brewing Company,Richmond,VA,23220,Brewpub,2020-02-07,Not recorded,7124
breweries/triple-crossing-brewing-company-richmond-va,breweries,Triple Crossing Brewing Company,Richmond,VA,23231,Brewpub,2020-02-07,Not recorded,7125
breweries/triple-r-brewing,breweries,Triple R Brewing,Seattle,WA,98115,Taproom,2020-04-11,Not recorded,7520
breweries/triple-rock-brewery-and-alehouse,breweries,Triple Rock Brewery and Alehouse,Berkeley,CA,94704,Brewpub,2020-03-03,Not recorded,307
breweries/triple-voodoo-brewing-co,breweries,Triple Voodoo Brewing Co,San Francisco,CA,94107,Taproom,2020-04-11,Not recorded,921
breweries/triplehorn-brewing-co,breweries,Triplehorn Brewing Co,Woodinville,WA,98072,Taproom,2020-03-03,Not recorded,7662
breweries/triskelion-brewing-company,breweries,Triskelion Brewing Company,Hendersonville,NC,28792,Taproom,2020-04-11,Not recorded,4309
breweries/troegs-brewing-co,breweries,Troegs Brewing Co,Hershey,PA,17033,Regional,2020-03-03,Not recorded,6105
breweries/troon-brewing,breweries,Troon Brewing,Hopewell,NJ,08525,Micro,2020-04-11,Not recorded,4676
breweries/trout-river-brewing-co,breweries,Trout River Brewing Co,Springfield,VT,05156,Micro,2020-02-07,Not recorded,7256
breweries/troy-city-brewing,breweries,Troy City Brewing,Fall River,MA,02721,Taproom,2020-04-11,Not recorded,2985
breweries/truckee-brewing-company,breweries,Truckee Brewing Company,Truckee,CA,96161,Taproom,2020-03-03,Not recorded,1095
breweries/true-respite-brewing-company,breweries,True Respite Brewing Company,Derwood,MD,20855,Micro,2020-02-07,Not recorded,3148
breweries/true-story-brewing-company,breweries,True Story Brewing Company,Birmingham,AL,35212,Brewpub,2020-03-03,Not recorded,47
breweries/true-symmetry-brewing-company,breweries,True Symmetry Brewing Company,Suisun City,CA,94585,Taproom,2020-04-11,Not recorded,1057
breweries/true-west-brewing-company,breweries,True West Brewing Company,Acton,MA,01720,Brewpub,2020-04-11,Not recorded,2936
breweries/trumer-brewery,breweries,Trumer Brewery,Berkeley,CA,94710,Regional,2020-03-03,Not recorded,308
breweries/trustworthy-brewery-and-bbq,breweries,Trustworthy Brewery &  BBQ,Las Vegas,NV,89109,Brewpub,2020-04-11,Not recorded,4857
breweries/trve-brewing-co,breweries,TRVE Brewing Co,Denver,CO,80219,Micro,2020-02-07,Not recorded,1292
breweries/trve-brewing-co-the-acid-temple,breweries,TRVE Brewing Co. - The Acid Temple,Denver,CO,80219,Micro,2020-03-03,Not recorded,1315
breweries/tucked-away-brewing,breweries,Tucked Away Brewing,Manassas,VA,22010,Taproom,2020-04-11,Not recorded,7078
breweries/tuckerman-brewing-co,breweries,Tuckerman Brewing Co,Conway,NH,03818,Micro,2020-03-03,Not recorded,4544
breweries/tujax-tavern,breweries,Tujax Tavern,Delton,MI,49046,Brewpub,2020-04-11,Not recorded,3426
breweries/tumbledown-brewing-llc,breweries,Tumbledown Brewing LLC,Farmington,ME,04938,Taproom,2019-04-20,Not recorded,3254
breweries/tumbleroot-brewery-and-distillery,breweries,Tumbleroot Brewery And Distillery,Santa Fe,NM,87508,Brewpub,2020-03-03,Not recorded,4831
breweries/tumbleweed-brewing-and-wine-company,breweries,Tumbleweed Brewing and Wine Company,Yuma,CO,80759,Brewpub,2020-02-07,Not recorded,1597
breweries/tuppers-hop-pocket-ale,breweries,Tuppers Hop Pocket Ale,Bethesda,MD,20817,Contract,2020-03-03,Not recorded,3135
breweries/tupps-brewery,breweries,Tupps Brewery,McKinney,TX,75069,Micro,2020-03-03,Not recorded,6809
breweries/turkey-hill-brewing-co-pub,breweries,Turkey Hill Brewing Co Pub,Bloomsburg,PA,17815,Brewpub,2020-04-11,Not recorded,5978
breweries/turnagain-brewing,breweries,Turnagain Brewing,Anchorage,AK,99518,Taproom,2019-11-03,Not recorded,13
breweries/turning-page-farm,breweries,Turning Page Farm,Monson,ME,04464,Taproom,2020-03-03,Not recorded,3285
breweries/turning-point-beer-llc,breweries,"Turning Point Beer, LLC",Bedford,TX,76022,Taproom,2019-04-20,Not recorded,6650
breweries/turquoise-trail-brewing,breweries,Turquoise Trail Brewing,Albuquerque,NM,87123,Taproom,2020-03-03,Not recorded,4761
breweries/turtle-stack-brewery,breweries,Turtle Stack Brewery,La Crosse,WI,54601,Taproom,2020-03-03,Not recorded,7754
breweries/tustin-brewing-co,breweries,Tustin Brewing Co,Tustin,CA,92780,Brewpub,2020-02-07,Not recorded,1100
breweries/twains-brewpub-and-billiards,breweries,Twain’s Brewpub & Billiards,Decatur,GA,30030,Brewpub,2020-04-11,Not recorded,2095
breweries/twelve-string-brewing-co,breweries,Twelve String Brewing Co,Spokane,WA,99206,Taproom,2020-03-03,Not recorded,7573
breweries/twenty-8-west-brewing,breweries,Twenty 8 West Brewing,Alexandria,LA,71303,Brewpub,2020-04-11,Not recorded,2897
breweries/twenty-below-brewing-twenty-tap,breweries,Twenty Below Brewing @ Twenty Tap,Indianapolis,IN,46220,Brewpub,2020-02-01,Not recorded,2666
breweries/twenty-six-acres-brewing-company,breweries,Twenty-Six Acres Brewing Company,Concord,NC,28027,Taproom,2020-03-03,Not recorded,4243
breweries/twin-barns-brewing-co,breweries,Twin Barns Brewing Co,Meredith,NH,03253,Taproom,2020-04-11,Not recorded,4577
breweries/twin-creeks-brewing-company,breweries,Twin Creeks Brewing Company,Vinton,VA,24179,Taproom,2020-03-03,Not recorded,7171
breweries/twin-elder-brewery,breweries,Twin Elder Brewery,Victor,NY,14564,Taproom,2020-04-11,Not recorded,5278
breweries/twin-elephant-brewing-company,breweries,Twin Elephant Brewing Company,Chatham,NJ,07928,Micro,2019-04-29,Not recorded,4637
breweries/twin-lakes-brewing-co,breweries,Twin Lakes Brewing Co,Wilmington,DE,19804,Micro,2020-03-03,Not recorded,1732
breweries/twin-leaf-brewery,breweries,Twin Leaf Brewery,Asheville,NC,28801,Taproom,2020-04-11,Not recorded,4158
breweries/twin-oast-brewing,breweries,Twin Oast Brewing,Catawba Island,OH,43452,Taproom,2020-03-03,Not recorded,5348
breweries/twin-peaks-brewery,breweries,Twin Peaks Brewery,Irving,TX,75063,Micro,2020-04-11,Not recorded,6781
breweries/twin-sisters-brewing-company,breweries,Twin Sisters Brewing Company,Bellingham,WA,98225,Brewpub,2020-03-03,Not recorded,7297
breweries/twisted-barley-brewing-company,breweries,Twisted Barley Brewing Company,Jasper,AL,35501,Taproom,2020-03-03,Yes,71
breweries/twisted-cypress-brewing-company,breweries,Twisted Cypress Brewing Company,Charleston,SC,29407,Taproom,2020-04-11,Not recorded,6381
breweries/twisted-knot-brewing,breweries,Twisted Knot Brewing,Newport News,VA,23606,Taproom,2020-03-03,Not recorded,7089
breweries/twisted-pine-brewing-co,breweries,Twisted Pine Brewing Co,Boulder,CO,80301,Taproom,2020-03-03,Not recorded,1210
breweries/twisted-rail-brewing-company,breweries,Twisted Rail Brewing Company,Canandaigua,NY,14424,Brewpub,2020-04-11,Not recorded,4976
breweries/twisted-roots-brewing,breweries,Twisted Roots Brewing,Saint Louis,MO,63108,Brewpub,2020-03-03,Not recorded,3988
breweries/twisted-spike-brewing-company,breweries,Twisted Spike Brewing Company,Oklahoma City,OK,73103,Micro,2019-11-27,Not recorded,5622
breweries/twisted-spur-brewing,breweries,Twisted Spur Brewing,Columbia,SC,29201,Brewpub,2020-03-03,Not recorded,6396
breweries/twisted-trunk-brewing-company,breweries,Twisted Trunk Brewing Company,North Palm Beach,FL,33408,Micro,2020-02-01,Not recorded,1900
breweries/twisted-vine-brewery,breweries,Twisted Vine Brewery,West Des Moines,IA,50266,Taproom,2020-02-01,Not recorded,2257
breweries/two-bald-guys-beverage-co,breweries,Two Bald Guys Beverage Co,Reno,NV,89508,Contract,2020-03-03,Not recorded,4870
breweries/two-bandits-brewing-company,breweries,Two Bandits Brewing Company,Hicksville,OH,43526,Brewpub,2020-03-03,Not recorded,5493
breweries/two-brothers-brewing-co,breweries,Two Brothers Brewing Co,Warrenville,IL,60555,Regional,2020-02-07,Not recorded,2570
breweries/two-coast-brewing-co,breweries,Two Coast Brewing Co.,Gardena,CA,90247,Contract,2020-02-07,Not recorded,458
breweries/two-docs-brewing-co,breweries,Two Docs Brewing Co.,Lubbock,TX,79401,Taproom,2020-03-03,Not recorded,6795
breweries/two-fathers-beer-co,breweries,Two Fathers Beer Co,Virginia Beach,VA,23454,Contract,2020-03-03,Not recorded,7179
breweries/two-goats-brewing,breweries,Two Goats Brewing,Burdett,NY,14818,Brewpub,2020-02-01,Not recorded,4972
breweries/two-gramps-brewing,breweries,Two Gramps Brewing,Gardiner,ME,04345,Brewpub,2020-03-03,Not recorded,3261
breweries/two-pitchers-brewing-company,breweries,Two Pitchers Brewing Company,San Francisco,CA,94122,Proprietor,2020-03-03,Not recorded,913
breweries/two-rascals-brewing-co,breweries,Two Rascals Brewing Co,Montrose,CO,81401,Taproom,2020-03-03,Not recorded,1527
breweries/two-roads-brewing-co,breweries,Two Roads Brewing Co,Stratford,CT,06615,Regional,12/20.2019,Not recorded,1679
breweries/two-rows-restaurant-and-brewery-allen,breweries,Two Rows Restaurant and Brewery - Allen,Allen,TX,75013,Contract,2020-03-03,Not recorded,6592
breweries/two-tides-brewing-company,breweries,Two Tides Brewing Company,Savannah,GA,31401,Taproom,2020-04-11,Not recorded,2130
breweries/two-wheel-brewing-company,breweries,Two Wheel Brewing Company,Buda,TX,78610,Taproom,2019-04-20,Not recorded,6662
breweries/twoguys-brewing,breweries,TwoGuys Brewing,Wyoming,MI,49519,Brewpub,2019-11-27,Not recorded,3703
breweries/tyranena-brewing-co,breweries,Tyranena Brewing Co,Lake Mills,WI,53551,Micro,2020-03-03,Not recorded,7758
other-places/u-loveyournatalie,other-places,u/loveyournatalie,Norwich,Norfolk,NR5 9PG,,yes,Not recorded,4840
breweries/u4ic-brewing-inc,breweries,"U4ic Brewing, Inc.",Belle Plaine,MN,56011,Taproom,2020-03-03,Not recorded,3717
breweries/uberbrew,breweries,Uberbrew,Billings,MT,59101,Brewpub,2020-03-03,Not recorded,4048
breweries/uinta-brewing-co,breweries,Uinta Brewing Co,Salt Lake City,UT,84104,Regional,2019-11-27,Not recorded,6923
breweries/ulele-spring-brewery,breweries,Ulele Spring Brewery,Tampa,FL,33602,Brewpub,2020-02-01,Not recorded,2000
breweries/uncle-bears-brewery,breweries,Uncle Bear’s Brewery,Gilbert,AZ,85297,Brewpub,2020-03-03,Not recorded,156
breweries/uncle-bucks-brewery-and-steakhouse,breweries,Uncle Buck’s Brewery And Steakhouse,Grapevine,TX,76051,Brewpub,2020-04-11,Not recorded,6751
breweries/uncle-ernies-bayfront-grill-and-brew-house,breweries,Uncle Ernies Bayfront Grill & Brew House,Panama City,FL,32401,Contract,2020-03-03,Not recorded,1933
breweries/uncommon-brewers,breweries,Uncommon Brewers,Santa Cruz,CA,95060,Micro,2020-04-11,Not recorded,1003
breweries/uncultured-ales,breweries,Uncultured Ales,Austin,TX,78729,Micro,2020-03-03,Not recorded,6621
breweries/under-pressure-brewing-company,breweries,Under Pressure Brewing Company,Golden Valley,MN,55427,Micro,2020-04-11,Not recorded,3754
breweries/under-the-radar-brewery,breweries,Under The Radar Brewery,Houston,TX,77004,Micro,2020-04-11,Not recorded,6773
breweries/union-barrel-works,breweries,Union Barrel Works,Stevens,PA,17578,Brewpub,2020-03-03,Not recorded,6292
breweries/union-bear-brewing-co,breweries,Union Bear Brewing Co.,Plano,TX,75024,Brewpub,2020-03-03,Not recorded,6828
breweries/union-collective,breweries,Union Collective,Medfield,MD,21211,Microbrewery,2020-03-03,Not recorded,3178
breweries/union-hall-brewery,breweries,Union Hall Brewery,Bozeman,MT,59715,Brewpub,2020-04-11,Not recorded,4062
breweries/union-station-brewery,breweries,Union Station Brewery,Providence,RI,02903,Brewpub,2020-03-03,Not recorded,6351
breweries/uniontown-brewing-co,breweries,Uniontown Brewing Co.,Ashland,OH,44805,Brewpub,2020-03-03,Not recorded,5317
breweries/university-of-new-hampshire-brewery,breweries,University Of New Hampshire Brewery,Durham,NH,03824,Micro,2020-04-11,Not recorded,4553
breweries/unmapped-brewing-co,breweries,Unmapped Brewing Co.,Minnetonka,MN,55345,Micro,2020-03-03,Not recorded,3816
breweries/unnamed-beer-company-llc,breweries,"Unnamed Beer Company, LLC",Boulder,CO,80301,Taproom,2020-03-03,Not recorded,1211
breweries/unrefined-brewing,breweries,Unrefined Brewing,Tarpon Springs,FL,34689,Taproom,2020-03-03,Not recorded,2021
breweries/unsung-brewing-company-taproom,breweries,Unsung Brewing Company- Taproom,Anaheim,CA,92805,Micro,2020-03-03,Not recorded,271
breweries/untapped-territory-llc,breweries,"Untapped Territory, LLC",Lincolnton,NC,28092,Contract,2020-03-03,Not recorded,4333
breweries/untied-brewing-company,breweries,Untied Brewing Company,New Providence,NJ,07974,Micro,2020-03-03,Not recorded,4704
breweries/untold-brewing,breweries,Untold Brewing,Scituate,MA,02066,Taproom,2020-04-11,Not recorded,3062
breweries/upland-brewing-co-bloomington-brewpub,breweries,Upland Brewing Co - Bloomington Brewpub,Bloomington,IN,47404,Regional,yes,Yes,2601
breweries/upland-fsq,breweries,Upland FSQ,Indianapolis,IN,46203,Brewpub,2020-02-01,Not recorded,2667
breweries/upper-hand-brewery,breweries,Upper Hand Brewery,Escanaba,MI,49829,Micro,2020-02-07,Not recorded,3449
breweries/upside-brewing,breweries,Upside Brewing,Sylvania,OH,43560,Brewpub,2020-03-03,Not recorded,5575
breweries/upslope-brewing-company-lee-hill,breweries,Upslope Brewing Company - Lee Hill,Boulder,CO,80304,Regional,2020-03-03,Not recorded,1212
breweries/upstate-brewing-co,breweries,Upstate Brewing Co,Elmira,NY,14903,Taproom,2020-03-03,Not recorded,5026
breweries/urban-artifact,breweries,Urban Artifact,Cincinnati,OH,45223,Micro,2019-11-27,Not recorded,5356
breweries/urban-chestnut-brewing-co,breweries,Urban Chestnut Brewing Co,Saint Louis,MO,63110,Regional,2020-03-03,Not recorded,3989
breweries/urban-growler-brewing-co,breweries,Urban Growler Brewing Co,Saint Paul,MN,55114,Brewpub,2020-04-11,Not recorded,3862
breweries/urban-harvest-brewing,breweries,Urban Harvest Brewing,Milwaukee,WI,53204,Taproom,2020-03-03,Not recorded,7806
breweries/urban-roots-brewing,breweries,Urban Roots Brewing,Sacramento,CA,95818,Brewpub,2020-02-07,Not recorded,787
breweries/urban-village-brewing-company,breweries,Urban Village Brewing Company,Philadelphia,PA,19123,Brewpub,2020-04-11,Not recorded,6215
breweries/urban-vines-winery-and-brewery,breweries,Urban Vines Winery and Brewery,Westfield,IN,46074,Taproom,2020-03-03,Not recorded,2771
breweries/ursa-minor-brewing,breweries,Ursa Minor Brewing,Duluth,MN,55806,Taproom,2020-03-03,Not recorded,3740
breweries/ursula-brewery,breweries,Ursula Brewery,Aurora,CO,80045,Taproom,2020-04-11,Not recorded,1186
breweries/utah-brewers-cooperative,breweries,Utah Brewers Cooperative,Salt Lake City,UT,84115,Regional,2020-02-07,Not recorded,6941
breweries/utara-brewing-company,breweries,Utara Brewing Company,Sandpoint,ID,83864,Brewpub,2020-02-01,Not recorded,2320
breweries/utility-brewing-company,breweries,Utility Brewing Company,Ruston,LA,71270,Brewpub,2020-03-03,Not recorded,2930
breweries/utog-brewing-company,breweries,UTOG Brewing Company,Ogden,UT,84401,Brewpub,2020-02-07,Not recorded,6914
breweries/v-twin-brewing-company,breweries,V Twin Brewing Company,Spokane,WA,99212,Taproom,2020-04-11,Not recorded,7577
breweries/vail-brewing-company,breweries,Vail Brewing Company,Vail,CO,81657,Micro,2020-04-11,Not recorded,1576
breweries/valhalla-brewing-company,breweries,Valhalla Brewing Company,Elkton,MD,21921,Brewpub,2020-04-11,Not recorded,3153
breweries/valkyrie-brewing,breweries,Valkyrie Brewing,Dallas,WI,54733,Taproom,2020-03-03,Not recorded,7712
breweries/valley-house-brewing,breweries,Valley House Brewing,Duvall,WA,98019,Brewpub,2020-04-11,Not recorded,7349
breweries/valley-river-brewery-and-eatery,breweries,Valley River Brewery & Eatery,Murphy,NC,28906,Brewpub,2020-04-11,Not recorded,4357
breweries/valley-vineyards-winery-and-cellar-dweller-brewing,breweries,Valley Vineyards Winery & Cellar Dweller Brewing,Morrow,OH,45152,Brewpub,2020-03-03,Not recorded,5542
breweries/valor-brewpub,breweries,Valor Brewpub,Washington,DC,20003,Brewpub,2020-02-07,Not recorded,1699
breweries/van-der-brew,breweries,Van Der Brew,Winthrop,ME,04364,Taproom,2019-04-20,Not recorded,3345
breweries/vander-mill,breweries,Vander Mill,Grand Rapids,MI,49503,Brewpub,2020-02-07,Not recorded,3480
breweries/vanguard-brewing-company,breweries,Vanguard Brewing Company,Wilsonville,OR,97070,Taproom,2020-03-03,Not recorded,5945
other-places/vanness-pens,other-places,Vanness Pens,Little Rock,AR,72223,Pens,yes,Yes,105
breweries/varietal-beer-company,breweries,Varietal Beer Company,Sunnyside,WA,98944,Micro,2020-04-11,Not recorded,7594
breweries/venice-ale-house-brewing-co,breweries,Venice Ale House Brewing Co,Venice,CA,90291,Contract,2020-03-03,Not recorded,1119
breweries/vennture-brew-co,breweries,Vennture Brew Co,Milwaukee,WI,53208,Taproom,2020-03-03,Not recorded,7807
breweries/verboten-brewing,breweries,Verboten Brewing,Loveland,CO,80537,Taproom,2020-03-03,Not recorded,1513
breweries/vermont-pub-and-brewery,breweries,Vermont Pub and Brewery,Burlington,VT,05401,Brewpub,2020-04-11,Not recorded,7225
breweries/vernacular-brewing-company,breweries,Vernacular Brewing Company,Milwaukee,WI,53204,Proprietor,2020-03-03,Not recorded,7808
breweries/versailles-brewing-company,breweries,Versailles Brewing Company,Versailles,KY,40383,Brewpub,2020-04-11,Not recorded,2895
breweries/vertigo-brewing,breweries,Vertigo Brewing,Hillsboro,OR,97124,Taproom,2020-04-11,Not recorded,5754
breweries/veteran-brothers-brewing-company,breweries,Veteran Brothers Brewing Company,Johnstown,CO,80534,Brewpub,2020-02-07,Not recorded,1468
breweries/veterans-united-craft-brewery,breweries,Veterans United Craft Brewery,Jacksonville,FL,32256,Micro,2020-02-01,Not recorded,1824
breweries/victor-23-craft-brewery,breweries,Victor 23 Craft Brewery,Vancouver,WA,98661,Brewpub,2020-03-03,Not recorded,7624
breweries/victory-brewing-co,breweries,Victory Brewing Co,Downingtown,PA,19335,Regional,2020-03-03,Not recorded,6032
breweries/victory-brewing-co-parkesburg-pa,breweries,Victory Brewing Co,Parkesburg,PA,19365,Regional,2020-03-03,Not recorded,6200
breweries/viewpoint-brewing-co,breweries,Viewpoint Brewing Co,del Mar,CA,92014,Brewpub,2020-04-11,Not recorded,406
breweries/village-brewing-company,breweries,Village Brewing Company,Somerville,NJ,08876,Brewpub,2020-03-03,Not recorded,4731
breweries/vine-street-pub-and-brewery,breweries,Vine Street Pub & Brewery,Denver,CO,80206,Brewpub,2020-03-03,Not recorded,1316
breweries/vintage-brewing-co,breweries,Vintage Brewing Co,Madison,WI,53711,Brewpub,2019-11-13,Not recorded,7769
breweries/vintage-brewing-co-sauk-city-wi,breweries,Vintage Brewing Co,Sauk City,WI,53583,Brewpub,2019-11-13,Not recorded,7859
breweries/vinyl-brewing-company-llc,breweries,"Vinyl Brewing Company, LLC",Hammonton,NJ,08037,Taproom,2020-04-11,Not recorded,4670
breweries/virant-family-winery-black-angus-brewery,breweries,Virant Family Winery / Black Angus Brewery,Geneva,OH,44041,Brewpub,2020-03-03,Not recorded,5482
breweries/virginia-city-brewery-and-taphouse,breweries,Virginia City Brewery & Taphouse,Virginia City,NV,89440,Taproom,2020-04-11,Not recorded,4887
breweries/vis-major-brewing-co,breweries,Vis Major Brewing Co,Omaha,NE,68105,Brewpub,2020-03-03,Not recorded,4515
breweries/visionquest-brewing-company,breweries,VisionQuest Brewing Company,Boulder,CO,80301,Taproom,2020-03-03,Not recorded,1213
breweries/vitamin-sea-brewing,breweries,Vitamin Sea Brewing,Weymouth,MA,02189,Micro,2020-02-07,Not recorded,3094
breweries/vizsla-brewing,breweries,Vizsla Brewing,Havre,MT,59501,Micro,2020-04-11,Not recorded,4086
breweries/volunteer-brewing-company,breweries,Volunteer Brewing Company,Middletown,DE,19709,Taproom,2020-04-11,Not recorded,1716
breweries/von-ebert-brewing,breweries,Von Ebert Brewing,Portland,OR,97230,Brewpub,2020-03-03,Not recorded,5837
breweries/von-jakob-winery,breweries,Von Jakob Winery,Alto Pass,IL,62905,Brewpub,2020-03-03,Not recorded,2329
breweries/von-scheidt-brewing-co,breweries,Von Scheidt Brewing Co,Twin Falls,ID,83301,Brewpub,2020-02-01,Not recorded,2322
breweries/von-trapp-brewing,breweries,Von Trapp Brewing,Stowe,VT,05672,Micro,2020-02-07,Not recorded,7258
breweries/vonseitz-theoreticales,breweries,VonSeitz TheoreticAles,Smithville,TN,37166,Micro,2020-03-03,Not recorded,6582
breweries/voodoo-brewing-production-facility,breweries,Voodoo Brewing Production Facility,Meadville,PA,16335,Brewpub,2020-03-03,Not recorded,6160
breweries/voyageur-brewing-co,breweries,Voyageur Brewing Co,Grand Marais,MN,55604,Taproom,2020-04-11,Not recorded,3755
breweries/vs-restaurant-and-brewpub,breweries,V’s Restaurant and Brewpub,Keokuk,IA,52632,Brewpub,2020-02-01,Not recorded,2228
breweries/wabasha-brewing-company,breweries,Wabasha Brewing Company,Saint Paul,MN,55107,Taproom,2020-03-03,Not recorded,3858
breweries/wachusett-brewing-co,breweries,Wachusett Brewing Co,Westminster,MA,01473,Regional,2020-03-03,Not recorded,3091
breweries/waddells-brewing-co,breweries,Waddell’s Brewing Co.,Spokane,WA,99208,Brewpub,2020-04-11,Not recorded,7578
breweries/wadsworth-brewing-company,breweries,Wadsworth Brewing Company,Wadsworth,OH,44281,Brewpub,2020-03-03,Not recorded,5585
breweries/wages-brewing-company,breweries,Wages Brewing Company,West Plains,MO,65775,Brewpub,2020-04-11,Not recorded,4021
breweries/wagner-valley-brewing-co,breweries,Wagner Valley Brewing Co,Lodi,NY,14860,Taproom,2020-04-11,Not recorded,5115
breweries/waikiki-brewing-company,breweries,Waikiki Brewing Company,Honolulu,HI,96815,Brewpub,2019-11-03,Not recorded,2145
breweries/waikiki-brewing-company-kakaako,breweries,"Waikiki Brewing Company, Kaka’ako",Honolulu,HI,96813,Micro,2020-02-01,Not recorded,2148
breweries/walkabout-brewing-co,breweries,Walkabout Brewing Co,Medford,OR,97501,Micro,2020-04-11,Not recorded,5780
breweries/walking-beam-brewing-co,breweries,Walking Beam Brewing Co,Bridgeport,TX,76426,Brewpub,2020-04-11,Not recorded,6658
breweries/walking-stick-brewing-company,breweries,Walking Stick Brewing Company,Houston,TX,77018,Taproom,2020-02-07,Not recorded,6759
breweries/walking-tree-brewery,breweries,Walking Tree Brewery,Vero Beach,FL,32960,Taproom,2020-04-11,Not recorded,2031
breweries/wallace-brewing-co,breweries,Wallace Brewing Co,Wallace,ID,83873,Micro,2020-02-01,Not recorded,2326
breweries/walldorff-brewpub-and-bistro,breweries,Walldorff Brewpub & Bistro,Hastings,MI,49058,Brewpub,2020-03-03,Not recorded,3509
breweries/walnut-river-brewing-company,breweries,Walnut River Brewing Company,El Dorado,KS,67042,Micro,2020-03-03,Not recorded,2781
breweries/walter-station-brewery,breweries,Walter Station Brewery,Phoenix,AZ,85034,Brewpub,2020-04-11,Not recorded,188
breweries/walton-mountain-brewing-company,breweries,Walton Mountain Brewing Company,Walton,WV,25286,Brewpub,2020-02-07,Not recorded,7927
breweries/wander-brewing,breweries,Wander Brewing,Bellingham,WA,98225,Taproom,2020-04-11,Not recorded,7301
breweries/wandering-star-brewing-co,breweries,Wandering Star Brewing Co,Pittsfield,MA,01201,Micro,2020-02-07,Not recorded,3052
breweries/wanderlinger-brewing-co,breweries,WanderLinger Brewing Co,Chattanooga,TN,37403,Taproom,2020-03-03,Not recorded,6490
breweries/wanderlust-brewing-company,breweries,Wanderlust Brewing Company,Flagstaff,AZ,86004,Taproom,2020-03-03,Not recorded,145
breweries/war-flag-brewing-co,breweries,War Flag Brewing Co,Brooklyn,NY,11222,Proprietor,2020-03-03,Not recorded,4941
breweries/war-water-brewery,breweries,WAR WATER BREWERY,Saint Clair,MI,48079,Brewpub,2020-03-03,Not recorded,3641
breweries/ward-house-brewery,breweries,Ward House Brewery,Waseca,MN,56093,Taproom,2020-04-11,Not recorded,3888
breweries/warfield-distillery-and-brewery,breweries,Warfield Distillery and Brewery,Ketchum,ID,83340,Brewpub,2020-02-01,Not recorded,2298
breweries/warpigs-usa-brewing-co,breweries,WarPigs USA Brewing Co.,Munster,IN,46321,Contract,2020-03-03,Not recorded,2731
breweries/warwick-farm-brewing,breweries,Warwick Farm Brewing,Jamison,PA,18929,Micro,2020-03-03,Not recorded,6124
breweries/wasatch-brew-pub-park-city,breweries,Wasatch Brew Pub - Park City,Park City,UT,84060,Micro,2020-02-07,Not recorded,6917
breweries/wasatch-brew-pub-sugarhouse,breweries,Wasatch Brew Pub - Sugarhouse,Salt Lake City,UT,84106,Brewpub,2020-02-07,Not recorded,6942
breweries/wasser-brewing-company,breweries,Wasser Brewing Company,Greencastle,IN,46135,Brewpub,2020-03-03,Not recorded,2653
breweries/water-buffalo-brewery,breweries,Water Buffalo Brewery,Walla Walla,WA,99362,Micro,2020-03-03,Not recorded,7640
breweries/water-street-brewery,breweries,Water Street Brewery,Milwaukee,WI,53202,Brewpub,2020-03-03,Not recorded,7809
breweries/water-street-brewery-grafton,breweries,Water Street Brewery - Grafton,Grafton,WI,53024,Brewpub,2020-04-11,Not recorded,7730
breweries/water-street-brewery-lake-county,breweries,Water Street Brewery - Lake County,Delafield,WI,53018,Brewpub,2020-04-11,Not recorded,7717
breweries/waterfront-brewery-llc,breweries,Waterfront Brewery LLC,Key West,FL,33040,Brewpub,2020-02-01,Not recorded,1847
breweries/waterline-brewing-co,breweries,Waterline Brewing Co.,Wilmington,NC,28401,Taproom,2020-03-03,Not recorded,4432
breweries/waterman-brewing-company,breweries,Waterman Brewing Company,Elk Grove,CA,95624,Taproom,2020-04-11,Not recorded,419
breweries/watermans-brewing-co,breweries,Waterman’s Brewing Co,Wilmington,NC,28403,Brewpub,2020-03-03,Not recorded,4433
breweries/waters-end-brewery,breweries,Water’s End Brewery,Lake Ridge,VA,22192,Taproom,2020-04-11,Not recorded,7054
other-places/watershed-tavery-and-brewery,other-places,Watershed Tavery & Brewery,Boothbay,ME,04537,,2019-10-29,Not recorded,3236
breweries/watertower-estates-winery-and-brewery,breweries,WaterTower Estates Winery and Brewery,Terre Haute,IN,47802,Taproom,2020-04-11,Not recorded,2760
breweries/watertown-brewing-co,breweries,Watertown Brewing Co,Watertown,SD,57201,Brewpub,2020-04-11,Not recorded,6478
breweries/waterville-brewing-company,breweries,Waterville Brewing Company,Waterville,ME,04901,Taproom,2019-04-20,Not recorded,3336
breweries/wavelength-brewing-company,breweries,Wavelength Brewing Company,Vista,CA,92084,Taproom,2020-03-03,Not recorded,1136
breweries/waverly-brewing-company,breweries,Waverly Brewing Company,Baltimore,MD,21211,Taproom,2020-03-03,Not recorded,3122
breweries/wax-wings-brewing-co,breweries,Wax Wings Brewing Co,Kalamazoo,MI,49048,Taproom,2020-04-11,Not recorded,3543
breweries/waypost-brewing-co,breweries,Waypost Brewing Co.,Fennville,MI,49408,Taproom,2020-03-03,Not recorded,3452
breweries/wayzata-brew-works-llc,breweries,"Wayzata Brew Works, LLC",wayzata,MN,55391,Taproom,2020-03-03,Not recorded,3889
breweries/weasel-boy-brewing-co-llc,breweries,Weasel Boy Brewing Co  LLC,Zanesville,OH,43701,Brewpub,2020-03-03,Not recorded,5603
breweries/weathered-ground-brewery,breweries,Weathered Ground Brewery,Cool Ridge,WV,25843,Taproom,2020-03-03,Not recorded,7907
breweries/weathered-souls-brewing-co,breweries,Weathered Souls Brewing Co.,San Antonio,TX,78216,Brewpub,2020-03-03,Not recorded,6853
breweries/webe-brewing-company,breweries,WeBe Brewing Company,Geneva,NY,14456,Brewpub,2020-03-03,Not recorded,5046
breweries/wedge-brewing-co,breweries,Wedge Brewing Co,Asheville,NC,28801,Micro,2020-04-11,Not recorded,4159
breweries/weeping-radish-farm-brewery,breweries,Weeping Radish Farm Brewery,Grandy,NC,27939,Micro,2020-02-01,Not recorded,4287
breweries/welcome-home-brewery,breweries,Welcome Home Brewery,Parker,CO,80134,Taproom,2020-04-11,Not recorded,1545
breweries/well-80-brewing-company,breweries,Well 80 Brewing Company,Olympia,WA,98501,Brewpub,2019-06-04,Not recorded,7432
breweries/well-crafted-beer-company,breweries,Well Crafted Beer Company,Lansdale,PA,19446,Brewpub,2020-04-11,Not recorded,6141
breweries/wellsville-brewing-company,breweries,Wellsville Brewing Company,Wellsville,NY,14895,Brewpub,2020-04-11,Not recorded,5294
breweries/wenatchee-valley-brewing-co,breweries,Wenatchee Valley Brewing Co.,Wenatchee,WA,98801,Taproom,2020-03-03,Not recorded,7650
breweries/werk-force-brewing-co,breweries,Werk Force Brewing Co,Plainfield,IL,60544,Taproom,2020-04-11,Not recorded,2533
breweries/west-bend-lithia-beer-co,breweries,West Bend Lithia Beer Co,West Bend,WI,53090,Contract,2020-03-03,Not recorded,7892
breweries/west-coast-grocery-company,breweries,West Coast Grocery Company,Portland,OR,97214,Brewpub,2020-04-11,Not recorded,5858
breweries/west-kill-brewing,breweries,West Kill Brewing,West Kill,NY,12492,Taproom,12/20.2019,Not recorded,5296
breweries/west-o-beer,breweries,West O Beer,Milford,IA,51351,Micro,2020-02-01,Not recorded,2236
breweries/west-sixth-greenroom,breweries,West Sixth Greenroom,Lexington,KY,40507,Micro,2020-03-03,Not recorded,2861
breweries/westallion-brewing-company,breweries,Westallion Brewing Company,West Allis,WI,53214,Taproom,2020-03-03,Not recorded,7891
breweries/westbrook-brewing-co,breweries,Westbrook Brewing Co,Mount Pleasant,SC,29464,Regional,2019-11-27,Not recorded,6424
breweries/western-collective-beer,breweries,Western Collective Beer,Boise,ID,83714,Micro,2020-02-01,Not recorded,2273
breweries/western-pennsylvania-brewing-co,breweries,Western Pennsylvania Brewing Co,Latrobe,PA,15650,Regional,2020-03-03,Not recorded,6142
breweries/western-red-brewing,breweries,Western Red Brewing,Poulsbo,WA,98370,Brewpub,2020-04-11,Not recorded,7449
breweries/westfax-brewing-co,breweries,WestFax Brewing Co.,Lakewood,CO,80214,Taproom,2020-03-03,Not recorded,1480
breweries/westfield-river-brewing-co,breweries,Westfield River Brewing Co,Southwick,MA,01077,Brewpub,2020-03-03,Not recorded,3073
breweries/westtown-brew-works,breweries,Westtown Brew Works,Westtown,NY,10998,Taproom,2020-04-11,Not recorded,5300
breweries/westwood-brewing,breweries,Westwood Brewing,Rathdrum,ID,83858,Proprietor,2020-02-01,Not recorded,2315
breweries/wet-city-brewing,breweries,Wet City Brewing,Baltimore,MD,21201,Brewpub,2020-02-01,Not recorded,3113
breweries/weyerbacher-brewing-co,breweries,Weyerbacher Brewing Co,Easton,PA,18042,Regional,2020-03-03,Not recorded,6041
breweries/wharf-hill-brewing,breweries,Wharf Hill Brewing,Smithfield,VA,23430,Brewpub,2020-04-11,Not recorded,7152
breweries/whatcha-brewing,breweries,What’cha Brewing,Florence,OR,97439,Brewpub,2020-03-03,Not recorded,5732
breweries/wheatland-spring-brewery,breweries,Wheatland Spring Brewery,Waterford,VA,20197,Taproom,2020-03-03,Not recorded,7187
breweries/wheeling-brewing-co,breweries,Wheeling Brewing Co,Wheeling,WV,26003,Brewpub,2020-02-07,Not recorded,7928
breweries/whiner-beer-company,breweries,Whiner Beer Company,Chicago,IL,60609,Micro,2020-03-03,Not recorded,2387
other-places/whiskey-del-bac,other-places,Whiskey del Bac,Tucson,AZ,85745,Distillery,Yes,Yes,226
breweries/whiskey-hill-brewing,breweries,Whiskey Hill Brewing,Westmont,IL,60559,Taproom,2020-03-03,Not recorded,2580
breweries/whistle-hop-brewing-company,breweries,Whistle Hop Brewing Company,Fairview,NC,28730,Taproom,2020-02-01,Not recorded,4269
breweries/whistle-punk-brewing-company,breweries,Whistle Punk Brewing Company,Spokane,WA,99201,Taproom,2020-04-11,Not recorded,7579
breweries/whistling-springs-brewing-company-dark-hills-brewery,breweries,Whistling Springs Brewing Company / Dark Hills Brewery,Seligman,MO,65745,Taproom,2020-03-03,Not recorded,4002
breweries/white-bluffs-brewing,breweries,White Bluffs Brewing,Richland,WA,99354,Taproom,2020-03-03,Not recorded,7472
breweries/white-dog-brewing-boise,breweries,White Dog Brewing Boise,Boise,ID,83702,Taproom,2020-02-01,Not recorded,2274
breweries/white-elm-brewing-co,breweries,White Elm Brewing Co,Lincoln,NE,68502,Micro,2020-04-11,Not recorded,4500
breweries/white-flame-brewing-co,breweries,White Flame Brewing Co,Hudsonville,MI,49426,Brewpub,2020-02-07,Not recorded,3527
breweries/white-lion-brewing-company,breweries,White Lion Brewing Company,Springfield,MA,01118,Contract,2020-03-03,Not recorded,3075
breweries/white-oak-brewing,breweries,White Oak Brewing,Normal,IL,61761,Taproom,2020-04-11,Not recorded,2514
breweries/white-river-brewing-co,breweries,White River Brewing Co,Springfield,MO,65803,Micro,2020-04-11,Not recorded,4007
breweries/white-street-brewing-company,breweries,White Street Brewing Company,Wake Forest,NC,27587,Micro,2020-03-03,Not recorded,4420
breweries/whitehorse-brewing-llc,breweries,Whitehorse Brewing LLC,Berlin,PA,15530,Taproom,2020-04-11,Not recorded,5968
breweries/whitestone-brewery,breweries,Whitestone Brewery,Cedar Park,TX,78613,Taproom,2020-02-07,Not recorded,6665
breweries/whitewater-music-hall,breweries,Whitewater Music Hall,Wausau,WI,54403,Taproom,2020-03-03,Not recorded,7888
breweries/whole-foods-market-brewing-company,breweries,Whole Foods Market Brewing Company,Houston,TX,77056,Taproom,2020-02-07,Not recorded,6760
breweries/wibby-brewing,breweries,Wibby Brewing,Longmont,CO,80501,Micro,2020-03-03,Not recorded,1503
breweries/wichita-brewing-co-and-pizzeria,breweries,Wichita Brewing Co & Pizzeria,Wichita,KS,67208,Brewpub,2020-02-01,Not recorded,2822
breweries/wichita-brewing-co-and-pizzeria-wichita-ks,breweries,Wichita Brewing Co & Pizzeria,Wichita,KS,67212,Brewpub,2020-04-11,Not recorded,2829
breweries/wicked-barley-brewing-co,breweries,Wicked Barley Brewing Co.,Jacksonville,FL,32217,Brewpub,2020-02-07,Not recorded,1827
breweries/wicked-boxer-brewing,breweries,Wicked Boxer Brewing,Cypress,TX,77433,Taproom,2020-02-07,Not recorded,6682
breweries/wicked-weed-brewing,breweries,Wicked Weed Brewing,Asheville,NC,28801,Largge,2020-03-03,Not recorded,4156
breweries/wicked-weed-brewing-candler-nc,breweries,Wicked Weed Brewing,Candler,NC,28715,Largge,2020-03-03,Not recorded,4193
breweries/wicked-weed-funkatorium,breweries,Wicked Weed Funkatorium,Arden,NC,28704,Largge,2020-03-03,Not recorded,4141
breweries/wicked-wort-brewing-company,breweries,Wicked Wort Brewing Company,Minneapolis,MN,55422,Brewpub,2020-03-03,Not recorded,3797
breweries/wicks-brewing-company-llc,breweries,Wicks Brewing Company LLC,Riverside,CA,92503,Brewpub,2020-03-03,Not recorded,766
breweries/wiedemann-brewing-co-llc,breweries,"Wiedemann Brewing Co, LLC",Cincinnati,OH,45217,Brewpub,2020-03-03,Not recorded,5375
breweries/wild-ace-pizza-and-pub,breweries,Wild Ace Pizza & Pub,Greer,SC,29651,Brewpub,2020-04-11,Not recorded,6415
breweries/wild-acre-brewing-company,breweries,Wild Acre Brewing Company,Fort Worth,TX,76102,Micro,2020-04-11,Not recorded,6732
breweries/wild-barrel-brewing-company,breweries,Wild Barrel Brewing Company,San Marcos,CA,92069,Taproom,2020-03-03,Not recorded,972
breweries/wild-blue-yonder-brewing-co,breweries,Wild Blue Yonder Brewing Co.,CASTLE ROCK,CO,80104,Brewpub,2020-03-03,Not recorded,1236
breweries/wild-bunch-brewing-co-llc,breweries,"Wild Bunch Brewing Co, LLC",Georgetown,TX,78626,Taproom,2020-02-07,Not recorded,6746
breweries/wild-heaven-craft-beers,breweries,Wild Heaven Craft Beers,Decatur,GA,30030,Micro,2020-04-11,Not recorded,2096
breweries/wild-heaven-west-end-brewery-and-gardens,breweries,Wild Heaven - West End Brewery & Gardens,Atlanta,GA,30310,Brewpub,2020-03-03,Not recorded,2065
breweries/wild-leap-brewing-company,breweries,Wild Leap Brewing Company,Lagrange,GA,30240,Micro,2020-02-07,Not recorded,2108
breweries/wild-man-brewing-company,breweries,Wild Man Brewing Company,Raymond,WA,98577,Brewpub,2020-03-03,Not recorded,7459
breweries/wild-mind-artisan-ales,breweries,Wild Mind Artisan Ales,Minneapolis,MN,55419,Taproom,2020-03-03,Not recorded,3798
breweries/wild-onion-brewing-co,breweries,Wild Onion Brewing Co.,Lake Barrington,IL,60010,Micro,2020-02-07,Not recorded,2478
breweries/wild-ride-brewing,breweries,Wild Ride Brewing,Redmond,OR,97756,Taproom,2020-03-03,Yes,5891
breweries/wild-river-brewing-and-pizza-co-grants-pass,breweries,Wild River Brewing and Pizza Co - Grants Pass,Grants Pass,OR,97526,Brewpub,2020-04-11,Not recorded,5742
breweries/wild-side-brewing-company,breweries,Wild Side Brewing Company,Grand Rapids,OH,43522,Brewpub,2020-03-03,Not recorded,5484
breweries/wild-wolf-brewing-co,breweries,Wild Wolf Brewing Co,Nellysford,VA,22958,Micro,2020-02-07,Not recorded,7087
breweries/wild-woods-brewery,breweries,Wild Woods Brewery,Boulder,CO,80301,Taproom,2020-03-03,Not recorded,1214
breweries/wildedge-brewing-collective,breweries,WildEdge Brewing Collective,Cortez,CO,81321,Brewpub,2020-04-11,Not recorded,1275
breweries/wildlife-brewing,breweries,Wildlife Brewing,Victor,ID,83455,Brewpub,2020-02-01,Not recorded,2324
breweries/wildmandan-brewery-wildmandan-beer-centric-b-and-b,breweries,WildManDan Brewery / WildManDan Beer Centric B&B,Afton,VA,22920,Micro,2020-02-07,Not recorded,6949
breweries/wildrose-brewing-company,breweries,Wildrose Brewing Company,Griffith,IN,46319,Brewpub,2020-02-01,Not recorded,2658
breweries/wildwood-brewing-co,breweries,Wildwood Brewing Co,Stevensville,MT,59870,Micro,2020-03-03,Not recorded,4123
breweries/wiley-roots-brewing-co,breweries,Wiley Roots Brewing Co,Greeley,CO,80631,Taproom,12/20.2019,Yes,1450
breweries/willies-superbrew,breweries,Willie’s Superbrew,Pawtucket,RI,02143,Micro,2020-04-11,Not recorded,6348
breweries/willoughby-brewing-co,breweries,Willoughby Brewing Co,Willoughby,OH,44094,Brewpub,2020-03-03,Not recorded,5595
breweries/willow-spring-brewery-the-light-well,breweries,Willow Spring Brewery / The Light Well,Orange,VA,22960,Brewpub,2020-03-03,Not recorded,7099
breweries/wimberley-brewing-co-and-brewsters-pizza,breweries,Wimberley Brewing Co & Brewsters Pizza,Wimberley,TX,78676,Brewpub,2020-03-03,Not recorded,6900
breweries/wind-shift-brewing-company,breweries,Wind Shift Brewing Company,Blue Springs,MO,64015,Taproom,2020-04-11,Not recorded,3900
breweries/windmill-brewing,breweries,Windmill Brewing,Dyer,IN,46311,Taproom,2020-03-03,Not recorded,2624
breweries/wingman-brewers,breweries,Wingman Brewers,Tacoma,WA,98421,Micro,2020-04-11,Not recorded,7606
breweries/wise-man-brewing,breweries,Wise Man Brewing,Winston-Salem,NC,27101,Taproom,2020-04-11,Not recorded,4454
breweries/wiseacre-brewing-co,breweries,Wiseacre Brewing Co.,Memphis,TN,38112,Regional,2020-03-03,Not recorded,6551
breweries/wishful-acres-farm-and-brewery,breweries,Wishful Acres Farm & Brewery,Lena,IL,61048,Taproom,2020-03-03,Not recorded,2484
breweries/witchdoctor-brewing-company,breweries,Witchdoctor Brewing Company,Southington,CT,06489,Taproom,2020-04-11,Not recorded,1674
breweries/witchs-hat-brewing,breweries,Witch’s Hat Brewing,South Lyon,MI,48178,Taproom,2020-03-03,Not recorded,3660
breweries/wits-end-brewing-co,breweries,Wit’s End Brewing Co,Denver,CO,80204,Taproom,2020-03-03,Not recorded,1317
breweries/wm-roesch-brewing-company,breweries,Wm Roesch Brewing Company,Pendleton,OR,97801,Micro,2020-03-03,Not recorded,5806
breweries/woba-beer,breweries,Woba Beer,Denver,CO,80205,Contract,2020-03-03,Not recorded,1318
breweries/wolf-branch-brewing-co,breweries,Wolf Branch Brewing Co.,Eustis,FL,32726,Taproom,2019-11-27,Not recorded,1791
breweries/wolf-hollow-brewing-company,breweries,Wolf Hollow Brewing Company,Schenectady,NY,12302,Taproom,2020-04-11,Not recorded,5241
breweries/wolf-tree-brewery,breweries,Wolf Tree Brewery,Seal Rock,OR,97376,Micro,2019-06-04,Not recorded,5920
breweries/wolfs-ridge-brewing,breweries,Wolf’s Ridge Brewing,Columbus,OH,43215,Brewpub,2020-03-03,Not recorded,5440
breweries/wolves-head-brewing-company,breweries,Wolves’ Head Brewing Company,Muncie,IN,47305,Taproom,2020-03-03,Not recorded,2726
breweries/wood-boat-brewery,breweries,Wood Boat Brewery,Clayton,NY,13624,Brewpub,2020-03-03,Not recorded,4999
breweries/wood-ridge-farm-brewery,breweries,Wood Ridge Farm Brewery,Lovingston,VA,22949,Taproom,2020-04-11,Not recorded,7070
breweries/woodbury-brewing-company,breweries,Woodbury Brewing Company,Woodbury,CT,06798,Brewpub,2020-03-03,Not recorded,1694
breweries/woodcock-brothers-brewing,breweries,Woodcock Brothers Brewing,Wilson,NY,14172,Brewpub,2020-04-11,Not recorded,5302
breweries/woodcock-brothers-brewing-north-tonawanda,breweries,Woodcock Brothers Brewing - North Tonawanda,North Tonawanda,NY,14120,Brewpub,2020-03-03,Not recorded,5158
breweries/woodcreek-brewing-company,breweries,Woodcreek Brewing Company,Rockwall,TX,75087,Taproom,2020-02-07,Not recorded,6837
breweries/wooden-bear-brewing-co,breweries,Wooden Bear Brewing Co,Greenfield,IN,46140,Brewpub,2020-04-11,Not recorded,2654
breweries/wooden-robot,breweries,Wooden Robot,Charlotte,NC,28203,Taproom,2020-03-03,Not recorded,4220
breweries/woodgrain-brewing-company,breweries,WoodGrain Brewing Company,Sioux Falls,SD,57104,Taproom,2020-03-03,Not recorded,6466
breweries/woodland-empire-ale-craft,breweries,Woodland Empire Ale Craft,Boise,ID,83702,Micro,2020-02-01,Not recorded,2275
breweries/woodland-farms-brewery,breweries,Woodland Farms Brewery,Kittery,ME,03904,Taproom,2020-03-03,Not recorded,3272
breweries/woods-bar-and-brewery,breweries,Woods Bar & Brewery,Oakland,CA,94612,Taproom,2020-03-03,Not recorded,662
breweries/woods-beer-company,breweries,Woods Beer Company,Oakland,CA,94612,Taproom,2020-04-11,Not recorded,665
breweries/woods-cerveceria,breweries,Woods Cervecería,San Francisco,CA,94114,Brewpub,2020-04-11,Not recorded,922
breweries/woodstock-brewing,breweries,Woodstock Brewing,Phoenicia,NY,12464,Micro,2020-03-03,Not recorded,5186
breweries/woodward-avenue-brewers,breweries,Woodward Avenue Brewers,Ferndale,MI,48220,Brewpub,2020-04-11,Not recorded,3456
breweries/woodys-moreno-valley,breweries,Woody’s Moreno Valley,Moreno Valley,CA,92553,Brewpub,2020-02-01,Not recorded,625
breweries/wooly-pig-farm-brewery,breweries,Wooly Pig Farm Brewery,Fresno,OH,43824,Taproom,yes,Yes,5479
breweries/wopshops-brewing-company,breweries,WopsHops Brewing Company,Sanford,FL,32771,Brewpub,2020-03-03,Not recorded,1972
breweries/working-class-brewery,breweries,Working Class Brewery,Cleveland,OH,44111,Taproom,2020-03-03,Not recorded,5412
breweries/working-draft-beer-company,breweries,Working Draft Beer Company,Madison,WI,53703,Taproom,2020-03-03,Not recorded,7774
breweries/working-man-brewing-co,breweries,Working Man Brewing Co,Livermore,CA,94550,Micro,2020-02-01,Not recorded,535
breweries/workshop-brewing-co,breweries,Workshop Brewing Co,Traverse City,MI,49684,Brewpub,2020-03-03,Not recorded,3679
breweries/wormtown-brewery,breweries,Wormtown Brewery,Worcester,MA,01604,Regional,2020-03-03,Not recorded,3103
breweries/wren-house-brewing-company,breweries,Wren House Brewing Company,Phoenix,AZ,85008,Micro,2020-04-11,Not recorded,189
breweries/wrong-crowd-beer-company,breweries,Wrong Crowd Beer Company,Bryn Mawr,PA,19010,Micro,2020-04-11,Not recorded,5985
breweries/wynkoop-brewing-co,breweries,Wynkoop Brewing Co,Denver,CO,80202,Brewpub,2020-02-07,Not recorded,1293
breweries/wynwood-brewing-company,breweries,Wynwood Brewing Company,Miami,FL,33127,Regional,2020-02-07,Not recorded,1872
breweries/wyold-west-brewing-company,breweries,WYOld West Brewing Company,Powell,WY,82435,Brewpub,2020-02-07,Not recorded,7956
breweries/xicha-brewing-co,breweries,Xicha Brewing Co.,Salem,OR,97304,Brewpub,2020-03-03,Not recorded,5910
breweries/ximix-craft-exploration,breweries,Ximix Craft Exploration,Gardena,CA,90249,Taproom,2020-02-01,Not recorded,456
breweries/y-bridge-brewing-company,breweries,Y Bridge Brewing Company,Zanesville,OH,43701,Taproom,2020-04-11,Not recorded,5604
breweries/yakima-craft-brewing-co,breweries,Yakima Craft Brewing Co,Yakima,WA,98902,Taproom,2020-03-03,Not recorded,7670
breweries/yakima-valley-hops,breweries,Yakima Valley Hops,Yakima,WA,98902,Micro,2020-04-11,Not recorded,7673
breweries/yale-terrace-brewery,breweries,Yale Terrace Brewery,Cranford,NJ,07016,Taproom,2020-03-03,Not recorded,4644
breweries/yampa-valley-brewing-company,breweries,Yampa Valley Brewing Company,Hayden,CO,81639,Taproom,2020-04-11,Not recorded,1461
breweries/yampa-valley-brewing-company-barrel-cathedral,breweries,Yampa Valley Brewing Company - Barrel Cathedral,Craig,CO,81625,Taproom,2020-03-03,Not recorded,1276
breweries/yanceys-gastropub-and-brewery,breweries,Yancey’s Gastropub and Brewery,Glasgow,KY,42141,Brewpub,2020-03-03,Not recorded,2847
breweries/yard-owl-craft-brewery,breweries,Yard Owl Craft Brewery,Gardiner,NY,12525,Brewpub,2019-10-26,Not recorded,5041
breweries/yards-brewing-co,breweries,Yards Brewing Co,Philadelphia,PA,19123,Regional,2020-03-03,Not recorded,6208
breweries/yazoo-brewing-co,breweries,Yazoo Brewing Co,Madison,TN,37115,Regional,2020-03-03,Not recorded,6543
breweries/yeasty-brews,breweries,Yeasty Brews,Fort Lauderdale,FL,33311,Contract,2020-03-03,Not recorded,1795
breweries/yee-haw-brewing-greenville,breweries,Yee-Haw Brewing- Greenville,Greenville,SC,29601,Brewpub,2020-04-11,Not recorded,6406
breweries/yee-haw-brewing-llc,breweries,"Yee-Haw Brewing, LLC.",Johnson City,TN,37604,Regional,2019-11-27,Not recorded,6520
breweries/yellow-bridge-brewing-co,breweries,Yellow Bridge Brewing Co.,Delmont,PA,15626,Taproom,2020-03-03,Not recorded,6027
breweries/yellow-springs-brewery,breweries,Yellow Springs Brewery,Yellow Springs,OH,45387,Micro,2020-03-03,Not recorded,5599
breweries/yellow-sun-brewing-company,breweries,Yellow Sun Brewing Company,Rutherfordton,NC,28139,Brewpub,2020-03-03,Not recorded,4397
breweries/yeti-restaurant,breweries,Yeti Restaurant,Santa Rosa,CA,95405,Brewpub,2020-02-01,Not recorded,1012
breweries/yonkers-brewing-co,breweries,Yonkers Brewing Co,Yonkers,NY,10701,Micro,2020-04-11,Not recorded,5303
breweries/york-beach-beer-company,breweries,York Beach Beer Company,York,ME,03902,Micro,2020-02-07,Not recorded,3348
breweries/yorkholo-brewing-co,breweries,Yorkholo Brewing Co,Mansfield,PA,16933,Brewpub,2020-04-11,Not recorded,6153
breweries/yorkshire-square-brewing-co,breweries,Yorkshire Square Brewing Co.,Torrance,CA,90501,Taproom,2020-03-03,Not recorded,1088
breweries/young-buck-brewing,breweries,Young Buck Brewing,Spokane,WA,99201,Taproom,2020-04-11,Not recorded,7580
breweries/young-veterans-brewing-company,breweries,Young Veterans Brewing Company,Virginia Beach,VA,23453,Micro,2020-02-07,Not recorded,7178
breweries/zaftig-brewing-co,breweries,Zaftig Brewing Co.,Columbus,OH,43229,Micro,2020-04-11,Not recorded,5446
breweries/zebulon-artisan-ales,breweries,Zebulon Artisan Ales,Weaverville,NC,28787,Micro,2020-04-11,Not recorded,4426
breweries/zelus-beer-company,breweries,ZeLUS Beer Company,Medfield,MA,02052,Contract,2020-02-07,Not recorded,3031
breweries/zephyrhills-brewing-company,breweries,Zephyrhills Brewing Company,Zephyrhills,FL,33542,Proprietor,2020-03-03,Not recorded,2046
breweries/zero-gravity-craft-brewery,breweries,Zero Gravity Craft Brewery,Burlington,VT,05401,Brewpub,2020-03-03,Not recorded,7224
breweries/zeroday-brewing-company,breweries,Zeroday Brewing Company,Harrisburg,PA,17102,Brewpub,2020-03-03,Not recorded,6093
breweries/zilker-brewing-co,breweries,Zilker Brewing Co,Austin,TX,78702,Micro,2020-03-03,Not recorded,6622
breweries/zillicoah-beer-company,breweries,Zillicoah Beer Company,Woodfin,NC,28804,Taproom,2020-04-11,Not recorded,4455
breweries/zion-brewery,breweries,Zion Brewery,Springdale,UT,84767,Brewpub,2020-02-07,Not recorded,6943
breweries/zipline-brewing-co,breweries,Zipline Brewing Co,Lincoln,NE,68522,Micro,2020-04-11,Not recorded,4501
breweries/zoiglhaus-brewing-company,breweries,Zoiglhaus Brewing Company,Portland,OR,97266,Brewpub,2020-04-11,Not recorded,5859
breweries/zurc-brauhaus,breweries,Zurc Brauhaus,Coamo,PR,00769,Micro,2019-11-27,Not recorded,6335
breweries/zydeco-brew-werks,breweries,Zydeco Brew Werks,Tampa,FL,33605,Brewpub,2020-04-11,Not recorded,2008
breweries/zymurgy-brew-works,breweries,Zymurgy Brew Works,Torrance,CA,90505,Taproom,2020-03-03,Not recorded,1089
breweries/zymurgy-brewing-co,breweries,Zymurgy Brewing Co,Menomonie,WI,54751,Taproom,2020-03-03,Not recorded,7787
